4.69 , 10.09
5.26 , 9.87
4.69 , 9.99
5.15 , 10.28
4.74 , 9.68
5.23 , 10.12
5.45 , 10.25
5.05 , 9.94
5.73 , 9.93
4.9 , 9.72
5.13 , 10.05
5.04 , 9.99
5.2 , 10.18
5.42 , 10.06
4.71 , 10.19
4.81 , 9.97
4.81 , 10.01
4.99 , 10.07
6.03 , 10.0
5.42 , 9.69
5.15 , 10.18
5.21 , 10.11
5.27 , 9.77
5.4 , 9.82
5.73 , 9.9
5.45 , 10.02
5.53 , 9.87
5.55 , 9.99
5.63 , 10.18
5.36 , 9.83
5.53 , 10.14
5.75 , 9.93
5.49 , 10.16
5.44 , 10.08
5.42 , 9.88
5.14 , 9.93
5.55 , 10.41
5.66 , 10.3
5.62 , 10.21
5.48 , 10.23
5.89 , 9.95
5.28 , 10.53
5.53 , 10.28
5.7 , 9.75
6.1 , 10.48
5.54 , 10.23
5.54 , 9.82
5.49 , 10.14
5.81 , 10.22
5.56 , 10.38
5.37 , 10.24
5.84 , 9.97
5.13 , 9.82
5.65 , 10.18
5.99 , 9.8
5.61 , 10.21
5.58 , 9.46
5.83 , 10.63
5.9 , 9.82
5.55 , 10.11
6.29 , 10.21
5.71 , 10.44
5.67 , 10.52
5.53 , 9.94
5.89 , 10.41
5.89 , 10.13
5.28 , 9.88
5.59 , 9.93
5.9 , 9.98
5.96 , 10.08
5.69 , 10.09
5.9 , 10.28
5.68 , 10.01
5.47 , 10.47
6.19 , 10.02
5.71 , 9.76
5.89 , 10.12
6.4 , 10.13
5.67 , 9.46
6.23 , 10.12
5.49 , 10.12
5.5 , 10.94
6.19 , 10.22
5.88 , 9.54
5.9 , 9.69
6.09 , 9.54
5.73 , 10.38
6.38 , 9.78
5.59 , 10.3
6.2 , 9.83
5.83 , 9.91
5.71 , 9.91
6.33 , 10.25
6.55 , 10.06
6.01 , 9.84
6.02 , 9.76
5.62 , 10.26
6.44 , 10.3
6.42 , 10.15
5.92 , 10.11
6.02 , 9.81
5.7 , 9.72
6.13 , 10.13
6.03 , 10.45
6.2 , 10.24
6.47 , 9.89
5.69 , 10.28
6.02 , 10.42
6.28 , 10.35
6.4 , 9.58
6.4 , 9.93
6.04 , 9.99
6.44 , 10.32
6.51 , 9.69
6.12 , 9.51
6.25 , 10.25
6.1 , 10.16
6.36 , 10.36
6.11 , 9.9
6.13 , 10.54
6.61 , 10.08
6.4 , 10.14
6.41 , 10.06
6.28 , 9.8
6.22 , 10.52
6.52 , 10.13
6.35 , 10.13
6.5 , 9.95
6.47 , 10.17
6.25 , 9.92
6.19 , 9.85
6.68 , 9.53
6.4 , 9.96
6.32 , 10.14
6.77 , 10.14
6.47 , 9.97
6.48 , 10.35
6.42 , 9.84
6.22 , 9.85
6.2 , 10.4
6.64 , 10.07
6.93 , 9.96
6.77 , 10.33
6.2 , 9.74
6.37 , 10.35
6.94 , 9.82
6.88 , 10.03
6.54 , 9.99
6.56 , 9.68
6.41 , 9.82
6.79 , 10.66
7.36 , 10.05
6.26 , 10.03
6.47 , 10.63
6.85 , 9.95
6.96 , 10.27
6.33 , 10.01
6.68 , 10.14
6.79 , 10.06
6.81 , 9.99
6.55 , 10.52
6.88 , 10.25
6.4 , 10.1
7.02 , 9.82
7.1 , 10.05
6.93 , 10.11
6.9 , 10.45
6.75 , 10.54
6.67 , 9.92
7.06 , 9.88
6.8 , 10.38
7.2 , 9.71
7.04 , 10.62
7.22 , 10.09
6.78 , 10.08
6.66 , 10.09
6.91 , 10.12
7.26 , 10.1
6.61 , 10.42
6.72 , 10.05
6.97 , 10.07
6.76 , 10.1
7.57 , 10.01
7.0 , 10.44
7.23 , 10.35
7.27 , 9.67
6.85 , 10.2
7.2 , 10.49
7.21 , 10.11
7.11 , 10.12
7.17 , 10.34
7.04 , 9.97
6.92 , 10.44
7.46 , 10.42
7.37 , 10.38
7.17 , 10.34
6.91 , 10.12
7.01 , 10.36
7.06 , 10.15
7.31 , 10.52
7.02 , 9.94
7.44 , 9.9
7.36 , 10.04
7.23 , 9.73
7.45 , 10.06
7.05 , 10.7
7.47 , 11.06
7.4 , 10.1
7.34 , 10.59
7.32 , 10.3
7.46 , 9.96
7.38 , 10.06
7.04 , 10.41
7.53 , 10.21
7.15 , 9.69
7.51 , 10.17
6.98 , 10.18
7.03 , 10.19
7.46 , 10.28
7.49 , 10.24
7.16 , 10.1
7.33 , 10.14
7.53 , 10.35
7.89 , 9.56
7.59 , 10.15
8.07 , 10.43
7.1 , 10.3
7.39 , 10.45
7.27 , 10.18
7.51 , 10.18
7.41 , 9.74
7.68 , 10.46
7.56 , 9.95
7.64 , 10.35
7.56 , 10.2
7.96 , 9.93
7.48 , 9.73
7.46 , 10.03
7.4 , 10.04
8.1 , 10.16
7.64 , 10.76
7.66 , 9.78
7.79 , 9.98
8.11 , 9.9
7.57 , 9.82
7.75 , 9.96
7.72 , 10.12
7.59 , 10.46
7.99 , 10.24
7.54 , 9.95
7.85 , 10.82
7.67 , 10.03
7.63 , 9.95
7.57 , 10.17
8.18 , 10.23
7.71 , 9.82
7.9 , 10.22
7.55 , 9.96
7.86 , 10.48
8.03 , 10.28
7.81 , 10.31
7.9 , 10.78
7.63 , 10.14
8.24 , 10.17
8.29 , 10.22
7.98 , 10.14
7.61 , 9.99
8.52 , 10.4
8.13 , 10.48
8.13 , 10.49
7.93 , 10.18
8.26 , 10.15
7.69 , 10.19
7.9 , 10.4
7.86 , 9.98
7.97 , 10.63
8.05 , 10.29
8.08 , 10.32
8.32 , 10.6
7.69 , 10.59
8.11 , 10.17
8.72 , 10.21
8.62 , 10.49
7.89 , 10.37
8.34 , 10.22
7.58 , 10.17
8.13 , 9.98
8.65 , 10.19
8.1 , 10.18
8.02 , 10.06
8.25 , 10.34
8.11 , 10.24
7.9 , 10.39
8.07 , 10.31
8.04 , 10.13
8.33 , 9.96
8.91 , 10.25
8.28 , 10.08
8.71 , 10.61
8.4 , 9.92
8.21 , 10.42
8.22 , 9.97
8.06 , 10.08
8.37 , 10.11
8.38 , 10.97
8.83 , 10.01
8.49 , 10.29
8.38 , 10.53
8.34 , 10.19
8.34 , 10.25
8.77 , 10.47
8.12 , 10.17
8.27 , 10.48
8.53 , 10.5
8.47 , 9.8
8.61 , 10.34
8.64 , 9.96
8.54 , 10.11
8.36 , 10.37
8.63 , 10.06
8.13 , 9.67
8.42 , 10.57
8.56 , 9.72
8.37 , 10.39
9.02 , 10.58
8.7 , 10.34
8.36 , 10.18
8.55 , 10.1
8.66 , 10.19
8.74 , 10.65
8.85 , 10.4
8.62 , 9.91
8.66 , 10.43
8.45 , 10.61
8.63 , 10.39
8.64 , 9.98
9.25 , 10.01
8.97 , 10.16
8.83 , 10.1
8.66 , 10.53
9.26 , 10.09
8.79 , 10.54
8.64 , 10.48
8.62 , 10.46
8.93 , 10.61
8.92 , 10.01
9.01 , 10.03
9.04 , 10.69
9.02 , 10.17
9.18 , 10.35
8.58 , 10.22
9.26 , 10.24
8.94 , 10.23
8.5 , 10.19
9.02 , 10.37
8.9 , 9.78
9.26 , 10.5
9.22 , 10.64
8.87 , 10.17
9.07 , 10.74
8.58 , 10.26
8.83 , 10.46
9.39 , 10.25
8.72 , 10.34
8.97 , 9.94
9.28 , 10.19
9.24 , 10.0
9.35 , 9.97
9.35 , 9.87
9.45 , 10.23
8.72 , 10.27
9.21 , 10.08
9.01 , 10.4
9.1 , 9.57
9.05 , 10.44
9.24 , 10.59
9.01 , 10.97
9.39 , 10.41
9.47 , 10.57
9.24 , 10.18
9.48 , 10.44
8.76 , 10.06
9.36 , 10.37
9.33 , 10.5
9.3 , 10.74
9.13 , 10.24
9.37 , 10.53
9.5 , 10.72
9.19 , 10.64
9.44 , 10.09
9.3 , 10.87
9.54 , 10.23
8.76 , 10.16
9.19 , 10.37
9.96 , 10.54
9.47 , 10.12
9.1 , 10.3
9.29 , 11.1
9.32 , 10.2
9.72 , 10.37
9.14 , 10.68
9.38 , 10.02
9.55 , 10.48
9.39 , 10.53
9.69 , 10.14
8.99 , 9.76
9.48 , 10.67
9.77 , 10.71
10.0 , 10.37
9.81 , 9.98
9.73 , 10.46
9.54 , 10.25
9.3 , 10.4
9.91 , 10.28
9.73 , 10.2
9.67 , 10.12
9.72 , 10.32
9.71 , 10.22
9.35 , 10.29
9.92 , 10.77
9.59 , 10.57
9.87 , 10.47
9.3 , 10.46
9.46 , 10.67
9.91 , 10.53
9.09 , 10.53
9.91 , 10.06
9.99 , 10.4
9.71 , 10.2
9.51 , 10.27
10.55 , 10.43
9.84 , 10.22
9.65 , 10.25
9.59 , 10.6
9.75 , 10.6
9.54 , 10.62
9.84 , 10.55
9.83 , 10.17
10.17 , 10.28
9.84 , 10.17
9.94 , 10.29
9.97 , 10.48
9.74 , 10.04
10.03 , 10.62
10.11 , 10.11
10.1 , 10.49
10.03 , 10.5
9.89 , 10.45
10.21 , 10.27
9.63 , 10.37
10.05 , 9.94
9.84 , 10.55
9.99 , 10.42
9.72 , 10.63
10.48 , 10.35
9.87 , 10.12
10.29 , 10.43
9.88 , 10.71
10.28 , 10.56
9.66 , 10.38
10.27 , 10.1
10.35 , 10.77
10.39 , 10.23
9.97 , 10.65
10.4 , 10.72
10.47 , 10.39
10.08 , 9.95
10.39 , 10.98
10.08 , 10.3
10.37 , 10.51
9.88 , 10.24
9.96 , 10.92
10.07 , 10.63
10.74 , 10.89
10.62 , 10.83
9.97 , 10.34
10.11 , 10.35
10.96 , 10.0
10.45 , 10.12
10.66 , 10.75
10.21 , 10.94
10.36 , 10.75
10.43 , 10.29
10.27 , 10.4
10.53 , 10.46
10.98 , 10.38
10.28 , 10.25
10.22 , 10.07
10.18 , 10.66
10.45 , 10.39
10.53 , 10.7
10.61 , 10.63
10.33 , 10.37
10.28 , 10.41
10.28 , 10.35
10.46 , 10.39
10.44 , 10.32
10.85 , 10.36
10.28 , 10.49
10.27 , 10.18
10.58 , 10.03
9.76 , 10.52
10.84 , 10.03
10.36 , 10.59
10.1 , 10.23
10.31 , 10.4
10.13 , 10.67
10.6 , 10.53
10.56 , 9.92
10.62 , 10.12
10.67 , 10.24
10.6 , 10.4
10.88 , 10.65
10.45 , 10.45
11.08 , 10.58
10.54 , 10.43
10.65 , 10.69
10.75 , 10.55
11.31 , 10.12
10.51 , 10.03
10.38 , 10.68
10.86 , 10.87
10.31 , 10.24
11.17 , 10.72
11.04 , 10.68
10.84 , 10.46
10.85 , 10.68
10.82 , 10.55
11.23 , 10.19
10.69 , 10.61
10.82 , 10.43
11.43 , 10.58
10.81 , 10.75
11.55 , 10.2
10.77 , 10.5
10.79 , 11.02
11.09 , 10.38
11.09 , 10.28
10.83 , 10.5
11.59 , 9.92
11.11 , 10.82
11.2 , 10.96
11.14 , 10.52
11.0 , 10.27
11.45 , 10.19
11.03 , 10.35
10.87 , 9.93
10.98 , 10.52
11.13 , 10.7
11.06 , 10.33
11.19 , 10.66
10.9 , 10.11
10.88 , 10.76
11.39 , 10.27
11.18 , 10.7
11.5 , 10.33
11.12 , 10.85
11.79 , 10.88
10.92 , 10.61
11.14 , 10.48
11.06 , 10.38
11.23 , 10.95
11.42 , 10.61
11.26 , 10.31
11.21 , 10.81
11.49 , 10.99
11.35 , 10.5
10.9 , 10.6
10.88 , 10.89
11.17 , 10.51
11.0 , 10.38
11.11 , 10.79
11.42 , 10.21
10.88 , 10.49
11.26 , 10.23
11.54 , 10.46
11.43 , 10.36
11.27 , 10.4
11.02 , 10.67
11.53 , 10.08
11.47 , 10.8
11.52 , 10.84
11.4 , 10.52
11.15 , 10.29
11.03 , 10.3
11.56 , 10.65
11.8 , 10.55
11.28 , 10.63
11.5 , 10.97
12.03 , 10.76
11.27 , 10.39
11.61 , 10.35
11.71 , 10.7
11.8 , 10.58
11.38 , 10.32
11.58 , 10.86
12.02 , 10.77
11.72 , 10.7
11.85 , 10.85
11.87 , 10.15
11.91 , 10.63
11.56 , 10.67
11.76 , 10.52
11.28 , 10.56
11.85 , 10.52
11.33 , 10.65
11.91 , 10.58
11.85 , 10.45
11.59 , 10.67
11.68 , 10.59
12.59 , 10.72
11.82 , 10.14
11.82 , 10.73
11.64 , 10.49
11.26 , 10.68
11.69 , 10.72
12.19 , 10.51
12.1 , 10.61
11.82 , 10.48
11.67 , 10.87
12.11 , 10.3
12.11 , 10.37
11.54 , 10.85
11.6 , 10.85
11.98 , 10.78
12.07 , 10.84
12.04 , 10.7
12.03 , 10.83
11.88 , 10.81
12.37 , 10.54
12.11 , 10.43
11.94 , 10.63
11.94 , 10.34
12.03 , 10.61
12.13 , 10.74
11.61 , 10.92
12.02 , 10.37
11.99 , 10.68
12.31 , 10.48
12.14 , 10.17
12.15 , 10.54
12.01 , 10.79
12.58 , 10.83
11.95 , 10.95
12.07 , 10.56
12.02 , 10.69
12.32 , 10.61
12.14 , 10.54
12.1 , 10.82
12.08 , 10.54
12.17 , 10.39
12.18 , 10.21
12.35 , 10.71
12.18 , 10.97
12.06 , 10.72
12.4 , 10.45
12.23 , 10.81
12.32 , 10.65
12.66 , 10.64
11.91 , 10.4
12.54 , 10.55
12.08 , 10.1
12.44 , 10.96
12.06 , 10.05
12.5 , 10.46
12.32 , 10.51
12.18 , 10.7
12.64 , 10.68
12.28 , 10.85
12.41 , 10.74
12.21 , 10.76
12.64 , 10.92
12.47 , 10.71
12.34 , 10.82
12.68 , 10.87
12.41 , 10.3
12.5 , 10.55
12.34 , 10.75
12.77 , 10.7
12.82 , 10.7
12.31 , 10.46
12.48 , 10.78
12.81 , 10.64
12.84 , 10.4
12.57 , 10.98
12.72 , 10.87
12.16 , 10.2
12.42 , 10.86
13.05 , 10.46
12.41 , 10.36
12.45 , 10.75
12.6 , 11.08
12.87 , 10.45
12.76 , 10.58
12.91 , 10.84
12.64 , 10.84
12.87 , 10.6
12.81 , 10.79
12.68 , 10.46
13.08 , 10.62
12.63 , 10.74
12.43 , 10.64
12.47 , 10.52
12.37 , 10.45
13.04 , 10.58
12.54 , 11.05
12.69 , 10.99
12.73 , 10.27
13.32 , 10.52
13.07 , 10.92
12.57 , 10.65
12.76 , 10.78
12.91 , 10.32
12.94 , 10.82
12.86 , 10.77
12.82 , 10.62
13.04 , 10.67
13.28 , 10.87
13.19 , 10.82
13.03 , 10.36
13.26 , 11.07
13.07 , 10.58
13.02 , 10.94
13.11 , 10.4
13.0 , 10.46
13.01 , 10.43
12.86 , 11.01
13.34 , 10.25
12.85 , 10.54
13.01 , 10.31
13.33 , 10.26
13.29 , 10.82
13.05 , 10.49
13.16 , 10.69
12.65 , 10.35
13.3 , 10.63
13.08 , 10.41
13.02 , 10.47
13.89 , 10.35
13.59 , 10.78
13.28 , 10.71
13.14 , 11.05
13.37 , 10.65
13.23 , 10.71
12.99 , 10.59
13.13 , 10.82
13.44 , 10.21
13.25 , 10.91
13.0 , 10.38
13.57 , 10.64
13.23 , 10.37
13.39 , 10.53
13.41 , 10.77
13.54 , 10.59
13.25 , 10.68
13.37 , 10.72
13.27 , 10.62
13.27 , 10.53
13.46 , 10.96
13.31 , 10.82
13.53 , 10.7
13.62 , 10.54
13.61 , 10.75
12.63 , 10.77
13.64 , 11.16
13.24 , 10.71
13.6 , 10.45
13.82 , 10.79
13.34 , 10.39
13.44 , 11.27
14.09 , 10.08
13.12 , 10.85
13.55 , 10.53
13.74 , 10.71
13.67 , 10.75
13.35 , 11.01
13.51 , 10.97
13.81 , 10.7
13.68 , 10.68
13.21 , 10.61
13.77 , 10.3
13.32 , 10.96
13.89 , 10.32
13.82 , 10.69
13.95 , 10.62
13.67 , 10.52
13.78 , 10.67
13.59 , 10.62
13.57 , 10.86
13.52 , 10.32
13.54 , 10.97
13.67 , 10.86
13.98 , 10.58
14.0 , 10.83
13.81 , 10.53
13.82 , 10.39
13.78 , 10.57
13.97 , 10.79
13.71 , 10.92
14.17 , 10.73
13.71 , 10.84
13.3 , 10.57
14.06 , 11.21
13.74 , 11.09
14.51 , 11.18
13.36 , 10.99
14.0 , 10.97
13.92 , 10.57
13.92 , 11.09
14.2 , 10.65
14.1 , 10.93
14.15 , 10.71
13.86 , 10.54
13.93 , 10.59
13.66 , 10.37
14.27 , 10.45
13.74 , 10.72
14.44 , 11.04
13.99 , 10.47
13.97 , 10.5
13.98 , 10.85
13.86 , 10.54
14.07 , 10.72
13.96 , 10.54
13.88 , 10.55
14.3 , 10.67
13.41 , 10.89
14.17 , 10.52
14.14 , 9.98
13.8 , 11.03
14.75 , 11.28
14.05 , 10.75
14.44 , 10.43
14.69 , 10.56
14.36 , 10.46
14.37 , 10.74
14.56 , 10.46
14.3 , 11.2
14.01 , 10.83
14.43 , 10.62
14.27 , 11.1
14.63 , 10.89
14.42 , 10.47
14.39 , 11.2
14.64 , 10.41
13.87 , 10.59
14.44 , 10.61
14.34 , 10.84
14.65 , 10.81
14.75 , 10.4
14.56 , 10.86
14.08 , 11.07
14.07 , 10.4
15.15 , 11.08
14.58 , 11.1
14.79 , 10.48
14.63 , 11.11
14.48 , 10.78
14.42 , 10.95
14.41 , 10.62
14.25 , 10.53
14.62 , 10.88
14.48 , 10.5
14.68 , 10.86
14.92 , 10.64
14.51 , 10.9
15.01 , 10.76
14.61 , 10.54
14.55 , 11.01
14.87 , 11.05
14.26 , 10.98
14.45 , 10.92
14.09 , 10.75
14.48 , 11.1
14.74 , 11.1
14.61 , 11.27
14.62 , 11.26
14.62 , 10.53
14.98 , 10.68
14.75 , 10.44
14.69 , 10.81
14.61 , 10.88
14.22 , 11.01
14.71 , 11.16
14.73 , 10.62
14.72 , 10.86
15.0 , 10.67
14.66 , 10.9
15.08 , 10.35
14.61 , 10.62
15.32 , 11.1
15.1 , 10.92
14.63 , 11.08
14.81 , 10.59
15.42 , 10.43
15.3 , 10.85
14.72 , 10.84
14.75 , 10.85
14.82 , 10.5
15.66 , 10.67
15.25 , 10.79
15.18 , 10.48
14.76 , 9.97
15.29 , 10.92
14.75 , 11.02
15.21 , 11.55
15.13 , 11.04
15.23 , 11.0
15.08 , 10.7
15.28 , 11.12
14.82 , 10.52
15.11 , 11.27
15.08 , 10.38
15.35 , 11.0
15.65 , 10.86
15.67 , 10.63
15.41 , 10.85
14.89 , 10.75
15.54 , 11.1
15.12 , 11.1
15.45 , 11.05
15.31 , 10.9
15.04 , 10.8
15.29 , 10.64
15.2 , 10.86
15.33 , 11.09
15.03 , 10.72
15.37 , 10.73
15.4 , 10.71
15.62 , 10.77
15.05 , 11.02
15.77 , 10.34
15.32 , 10.85
15.63 , 11.21
15.34 , 10.44
15.56 , 11.09
15.52 , 10.85
15.21 , 11.45
15.12 , 10.45
15.68 , 10.91
15.62 , 10.93
15.88 , 11.2
15.33 , 11.09
15.18 , 10.41
15.8 , 10.73
14.96 , 10.84
15.35 , 10.97
15.51 , 10.65
15.36 , 11.04
15.31 , 10.88
15.31 , 10.96
16.02 , 10.99
15.86 , 10.96
15.35 , 10.77
15.62 , 10.96
15.46 , 11.01
15.44 , 10.87
15.63 , 10.56
15.9 , 10.87
15.69 , 10.85
15.14 , 10.5
15.45 , 11.11
15.55 , 11.01
15.44 , 10.64
15.6 , 11.13
15.31 , 10.82
15.84 , 10.89
15.74 , 11.06
15.83 , 10.61
15.93 , 10.67
15.69 , 11.23
16.41 , 11.23
15.91 , 10.67
15.62 , 11.29
15.91 , 10.52
16.23 , 11.01
16.18 , 10.97
15.31 , 10.68
15.83 , 10.83
16.26 , 10.7
15.87 , 10.86
15.88 , 10.61
15.61 , 10.22
16.01 , 10.82
15.99 , 10.61
15.95 , 10.63
15.7 , 10.96
16.13 , 11.03
15.97 , 10.78
16.34 , 11.19
15.84 , 10.61
16.11 , 10.96
15.79 , 11.46
15.51 , 10.67
16.11 , 11.13
15.59 , 10.78
16.43 , 11.24
16.02 , 10.9
15.87 , 10.99
15.84 , 10.38
15.73 , 10.9
15.79 , 11.17
16.46 , 11.14
16.31 , 11.18
16.22 , 11.11
16.29 , 11.09
15.92 , 10.73
15.94 , 11.11
16.33 , 10.7
15.96 , 10.75
16.44 , 10.87
16.18 , 10.73
16.22 , 11.3
16.08 , 10.81
16.7 , 11.08
15.99 , 11.18
15.97 , 11.05
15.67 , 10.65
16.54 , 10.76
16.14 , 10.92
16.34 , 10.79
16.18 , 11.36
16.73 , 10.99
16.08 , 10.78
16.31 , 11.03
16.79 , 10.78
16.44 , 10.81
16.45 , 10.74
16.52 , 11.21
16.34 , 10.83
16.48 , 10.59
16.91 , 10.58
16.38 , 10.7
16.86 , 10.8
16.36 , 11.4
16.47 , 10.73
16.51 , 10.97
16.34 , 10.88
16.48 , 11.11
16.74 , 11.14
16.53 , 11.13
16.52 , 11.22
16.68 , 10.82
16.9 , 10.55
16.36 , 10.73
16.58 , 10.62
16.32 , 10.46
16.66 , 10.74
17.2 , 11.13
16.37 , 11.27
16.7 , 11.21
16.4 , 11.23
16.97 , 10.83
16.49 , 10.84
16.78 , 11.54
17.18 , 11.32
16.68 , 10.86
16.84 , 10.87
16.64 , 10.89
16.98 , 10.93
16.84 , 10.88
16.74 , 10.86
17.12 , 11.0
17.19 , 10.9
17.09 , 10.6
16.73 , 10.93
16.69 , 10.92
16.63 , 10.91
16.7 , 10.95
16.81 , 10.7
16.79 , 10.96
16.58 , 10.98
17.23 , 10.9
17.06 , 11.11
16.73 , 11.29
17.58 , 10.7
17.5 , 10.78
17.34 , 10.5
17.27 , 10.99
16.67 , 10.75
16.74 , 10.74
17.11 , 10.92
16.39 , 10.89
17.15 , 10.99
17.47 , 10.5
17.12 , 10.97
17.25 , 10.63
16.75 , 10.93
17.11 , 10.51
17.19 , 10.97
17.3 , 10.31
17.25 , 10.75
17.02 , 11.17
17.57 , 11.01
17.13 , 11.3
16.94 , 10.94
17.05 , 10.73
17.24 , 11.49
17.27 , 11.1
17.21 , 11.26
17.27 , 10.76
17.26 , 11.34
17.23 , 11.28
17.24 , 11.49
17.34 , 11.15
17.21 , 11.19
17.23 , 10.61
17.38 , 10.68
17.69 , 11.19
17.33 , 11.16
16.68 , 11.37
17.18 , 11.16
18.0 , 10.58
17.27 , 11.08
17.49 , 10.57
17.16 , 11.37
17.25 , 11.13
17.07 , 10.77
16.97 , 11.06
17.73 , 11.02
17.38 , 11.06
17.58 , 10.93
17.61 , 11.49
18.04 , 10.86
17.17 , 11.48
17.75 , 11.31
17.67 , 10.95
17.77 , 11.29
17.83 , 10.73
17.81 , 10.92
17.47 , 11.1
17.48 , 11.59
17.72 , 11.08
17.54 , 11.07
17.55 , 11.16
17.83 , 11.22
17.31 , 10.93
17.66 , 10.71
17.74 , 10.98
17.67 , 11.11
17.51 , 11.41
17.94 , 10.88
17.81 , 11.2
17.51 , 10.93
17.89 , 10.37
17.39 , 11.1
17.89 , 10.79
17.96 , 11.58
17.81 , 11.01
17.79 , 10.77
17.92 , 11.07
17.98 , 11.38
17.81 , 11.07
17.9 , 11.46
17.46 , 11.03
17.68 , 11.06
18.06 , 11.05
18.04 , 11.08
17.69 , 10.87
17.53 , 11.09
17.79 , 11.25
18.15 , 10.81
17.64 , 11.19
17.71 , 11.09
18.09 , 10.94
18.4 , 10.84
18.07 , 10.94
17.25 , 11.0
17.94 , 11.19
17.96 , 10.86
17.87 , 10.97
18.21 , 10.97
18.34 , 11.26
17.85 , 11.31
17.48 , 11.05
17.81 , 11.02
18.36 , 11.05
18.04 , 11.37
17.9 , 10.84
18.35 , 11.21
17.76 , 11.09
18.32 , 11.01
18.04 , 11.09
18.2 , 10.88
18.37 , 10.66
18.15 , 11.59
17.92 , 11.05
17.62 , 10.85
17.91 , 11.07
18.09 , 11.52
17.99 , 11.05
18.29 , 11.22
18.47 , 10.67
18.81 , 10.99
18.09 , 10.65
18.17 , 10.62
18.34 , 10.92
18.39 , 10.87
18.33 , 11.63
18.62 , 11.11
18.09 , 11.44
17.92 , 10.72
18.68 , 10.92
18.71 , 11.22
18.93 , 11.52
18.54 , 10.92
18.55 , 11.43
18.45 , 10.35
18.33 , 10.98
18.42 , 10.99
18.73 , 10.76
18.57 , 10.58
17.92 , 10.83
18.29 , 10.86
18.32 , 11.23
18.65 , 11.1
18.56 , 10.91
18.28 , 10.73
18.43 , 10.8
18.47 , 11.27
18.7 , 11.42
18.34 , 10.54
18.3 , 11.59
18.77 , 10.98
18.93 , 10.98
19.03 , 10.99
18.52 , 11.27
18.35 , 11.05
19.13 , 11.2
18.38 , 11.03
18.66 , 10.9
18.78 , 11.41
18.7 , 11.32
18.78 , 11.13
18.52 , 11.34
19.06 , 10.99
18.51 , 11.23
18.77 , 11.38
18.88 , 11.07
18.42 , 11.26
18.8 , 10.79
18.42 , 10.65
18.96 , 10.99
17.98 , 10.88
18.66 , 11.08
18.84 , 11.02
19.03 , 11.36
18.8 , 11.5
18.84 , 10.89
18.92 , 10.75
18.81 , 10.85
18.79 , 11.16
18.3 , 11.21
18.99 , 11.06
19.11 , 11.2
18.85 , 10.86
19.14 , 11.31
18.6 , 10.93
18.68 , 11.33
18.85 , 10.81
19.38 , 11.23
19.07 , 11.18
18.98 , 11.13
19.26 , 11.23
18.93 , 11.15
19.52 , 10.98
18.74 , 11.15
18.79 , 11.78
19.25 , 11.27
19.19 , 11.62
18.86 , 11.11
18.7 , 11.44
19.11 , 11.57
19.07 , 10.87
18.98 , 11.33
18.96 , 11.2
19.0 , 10.95
19.05 , 11.54
18.93 , 11.21
19.41 , 10.95
18.84 , 11.51
19.67 , 11.07
18.94 , 11.36
19.24 , 10.93
19.17 , 10.54
19.07 , 10.83
18.96 , 11.29
19.37 , 11.57
18.63 , 10.97
19.11 , 11.48
19.59 , 11.17
19.37 , 10.95
19.22 , 11.03
18.73 , 11.62
19.56 , 11.67
19.7 , 11.27
19.61 , 10.72
19.15 , 11.36
19.32 , 10.74
19.43 , 10.83
19.44 , 11.55
19.17 , 11.04
19.6 , 11.15
19.52 , 10.94
19.4 , 10.55
19.45 , 11.48
19.22 , 11.11
19.7 , 11.47
19.82 , 10.93
19.44 , 11.6
19.43 , 11.23
19.35 , 10.99
18.82 , 11.02
19.03 , 10.91
19.35 , 11.51
19.8 , 11.27
19.49 , 10.81
19.75 , 10.96
19.61 , 11.4
19.6 , 11.16
19.41 , 11.43
19.81 , 11.35
20.1 , 10.76
19.7 , 11.33
19.79 , 11.25
19.84 , 10.78
19.71 , 11.47
19.73 , 11.12
19.96 , 10.73
19.86 , 11.56
19.71 , 10.97
19.92 , 11.06
19.59 , 11.22
19.39 , 11.35
19.51 , 11.04
20.01 , 11.17
19.9 , 11.53
20.24 , 11.71
19.72 , 11.42
19.45 , 11.39
20.21 , 11.0
20.01 , 11.4
19.87 , 11.03
20.3 , 10.85
19.97 , 11.43
20.0 , 11.59
20.33 , 11.31
20.41 , 11.38
19.66 , 11.11
20.05 , 11.24
19.56 , 11.78
19.61 , 10.91
20.13 , 11.25
20.42 , 11.25
20.13 , 11.38
19.86 , 10.87
19.94 , 11.46
20.0 , 11.52
19.94 , 11.39
20.1 , 11.42
20.11 , 11.25
20.0 , 11.52
20.12 , 11.33
20.31 , 10.98
19.94 , 11.2
20.49 , 10.94
19.92 , 10.96
20.09 , 10.94
19.99 , 11.35
19.93 , 11.21
19.92 , 11.16
20.36 , 10.71
20.25 , 11.27
20.24 , 11.28
20.37 , 10.89
20.24 , 11.38
20.61 , 10.87
20.15 , 10.87
20.3 , 10.95
20.07 , 11.42
20.9 , 10.7
20.76 , 10.99
20.52 , 11.31
20.68 , 11.17
20.16 , 11.21
20.59 , 11.0
20.5 , 11.23
20.45 , 11.23
20.57 , 11.43
20.36 , 11.14
19.9 , 11.01
20.07 , 11.4
20.19 , 11.06
20.61 , 11.49
20.79 , 11.02
20.56 , 11.51
20.29 , 11.18
20.21 , 11.08
20.71 , 11.26
20.45 , 11.1
20.94 , 11.43
20.25 , 11.79
20.47 , 11.2
20.46 , 11.1
20.76 , 10.88
20.62 , 11.16
21.06 , 11.35
20.74 , 11.38
20.79 , 11.28
20.04 , 11.36
20.58 , 11.43
20.75 , 11.11
20.46 , 11.0
20.77 , 11.23
20.49 , 11.16
20.81 , 11.09
20.7 , 11.1
20.09 , 11.28
20.77 , 11.46
21.09 , 11.08
20.93 , 11.33
20.81 , 11.47
21.02 , 10.94
21.18 , 11.22
20.65 , 11.09
20.78 , 10.98
21.12 , 11.37
20.63 , 11.47
20.92 , 11.29
21.12 , 11.24
20.82 , 11.4
20.44 , 10.97
21.04 , 11.54
20.5 , 11.27
20.77 , 11.2
21.09 , 11.65
21.4 , 11.51
21.13 , 11.31
20.51 , 11.38
20.69 , 11.0
21.03 , 10.88
21.45 , 11.43
21.11 , 11.4
21.09 , 11.3
21.22 , 11.11
21.12 , 11.32
21.26 , 11.01
21.14 , 11.25
21.25 , 11.42
21.15 , 11.4
21.22 , 11.63
21.2 , 11.42
20.9 , 11.24
21.34 , 11.55
20.91 , 11.28
21.1 , 11.3
21.06 , 11.19
21.17 , 11.32
21.45 , 11.08
20.97 , 11.49
21.35 , 11.25
20.94 , 11.56
20.97 , 11.58
21.32 , 11.26
21.22 , 11.5
21.28 , 10.86
21.11 , 10.76
21.4 , 11.53
21.57 , 10.97
21.85 , 11.76
21.3 , 10.81
21.12 , 11.57
21.87 , 11.17
20.9 , 11.06
21.86 , 11.31
21.04 , 10.78
21.56 , 11.51
21.29 , 11.26
21.44 , 11.23
21.29 , 11.17
21.29 , 11.62
21.55 , 11.57
21.93 , 10.74
21.46 , 11.56
21.43 , 11.17
21.6 , 11.18
21.3 , 11.24
21.53 , 11.32
21.76 , 11.33
21.42 , 12.08
21.5 , 11.25
21.53 , 11.15
21.18 , 11.37
21.95 , 10.87
21.41 , 11.43
21.44 , 11.46
21.61 , 11.05
21.58 , 11.2
21.78 , 10.69
21.76 , 11.66
21.7 , 11.39
21.54 , 11.42
21.65 , 11.01
21.4 , 10.75
21.82 , 11.38
21.99 , 11.4
21.91 , 11.0
21.28 , 11.19
21.67 , 11.43
21.73 , 11.3
21.79 , 11.4
21.84 , 11.42
21.67 , 11.32
21.44 , 11.06
21.75 , 11.45
21.64 , 10.99
22.08 , 11.14
21.42 , 11.1
21.57 , 10.74
21.78 , 11.77
21.7 , 11.14
22.19 , 11.37
21.88 , 11.69
21.63 , 11.34
22.06 , 11.4
21.65 , 11.12
22.4 , 11.33
21.9 , 11.62
21.53 , 11.34
21.55 , 11.71
21.75 , 11.39
21.78 , 11.39
22.1 , 11.36
21.95 , 11.42
21.98 , 11.24
22.21 , 11.58
21.73 , 11.11
21.88 , 11.44
21.74 , 11.75
22.11 , 11.4
22.33 , 11.18
22.21 , 11.47
22.46 , 11.11
22.49 , 11.52
22.22 , 11.64
22.1 , 11.32
22.39 , 11.29
22.46 , 11.72
22.25 , 11.42
22.05 , 11.15
22.58 , 11.12
22.26 , 11.45
22.02 , 11.21
22.08 , 11.91
22.36 , 11.73
22.79 , 11.63
22.62 , 11.27
22.13 , 11.75
22.68 , 11.13
22.61 , 11.46
22.54 , 11.63
22.82 , 11.23
22.36 , 11.71
22.31 , 11.53
22.36 , 10.97
22.25 , 11.61
22.27 , 11.01
22.29 , 11.42
22.55 , 11.48
22.57 , 11.14
22.3 , 11.21
22.35 , 11.51
22.8 , 11.34
22.75 , 11.68
22.21 , 11.2
22.54 , 11.06
22.98 , 10.94
22.22 , 11.6
22.35 , 11.59
22.31 , 11.67
22.42 , 11.59
22.82 , 11.04
22.36 , 10.98
22.32 , 11.64
22.6 , 11.63
22.97 , 11.67
22.81 , 11.31
22.54 , 11.5
22.87 , 11.69
22.74 , 11.35
22.66 , 11.84
22.76 , 11.92
22.52 , 11.64
22.76 , 11.61
22.53 , 11.51
22.72 , 11.36
22.44 , 11.07
22.67 , 11.56
22.83 , 11.49
22.86 , 11.09
23.05 , 11.45
22.61 , 11.3
23.06 , 11.48
22.41 , 11.96
22.46 , 11.86
23.06 , 11.19
23.16 , 11.75
23.13 , 11.6
22.96 , 11.49
22.76 , 11.51
23.22 , 11.41
23.4 , 11.06
22.93 , 11.07
22.5 , 11.51
22.86 , 11.31
22.69 , 11.39
22.56 , 11.4
22.85 , 11.14
23.09 , 10.99
23.11 , 11.52
23.14 , 11.48
23.22 , 11.39
22.76 , 11.55
22.85 , 11.36
23.09 , 11.22
23.31 , 11.07
23.38 , 11.45
23.51 , 11.73
23.27 , 11.53
23.14 , 11.12
22.98 , 11.23
22.96 , 11.43
22.95 , 11.5
23.09 , 11.35
23.26 , 11.58
22.84 , 11.39
23.92 , 11.47
23.32 , 11.25
23.45 , 11.85
23.37 , 11.43
23.24 , 11.0
23.39 , 11.39
23.35 , 11.56
23.32 , 11.99
23.51 , 11.31
23.44 , 11.63
23.31 , 11.82
23.22 , 11.04
23.06 , 11.57
23.09 , 11.51
22.97 , 11.57
23.29 , 11.25
23.23 , 11.41
23.61 , 11.54
23.34 , 11.52
23.62 , 11.6
23.85 , 11.3
23.63 , 11.51
23.28 , 11.63
23.65 , 11.73
23.58 , 11.27
23.51 , 11.58
23.89 , 11.52
23.53 , 11.88
23.52 , 11.38
23.58 , 11.68
23.56 , 11.08
23.43 , 11.74
23.36 , 11.71
23.6 , 11.3
23.77 , 10.96
23.06 , 11.11
23.72 , 11.43
23.76 , 11.48
23.64 , 11.37
23.52 , 11.74
23.82 , 11.17
23.79 , 12.0
23.84 , 11.27
23.85 , 11.56
23.6 , 11.74
23.99 , 11.38
23.73 , 11.41
23.71 , 11.9
23.62 , 11.65
23.8 , 11.53
23.47 , 11.66
23.48 , 11.69
23.75 , 11.55
23.66 , 11.3
23.54 , 11.52
23.78 , 11.58
23.74 , 11.71
23.86 , 11.55
23.77 , 11.51
24.01 , 11.34
23.56 , 11.61
23.97 , 11.53
23.94 , 11.2
23.65 , 11.52
23.89 , 11.22
24.03 , 11.05
24.23 , 11.26
23.8 , 11.27
23.61 , 11.45
23.49 , 11.44
24.01 , 11.45
23.97 , 11.17
23.53 , 11.2
24.26 , 11.61
23.57 , 11.95
24.18 , 11.8
24.28 , 11.85
23.63 , 11.55
23.86 , 12.01
24.24 , 11.53
24.01 , 11.01
24.11 , 11.33
24.43 , 11.72
24.09 , 11.44
24.39 , 11.41
24.4 , 11.59
24.07 , 11.63
24.58 , 11.15
24.35 , 11.72
24.11 , 11.9
24.35 , 11.68
23.95 , 11.69
23.89 , 11.67
24.75 , 11.32
24.62 , 11.28
24.26 , 11.72
23.9 , 11.63
24.07 , 11.4
24.48 , 11.53
24.39 , 11.56
24.39 , 11.94
24.34 , 11.48
24.33 , 11.73
24.45 , 11.03
24.33 , 11.66
25.0 , 11.41
24.3 , 11.27
24.36 , 11.12
24.18 , 11.54
24.03 , 11.49
24.24 , 11.87
24.81 , 12.08
24.47 , 11.73
25.03 , 11.4
24.87 , 11.34
24.73 , 11.18
24.38 , 11.52
24.42 , 11.09
24.53 , 11.5
24.88 , 11.71
23.98 , 11.6
24.8 , 11.55
24.37 , 11.23
24.46 , 11.34
24.5 , 11.49
24.89 , 11.33
24.67 , 11.3
24.67 , 11.83
24.47 , 11.28
24.63 , 11.58
24.47 , 11.68
24.66 , 11.75
24.31 , 11.77
24.98 , 11.38
25.17 , 11.64
24.36 , 11.32
24.51 , 11.42
24.65 , 11.66
24.67 , 11.51
24.49 , 11.08
24.57 , 11.28
24.97 , 10.99
25.05 , 10.88
24.73 , 11.59
24.51 , 11.35
25.01 , 11.32
24.79 , 11.6
24.98 , 11.28
25.16 , 11.56
25.09 , 11.24
25.12 , 11.57
25.06 , 11.44
25.09 , 11.61
24.42 , 12.22
24.73 , 11.71
24.86 , 11.49
24.83 , 11.83
25.16 , 11.83
24.54 , 11.8
24.58 , 12.18
25.06 , 11.89
24.97 , 11.64
24.81 , 12.1
24.92 , 11.88
24.81 , 11.57
24.92 , 11.58
24.9 , 11.77
25.21 , 11.21
24.94 , 11.28
25.33 , 11.3
25.19 , 11.65
25.07 , 11.13
25.52 , 11.58
25.28 , 11.88
24.87 , 11.37
25.56 , 12.1
24.94 , 11.6
25.39 , 11.58
25.49 , 11.77
25.16 , 11.79
25.07 , 11.94
25.03 , 11.95
25.84 , 11.19
25.64 , 11.25
25.21 , 12.08
25.51 , 11.8
25.35 , 11.67
25.38 , 11.58
25.21 , 11.32
25.72 , 11.63
25.77 , 11.82
25.42 , 11.36
25.26 , 11.64
25.3 , 11.56
24.77 , 11.53
25.29 , 11.52
25.29 , 11.25
25.16 , 12.01
25.15 , 11.51
25.19 , 11.6
25.28 , 12.14
25.16 , 11.98
25.31 , 11.75
26.08 , 11.64
25.45 , 10.93
25.38 , 11.59
25.51 , 11.71
25.21 , 11.41
25.69 , 11.58
25.52 , 11.82
25.55 , 11.69
25.26 , 11.65
25.12 , 12.1
25.36 , 12.08
25.44 , 11.62
25.91 , 11.71
25.64 , 11.59
25.54 , 11.47
25.42 , 11.21
25.59 , 11.46
25.99 , 12.19
26.12 , 11.36
25.57 , 11.63
25.28 , 12.06
25.86 , 11.74
26.18 , 11.79
25.63 , 11.74
25.6 , 11.79
25.4 , 11.8
25.66 , 11.56
25.65 , 11.64
25.32 , 11.82
25.72 , 12.12
25.78 , 11.91
25.78 , 11.64
25.5 , 11.56
25.67 , 11.07
25.75 , 11.5
25.91 , 11.94
25.77 , 11.98
26.17 , 11.87
25.79 , 11.71
26.29 , 12.07
26.18 , 11.25
25.34 , 12.13
26.1 , 12.02
26.07 , 11.61
26.05 , 11.68
26.33 , 11.9
25.72 , 11.5
26.23 , 11.91
26.06 , 11.78
25.68 , 11.48
26.14 , 11.23
26.14 , 11.84
26.19 , 11.91
26.52 , 11.77
25.85 , 11.27
25.5 , 11.72
26.3 , 11.28
26.13 , 11.52
26.03 , 11.76
26.12 , 11.41
26.31 , 11.67
25.66 , 11.9
26.54 , 11.61
26.55 , 11.31
26.1 , 12.03
26.5 , 11.84
26.45 , 11.61
26.38 , 11.95
26.45 , 11.81
26.43 , 11.82
26.38 , 11.32
26.39 , 11.48
26.16 , 11.73
26.32 , 11.38
26.14 , 11.78
26.18 , 11.72
26.35 , 11.77
26.17 , 11.76
26.46 , 11.4
26.53 , 11.47
26.43 , 11.88
26.51 , 11.43
26.13 , 11.43
26.52 , 11.76
25.93 , 11.91
26.69 , 11.59
26.39 , 11.79
26.16 , 11.62
26.57 , 11.64
26.44 , 11.76
26.88 , 11.8
26.55 , 11.61
26.78 , 11.75
26.48 , 12.06
26.83 , 11.5
26.43 , 12.05
26.4 , 12.13
26.49 , 12.22
26.29 , 11.25
26.18 , 12.23
26.38 , 11.63
26.43 , 11.55
26.62 , 11.77
26.44 , 11.61
26.94 , 11.98
26.86 , 12.05
26.58 , 11.96
27.05 , 11.54
26.99 , 11.13
26.18 , 11.38
26.42 , 11.5
26.56 , 11.95
26.51 , 11.65
26.38 , 11.35
26.67 , 11.56
26.95 , 11.78
26.28 , 11.93
26.45 , 11.65
26.5 , 11.54
26.62 , 11.45
26.59 , 11.68
26.97 , 11.93
27.25 , 11.35
26.71 , 12.06
26.54 , 11.71
27.02 , 12.14
26.99 , 11.84
26.82 , 11.91
26.89 , 11.84
26.72 , 11.73
26.67 , 11.49
26.69 , 11.55
26.74 , 11.62
26.54 , 11.84
27.01 , 12.15
26.35 , 11.41
26.71 , 11.55
26.98 , 11.55
26.78 , 11.95
26.94 , 11.36
27.24 , 12.33
27.29 , 11.73
27.36 , 11.75
26.94 , 11.83
27.37 , 11.8
26.98 , 11.42
27.11 , 11.5
27.05 , 11.43
26.87 , 11.53
26.93 , 11.49
27.42 , 11.97
27.04 , 11.52
27.41 , 11.72
27.29 , 12.03
27.05 , 11.89
27.28 , 11.67
27.13 , 11.63
26.34 , 11.68
27.61 , 12.04
27.89 , 11.8
27.44 , 11.63
27.04 , 11.57
27.36 , 11.98
26.78 , 11.96
27.49 , 11.99
26.96 , 11.84
27.37 , 11.46
27.01 , 12.34
27.14 , 11.67
26.83 , 11.64
27.67 , 11.89
27.13 , 11.8
27.44 , 11.94
27.12 , 11.89
27.21 , 11.67
27.17 , 11.6
27.52 , 11.36
27.46 , 12.48
27.2 , 11.73
27.41 , 12.19
27.09 , 11.94
27.43 , 12.29
27.41 , 12.3
27.23 , 11.89
27.21 , 11.66
27.18 , 11.7
27.89 , 11.67
28.13 , 12.21
27.61 , 11.81
27.62 , 11.62
27.7 , 11.83
27.08 , 11.82
27.72 , 11.82
27.66 , 11.81
27.47 , 12.07
27.96 , 11.74
27.82 , 11.54
27.94 , 11.61
27.65 , 12.05
27.53 , 11.83
27.91 , 11.68
27.76 , 12.09
27.75 , 11.63
27.6 , 11.76
27.71 , 11.98
27.33 , 11.8
27.78 , 12.2
27.38 , 11.6
27.97 , 11.81
28.03 , 11.81
27.61 , 11.81
28.09 , 12.01
27.84 , 11.86
28.07 , 11.98
27.88 , 12.01
27.85 , 11.56
28.06 , 12.13
28.19 , 11.82
27.56 , 11.93
27.73 , 11.37
27.92 , 11.65
27.91 , 11.72
28.11 , 12.05
28.04 , 12.13
27.8 , 12.42
27.52 , 12.02
28.2 , 11.74
27.99 , 11.55
27.86 , 11.91
27.67 , 11.36
27.91 , 11.64
27.77 , 11.8
27.68 , 12.11
28.31 , 11.85
27.89 , 11.83
28.02 , 11.65
27.9 , 11.95
27.85 , 11.69
27.97 , 11.61
28.16 , 11.54
28.33 , 12.03
28.11 , 12.06
28.39 , 11.76
28.12 , 11.71
28.06 , 11.76
28.18 , 11.98
28.71 , 11.94
28.41 , 11.8
28.6 , 11.89
28.16 , 11.79
28.22 , 11.76
28.27 , 12.29
28.25 , 11.68
27.8 , 11.84
28.01 , 11.68
28.31 , 11.95
28.4 , 12.14
28.06 , 11.71
28.09 , 11.62
28.16 , 11.66
28.49 , 11.61
28.87 , 11.37
28.55 , 11.49
28.24 , 11.57
28.37 , 11.99
28.28 , 11.71
28.15 , 11.67
28.19 , 11.71
28.43 , 12.09
28.25 , 11.38
28.34 , 12.07
28.2 , 11.96
28.17 , 11.57
28.52 , 11.43
28.38 , 11.22
28.23 , 11.97
28.38 , 11.7
28.64 , 11.65
28.24 , 11.78
28.51 , 11.91
28.5 , 12.16
28.69 , 11.84
29.12 , 11.5
28.63 , 11.69
29.1 , 11.95
28.79 , 11.98
28.96 , 11.75
28.84 , 11.47
28.76 , 12.16
28.85 , 12.03
28.2 , 11.9
28.58 , 12.25
28.8 , 12.04
29.0 , 12.01
28.36 , 11.69
28.2 , 12.18
28.67 , 11.58
28.85 , 11.79
28.66 , 12.21
28.25 , 11.54
28.74 , 11.83
29.04 , 11.81
28.91 , 12.31
28.46 , 11.55
28.63 , 11.84
28.55 , 11.96
28.64 , 12.17
28.96 , 12.06
28.9 , 11.95
28.46 , 11.84
28.44 , 12.22
28.61 , 11.68
28.78 , 12.43
28.63 , 12.31
28.95 , 12.53
28.87 , 11.77
28.93 , 11.77
28.77 , 12.08
28.85 , 12.12
29.11 , 12.13
29.36 , 12.17
28.76 , 12.23
28.4 , 12.22
29.31 , 11.65
29.33 , 11.46
29.28 , 11.81
28.98 , 11.87
28.92 , 12.09
29.06 , 11.91
29.09 , 11.83
28.85 , 12.06
29.31 , 11.63
29.35 , 12.23
29.17 , 12.28
28.61 , 12.25
28.97 , 12.0
28.94 , 12.52
29.07 , 12.09
28.83 , 11.85
29.3 , 11.9
29.02 , 12.29
28.84 , 11.95
29.18 , 11.84
29.39 , 11.99
29.2 , 12.09
29.24 , 12.06
29.58 , 11.99
29.3 , 11.8
29.64 , 12.17
29.43 , 12.01
29.11 , 11.96
29.4 , 11.66
29.11 , 11.91
29.81 , 12.03
29.01 , 12.25
29.59 , 12.11
29.25 , 11.92
29.92 , 12.22
30.52 , 11.5
29.03 , 11.84
29.21 , 11.79
29.62 , 12.27
29.1 , 12.09
29.67 , 12.01
29.8 , 12.23
29.29 , 11.99
29.56 , 11.66
29.45 , 12.2
29.61 , 11.96
30.16 , 12.11
29.77 , 11.75
29.85 , 11.85
29.52 , 11.86
29.26 , 12.1
29.28 , 12.16
29.4 , 12.27
29.69 , 12.25
29.35 , 12.1
29.81 , 12.03
29.61 , 11.82
28.86 , 12.09
29.35 , 11.71
29.77 , 11.32
29.5 , 12.14
29.7 , 11.92
29.52 , 12.02
29.34 , 11.84
29.93 , 11.75
29.71 , 11.88
29.45 , 11.49
29.55 , 11.79
29.52 , 11.96
29.86 , 12.13
29.89 , 11.69
30.15 , 12.07
30.0 , 11.67
30.1 , 12.54
29.97 , 12.26
29.71 , 12.03
29.85 , 12.15
29.92 , 12.05
29.66 , 11.7
29.9 , 12.61
29.67 , 12.12
30.25 , 11.83
29.53 , 12.08
29.93 , 11.78
30.32 , 12.17
29.96 , 11.66
30.29 , 12.28
30.19 , 12.4
29.74 , 11.75
30.22 , 12.12
30.0 , 11.9
30.27 , 12.09
30.24 , 11.75
30.05 , 12.15
30.3 , 11.64
30.0 , 11.9
30.06 , 12.03
30.17 , 12.27
30.14 , 12.07
30.3 , 12.44
30.11 , 11.9
30.53 , 12.34
30.64 , 12.02
30.02 , 12.08
30.1 , 11.77
30.33 , 11.77
29.45 , 12.14
29.88 , 12.22
29.86 , 11.83
29.65 , 11.86
30.09 , 12.71
30.34 , 12.03
30.51 , 12.26
29.72 , 11.78
29.82 , 12.07
30.21 , 12.07
30.08 , 12.0
30.26 , 12.44
29.96 , 12.56
30.02 , 12.19
30.65 , 12.42
30.26 , 11.8
30.27 , 12.2
30.21 , 12.57
30.13 , 12.75
30.29 , 12.35
30.21 , 12.34
30.63 , 12.39
30.05 , 12.14
30.6 , 12.48
30.1 , 12.32
30.34 , 12.5
30.09 , 12.39
30.01 , 12.18
30.29 , 12.72
30.33 , 12.81
30.45 , 12.72
30.33 , 11.96
29.83 , 12.31
30.82 , 12.39
30.26 , 12.59
30.3 , 12.35
30.45 , 12.55
30.27 , 12.26
30.82 , 12.25
30.2 , 12.43
30.4 , 12.56
30.83 , 12.82
30.44 , 12.53
30.7 , 12.48
30.5 , 12.25
30.57 , 12.51
30.12 , 12.59
31.04 , 12.63
30.29 , 12.87
30.59 , 12.61
30.88 , 12.79
31.03 , 12.38
30.41 , 12.56
30.58 , 12.3
30.61 , 12.25
30.4 , 12.55
30.61 , 12.7
30.37 , 12.71
30.64 , 12.61
30.58 , 12.52
31.03 , 12.99
30.65 , 12.99
30.38 , 12.54
30.52 , 12.79
30.53 , 12.46
30.25 , 12.42
30.86 , 12.82
30.28 , 13.17
30.52 , 12.6
30.61 , 12.74
30.56 , 12.72
30.85 , 12.97
30.5 , 12.71
30.49 , 12.65
30.66 , 12.69
30.84 , 12.55
30.8 , 12.97
30.63 , 12.71
30.86 , 12.71
30.64 , 12.86
30.11 , 12.99
30.8 , 12.97
30.4 , 12.73
30.86 , 12.98
30.61 , 12.74
31.15 , 12.92
31.08 , 12.53
30.89 , 12.74
30.66 , 13.2
30.53 , 12.66
30.63 , 12.84
30.82 , 13.01
31.13 , 13.03
31.26 , 13.19
30.97 , 12.9
31.18 , 12.87
31.09 , 12.96
30.72 , 13.12
31.03 , 13.04
31.14 , 13.0
30.7 , 13.0
31.35 , 12.75
30.44 , 13.0
30.65 , 13.34
30.95 , 12.79
30.9 , 12.79
31.04 , 13.26
31.23 , 13.3
30.93 , 13.34
31.07 , 12.74
31.29 , 12.85
30.81 , 12.69
30.76 , 12.56
30.67 , 12.88
30.69 , 13.0
31.19 , 13.03
31.1 , 13.39
30.85 , 13.49
31.0 , 13.12
31.11 , 13.48
30.73 , 13.38
30.91 , 13.18
30.79 , 12.54
31.34 , 13.36
30.79 , 12.96
30.77 , 13.18
31.58 , 13.16
30.66 , 13.39
30.86 , 12.82
31.19 , 13.22
31.14 , 13.41
31.34 , 12.72
31.16 , 13.53
31.43 , 13.0
30.68 , 12.99
31.23 , 13.22
31.35 , 13.24
30.84 , 13.01
31.1 , 13.5
31.53 , 13.06
31.28 , 13.3
30.89 , 13.03
31.58 , 13.22
31.17 , 13.45
31.29 , 13.52
31.01 , 13.26
31.28 , 13.45
31.05 , 12.95
31.45 , 13.59
31.48 , 13.36
30.8 , 13.3
31.76 , 13.48
31.33 , 13.01
31.11 , 13.67
31.36 , 13.4
31.6 , 13.62
31.43 , 13.41
31.41 , 13.71
31.39 , 13.15
31.27 , 13.4
31.43 , 13.8
31.31 , 13.38
31.52 , 13.62
31.15 , 13.62
31.4 , 13.6
30.98 , 13.03
30.99 , 13.11
31.62 , 13.79
31.06 , 13.91
31.11 , 13.36
31.93 , 13.25
31.58 , 13.78
31.69 , 13.75
31.48 , 13.97
31.41 , 13.62
31.53 , 13.52
31.41 , 13.92
31.85 , 13.77
31.43 , 13.51
31.37 , 13.55
31.36 , 13.63
31.42 , 13.92
31.14 , 13.56
31.7 , 13.57
31.4 , 13.82
31.49 , 13.45
31.55 , 13.86
31.11 , 13.93
31.11 , 13.89
31.21 , 13.78
31.54 , 13.99
31.54 , 13.64
31.38 , 13.8
31.51 , 13.98
31.68 , 14.07
31.76 , 13.82
31.58 , 13.94
31.79 , 13.46
31.71 , 13.71
31.69 , 14.01
31.15 , 13.79
31.88 , 13.4
31.69 , 13.84
31.51 , 14.07
31.88 , 13.86
32.01 , 14.22
31.72 , 14.08
31.89 , 14.3
31.88 , 14.06
31.72 , 14.07
32.09 , 13.88
31.68 , 13.67
32.35 , 13.82
31.6 , 13.79
32.02 , 14.02
31.23 , 13.98
32.2 , 13.94
31.78 , 14.68
31.7 , 13.92
31.93 , 14.58
31.88 , 13.59
31.75 , 13.94
31.98 , 13.92
31.83 , 13.7
31.49 , 14.04
32.22 , 13.79
31.43 , 14.33
31.93 , 14.25
31.79 , 14.12
31.82 , 14.06
32.29 , 13.97
31.76 , 14.08
31.82 , 14.51
31.83 , 14.2
31.58 , 14.24
32.05 , 14.28
31.5 , 13.97
31.25 , 14.55
31.89 , 14.55
32.4 , 14.4
31.77 , 14.1
32.13 , 13.68
32.29 , 14.54
32.17 , 14.11
32.05 , 13.79
31.73 , 14.09
31.78 , 14.62
32.09 , 13.61
32.27 , 14.35
31.94 , 14.05
32.52 , 14.3
32.07 , 13.85
31.87 , 14.48
32.06 , 14.15
31.95 , 13.88
31.43 , 14.41
31.68 , 13.9
32.13 , 14.53
31.97 , 14.58
32.08 , 13.53
32.48 , 14.05
32.47 , 14.26
32.07 , 14.22
31.85 , 14.5
32.52 , 14.68
31.97 , 14.49
32.38 , 14.52
31.8 , 14.89
31.95 , 14.18
32.18 , 14.45
32.01 , 14.08
31.85 , 14.41
31.69 , 14.7
32.33 , 14.48
32.23 , 14.22
32.05 , 14.67
32.06 , 14.85
32.45 , 14.63
32.15 , 14.24
32.18 , 14.24
32.13 , 14.4
32.09 , 14.78
32.02 , 14.32
32.54 , 14.58
32.38 , 14.36
32.34 , 14.86
32.27 , 14.64
32.58 , 14.7
32.59 , 14.26
31.85 , 14.28
32.4 , 14.4
31.8 , 15.03
32.64 , 14.45
32.15 , 14.42
32.51 , 14.72
32.37 , 14.95
32.14 , 14.32
32.35 , 14.62
32.38 , 14.74
31.98 , 15.04
31.92 , 14.74
32.47 , 14.87
32.44 , 14.46
32.34 , 14.34
32.36 , 14.63
31.94 , 15.24
32.26 , 14.84
32.75 , 14.7
32.33 , 14.44
32.25 , 14.55
32.4 , 14.93
32.5 , 15.12
32.56 , 14.81
31.7 , 14.72
32.54 , 14.4
32.46 , 14.6
32.43 , 14.78
32.42 , 14.78
32.59 , 14.88
32.34 , 15.04
32.53 , 14.91
32.96 , 15.24
33.08 , 14.78
32.64 , 14.96
32.57 , 14.81
32.76 , 15.14
33.11 , 14.74
32.68 , 14.69
32.51 , 14.29
33.11 , 14.5
32.62 , 14.46
32.51 , 14.65
32.08 , 14.66
32.56 , 14.9
32.14 , 15.09
32.55 , 14.66
33.01 , 14.78
32.7 , 15.34
32.66 , 14.94
32.9 , 14.87
32.68 , 14.95
32.58 , 15.18
32.75 , 15.35
32.78 , 14.66
32.79 , 14.95
32.64 , 15.27
32.81 , 14.63
33.22 , 15.01
32.32 , 14.97
32.85 , 14.78
32.52 , 14.62
32.81 , 14.94
33.13 , 15.15
32.82 , 14.94
33.01 , 14.76
32.84 , 15.23
32.59 , 14.82
33.08 , 15.58
32.89 , 15.59
32.92 , 15.09
32.71 , 14.84
33.05 , 15.02
32.67 , 15.26
32.96 , 14.99
32.89 , 15.14
32.88 , 15.15
32.75 , 14.59
32.71 , 15.5
32.79 , 15.26
33.03 , 14.97
32.9 , 15.16
32.98 , 15.39
32.92 , 15.19
33.15 , 15.29
32.55 , 15.58
33.04 , 15.13
32.91 , 15.04
32.97 , 14.92
33.2 , 15.41
32.7 , 15.43
32.6 , 15.18
32.72 , 15.49
33.15 , 14.99
33.03 , 15.46
32.9 , 15.95
32.6 , 15.69
33.38 , 15.28
32.73 , 15.67
32.4 , 15.37
32.67 , 15.38
32.89 , 15.07
33.18 , 15.69
32.71 , 15.58
33.08 , 15.25
32.93 , 15.57
33.35 , 15.37
32.46 , 15.64
33.18 , 14.97
32.96 , 15.46
33.02 , 15.54
32.88 , 15.64
32.43 , 15.57
32.97 , 15.46
33.29 , 15.84
32.88 , 15.48
32.89 , 15.53
33.0 , 15.23
33.44 , 15.62
33.16 , 15.87
32.76 , 15.65
33.58 , 15.47
32.97 , 15.37
33.5 , 15.84
33.28 , 15.82
33.04 , 15.49
33.42 , 15.36
33.28 , 15.6
33.02 , 15.67
32.92 , 15.46
32.75 , 15.31
33.03 , 15.73
33.26 , 15.33
33.2 , 16.22
33.29 , 15.77
32.75 , 15.55
33.57 , 15.32
33.07 , 15.5
33.27 , 15.85
32.87 , 15.88
32.65 , 15.48
33.42 , 15.43
33.12 , 15.59
33.74 , 15.48
33.58 , 16.24
33.25 , 15.55
33.36 , 15.51
33.27 , 15.5
33.0 , 15.37
33.61 , 15.61
33.09 , 16.06
33.35 , 15.71
33.21 , 15.81
33.33 , 15.71
33.37 , 16.02
33.37 , 16.16
33.67 , 15.58
33.19 , 15.52
33.25 , 16.04
33.36 , 15.74
33.48 , 15.32
33.54 , 15.83
33.64 , 15.81
33.73 , 16.16
33.41 , 16.05
33.26 , 15.73
33.22 , 15.87
33.2 , 15.65
33.46 , 15.57
33.67 , 15.71
33.46 , 15.87
33.79 , 16.11
33.48 , 15.82
33.76 , 15.94
33.29 , 16.02
33.72 , 15.98
33.58 , 16.37
33.45 , 16.2
33.98 , 16.45
33.3 , 16.16
33.63 , 16.64
33.93 , 16.3
33.91 , 16.19
33.36 , 16.62
33.2 , 16.26
33.83 , 16.13
33.9 , 16.08
33.86 , 16.16
33.48 , 16.35
33.53 , 16.27
33.41 , 16.18
33.82 , 16.42
33.42 , 16.0
33.7 , 15.88
33.86 , 16.75
33.89 , 16.32
33.51 , 16.31
33.86 , 16.67
33.65 , 16.5
33.66 , 16.13
33.64 , 16.27
33.38 , 16.12
34.14 , 15.76
34.0 , 16.42
33.67 , 16.04
34.08 , 16.16
33.87 , 16.2
33.52 , 16.52
33.98 , 16.03
34.1 , 15.96
33.5 , 16.5
33.73 , 16.3
34.24 , 16.03
34.0 , 16.21
33.88 , 16.26
33.66 , 16.34
33.64 , 16.34
33.64 , 16.28
33.92 , 16.0
33.88 , 16.54
33.93 , 16.61
33.66 , 16.53
34.0 , 15.69
33.92 , 16.62
33.91 , 16.41
33.91 , 16.37
33.68 , 16.25
33.4 , 16.95
33.96 , 16.49
34.13 , 16.57
33.96 , 16.06
33.68 , 16.89
34.1 , 16.64
33.73 , 16.36
34.07 , 16.29
34.31 , 16.3
33.91 , 16.21
34.12 , 16.84
34.09 , 16.52
33.95 , 16.73
34.05 , 16.98
33.99 , 16.45
33.93 , 16.07
34.13 , 16.59
33.68 , 16.28
33.82 , 16.5
33.84 , 16.78
34.4 , 16.43
34.11 , 16.34
34.45 , 16.34
33.93 , 16.62
33.93 , 17.3
34.09 , 16.58
33.9 , 16.62
34.0 , 16.55
34.41 , 16.51
34.27 , 16.51
34.43 , 16.49
33.94 , 16.62
34.5 , 16.59
33.98 , 16.67
34.03 , 16.78
34.04 , 16.8
34.44 , 16.85
34.6 , 16.81
34.7 , 17.06
34.17 , 16.95
34.07 , 16.71
34.24 , 16.57
34.34 , 16.76
34.77 , 16.98
34.22 , 16.63
34.15 , 16.63
34.11 , 16.81
33.96 , 16.74
34.43 , 16.68
34.04 , 16.71
34.54 , 16.65
34.72 , 16.44
34.14 , 17.01
34.68 , 16.82
33.94 , 16.81
34.13 , 16.71
34.28 , 16.74
34.37 , 16.94
34.31 , 16.47
34.35 , 16.27
34.42 , 16.82
34.17 , 17.46
34.83 , 17.28
34.47 , 16.83
34.54 , 17.37
34.41 , 16.93
34.3 , 16.96
34.66 , 16.76
34.72 , 17.03
35.02 , 17.05
34.79 , 16.77
35.08 , 17.04
34.47 , 17.4
34.53 , 16.73
34.66 , 17.18
34.51 , 16.94
34.12 , 17.48
34.42 , 17.16
34.41 , 16.9
34.61 , 16.87
34.78 , 16.7
34.7 , 17.4
34.45 , 17.17
34.78 , 17.01
34.52 , 17.08
35.26 , 16.93
34.55 , 17.04
34.47 , 16.93
34.45 , 17.2
34.91 , 17.58
34.31 , 16.94
34.62 , 16.95
34.45 , 17.14
34.51 , 17.0
34.71 , 17.02
34.6 , 17.3
34.85 , 17.28
34.95 , 17.28
34.32 , 17.61
35.4 , 17.46
35.1 , 17.54
34.6 , 17.43
34.54 , 17.14
34.86 , 17.31
34.57 , 16.95
34.94 , 17.31
34.78 , 17.1
34.56 , 17.31
34.3 , 17.63
34.77 , 17.61
35.01 , 17.21
34.91 , 17.08
34.56 , 17.7
34.66 , 17.18
34.92 , 17.39
35.05 , 17.07
34.76 , 17.13
34.83 , 17.34
34.6 , 16.98
34.51 , 17.66
34.76 , 17.16
34.9 , 17.16
35.09 , 17.66
34.88 , 17.31
34.43 , 17.59
35.39 , 17.52
34.76 , 17.68
34.81 , 17.19
34.88 , 17.65
34.46 , 17.77
35.33 , 17.51
34.81 , 17.17
35.07 , 17.46
35.25 , 17.93
35.26 , 17.59
34.51 , 17.89
34.85 , 17.45
35.24 , 17.69
34.72 , 17.5
34.92 , 17.55
34.71 , 17.97
34.97 , 17.77
35.28 , 18.15
35.2 , 17.44
34.92 , 17.85
35.45 , 17.28
35.52 , 17.51
35.0 , 17.55
35.21 , 17.62
35.06 , 17.45
35.44 , 17.77
35.07 , 18.22
35.25 , 18.04
35.03 , 17.74
35.07 , 17.93
35.18 , 17.31
35.26 , 17.68
35.19 , 17.98
35.07 , 17.91
35.15 , 17.74
35.02 , 17.74
35.08 , 17.97
34.59 , 17.93
35.15 , 17.53
35.37 , 17.79
35.33 , 18.14
35.25 , 17.42
34.81 , 17.81
34.91 , 18.37
35.19 , 17.4
34.69 , 17.72
34.63 , 17.98
34.67 , 18.09
35.13 , 18.15
34.96 , 17.77
35.53 , 17.49
35.44 , 18.26
35.03 , 17.87
35.7 , 18.29
35.7 , 17.9
35.21 , 17.89
35.21 , 18.15
35.52 , 18.08
35.15 , 18.16
35.45 , 18.03
35.64 , 17.88
35.38 , 18.26
35.17 , 18.22
35.54 , 18.38
35.69 , 17.87
35.82 , 17.91
35.09 , 17.96
35.3 , 17.82
35.64 , 18.17
35.56 , 17.71
35.87 , 18.18
35.71 , 18.16
35.52 , 18.27
35.48 , 18.43
35.32 , 17.59
35.36 , 18.1
35.56 , 18.14
35.57 , 18.23
35.43 , 18.27
35.62 , 17.95
35.05 , 18.2
35.62 , 18.42
35.78 , 18.24
35.8 , 18.03
35.4 , 18.51
35.23 , 18.18
35.27 , 17.9
36.07 , 17.77
35.99 , 18.1
35.37 , 17.81
35.62 , 18.39
35.72 , 18.01
35.99 , 18.3
35.72 , 18.4
35.73 , 18.19
35.69 , 18.1
35.67 , 18.04
35.26 , 18.14
35.59 , 18.13
35.56 , 18.17
35.65 , 18.75
35.79 , 18.53
35.9 , 18.55
35.77 , 18.55
35.94 , 18.31
35.61 , 18.35
35.67 , 18.48
35.58 , 18.27
35.76 , 18.5
35.68 , 18.02
35.65 , 18.61
35.67 , 18.71
35.6 , 18.36
35.93 , 18.71
35.67 , 18.79
35.8 , 18.54
36.2 , 18.66
35.71 , 18.44
35.55 , 18.74
35.87 , 18.93
36.09 , 18.49
35.65 , 18.41
36.11 , 18.47
36.09 , 18.81
36.19 , 18.58
36.0 , 18.21
35.92 , 18.54
36.07 , 18.11
35.77 , 19.11
35.9 , 18.44
35.89 , 18.53
35.79 , 18.72
35.95 , 18.86
36.5 , 18.77
35.98 , 18.96
35.56 , 19.05
35.63 , 18.5
35.93 , 18.3
35.77 , 18.68
36.03 , 18.3
35.21 , 18.81
35.54 , 18.74
36.07 , 18.86
35.82 , 18.53
36.73 , 18.66
35.73 , 18.37
35.92 , 19.12
36.16 , 18.49
35.66 , 18.57
36.0 , 18.8
36.13 , 19.01
35.69 , 18.36
36.01 , 18.9
35.9 , 18.83
36.02 , 19.05
36.0 , 18.66
36.18 , 19.03
35.91 , 18.77
35.89 , 18.52
36.68 , 18.66
36.01 , 18.73
35.89 , 18.79
36.08 , 18.93
35.97 , 18.5
36.08 , 19.02
36.44 , 18.84
36.07 , 18.68
36.51 , 18.73
36.02 , 18.87
36.1 , 18.91
36.26 , 19.32
36.29 , 19.01
35.81 , 19.46
36.31 , 19.14
36.11 , 18.91
36.11 , 18.9
36.11 , 19.14
36.48 , 18.95
36.15 , 19.17
36.18 , 19.11
36.08 , 19.33
36.13 , 19.13
36.67 , 19.1
36.19 , 19.19
36.64 , 18.47
36.18 , 18.99
36.49 , 18.66
36.49 , 19.06
36.43 , 18.8
36.62 , 19.7
36.34 , 19.21
36.06 , 18.38
36.31 , 19.03
36.5 , 19.11
36.01 , 18.55
36.62 , 19.35
36.32 , 19.06
36.53 , 18.99
36.05 , 19.44
36.03 , 19.04
36.7 , 19.27
36.66 , 19.53
36.45 , 18.8
35.98 , 18.63
36.6 , 18.83
36.39 , 19.22
36.51 , 19.19
36.75 , 19.29
36.71 , 19.2
36.46 , 19.27
36.58 , 19.43
36.35 , 19.4
37.16 , 18.58
36.64 , 19.23
36.43 , 19.12
36.2 , 19.34
36.32 , 19.68
36.59 , 19.73
36.55 , 18.94
36.63 , 19.36
36.75 , 18.72
36.56 , 19.69
36.57 , 18.82
36.66 , 19.46
36.91 , 19.49
36.32 , 19.65
36.75 , 19.67
36.54 , 19.63
36.07 , 19.05
36.75 , 19.79
36.75 , 19.44
36.57 , 19.3
36.9 , 18.97
36.7 , 19.8
36.22 , 18.87
36.4 , 19.44
36.79 , 19.31
36.86 , 19.33
36.26 , 19.72
36.67 , 19.31
36.27 , 18.85
36.42 , 19.67
36.47 , 19.16
36.51 , 19.66
36.86 , 19.82
36.5 , 19.9
37.13 , 19.64
37.0 , 19.96
36.84 , 19.33
36.88 , 19.65
36.93 , 20.23
36.78 , 19.52
37.08 , 19.59
36.47 , 19.67
37.04 , 19.19
37.22 , 20.09
36.52 , 19.68
36.91 , 19.77
36.89 , 19.81
36.63 , 19.58
36.81 , 19.76
37.33 , 19.88
36.59 , 19.76
37.34 , 20.19
37.29 , 19.71
37.06 , 19.74
36.59 , 19.72
36.78 , 19.39
36.86 , 19.62
36.84 , 19.91
36.64 , 19.76
37.01 , 19.82
36.99 , 19.77
36.53 , 19.24
36.79 , 19.67
36.71 , 19.58
36.85 , 20.22
36.93 , 20.0
37.14 , 19.85
37.22 , 19.67
36.93 , 19.52
36.96 , 20.05
36.77 , 19.81
36.94 , 19.83
36.91 , 19.92
36.71 , 19.89
37.45 , 19.59
37.24 , 19.7
36.9 , 20.34
37.22 , 20.05
37.47 , 20.07
37.04 , 19.33
37.25 , 20.35
36.97 , 19.62
36.65 , 20.08
36.49 , 20.04
37.3 , 19.83
36.84 , 19.89
37.51 , 19.67
36.92 , 20.11
36.97 , 20.31
36.95 , 19.68
36.77 , 19.94
37.43 , 20.01
37.01 , 19.63
37.23 , 19.85
37.76 , 19.73
36.84 , 19.72
37.23 , 20.19
37.25 , 20.35
37.38 , 19.91
37.63 , 19.88
37.27 , 20.09
37.51 , 20.08
37.31 , 19.6
37.22 , 20.14
37.63 , 19.68
36.95 , 20.33
37.85 , 20.17
36.73 , 19.69
37.18 , 19.92
37.41 , 20.42
37.49 , 19.93
37.12 , 20.12
37.41 , 20.32
37.21 , 20.45
37.5 , 20.12
37.38 , 20.61
37.5 , 20.14
37.26 , 20.46
37.45 , 20.27
37.17 , 20.17
37.41 , 20.69
37.05 , 20.29
37.14 , 19.92
37.96 , 19.95
37.7 , 20.54
37.52 , 20.3
37.4 , 20.42
37.52 , 20.45
37.59 , 19.9
37.11 , 20.31
37.43 , 19.99
37.69 , 20.46
37.53 , 20.61
37.62 , 20.33
37.32 , 20.65
37.35 , 20.19
37.25 , 20.56
37.56 , 20.35
37.74 , 20.19
37.71 , 20.27
37.48 , 20.36
37.58 , 20.77
37.38 , 20.69
37.85 , 20.4
37.38 , 20.16
37.53 , 21.18
37.51 , 20.5
37.33 , 20.58
37.64 , 20.73
38.11 , 20.75
37.38 , 20.46
37.27 , 20.4
37.25 , 20.8
37.06 , 20.67
37.65 , 20.14
37.82 , 20.87
38.08 , 20.48
37.83 , 20.61
38.01 , 20.56
37.94 , 20.32
37.49 , 20.31
37.62 , 20.27
37.71 , 20.45
37.33 , 20.66
37.98 , 20.74
37.79 , 20.56
37.66 , 20.23
38.21 , 20.22
37.5 , 20.38
37.46 , 20.69
37.55 , 20.52
37.83 , 20.37
37.47 , 20.79
37.63 , 20.22
37.92 , 20.33
37.77 , 20.71
37.85 , 20.78
37.68 , 20.71
37.38 , 20.79
37.32 , 20.92
37.62 , 20.96
37.8 , 20.88
37.71 , 20.7
37.95 , 20.93
37.74 , 20.09
37.88 , 20.96
38.17 , 20.73
38.13 , 19.9
37.76 , 20.65
38.4 , 20.76
38.53 , 20.84
37.78 , 20.69
37.68 , 20.87
37.94 , 20.6
38.36 , 21.13
37.84 , 21.0
37.88 , 20.75
37.72 , 20.72
38.39 , 21.32
37.92 , 20.82
38.24 , 20.69
38.15 , 20.53
38.07 , 21.11
38.19 , 21.34
38.29 , 20.83
37.64 , 20.36
37.73 , 20.92
37.86 , 21.68
38.13 , 21.09
38.05 , 20.93
38.13 , 21.28
38.06 , 21.24
38.41 , 21.07
38.23 , 21.11
38.37 , 21.25
38.13 , 21.34
38.39 , 21.11
37.78 , 21.51
38.16 , 21.25
38.15 , 21.0
37.81 , 21.09
38.07 , 21.23
38.06 , 21.09
38.33 , 21.11
37.99 , 21.24
38.07 , 20.86
37.89 , 20.91
38.01 , 20.57
37.8 , 21.0
38.07 , 21.11
38.33 , 20.89
38.58 , 21.27
37.58 , 21.17
37.95 , 21.32
38.66 , 20.84
38.25 , 20.93
37.85 , 21.38
38.45 , 21.05
38.14 , 20.92
38.08 , 21.18
38.21 , 21.43
38.31 , 21.24
38.3 , 21.42
38.42 , 20.92
38.24 , 21.38
38.09 , 20.91
38.04 , 20.98
38.25 , 21.26
38.45 , 20.82
38.44 , 21.53
39.0 , 21.25
38.53 , 20.89
38.62 , 21.77
38.42 , 21.2
38.74 , 21.12
38.82 , 21.1
38.5 , 21.46
38.43 , 21.24
38.13 , 21.75
38.51 , 21.18
38.07 , 21.61
38.76 , 21.4
38.31 , 21.57
38.55 , 21.75
38.39 , 21.27
38.42 , 21.11
38.17 , 21.32
38.41 , 21.49
38.1 , 21.39
38.98 , 21.04
38.38 , 21.37
38.64 , 21.3
39.07 , 21.37
38.56 , 21.56
38.86 , 21.64
38.16 , 21.55
38.37 , 21.84
38.67 , 21.64
38.51 , 21.38
38.81 , 21.8
39.13 , 21.51
38.85 , 21.31
38.71 , 21.6
38.3 , 21.45
38.61 , 21.55
38.52 , 21.55
38.59 , 21.51
38.17 , 21.67
39.05 , 21.6
38.66 , 21.44
38.42 , 21.42
38.29 , 21.68
38.41 , 21.75
38.67 , 21.32
39.22 , 21.6
38.7 , 21.58
38.37 , 21.7
38.81 , 21.18
38.69 , 21.76
39.15 , 21.23
38.52 , 22.03
38.52 , 21.91
38.46 , 21.46
38.91 , 21.62
38.45 , 21.78
39.03 , 21.75
39.31 , 21.46
39.17 , 21.87
38.98 , 21.99
38.69 , 21.74
38.43 , 21.64
38.6 , 22.08
38.67 , 21.93
38.77 , 22.44
38.6 , 21.62
38.97 , 21.42
38.82 , 21.62
38.61 , 21.82
39.35 , 22.11
39.05 , 22.01
38.97 , 21.73
38.9 , 21.89
39.02 , 22.14
38.57 , 21.6
39.24 , 21.66
39.19 , 22.66
39.16 , 22.04
38.86 , 22.01
39.13 , 22.73
39.14 , 21.94
39.33 , 21.99
39.26 , 22.07
38.99 , 22.2
38.91 , 21.85
38.93 , 22.04
38.86 , 22.22
39.05 , 22.11
38.88 , 22.1
39.16 , 21.98
38.92 , 22.13
39.05 , 21.92
39.21 , 22.19
39.48 , 21.8
38.69 , 22.16
39.51 , 22.34
39.03 , 21.92
39.12 , 22.0
38.84 , 22.15
38.88 , 22.06
38.87 , 22.09
39.19 , 22.17
39.14 , 21.9
38.72 , 22.14
39.08 , 22.34
38.75 , 22.42
39.07 , 21.92
38.96 , 22.08
39.46 , 22.1
39.21 , 21.99
38.79 , 22.04
38.73 , 22.15
39.09 , 22.68
39.03 , 22.53
39.32 , 22.46
39.22 , 22.23
39.3 , 22.57
38.98 , 21.97
39.04 , 21.93
39.08 , 22.22
39.01 , 22.26
39.51 , 22.33
39.5 , 22.28
39.25 , 21.99
39.54 , 22.42
39.61 , 22.33
39.09 , 22.88
38.98 , 21.86
39.46 , 22.11
38.97 , 22.45
39.07 , 22.84
39.81 , 22.94
39.15 , 22.64
39.14 , 22.28
39.25 , 22.38
39.4 , 22.35
39.67 , 22.09
39.43 , 22.05
39.47 , 22.76
39.73 , 22.63
39.4 , 22.31
39.26 , 22.53
39.18 , 22.16
39.7 , 22.63
39.5 , 22.4
39.56 , 22.41
39.5 , 22.54
39.41 , 22.37
39.59 , 22.34
39.82 , 22.78
39.37 , 22.68
39.65 , 22.58
39.16 , 22.65
39.36 , 22.54
39.98 , 22.6
39.11 , 22.79
39.74 , 22.41
39.47 , 22.44
39.56 , 22.92
40.16 , 22.58
39.55 , 23.0
39.45 , 22.88
39.36 , 23.47
39.32 , 22.86
39.95 , 22.93
39.95 , 22.93
39.56 , 22.88
39.78 , 22.76
39.79 , 22.65
39.37 , 23.08
39.63 , 23.15
40.07 , 22.63
40.02 , 22.85
39.71 , 22.32
39.5 , 22.71
39.47 , 22.47
39.2 , 22.82
39.73 , 23.01
39.28 , 22.4
40.17 , 22.77
39.63 , 23.07
39.39 , 22.78
39.88 , 22.94
39.9 , 22.73
40.07 , 22.48
39.13 , 22.8
39.73 , 22.86
39.18 , 22.53
39.62 , 23.1
40.02 , 23.31
39.42 , 22.76
39.3 , 22.6
39.43 , 22.88
39.54 , 22.99
40.11 , 22.86
39.66 , 22.94
39.72 , 22.89
39.61 , 22.98
39.65 , 23.07
39.84 , 23.23
39.94 , 23.11
39.79 , 22.87
39.96 , 22.78
39.93 , 23.42
39.66 , 23.18
40.0 , 23.02
40.12 , 22.92
39.55 , 23.17
39.98 , 23.12
40.1 , 22.78
39.67 , 23.51
39.81 , 23.33
40.0 , 22.6
39.76 , 23.78
39.95 , 23.28
39.59 , 23.07
39.65 , 23.04
39.96 , 22.93
39.59 , 23.28
40.09 , 23.01
39.78 , 23.37
39.92 , 23.45
40.13 , 23.09
40.23 , 22.71
39.75 , 23.19
40.22 , 23.4
40.13 , 22.99
39.99 , 23.67
40.19 , 23.48
40.05 , 22.92
39.93 , 23.55
39.84 , 23.55
40.17 , 22.81
40.07 , 23.12
40.01 , 23.63
39.71 , 22.87
39.99 , 23.31
40.15 , 23.32
39.87 , 23.24
40.62 , 23.43
40.31 , 23.4
40.16 , 22.94
40.24 , 23.95
39.68 , 23.49
39.81 , 23.51
40.22 , 23.33
39.84 , 23.22
40.48 , 23.3
40.15 , 23.51
40.02 , 23.34
39.8 , 23.9
40.25 , 23.56
40.04 , 23.15
40.38 , 23.3
40.22 , 23.17
40.77 , 23.41
40.3 , 23.67
39.95 , 23.5
39.91 , 23.25
40.45 , 23.76
40.36 , 23.25
40.23 , 23.67
40.16 , 23.41
40.32 , 23.71
40.12 , 23.13
40.15 , 23.48
40.24 , 23.6
40.58 , 23.53
40.4 , 23.38
40.29 , 23.69
40.03 , 23.81
40.12 , 23.5
40.47 , 23.72
40.36 , 23.43
40.83 , 23.57
40.37 , 23.62
40.4 , 23.54
40.23 , 23.36
40.1 , 23.8
40.8 , 23.68
40.43 , 23.58
40.31 , 24.12
40.46 , 23.79
40.67 , 22.95
40.59 , 23.66
40.46 , 23.71
40.6 , 23.84
40.85 , 23.6
40.56 , 23.94
40.32 , 23.67
40.62 , 23.78
40.46 , 23.8
41.15 , 23.64
40.23 , 23.8
40.05 , 23.6
40.03 , 24.07
40.71 , 23.72
39.97 , 23.49
40.27 , 24.52
40.16 , 23.8
40.75 , 23.95
40.46 , 23.68
40.81 , 23.78
40.17 , 23.66
40.42 , 24.2
40.53 , 23.42
40.49 , 24.07
40.36 , 23.73
40.28 , 23.93
40.62 , 23.75
40.65 , 24.02
40.46 , 23.88
40.79 , 23.84
40.24 , 24.06
40.63 , 24.03
40.7 , 24.32
40.31 , 24.43
40.79 , 24.13
40.45 , 23.97
40.65 , 24.08
40.28 , 23.96
40.21 , 24.51
40.54 , 23.83
40.58 , 24.15
40.96 , 24.17
40.29 , 23.92
40.79 , 24.05
40.94 , 23.9
40.67 , 23.54
40.73 , 24.2
40.81 , 23.85
40.76 , 24.07
40.55 , 23.94
40.83 , 24.24
41.28 , 23.85
40.72 , 24.3
40.69 , 24.3
40.35 , 24.54
41.06 , 24.15
40.51 , 24.03
40.64 , 24.49
40.72 , 24.21
41.0 , 24.07
40.7 , 23.61
41.07 , 24.54
40.92 , 23.96
41.0 , 24.12
40.2 , 24.12
40.4 , 24.13
40.61 , 24.43
40.52 , 24.26
40.88 , 23.84
40.94 , 24.07
40.68 , 23.89
40.94 , 24.1
40.91 , 24.25
41.31 , 24.21
40.98 , 24.62
40.85 , 24.59
41.09 , 23.82
41.35 , 24.27
40.7 , 24.25
41.04 , 24.38
41.53 , 23.9
41.1 , 24.2
40.91 , 24.23
40.84 , 24.75
41.08 , 24.35
41.12 , 23.99
41.01 , 24.25
40.82 , 24.72
41.11 , 24.55
40.93 , 24.43
41.07 , 24.56
41.12 , 24.54
40.91 , 24.55
41.21 , 24.56
41.04 , 24.5
41.1 , 24.53
41.12 , 24.34
41.0 , 24.5
40.87 , 23.87
41.12 , 24.39
41.21 , 24.64
41.25 , 24.44
41.21 , 24.09
41.31 , 24.3
40.99 , 24.65
41.03 , 24.31
41.13 , 24.29
41.4 , 24.28
41.19 , 24.83
41.29 , 25.13
41.48 , 24.66
40.93 , 24.74
41.55 , 24.82
41.39 , 24.76
41.23 , 24.71
41.36 , 24.62
41.59 , 24.41
41.59 , 24.5
41.03 , 24.57
41.09 , 24.59
41.46 , 24.96
41.5 , 24.01
41.61 , 24.5
41.42 , 25.0
41.6 , 25.12
41.35 , 24.46
41.12 , 25.19
41.27 , 24.76
41.24 , 24.5
41.74 , 25.07
41.42 , 24.91
41.2 , 24.72
41.26 , 25.0
41.71 , 24.63
40.98 , 24.98
41.92 , 24.54
41.87 , 24.87
41.5 , 24.42
41.39 , 24.45
41.6 , 25.38
41.51 , 24.65
41.31 , 24.81
41.5 , 25.2
41.5 , 24.88
41.23 , 24.63
41.54 , 24.84
41.45 , 25.0
41.9 , 24.66
41.68 , 25.13
41.39 , 24.58
41.22 , 24.95
41.56 , 25.01
41.71 , 25.18
41.88 , 25.35
41.55 , 24.99
41.34 , 24.66
41.57 , 24.69
41.91 , 24.78
42.0 , 24.8
41.56 , 25.25
41.7 , 25.34
41.4 , 25.19
41.52 , 25.13
41.29 , 24.81
41.56 , 25.14
41.38 , 24.81
41.2 , 24.91
42.05 , 24.9
41.18 , 24.72
41.39 , 24.96
41.74 , 25.29
41.56 , 25.24
41.67 , 25.26
41.96 , 25.3
41.29 , 25.29
41.63 , 24.55
41.83 , 25.07
41.42 , 24.66
41.86 , 25.22
41.9 , 25.18
42.24 , 25.0
41.78 , 25.19
42.16 , 25.49
41.63 , 25.48
41.62 , 25.4
41.4 , 24.76
42.04 , 25.32
41.71 , 24.79
41.67 , 25.09
42.0 , 25.27
41.34 , 25.05
41.55 , 25.08
41.53 , 25.54
42.13 , 25.22
41.67 , 25.04
41.85 , 25.83
42.11 , 25.42
42.17 , 25.16
41.76 , 25.42
41.61 , 25.62
41.76 , 25.01
42.14 , 25.27
41.84 , 25.69
42.28 , 25.19
42.23 , 25.0
42.29 , 25.42
41.96 , 25.76
42.06 , 24.95
42.05 , 25.62
42.23 , 25.8
41.89 , 25.11
41.59 , 25.3
41.84 , 25.48
42.41 , 25.32
41.69 , 25.46
42.06 , 25.63
42.37 , 25.59
42.1 , 25.29
42.13 , 25.73
41.95 , 25.9
42.05 , 25.69
41.65 , 25.78
42.04 , 25.39
42.13 , 25.58
41.9 , 25.21
42.19 , 25.71
42.14 , 25.48
42.05 , 25.09
41.99 , 25.38
42.08 , 25.01
41.8 , 25.46
41.67 , 25.25
42.5 , 25.54
42.02 , 25.61
41.89 , 25.63
42.04 , 25.36
42.18 , 25.8
42.18 , 25.31
42.2 , 25.48
42.07 , 25.7
42.31 , 25.87
42.11 , 26.28
42.45 , 25.86
42.66 , 25.98
42.62 , 25.99
42.14 , 25.92
42.53 , 25.92
42.59 , 25.88
42.06 , 25.69
42.03 , 25.42
42.78 , 25.97
42.6 , 25.44
42.49 , 25.66
42.48 , 25.96
42.63 , 25.59
42.63 , 26.05
42.42 , 25.54
42.02 , 25.4
41.94 , 26.02
41.94 , 25.63
42.43 , 25.71
42.48 , 26.15
42.24 , 26.02
42.64 , 25.86
42.63 , 25.86
42.44 , 26.11
42.35 , 25.85
42.55 , 26.16
42.15 , 26.19
42.48 , 25.97
42.78 , 25.69
42.22 , 25.65
42.49 , 26.06
42.09 , 26.07
42.17 , 26.01
42.99 , 26.25
42.48 , 26.21
42.68 , 25.4
42.3 , 26.18
42.64 , 25.74
42.62 , 26.11
42.49 , 26.02
43.0 , 26.22
42.75 , 25.62
42.45 , 26.25
42.61 , 26.01
42.32 , 26.14
42.53 , 25.67
43.21 , 26.04
42.13 , 25.72
42.43 , 25.98
42.38 , 26.08
42.96 , 25.85
42.88 , 26.32
42.34 , 25.77
42.81 , 26.38
42.82 , 26.3
42.47 , 26.32
42.38 , 26.31
42.87 , 26.35
42.99 , 26.34
42.93 , 26.24
43.1 , 26.19
43.05 , 26.04
42.41 , 26.27
42.69 , 26.1
42.51 , 26.44
42.83 , 26.47
42.62 , 26.34
42.48 , 26.1
42.94 , 26.47
42.78 , 26.57
42.57 , 26.62
42.73 , 26.26
42.53 , 26.64
42.53 , 26.65
43.13 , 25.86
42.77 , 26.04
42.67 , 26.33
42.73 , 26.51
42.92 , 25.91
42.51 , 26.03
42.48 , 26.5
42.79 , 26.39
42.32 , 26.29
42.29 , 26.38
42.69 , 26.5
42.99 , 26.61
42.81 , 26.51
42.62 , 26.97
42.92 , 26.16
42.9 , 26.71
42.71 , 26.73
42.82 , 26.78
42.92 , 26.24
42.96 , 26.77
42.45 , 26.23
43.03 , 26.21
42.49 , 26.5
42.82 , 26.43
42.85 , 26.58
42.74 , 26.12
42.9 , 26.45
42.93 , 26.55
42.8 , 26.15
43.1 , 26.91
43.12 , 26.59
43.15 , 26.48
42.65 , 26.09
43.04 , 26.3
42.79 , 26.69
43.27 , 26.95
42.61 , 26.54
42.86 , 26.63
43.04 , 26.74
43.0 , 26.33
42.55 , 27.08
42.91 , 26.81
43.11 , 26.84
43.09 , 26.95
42.84 , 26.8
43.22 , 26.47
42.87 , 26.49
43.43 , 26.58
43.33 , 26.59
43.19 , 26.86
43.19 , 26.6
43.02 , 27.19
43.51 , 26.88
43.02 , 26.85
43.63 , 26.58
43.2 , 26.88
43.09 , 26.73
43.4 , 26.69
43.16 , 26.85
42.88 , 26.81
43.48 , 27.07
42.75 , 26.76
43.67 , 26.57
43.02 , 26.91
43.07 , 26.63
43.07 , 26.89
43.32 , 26.94
42.89 , 26.44
43.46 , 26.84
43.31 , 26.97
43.65 , 27.16
43.15 , 27.08
43.43 , 27.26
43.53 , 27.48
43.88 , 26.99
43.09 , 27.06
43.14 , 26.93
43.6 , 26.78
42.86 , 26.8
43.1 , 26.55
43.51 , 27.1
43.44 , 27.26
43.33 , 27.51
43.44 , 27.23
43.21 , 27.12
43.32 , 26.72
43.47 , 26.79
43.65 , 26.61
42.93 , 27.36
43.58 , 26.96
42.95 , 26.88
43.51 , 27.55
43.29 , 27.5
43.02 , 27.49
43.64 , 26.91
43.82 , 27.11
43.29 , 27.01
43.71 , 26.97
43.32 , 27.08
43.46 , 26.81
43.87 , 27.6
43.49 , 27.27
43.48 , 26.89
43.62 , 26.9
43.16 , 27.03
43.65 , 27.06
43.77 , 27.36
43.81 , 27.55
43.44 , 27.39
43.74 , 27.3
43.45 , 27.36
43.64 , 27.42
43.57 , 27.1
43.24 , 27.22
44.07 , 27.31
43.63 , 27.06
43.72 , 27.29
43.68 , 27.22
43.38 , 27.07
43.5 , 27.06
43.39 , 27.38
43.67 , 27.19
43.64 , 27.6
43.38 , 27.49
43.17 , 27.74
43.82 , 27.88
44.15 , 27.39
43.87 , 27.48
43.23 , 27.61
43.92 , 27.59
43.8 , 27.1
43.57 , 26.46
43.81 , 27.21
43.61 , 27.68
43.76 , 26.71
44.02 , 27.06
43.47 , 27.18
44.09 , 27.11
43.87 , 27.6
43.26 , 27.81
43.62 , 27.88
43.7 , 27.84
44.34 , 26.93
43.52 , 27.34
44.07 , 27.92
43.87 , 27.63
44.04 , 27.28
43.7 , 27.56
44.2 , 27.35
44.03 , 27.35
43.58 , 27.58
43.93 , 27.58
43.7 , 27.43
44.13 , 27.21
43.75 , 27.29
43.93 , 27.91
43.82 , 27.43
43.84 , 27.62
43.81 , 27.37
44.02 , 28.0
44.0 , 27.46
44.29 , 27.65
44.07 , 27.61
44.08 , 27.33
43.97 , 27.62
43.93 , 27.71
44.7 , 27.43
43.92 , 27.36
44.03 , 27.56
44.26 , 27.68
43.99 , 27.73
44.53 , 27.99
44.14 , 28.0
43.99 , 27.33
43.7 , 27.88
44.15 , 27.61
43.82 , 27.98
43.96 , 27.46
44.27 , 27.81
43.78 , 28.18
43.95 , 27.66
43.92 , 27.72
44.49 , 27.73
44.3 , 27.65
44.43 , 28.15
44.34 , 28.28
44.2 , 27.35
43.83 , 27.69
44.36 , 27.9
44.23 , 27.93
44.09 , 27.86
44.04 , 27.89
44.36 , 28.31
44.55 , 27.87
44.09 , 27.81
43.74 , 28.16
44.44 , 28.03
44.23 , 28.11
44.47 , 28.27
43.86 , 28.57
44.08 , 28.31
43.97 , 28.29
44.93 , 28.24
44.28 , 28.39
44.26 , 28.03
44.16 , 27.97
44.33 , 27.84
44.6 , 28.11
44.0 , 27.84
44.3 , 27.95
44.7 , 27.79
44.33 , 28.02
44.29 , 28.22
44.49 , 27.93
44.22 , 28.18
44.34 , 27.96
43.96 , 28.18
44.26 , 28.24
44.22 , 28.1
44.32 , 27.66
44.4 , 28.2
44.38 , 28.16
44.77 , 27.64
44.17 , 27.98
44.23 , 28.03
44.1 , 28.08
44.56 , 28.0
44.61 , 28.4
44.66 , 28.26
43.97 , 28.17
43.84 , 27.82
44.64 , 27.51
44.65 , 28.07
44.66 , 28.58
44.48 , 27.99
44.66 , 27.92
44.52 , 28.24
44.8 , 27.83
44.58 , 28.75
44.5 , 28.77
44.78 , 27.88
44.69 , 28.39
44.38 , 28.25
44.11 , 28.75
44.7 , 28.25
44.8 , 28.71
44.56 , 28.33
44.75 , 28.31
45.05 , 28.62
44.67 , 28.26
44.09 , 28.1
45.17 , 28.37
44.95 , 27.89
44.33 , 28.63
44.93 , 28.04
44.27 , 28.14
44.69 , 27.86
45.09 , 28.15
44.77 , 28.65
44.66 , 28.45
44.59 , 28.95
44.99 , 28.42
44.59 , 28.46
44.15 , 28.35
44.59 , 28.83
44.84 , 28.25
44.38 , 28.67
44.85 , 28.72
44.76 , 28.61
44.78 , 29.0
44.77 , 28.29
45.0 , 28.75
44.7 , 28.9
44.94 , 28.38
44.58 , 28.99
45.04 , 28.28
44.52 , 29.08
45.51 , 28.89
44.81 , 28.52
45.05 , 29.01
44.95 , 28.58
44.49 , 28.3
44.57 , 28.14
44.98 , 28.54
45.33 , 28.93
44.89 , 29.18
45.13 , 28.61
44.91 , 28.51
44.77 , 28.68
44.81 , 28.6
44.87 , 28.73
45.27 , 28.67
44.84 , 28.88
45.0 , 28.45
44.88 , 28.71
44.77 , 28.96
45.05 , 28.61
45.26 , 28.86
44.99 , 28.84
45.21 , 28.96
44.82 , 28.88
44.98 , 28.72
44.93 , 29.09
45.04 , 29.47
44.87 , 29.06
45.32 , 28.74
45.07 , 29.12
45.51 , 28.82
45.01 , 28.95
45.25 , 28.77
45.29 , 29.0
45.09 , 28.64
45.27 , 28.33
44.84 , 28.44
45.01 , 28.85
45.02 , 28.74
45.3 , 28.43
44.74 , 29.01
45.44 , 29.04
44.83 , 28.48
45.29 , 29.03
45.17 , 28.62
44.52 , 29.18
45.62 , 29.2
45.31 , 29.11
45.13 , 28.93
45.2 , 28.79
45.29 , 28.69
45.18 , 29.46
45.59 , 28.81
45.44 , 29.19
45.47 , 29.16
45.17 , 29.36
45.51 , 28.76
45.27 , 28.99
44.99 , 29.11
45.18 , 28.57
45.76 , 29.12
45.24 , 29.16
45.05 , 28.9
45.73 , 29.01
44.87 , 29.22
45.54 , 28.95
45.16 , 29.48
45.55 , 28.84
45.22 , 29.06
45.29 , 28.84
45.29 , 28.91
45.53 , 29.23
45.23 , 29.12
45.24 , 29.43
45.5 , 29.37
44.85 , 29.39
45.36 , 29.12
45.04 , 29.53
45.79 , 29.25
45.37 , 29.07
45.63 , 29.28
45.25 , 29.6
45.56 , 29.35
45.42 , 29.22
45.24 , 29.16
45.32 , 29.53
45.22 , 29.69
45.75 , 29.16
45.28 , 28.89
45.7 , 29.52
45.9 , 29.42
45.6 , 29.27
45.2 , 29.53
45.43 , 29.36
45.33 , 29.5
45.1 , 29.07
45.81 , 29.54
45.3 , 29.46
45.64 , 29.67
45.83 , 29.68
45.42 , 29.92
45.58 , 29.61
45.73 , 29.82
45.86 , 29.03
45.24 , 29.43
45.41 , 29.71
45.99 , 29.81
45.36 , 29.62
45.86 , 29.68
45.87 , 30.18
45.85 , 29.62
45.79 , 29.6
45.56 , 29.53
45.43 , 29.29
45.69 , 29.32
45.52 , 29.38
45.4 , 28.88
45.85 , 29.91
45.75 , 29.4
45.99 , 29.68
45.37 , 29.57
45.73 , 29.38
45.86 , 29.24
45.74 , 29.8
45.27 , 29.77
45.97 , 29.42
45.47 , 29.59
45.76 , 29.6
45.69 , 29.37
45.32 , 29.48
46.02 , 29.87
45.97 , 29.63
45.65 , 29.56
45.85 , 29.35
45.9 , 29.82
45.67 , 29.94
46.01 , 29.16
45.73 , 29.7
45.26 , 29.9
46.09 , 29.88
45.82 , 30.12
45.89 , 29.84
45.99 , 30.06
45.46 , 30.02
45.97 , 30.15
45.95 , 29.78
45.73 , 29.82
45.77 , 29.95
45.93 , 29.64
46.1 , 29.82
45.84 , 30.19
46.05 , 29.96
45.76 , 30.18
46.1 , 29.57
45.89 , 30.19
46.21 , 29.86
46.03 , 29.94
45.4 , 30.08
46.35 , 29.77
46.03 , 30.16
46.07 , 30.19
46.02 , 29.88
45.85 , 29.92
45.71 , 29.65
46.06 , 29.73
46.08 , 29.95
46.01 , 30.11
45.94 , 29.72
46.0 , 29.94
46.41 , 30.26
45.75 , 29.56
45.78 , 30.16
45.64 , 30.25
46.02 , 30.32
46.17 , 29.81
46.02 , 30.1
46.41 , 29.99
45.99 , 30.1
45.95 , 30.2
46.24 , 30.31
45.94 , 30.38
46.87 , 30.45
46.19 , 30.08
45.79 , 30.24
46.7 , 30.26
46.29 , 30.12
45.91 , 30.73
46.12 , 30.55
46.22 , 30.14
46.0 , 30.2
46.28 , 30.09
46.21 , 30.14
46.02 , 30.02
46.91 , 29.88
46.43 , 29.86
46.03 , 30.45
45.91 , 30.42
46.65 , 30.18
46.48 , 30.5
45.78 , 30.15
46.2 , 30.49
46.2 , 29.95
45.98 , 30.29
46.34 , 30.39
46.05 , 30.42
46.31 , 30.05
46.03 , 30.85
46.5 , 30.23
46.5 , 30.15
46.79 , 30.48
45.81 , 30.25
46.32 , 30.38
46.09 , 30.6
46.44 , 30.73
46.46 , 30.75
46.81 , 30.42
46.49 , 30.63
46.55 , 30.38
47.03 , 30.71
46.57 , 30.12
46.18 , 30.38
46.18 , 30.07
46.62 , 30.62
46.33 , 30.45
46.76 , 30.69
46.95 , 30.42
46.41 , 30.68
46.97 , 30.45
46.43 , 30.44
46.8 , 30.81
46.28 , 30.78
46.73 , 30.85
46.42 , 30.52
46.68 , 30.67
46.31 , 30.74
46.72 , 30.5
46.68 , 30.85
46.58 , 30.59
46.33 , 30.57
46.42 , 30.34
46.84 , 30.71
46.69 , 30.66
46.96 , 30.19
47.02 , 30.51
46.41 , 30.43
46.42 , 30.6
46.84 , 30.44
46.86 , 30.53
46.66 , 31.02
46.59 , 30.39
46.7 , 30.78
46.59 , 30.59
46.85 , 30.47
46.67 , 30.51
46.86 , 30.61
46.8 , 30.71
46.7 , 30.52
47.04 , 30.61
46.7 , 30.43
46.76 , 30.55
46.48 , 31.02
46.95 , 30.84
46.82 , 30.92
46.77 , 30.84
46.54 , 30.7
46.75 , 30.17
46.5 , 30.6
47.31 , 30.43
46.34 , 31.0
46.57 , 30.96
46.81 , 31.26
46.83 , 31.07
46.8 , 30.88
46.85 , 30.86
47.21 , 31.27
46.87 , 30.83
46.92 , 31.15
47.06 , 30.92
46.49 , 31.49
47.26 , 31.04
46.98 , 31.27
47.32 , 30.97
46.99 , 30.9
47.41 , 30.87
46.83 , 31.23
47.09 , 30.97
47.16 , 31.06
46.95 , 31.08
47.11 , 31.06
47.09 , 31.05
47.11 , 30.79
47.41 , 31.28
47.07 , 31.18
47.45 , 31.16
46.69 , 31.15
46.52 , 31.02
47.38 , 30.8
46.65 , 30.99
47.14 , 31.56
46.98 , 31.08
46.75 , 31.62
47.02 , 31.22
47.33 , 31.09
46.86 , 31.01
47.06 , 31.35
47.35 , 31.02
47.01 , 30.81
47.11 , 31.7
47.23 , 31.09
47.5 , 31.29
47.42 , 31.58
46.83 , 31.21
47.09 , 31.51
47.13 , 31.24
46.66 , 31.1
47.02 , 30.98
47.21 , 31.16
47.23 , 31.47
47.29 , 31.26
47.28 , 30.98
47.11 , 31.13
47.68 , 30.96
47.12 , 31.42
47.1 , 31.45
46.94 , 31.55
47.29 , 30.77
46.89 , 31.0
47.19 , 31.24
47.34 , 31.49
47.41 , 31.46
47.07 , 30.98
46.98 , 31.45
47.05 , 31.06
47.08 , 31.47
46.97 , 31.33
47.49 , 31.59
46.89 , 31.39
47.18 , 32.02
47.27 , 31.07
47.18 , 31.42
47.23 , 31.61
47.26 , 31.45
48.21 , 31.56
47.58 , 31.46
46.77 , 31.88
47.27 , 31.64
47.04 , 31.51
47.67 , 31.22
47.88 , 31.74
47.51 , 31.44
47.65 , 31.01
47.74 , 31.03
47.31 , 31.86
47.53 , 31.07
47.04 , 31.23
47.32 , 31.34
47.71 , 31.47
47.91 , 31.9
47.17 , 31.9
47.82 , 31.3
47.41 , 31.39
47.25 , 31.59
47.59 , 31.41
47.11 , 31.78
47.86 , 31.91
47.18 , 31.51
47.46 , 31.47
47.81 , 31.43
47.48 , 31.75
47.58 , 31.73
47.53 , 31.81
47.66 , 31.7
47.72 , 31.8
47.77 , 31.82
47.71 , 31.8
47.39 , 31.6
47.54 , 31.56
47.5 , 31.57
47.45 , 31.82
48.38 , 32.23
47.64 , 31.78
47.59 , 31.71
47.8 , 31.88
47.73 , 32.01
47.56 , 31.98
47.72 , 31.56
48.0 , 31.58
47.89 , 31.64
47.53 , 32.11
47.81 , 31.83
47.52 , 31.42
47.6 , 31.81
47.95 , 31.86
47.99 , 31.73
47.97 , 32.08
47.69 , 32.09
48.18 , 31.55
47.44 , 31.73
47.64 , 31.67
47.82 , 31.58
48.24 , 31.9
47.85 , 31.89
47.66 , 31.97
47.78 , 32.04
48.01 , 31.76
47.39 , 31.8
47.9 , 31.48
47.95 , 32.01
47.52 , 32.04
48.09 , 31.98
47.99 , 32.15
48.16 , 32.31
47.7 , 31.97
47.9 , 31.79
47.93 , 32.13
47.98 , 31.59
47.75 , 31.44
47.94 , 32.06
48.12 , 32.29
47.7 , 32.06
47.98 , 32.28
48.23 , 32.05
47.59 , 32.3
47.91 , 31.67
48.01 , 31.91
47.99 , 32.43
47.97 , 31.94
48.1 , 32.08
48.02 , 32.4
48.06 , 32.29
48.0 , 32.2
47.77 , 32.0
48.28 , 32.51
47.77 , 32.36
48.26 , 32.01
48.22 , 32.36
48.36 , 32.65
48.07 , 32.33
47.86 , 32.31
48.09 , 32.2
48.12 , 32.47
48.33 , 32.45
48.55 , 31.93
48.08 , 32.26
48.02 , 32.18
47.78 , 32.22
48.44 , 32.2
48.14 , 32.42
48.15 , 32.09
48.03 , 32.62
48.0 , 32.04
48.64 , 32.38
47.91 , 31.93
48.0 , 32.05
48.16 , 32.6
48.4 , 32.29
48.37 , 32.29
47.59 , 32.57
48.03 , 32.17
48.48 , 32.43
48.45 , 32.66
48.44 , 32.41
48.76 , 32.2
48.5 , 32.91
48.23 , 32.31
48.49 , 32.74
48.43 , 32.32
48.33 , 32.13
48.57 , 32.77
48.26 , 32.65
48.25 , 32.52
48.36 , 32.47
49.05 , 32.45
48.59 , 32.32
48.41 , 32.53
48.15 , 32.75
48.55 , 32.88
48.47 , 32.32
48.58 , 32.65
48.84 , 32.01
48.35 , 32.62
48.66 , 32.31
48.68 , 32.68
47.91 , 33.19
47.89 , 32.37
48.22 , 32.75
48.32 , 32.62
48.26 , 32.77
48.65 , 33.08
48.09 , 32.49
48.32 , 32.56
48.44 , 32.84
48.33 , 32.54
48.8 , 33.04
48.96 , 33.2
48.32 , 33.04
48.69 , 32.71
48.67 , 32.58
48.25 , 32.68
48.16 , 32.65
48.56 , 32.51
48.37 , 32.29
48.27 , 32.76
48.4 , 32.82
48.41 , 32.67
48.17 , 33.21
48.52 , 33.02
48.4 , 32.53
48.67 , 32.72
48.59 , 32.99
48.76 , 33.03
48.67 , 32.38
48.75 , 33.23
48.73 , 33.12
48.77 , 33.0
48.8 , 32.52
48.13 , 32.91
48.82 , 33.03
48.61 , 32.79
48.42 , 33.0
48.77 , 33.1
48.67 , 33.24
48.52 , 33.21
48.51 , 33.3
48.96 , 32.72
48.86 , 32.72
49.19 , 33.24
48.76 , 33.07
48.74 , 32.88
48.48 , 32.98
49.02 , 33.09
49.06 , 33.27
48.91 , 32.8
48.54 , 32.94
48.25 , 32.66
48.82 , 33.38
49.35 , 33.1
49.06 , 33.16
48.6 , 33.31
48.82 , 33.24
48.38 , 33.01
49.09 , 33.05
48.85 , 33.33
49.23 , 33.46
48.9 , 32.99
49.12 , 32.98
48.58 , 32.94
48.88 , 32.97
48.69 , 33.4
48.62 , 32.87
48.93 , 33.34
48.79 , 32.95
49.54 , 33.09
49.6 , 33.02
49.27 , 32.91
49.36 , 33.36
49.03 , 33.09
49.37 , 33.58
49.0 , 33.31
48.83 , 33.43
48.93 , 33.41
48.52 , 33.39
49.27 , 33.33
49.42 , 33.11
49.33 , 33.35
49.06 , 33.43
49.39 , 32.89
49.07 , 33.31
49.26 , 33.35
48.96 , 33.42
49.29 , 33.19
49.14 , 33.34
48.95 , 33.38
49.6 , 33.27
49.26 , 33.53
49.42 , 33.32
48.82 , 33.59
48.63 , 33.48
49.39 , 33.58
49.17 , 33.38
49.03 , 33.66
48.75 , 33.16
49.04 , 33.41
49.3 , 33.4
49.2 , 33.34
49.46 , 33.69
48.78 , 33.76
49.29 , 33.52
49.42 , 33.62
49.27 , 33.63
48.79 , 33.63
49.27 , 33.27
49.1 , 33.68
49.14 , 33.3
49.2 , 33.42
49.29 , 33.86
49.78 , 33.57
49.4 , 33.34
49.46 , 33.71
49.13 , 33.77
49.15 , 33.64
49.37 , 33.63
49.39 , 33.73
49.18 , 33.68
49.51 , 33.88
49.13 , 33.55
49.23 , 33.34
49.46 , 34.13
49.21 , 33.6
49.26 , 33.66
49.16 , 34.16
49.13 , 33.86
49.63 , 33.74
49.75 , 33.3
48.68 , 33.88
49.51 , 33.7
49.47 , 33.55
49.18 , 33.56
49.44 , 33.9
49.92 , 33.7
49.03 , 34.0
49.35 , 33.53
49.63 , 33.33
49.15 , 34.25
49.34 , 33.92
49.8 , 33.51
49.52 , 34.1
49.71 , 34.17
50.12 , 34.34
49.69 , 33.7
49.73 , 33.69
49.08 , 33.51
49.54 , 33.86
49.4 , 34.15
49.51 , 33.7
49.55 , 33.89
49.71 , 33.89
49.79 , 33.81
49.54 , 34.06
49.39 , 33.98
49.64 , 34.19
48.99 , 34.26
49.52 , 33.97
49.96 , 34.09
49.27 , 33.9
49.81 , 33.91
49.73 , 34.2
50.13 , 33.83
49.25 , 33.82
49.54 , 34.25
49.73 , 34.33
49.72 , 33.7
49.78 , 33.88
49.76 , 33.65
49.89 , 33.8
49.6 , 34.28
49.65 , 33.85
50.08 , 34.0
49.97 , 34.07
49.28 , 34.05
49.83 , 34.07
50.16 , 33.7
49.57 , 34.28
50.04 , 34.34
49.53 , 34.22
49.9 , 34.59
50.32 , 34.27
49.95 , 34.35
49.77 , 34.24
49.9 , 34.21
49.98 , 34.19
49.68 , 34.47
50.06 , 34.02
49.98 , 34.0
49.92 , 34.05
49.7 , 34.33
49.63 , 34.42
50.26 , 34.19
49.68 , 34.35
49.82 , 33.89
50.42 , 34.15
50.35 , 34.5
50.07 , 34.39
49.83 , 34.45
49.77 , 34.4
49.71 , 34.32
49.22 , 34.19
50.03 , 34.35
50.02 , 34.47
50.38 , 34.22
49.07 , 34.48
50.02 , 34.36
50.15 , 34.76
50.06 , 34.15
50.17 , 34.22
49.62 , 34.13
50.01 , 34.06
49.92 , 34.52
49.45 , 34.72
50.52 , 34.39
50.01 , 34.37
49.31 , 34.49
49.67 , 34.41
49.79 , 34.24
49.88 , 34.21
49.52 , 34.77
49.81 , 34.71
50.27 , 34.42
50.1 , 34.51
50.22 , 34.61
50.04 , 34.51
50.37 , 34.33
49.71 , 34.02
50.04 , 34.78
50.65 , 34.41
50.18 , 34.35
50.18 , 34.52
50.38 , 34.77
50.27 , 34.6
50.39 , 34.54
50.5 , 34.96
50.39 , 35.02
50.04 , 34.74
50.27 , 34.45
50.29 , 34.6
50.33 , 34.68
50.4 , 34.57
50.23 , 34.88
50.56 , 34.71
49.82 , 34.9
50.41 , 34.42
49.77 , 34.31
49.87 , 35.14
50.17 , 34.67
50.47 , 35.08
50.33 , 34.71
50.55 , 35.06
50.37 , 34.61
50.05 , 34.96
50.08 , 34.62
49.79 , 34.47
50.49 , 34.63
50.53 , 34.75
50.22 , 35.02
50.39 , 34.72
50.74 , 34.57
50.09 , 34.82
50.37 , 34.36
50.31 , 34.77
50.18 , 34.89
49.87 , 34.95
50.66 , 35.41
50.09 , 35.1
50.22 , 34.48
50.42 , 34.68
50.29 , 34.68
50.56 , 34.86
50.55 , 34.96
50.56 , 34.93
50.17 , 35.09
50.38 , 34.95
50.51 , 34.97
50.32 , 34.8
50.27 , 34.88
50.68 , 34.74
50.58 , 35.4
50.16 , 35.0
50.6 , 34.93
50.39 , 35.18
50.51 , 35.06
50.27 , 35.32
51.03 , 34.95
50.66 , 34.9
50.87 , 35.15
50.63 , 35.02
50.34 , 35.11
50.68 , 34.62
50.63 , 34.62
50.99 , 35.11
50.73 , 34.9
51.07 , 35.19
50.66 , 35.06
50.43 , 35.02
50.56 , 34.83
50.92 , 34.75
50.76 , 35.45
50.73 , 35.23
50.57 , 34.9
51.11 , 34.81
50.79 , 34.9
50.83 , 35.34
50.99 , 35.19
50.72 , 35.12
50.73 , 35.19
50.93 , 35.17
50.68 , 35.78
50.45 , 35.26
51.36 , 34.92
51.11 , 35.3
51.02 , 35.42
50.41 , 35.49
50.7 , 34.9
50.91 , 35.03
50.75 , 35.36
50.44 , 35.49
51.0 , 35.33
51.04 , 35.29
51.2 , 35.22
50.88 , 35.5
50.96 , 34.96
50.77 , 35.63
50.72 , 34.99
50.97 , 35.12
51.18 , 35.21
50.28 , 35.07
50.62 , 35.21
50.96 , 35.41
51.12 , 35.2
50.78 , 35.5
51.03 , 35.62
50.55 , 35.47
51.03 , 35.56
50.86 , 35.5
50.52 , 35.2
51.22 , 35.25
51.03 , 36.0
50.56 , 35.23
51.0 , 35.55
51.01 , 35.53
50.68 , 35.42
51.23 , 35.24
50.95 , 35.51
51.22 , 35.36
51.34 , 35.6
51.08 , 35.48
50.87 , 35.26
51.22 , 35.55
51.24 , 35.75
50.83 , 35.6
50.89 , 35.13
51.3 , 35.61
51.09 , 35.9
50.8 , 35.89
50.96 , 35.7
51.11 , 35.42
50.75 , 35.89
51.0 , 35.73
51.0 , 35.7
51.08 , 35.64
51.33 , 36.07
50.89 , 35.53
51.24 , 35.6
51.13 , 35.88
51.16 , 35.45
51.38 , 35.75
51.29 , 35.75
50.73 , 36.03
51.01 , 36.01
50.9 , 35.76
51.27 , 35.6
51.32 , 35.89
51.09 , 35.92
51.25 , 35.93
51.04 , 35.63
51.13 , 35.67
51.15 , 35.93
51.34 , 35.62
51.22 , 35.93
51.08 , 35.74
51.17 , 35.6
51.03 , 35.65
51.46 , 35.76
51.39 , 35.72
50.94 , 35.73
51.52 , 35.89
51.19 , 35.95
51.33 , 35.76
51.19 , 35.97
51.24 , 35.53
51.42 , 35.61
50.93 , 35.58
50.84 , 36.23
51.3 , 36.18
51.46 , 35.87
51.01 , 36.08
51.34 , 35.93
51.06 , 36.29
51.2 , 36.06
51.42 , 36.4
51.83 , 36.11
51.37 , 36.28
51.65 , 35.62
51.46 , 35.86
51.77 , 36.41
51.27 , 35.95
51.26 , 36.18
51.7 , 35.69
51.1 , 36.22
51.55 , 35.88
51.6 , 36.36
51.88 , 36.22
51.36 , 36.3
51.65 , 35.98
51.9 , 36.46
52.08 , 36.15
51.47 , 36.09
51.58 , 35.94
51.23 , 36.58
51.76 , 36.27
51.83 , 36.03
51.51 , 36.13
51.94 , 36.16
51.67 , 36.09
51.72 , 36.35
51.62 , 36.12
52.09 , 35.99
51.45 , 36.4
51.39 , 36.0
51.76 , 36.47
52.21 , 36.72
51.78 , 36.73
51.37 , 36.23
51.31 , 36.62
51.54 , 36.33
51.6 , 36.35
51.62 , 36.47
51.96 , 36.22
51.7 , 36.25
51.53 , 36.72
51.25 , 35.89
51.32 , 36.64
51.89 , 36.61
51.47 , 36.32
52.26 , 36.05
51.27 , 36.03
51.7 , 36.59
51.99 , 36.35
51.87 , 36.38
51.69 , 36.74
51.83 , 36.37
51.82 , 36.47
51.93 , 36.7
51.82 , 36.56
51.76 , 36.32
52.32 , 36.36
52.28 , 36.11
52.28 , 36.2
51.85 , 36.51
51.88 , 36.49
51.7 , 36.7
51.81 , 36.25
52.1 , 36.64
51.74 , 36.21
52.15 , 36.57
51.87 , 36.38
51.64 , 36.89
52.03 , 36.38
52.09 , 36.64
51.98 , 36.15
52.08 , 36.75
51.69 , 36.72
51.91 , 36.65
51.72 , 36.8
51.98 , 36.6
52.06 , 36.37
52.11 , 37.05
52.16 , 36.64
51.79 , 36.7
52.01 , 36.59
51.9 , 36.64
52.19 , 36.69
52.13 , 36.75
51.44 , 37.28
52.23 , 36.67
52.07 , 36.95
52.21 , 37.09
51.72 , 36.76
51.92 , 36.8
52.18 , 36.84
51.87 , 36.92
52.35 , 36.8
52.15 , 37.14
52.36 , 36.66
52.42 , 36.9
51.91 , 36.64
51.7 , 36.61
52.16 , 37.03
52.15 , 36.71
52.1 , 36.67
52.07 , 37.27
52.21 , 36.57
52.17 , 36.68
51.93 , 36.65
52.65 , 36.65
52.02 , 36.84
52.49 , 37.42
52.37 , 37.0
52.15 , 36.86
52.58 , 36.74
52.41 , 36.69
52.23 , 36.89
52.48 , 36.48
51.89 , 36.94
52.31 , 37.14
51.93 , 37.2
52.44 , 36.92
52.64 , 36.84
52.58 , 37.31
52.29 , 37.04
52.21 , 37.05
52.45 , 36.9
52.33 , 37.1
52.04 , 37.05
52.39 , 37.41
52.48 , 36.97
52.34 , 37.2
52.13 , 37.18
52.18 , 37.31
52.65 , 36.89
52.6 , 37.28
52.11 , 37.01
52.39 , 37.33
52.26 , 37.39
52.69 , 37.09
52.37 , 37.19
52.55 , 37.27
52.1 , 37.01
52.09 , 37.44
52.69 , 37.12
52.63 , 36.91
52.48 , 37.3
52.1 , 37.2
52.21 , 37.43
52.48 , 37.11
52.25 , 37.46
52.55 , 37.08
52.38 , 37.03
52.82 , 37.13
52.97 , 37.15
52.32 , 37.19
52.52 , 37.44
53.16 , 37.72
52.73 , 36.94
52.95 , 37.74
52.23 , 37.24
52.69 , 37.83
52.84 , 37.36
52.05 , 37.57
52.31 , 37.19
52.27 , 37.47
53.12 , 37.4
52.86 , 37.19
52.34 , 37.44
52.23 , 37.16
52.68 , 37.13
52.78 , 37.94
52.88 , 37.73
52.48 , 37.35
52.68 , 37.53
52.41 , 37.25
52.95 , 37.59
53.15 , 37.84
52.82 , 37.28
52.56 , 37.22
52.95 , 37.71
53.1 , 37.35
53.06 , 37.34
52.76 , 37.35
52.87 , 37.54
52.79 , 36.96
52.88 , 37.74
53.02 , 37.22
52.28 , 37.85
52.8 , 37.44
52.54 , 37.37
52.53 , 37.37
52.93 , 37.13
53.25 , 37.88
52.4 , 37.62
52.88 , 37.8
52.07 , 37.9
53.22 , 37.46
52.76 , 37.84
52.95 , 38.05
52.58 , 37.31
52.83 , 37.65
52.76 , 37.79
52.73 , 37.78
52.62 , 38.06
53.13 , 37.71
52.72 , 37.59
52.69 , 37.33
52.69 , 37.98
52.85 , 37.94
52.99 , 37.59
52.67 , 37.62
52.97 , 37.53
52.79 , 37.46
53.32 , 37.36
53.1 , 37.45
52.9 , 38.2
52.81 , 37.87
52.73 , 38.21
53.33 , 38.15
52.83 , 37.39
52.72 , 37.42
53.32 , 37.87
52.99 , 37.6
53.15 , 37.75
52.92 , 37.89
52.8 , 37.47
53.33 , 38.28
52.59 , 37.98
52.7 , 37.71
52.99 , 38.1
52.67 , 38.24
53.1 , 38.3
52.9 , 37.34
53.31 , 37.63
53.75 , 38.0
53.39 , 37.65
53.11 , 37.98
52.69 , 37.58
53.2 , 38.07
53.04 , 38.44
53.53 , 37.47
53.02 , 37.67
52.91 , 37.85
52.7 , 38.07
53.52 , 38.33
52.78 , 38.06
53.34 , 37.89
53.66 , 38.18
53.56 , 38.05
53.4 , 38.23
52.99 , 37.61
53.26 , 37.79
53.5 , 37.78
53.39 , 37.74
53.77 , 38.13
52.97 , 38.08
53.32 , 37.46
53.01 , 38.18
53.08 , 38.01
53.68 , 38.42
53.36 , 38.23
53.73 , 38.22
52.95 , 38.19
53.02 , 37.95
53.36 , 38.14
53.33 , 38.35
53.3 , 38.23
53.55 , 38.05
53.31 , 38.11
53.09 , 37.99
53.5 , 38.23
53.03 , 38.39
53.59 , 38.45
53.72 , 38.26
53.57 , 38.19
53.17 , 38.22
53.55 , 38.32
53.28 , 38.08
53.29 , 38.17
53.38 , 38.41
53.43 , 37.73
53.66 , 38.18
53.97 , 38.76
53.74 , 38.26
53.47 , 37.96
53.87 , 38.21
53.76 , 38.43
54.0 , 38.39
53.53 , 38.23
53.11 , 38.47
53.36 , 38.62
53.85 , 38.45
54.13 , 38.48
53.77 , 38.21
53.74 , 38.39
53.94 , 38.4
53.03 , 38.65
53.88 , 38.13
53.59 , 38.54
53.81 , 38.21
53.41 , 38.33
53.5 , 38.31
53.68 , 38.13
53.74 , 38.24
53.51 , 38.32
53.85 , 38.54
53.52 , 38.6
53.41 , 38.57
53.72 , 38.53
53.36 , 38.62
53.83 , 38.63
53.58 , 38.8
54.16 , 38.85
53.78 , 38.98
53.53 , 38.14
53.51 , 38.41
53.58 , 38.55
53.82 , 38.52
53.49 , 38.52
53.88 , 38.37
53.4 , 38.51
53.68 , 39.45
53.85 , 38.49
53.7 , 38.49
53.98 , 39.19
53.91 , 38.52
53.86 , 39.33
53.59 , 38.52
53.7 , 38.58
53.24 , 38.44
53.76 , 38.89
53.59 , 38.43
53.77 , 38.39
53.38 , 38.73
53.95 , 38.63
53.98 , 38.87
54.08 , 38.69
54.02 , 38.62
53.94 , 38.98
54.33 , 38.88
53.79 , 38.65
53.63 , 38.99
54.24 , 38.61
53.82 , 38.77
53.57 , 38.51
54.08 , 38.66
54.1 , 38.93
54.31 , 38.68
54.33 , 38.74
53.98 , 39.18
53.86 , 38.58
54.17 , 38.8
53.61 , 39.21
53.84 , 39.09
54.0 , 38.71
54.05 , 38.57
54.31 , 38.67
54.05 , 39.53
53.98 , 38.93
53.72 , 39.33
54.12 , 39.01
53.7 , 38.86
54.04 , 38.86
53.92 , 38.43
53.82 , 39.52
54.19 , 39.2
53.8 , 39.32
53.98 , 38.92
54.16 , 38.98
54.29 , 38.76
54.16 , 38.74
54.73 , 38.66
54.49 , 39.35
54.1 , 39.02
54.13 , 39.19
54.31 , 39.19
54.37 , 39.17
53.97 , 39.25
54.05 , 38.84
54.29 , 39.05
53.55 , 39.31
54.22 , 39.24
53.9 , 39.08
54.07 , 39.12
54.52 , 38.92
54.15 , 39.06
54.34 , 38.77
54.42 , 39.02
54.62 , 39.48
54.19 , 39.03
54.17 , 39.02
54.53 , 39.69
53.98 , 39.01
54.34 , 39.28
54.42 , 38.92
54.52 , 39.16
54.48 , 39.2
53.98 , 39.48
54.29 , 39.12
54.01 , 39.17
54.66 , 39.58
54.54 , 39.15
54.41 , 39.36
54.23 , 39.22
54.44 , 39.08
54.33 , 39.05
54.24 , 39.21
54.5 , 39.48
54.24 , 39.38
54.79 , 38.82
54.4 , 39.0
54.75 , 39.49
54.57 , 39.47
54.04 , 39.68
54.39 , 39.36
54.1 , 39.42
54.06 , 39.03
55.07 , 39.36
55.06 , 39.8
54.82 , 38.94
54.92 , 39.47
54.37 , 39.98
54.74 , 39.68
54.26 , 39.4
54.7 , 39.46
54.06 , 39.53
54.54 , 39.42
54.64 , 39.38
54.9 , 39.09
54.39 , 39.66
54.83 , 39.93
54.85 , 39.24
54.82 , 39.46
54.95 , 39.8
54.39 , 39.5
54.66 , 39.27
54.24 , 39.49
54.82 , 39.94
54.76 , 39.65
54.54 , 39.95
54.31 , 39.75
54.93 , 39.97
54.46 , 39.39
54.58 , 39.84
54.8 , 39.64
54.92 , 39.65
54.65 , 40.09
54.61 , 39.75
54.54 , 39.81
54.57 , 39.87
54.67 , 39.69
55.32 , 39.87
54.98 , 39.62
54.67 , 39.92
54.97 , 39.84
55.05 , 39.21
54.8 , 40.03
54.95 , 40.05
54.55 , 39.9
54.6 , 39.38
55.24 , 39.96
55.2 , 39.63
54.8 , 39.63
55.14 , 39.67
54.69 , 39.72
54.72 , 39.66
55.31 , 39.56
54.64 , 39.51
55.16 , 39.63
55.06 , 40.21
54.98 , 40.33
54.74 , 40.5
55.11 , 39.52
55.06 , 39.8
55.28 , 39.58
55.16 , 39.53
55.07 , 39.49
54.31 , 40.03
54.63 , 40.22
54.97 , 39.78
55.22 , 40.42
54.85 , 39.78
54.98 , 39.67
54.88 , 39.71
55.37 , 39.7
55.33 , 40.26
54.92 , 39.98
54.75 , 40.4
54.86 , 40.08
54.88 , 40.03
55.15 , 40.17
55.28 , 40.06
55.14 , 39.67
54.9 , 39.61
55.22 , 40.09
54.67 , 39.94
55.09 , 40.47
54.86 , 40.21
54.68 , 40.73
54.7 , 40.34
54.96 , 39.95
55.31 , 40.66
55.25 , 40.19
55.26 , 40.03
54.9 , 39.91
54.89 , 40.13
55.04 , 40.03
54.87 , 39.57
55.39 , 40.47
55.13 , 40.29
54.68 , 39.94
54.9 , 40.15
55.1 , 40.13
54.4 , 40.48
54.85 , 40.42
54.95 , 40.5
55.17 , 40.2
55.06 , 40.36
55.01 , 40.02
54.83 , 40.36
54.92 , 39.85
55.19 , 40.39
54.93 , 40.17
54.8 , 40.41
55.34 , 40.72
55.0 , 40.46
55.05 , 40.64
55.26 , 40.67
54.99 , 40.72
54.51 , 40.2
55.11 , 40.69
54.8 , 40.74
54.94 , 40.47
54.98 , 40.41
55.25 , 40.42
54.82 , 40.73
54.71 , 40.54
54.79 , 40.53
54.61 , 40.46
54.57 , 40.64
55.04 , 40.35
54.63 , 40.39
54.77 , 40.98
55.18 , 40.45
55.19 , 40.71
54.69 , 40.24
54.81 , 40.33
54.8 , 40.52
55.07 , 40.22
55.48 , 40.57
54.74 , 40.5
54.74 , 41.0
54.77 , 40.11
54.79 , 40.87
54.7 , 40.73
55.33 , 40.97
54.7 , 40.96
54.99 , 40.69
55.49 , 40.61
55.17 , 40.7
54.81 , 40.46
55.11 , 40.89
55.42 , 40.62
55.32 , 40.72
54.67 , 40.92
55.21 , 40.8
55.3 , 41.31
55.39 , 40.95
54.78 , 41.33
55.07 , 40.82
54.7 , 41.06
55.46 , 41.08
54.76 , 41.0
54.9 , 41.07
55.44 , 40.55
55.07 , 40.89
55.07 , 40.91
54.75 , 41.36
54.92 , 40.91
55.27 , 41.22
55.25 , 40.86
54.92 , 41.23
54.83 , 40.8
54.75 , 40.92
54.63 , 40.93
54.86 , 41.31
54.73 , 41.06
54.88 , 40.9
54.71 , 41.1
55.15 , 41.14
54.64 , 41.42
55.01 , 41.13
54.63 , 41.07
55.45 , 41.25
54.97 , 41.7
55.29 , 41.13
54.76 , 40.98
54.95 , 41.06
55.15 , 41.03
55.25 , 40.94
54.58 , 41.55
54.75 , 41.33
55.14 , 41.32
55.29 , 41.47
55.0 , 41.3
55.33 , 41.32
55.23 , 41.51
54.84 , 41.48
55.72 , 41.11
55.22 , 40.86
54.93 , 41.27
55.12 , 41.43
54.67 , 41.09
54.97 , 41.24
54.94 , 41.45
54.99 , 41.79
55.08 , 41.53
54.8 , 41.8
55.28 , 41.51
54.95 , 41.58
55.28 , 41.73
54.84 , 41.72
55.0 , 41.34
54.92 , 41.71
55.46 , 41.45
54.87 , 41.57
54.89 , 41.23
55.31 , 41.32
54.91 , 41.59
54.94 , 41.77
54.73 , 41.27
55.06 , 41.58
54.71 , 41.8
55.06 , 41.23
55.05 , 41.77
55.17 , 41.47
54.95 , 41.64
55.12 , 41.49
54.97 , 41.6
54.96 , 41.5
55.09 , 41.95
55.33 , 41.7
55.09 , 41.74
55.09 , 41.48
54.57 , 42.11
55.64 , 41.59
55.22 , 41.85
55.33 , 41.52
55.04 , 42.31
55.56 , 41.54
55.01 , 41.75
55.49 , 42.04
54.81 , 41.98
54.97 , 41.53
54.88 , 42.09
54.48 , 42.26
55.18 , 42.11
54.52 , 42.05
54.78 , 41.53
54.8 , 42.0
54.99 , 42.59
55.29 , 42.31
55.18 , 42.02
55.02 , 42.61
54.92 , 41.69
55.12 , 41.98
55.01 , 41.68
54.8 , 41.98
54.9 , 42.1
55.36 , 42.13
55.11 , 41.96
54.65 , 42.14
55.0 , 41.9
54.81 , 42.27
55.15 , 42.07
55.2 , 41.72
54.98 , 42.46
54.92 , 42.19
54.94 , 42.22
54.75 , 41.79
55.22 , 42.28
55.24 , 41.94
55.06 , 42.14
54.47 , 41.85
55.12 , 42.62
54.87 , 42.63
54.74 , 42.38
54.92 , 41.95
55.21 , 42.08
55.12 , 42.48
54.83 , 42.1
54.97 , 42.26
55.45 , 42.45
54.84 , 42.34
54.95 , 42.29
55.24 , 42.46
54.92 , 42.53
55.25 , 42.49
54.86 , 42.74
55.37 , 42.16
55.22 , 42.57
55.13 , 42.57
54.95 , 42.35
55.78 , 43.14
54.66 , 42.98
55.19 , 42.46
55.23 , 42.79
55.03 , 42.58
55.35 , 42.25
54.64 , 42.61
55.39 , 42.4
55.11 , 42.4
55.0 , 42.49
55.54 , 42.12
54.85 , 42.21
55.08 , 43.07
54.49 , 41.85
55.16 , 42.54
54.98 , 42.6
55.0 , 42.51
54.9 , 42.63
54.86 , 42.51
55.17 , 42.8
55.25 , 42.92
55.08 , 43.12
55.13 , 42.72
54.47 , 42.95
55.11 , 42.65
54.6 , 42.62
54.75 , 42.68
55.07 , 42.69
54.96 , 42.69
55.52 , 42.5
55.15 , 42.53
54.92 , 43.05
54.75 , 42.76
54.71 , 43.15
55.09 , 42.98
54.98 , 43.07
54.68 , 42.96
54.46 , 43.14
54.85 , 42.72
55.34 , 42.84
55.14 , 42.74
54.89 , 43.12
54.84 , 42.75
55.15 , 42.82
54.62 , 42.86
55.41 , 42.74
54.62 , 43.15
54.88 , 42.8
55.53 , 42.99
54.72 , 43.11
54.9 , 43.66
55.1 , 42.9
54.88 , 42.97
54.82 , 43.19
55.5 , 42.54
55.0 , 43.17
55.0 , 43.3
55.25 , 43.08
54.84 , 43.32
54.83 , 42.91
54.94 , 43.14
54.86 , 43.03
55.05 , 43.39
54.82 , 42.89
54.66 , 43.06
55.04 , 43.29
54.89 , 42.84
54.69 , 43.41
55.17 , 43.37
55.24 , 43.2
54.88 , 42.93
55.01 , 43.14
54.72 , 43.06
54.67 , 43.36
55.03 , 43.58
55.02 , 43.19
55.19 , 43.34
54.47 , 43.27
54.65 , 42.95
54.73 , 43.59
55.43 , 43.2
55.14 , 43.52
55.08 , 43.81
54.96 , 43.2
54.66 , 43.13
54.98 , 42.87
55.26 , 42.94
54.66 , 43.24
54.88 , 43.29
54.92 , 43.85
54.89 , 43.59
54.75 , 43.82
54.95 , 43.5
54.7 , 43.23
55.0 , 43.12
55.11 , 43.53
54.24 , 43.53
55.23 , 43.27
55.09 , 43.92
54.98 , 43.49
55.4 , 43.62
55.35 , 43.31
54.96 , 43.68
55.14 , 43.8
55.22 , 43.5
54.92 , 43.5
55.18 , 43.81
54.82 , 43.72
54.92 , 43.47
55.02 , 43.87
54.91 , 43.42
55.47 , 44.26
54.79 , 43.57
54.99 , 43.69
54.93 , 43.64
55.09 , 43.34
54.82 , 44.07
54.92 , 44.0
54.92 , 43.6
54.69 , 43.84
55.07 , 43.03
54.85 , 44.13
55.23 , 43.93
54.78 , 43.87
54.79 , 43.78
55.19 , 44.1
54.59 , 44.09
55.45 , 43.61
55.01 , 44.08
54.99 , 44.08
55.02 , 44.05
55.72 , 44.19
54.96 , 43.7
55.1 , 43.65
54.66 , 43.76
55.04 , 43.82
55.05 , 43.69
55.26 , 44.0
54.96 , 43.73
54.96 , 43.87
54.94 , 43.63
55.16 , 44.01
55.42 , 44.26
54.66 , 43.82
55.12 , 44.11
55.04 , 44.01
55.15 , 44.35
54.69 , 44.05
54.71 , 43.73
54.77 , 44.31
55.36 , 44.48
55.06 , 44.04
54.99 , 44.22
54.88 , 44.1
54.79 , 44.02
55.02 , 44.16
55.12 , 44.47
55.18 , 44.32
54.82 , 44.42
55.54 , 44.11
54.46 , 43.73
55.29 , 44.42
55.02 , 44.18
55.36 , 44.11
55.17 , 44.19
55.2 , 44.58
55.18 , 44.54
54.94 , 44.41
55.17 , 44.78
55.06 , 44.39
54.86 , 44.42
54.6 , 44.26
55.34 , 44.18
54.93 , 44.53
54.81 , 44.44
54.75 , 44.28
55.3 , 44.07
54.53 , 43.98
55.16 , 44.28
55.35 , 44.0
55.08 , 43.88
55.56 , 44.62
54.91 , 44.31
54.99 , 43.93
54.48 , 44.15
54.86 , 44.18
55.35 , 43.93
55.15 , 44.22
54.93 , 44.34
55.05 , 44.64
54.7 , 44.85
54.76 , 44.16
54.95 , 44.77
55.09 , 44.48
55.37 , 44.3
54.79 , 45.01
55.31 , 44.49
55.02 , 44.48
55.07 , 44.6
54.73 , 44.32
54.97 , 44.46
54.87 , 44.55
54.96 , 45.09
55.08 , 44.52
55.1 , 44.38
54.76 , 44.75
54.78 , 44.47
55.38 , 45.15
55.23 , 44.46
54.57 , 44.53
54.68 , 44.55
54.89 , 44.85
55.55 , 44.54
54.93 , 44.39
55.36 , 45.03
55.08 , 44.61
54.96 , 44.9
54.43 , 44.84
55.13 , 44.59
55.3 , 44.72
55.13 , 45.08
55.16 , 44.57
55.08 , 45.04
54.87 , 44.63
55.02 , 45.09
55.35 , 45.28
55.11 , 44.49
54.98 , 44.85
55.35 , 45.14
54.68 , 44.62
55.04 , 44.72
54.56 , 44.57
55.33 , 45.1
54.71 , 44.96
54.86 , 44.81
55.26 , 45.35
55.27 , 44.95
55.32 , 44.7
54.53 , 44.89
54.87 , 45.28
54.72 , 45.11
55.07 , 45.19
54.87 , 45.01
54.77 , 45.09
54.8 , 45.26
55.06 , 45.12
55.03 , 45.19
55.2 , 45.45
54.53 , 45.5
55.09 , 45.41
55.27 , 45.1
54.78 , 45.46
55.45 , 45.09
54.58 , 45.46
55.23 , 45.21
54.71 , 45.71
54.92 , 45.33
54.84 , 45.65
55.08 , 45.6
55.21 , 45.47
54.95 , 45.23
54.84 , 45.24
54.65 , 45.48
55.27 , 45.37
54.32 , 45.16
54.49 , 45.28
55.37 , 45.04
54.86 , 45.38
54.98 , 45.51
55.24 , 45.53
54.91 , 45.05
55.02 , 45.27
55.04 , 45.5
54.79 , 45.46
54.99 , 45.05
54.91 , 45.66
54.5 , 45.48
55.31 , 45.24
54.91 , 45.16
55.38 , 45.59
55.05 , 45.54
55.02 , 45.76
55.04 , 45.17
55.13 , 46.24
55.3 , 45.63
55.06 , 45.49
54.87 , 45.45
54.95 , 45.6
54.98 , 45.3
54.87 , 45.7
55.17 , 45.83
54.83 , 45.82
55.01 , 45.95
54.86 , 46.03
54.96 , 45.73
55.02 , 45.73
54.77 , 45.87
54.89 , 46.03
54.97 , 45.46
54.53 , 45.47
55.19 , 45.77
55.25 , 45.97
55.15 , 45.48
55.03 , 45.54
55.35 , 45.67
55.08 , 45.7
55.09 , 46.21
55.08 , 46.23
54.36 , 45.64
54.7 , 45.92
54.71 , 46.31
55.04 , 45.99
55.61 , 45.7
54.93 , 46.04
54.86 , 46.03
54.65 , 46.02
54.7 , 46.06
54.74 , 46.24
54.83 , 46.08
54.73 , 46.11
54.48 , 45.17
54.8 , 46.24
55.2 , 46.39
55.05 , 45.73
55.01 , 46.16
54.85 , 46.14
55.17 , 45.85
55.42 , 45.83
54.89 , 46.05
54.97 , 45.85
55.36 , 46.1
54.87 , 45.87
55.12 , 46.17
54.85 , 46.21
55.48 , 46.14
54.65 , 46.29
55.4 , 46.13
54.82 , 46.32
54.93 , 46.42
55.1 , 46.25
54.9 , 46.41
55.05 , 46.08
55.11 , 46.09
55.33 , 46.27
54.98 , 46.43
54.85 , 46.16
55.2 , 46.66
55.16 , 45.81
54.98 , 46.54
54.8 , 46.36
54.94 , 46.61
55.22 , 46.53
54.43 , 46.8
54.96 , 46.39
54.69 , 46.2
55.28 , 46.15
55.05 , 46.6
54.93 , 46.79
54.75 , 46.33
55.13 , 46.02
54.88 , 46.52
55.09 , 46.66
54.92 , 46.6
55.31 , 46.54
54.7 , 46.56
55.58 , 46.33
54.83 , 46.65
54.95 , 46.3
55.05 , 46.86
55.07 , 46.82
55.0 , 46.34
55.26 , 46.56
55.3 , 46.8
55.1 , 46.62
54.93 , 45.98
54.95 , 46.52
54.92 , 46.81
54.91 , 46.41
55.19 , 46.37
55.22 , 46.73
55.22 , 47.04
55.36 , 46.81
55.0 , 47.2
55.06 , 46.74
54.93 , 46.57
55.32 , 47.05
55.28 , 46.36
55.19 , 46.36
54.62 , 47.11
55.07 , 47.25
55.42 , 46.39
54.59 , 47.21
54.77 , 46.72
55.14 , 47.1
55.19 , 46.5
55.02 , 46.84
55.36 , 46.7
55.32 , 47.15
55.0 , 46.79
55.33 , 47.3
54.71 , 46.42
54.98 , 47.04
54.92 , 46.51
54.82 , 47.08
54.74 , 47.19
55.07 , 46.91
54.49 , 46.45
55.0 , 47.07
55.18 , 47.35
55.01 , 46.95
55.11 , 47.35
54.93 , 47.36
55.28 , 46.22
55.15 , 47.48
55.02 , 47.36
55.01 , 47.16
54.95 , 47.09
54.65 , 46.78
54.76 , 47.37
55.27 , 47.18
55.2 , 46.83
54.88 , 47.27
54.75 , 46.69
54.49 , 47.51
54.99 , 47.16
55.08 , 47.53
54.67 , 46.93
54.89 , 47.72
54.65 , 46.85
54.99 , 47.05
55.29 , 47.26
54.98 , 47.6
54.54 , 46.87
55.28 , 46.88
54.88 , 47.15
55.47 , 47.34
55.09 , 47.54
54.77 , 47.56
55.1 , 46.71
54.74 , 47.02
55.17 , 47.44
55.35 , 47.52
54.58 , 46.89
54.75 , 47.36
54.53 , 47.04
55.03 , 47.08
55.01 , 47.42
54.57 , 47.57
55.25 , 47.36
55.06 , 47.46
55.11 , 47.0
54.99 , 47.22
54.86 , 47.09
54.91 , 47.14
55.39 , 47.29
54.74 , 47.67
55.3 , 47.41
55.12 , 47.5
54.94 , 47.56
55.18 , 47.59
55.0 , 47.44
55.32 , 47.88
54.77 , 47.61
55.22 , 47.54
55.01 , 48.05
55.07 , 47.31
54.88 , 47.4
54.94 , 47.67
55.07 , 47.56
54.66 , 47.44
55.17 , 47.65
54.98 , 47.62
55.42 , 47.64
55.12 , 47.58
55.19 , 47.45
55.11 , 47.86
54.92 , 47.65
55.14 , 48.29
55.37 , 47.73
55.39 , 47.47
55.05 , 48.09
54.93 , 47.92
55.26 , 47.72
55.24 , 47.22
54.98 , 47.9
54.82 , 47.58
54.95 , 47.87
55.0 , 47.86
54.22 , 47.75
55.14 , 47.97
55.21 , 48.13
55.52 , 47.87
55.97 , 48.07
55.0 , 47.61
54.99 , 48.23
55.46 , 48.07
54.81 , 48.14
54.73 , 47.62
55.42 , 47.82
55.38 , 47.79
55.07 , 47.71
55.24 , 48.37
55.01 , 47.93
54.73 , 47.67
55.33 , 47.9
54.74 , 48.25
54.95 , 48.14
54.72 , 48.17
54.57 , 48.11
54.98 , 48.25
54.73 , 48.13
55.98 , 48.39
54.55 , 47.76
55.29 , 48.04
54.97 , 48.23
54.99 , 48.34
54.74 , 48.34
55.37 , 47.91
54.78 , 48.0
55.45 , 47.83
54.91 , 47.88
55.06 , 48.4
55.29 , 47.99
54.78 , 48.59
55.05 , 48.32
54.48 , 48.18
54.31 , 48.26
55.08 , 48.43
54.98 , 48.56
55.3 , 48.28
55.19 , 48.71
55.52 , 47.96
55.2 , 48.7
55.23 , 48.1
55.08 , 48.37
55.04 , 48.37
54.69 , 48.35
55.08 , 48.61
55.29 , 48.45
55.09 , 48.27
55.0 , 48.45
54.67 , 48.72
54.79 , 48.91
55.37 , 48.48
55.12 , 48.51
55.06 , 48.0
54.97 , 48.21
55.16 , 48.51
54.76 , 48.66
55.31 , 48.53
54.62 , 48.72
55.31 , 48.7
55.58 , 48.38
54.74 , 48.7
54.74 , 48.67
55.0 , 48.81
55.15 , 48.63
54.82 , 48.45
55.17 , 48.7
54.99 , 48.63
54.85 , 48.9
54.87 , 48.9
55.4 , 48.72
54.96 , 48.79
54.72 , 48.34
55.35 , 48.79
54.99 , 49.06
55.11 , 48.39
54.98 , 48.63
55.26 , 48.59
54.98 , 48.99
54.84 , 48.72
55.26 , 48.9
55.14 , 48.76
54.7 , 48.85
55.32 , 48.5
54.99 , 48.98
55.07 , 48.87
55.18 , 49.23
54.83 , 48.75
55.23 , 48.67
54.83 , 49.47
55.3 , 48.62
55.03 , 49.12
55.33 , 49.14
54.79 , 48.8
55.25 , 48.97
54.81 , 49.1
55.1 , 48.74
54.85 , 49.05
55.2 , 49.05
54.83 , 48.51
54.8 , 48.69
54.98 , 48.76
55.09 , 48.69
55.07 , 49.39
54.95 , 48.81
55.06 , 49.56
54.9 , 48.78
55.32 , 49.09
54.64 , 48.93
55.28 , 48.78
54.8 , 49.44
54.88 , 48.81
54.98 , 49.43
54.57 , 49.44
55.06 , 49.28
55.16 , 49.16
54.52 , 49.18
55.16 , 49.75
54.86 , 48.94
55.22 , 48.93
54.91 , 49.06
54.83 , 49.16
54.97 , 48.86
54.8 , 49.42
54.99 , 49.03
54.86 , 49.49
55.1 , 48.73
55.25 , 49.54
54.9 , 49.46
55.11 , 49.95
54.91 , 48.6
55.04 , 49.39
54.32 , 49.33
55.17 , 49.44
54.94 , 49.25
54.9 , 49.57
55.26 , 49.42
54.81 , 49.39
54.71 , 49.41
55.24 , 49.4
55.2 , 49.01
55.59 , 49.57
54.81 , 49.44
54.69 , 49.5
54.78 , 49.86
55.2 , 49.64
54.88 , 49.31
54.79 , 49.88
54.67 , 49.6
54.9 , 49.57
55.14 , 49.78
55.2 , 49.63
54.81 , 49.36
54.86 , 49.71
55.21 , 49.68
55.22 , 49.65
54.78 , 49.43
55.34 , 49.75
55.05 , 49.6
55.11 , 49.74
54.87 , 49.69
54.86 , 49.54
55.03 , 49.45
55.18 , 49.63
55.23 , 49.48
54.78 , 50.22
55.37 , 49.82
55.38 , 49.9
55.12 , 49.86
55.39 , 50.04
54.71 , 49.84
54.58 , 49.72
54.94 , 50.0
55.22 , 49.74
55.01 , 50.14
55.01 , 49.72
54.95 , 50.23
55.03 , 49.93
55.0 , 50.01
54.99 , 50.2
55.36 , 49.99
54.62 , 50.23
55.06 , 49.95
54.46 , 50.1
55.11 , 49.2
55.15 , 50.62
55.4 , 50.08
54.96 , 49.84
55.41 , 50.18
54.85 , 49.69
55.16 , 49.93
55.5 , 50.28
55.05 , 50.2
55.1 , 49.82
55.14 , 50.35
54.87 , 49.98
55.11 , 50.04
55.32 , 50.32
55.27 , 50.19
54.98 , 50.47
55.13 , 50.26
55.36 , 49.96
54.62 , 50.08
55.1 , 50.42
54.96 , 50.07
54.86 , 50.17
54.9 , 50.54
55.65 , 50.19
55.03 , 50.15
55.08 , 50.06
54.98 , 50.09
54.98 , 50.1
55.2 , 50.0
55.36 , 50.32
54.7 , 49.96
54.81 , 49.92
55.0 , 50.84
54.97 , 50.5
55.05 , 50.29
55.46 , 50.47
54.69 , 50.38
54.69 , 50.32
55.05 , 50.7
55.06 , 50.22
55.05 , 50.51
54.83 , 50.38
55.29 , 51.06
55.13 , 50.26
55.23 , 50.28
54.83 , 50.42
54.58 , 51.38
55.09 , 50.49
55.18 , 50.2
54.34 , 50.63
55.18 , 50.5
54.82 , 50.61
54.86 , 50.84
54.99 , 50.73
54.56 , 50.36
54.82 , 50.67
54.77 , 50.41
54.68 , 50.51
54.58 , 50.31
55.13 , 50.78
55.42 , 50.91
55.34 , 50.78
54.82 , 50.43
55.2 , 50.91
54.77 , 50.92
55.03 , 50.79
54.77 , 50.18
54.67 , 50.63
55.19 , 50.65
55.32 , 50.42
55.42 , 50.81
54.86 , 50.64
55.24 , 50.51
54.7 , 50.77
55.16 , 50.73
54.94 , 51.07
55.0 , 50.8
55.44 , 51.23
54.77 , 50.58
54.72 , 50.98
55.15 , 50.78
54.96 , 50.67
55.07 , 51.11
54.66 , 50.72
55.2 , 50.96
54.94 , 50.86
54.34 , 50.61
54.92 , 50.86
54.8 , 50.87
54.99 , 50.65
55.0 , 50.96
54.99 , 51.04
55.18 , 51.49
54.42 , 51.5
55.03 , 51.18
54.93 , 51.09
54.9 , 51.01
55.52 , 51.15
54.75 , 51.35
54.95 , 50.79
54.67 , 51.27
55.01 , 51.25
54.61 , 50.76
54.96 , 51.25
54.89 , 51.43
54.96 , 50.87
55.14 , 51.3
55.11 , 51.22
54.64 , 51.28
54.92 , 50.79
55.0 , 51.15
54.83 , 51.34
54.83 , 50.95
55.33 , 51.3
55.27 , 51.5
55.08 , 51.58
54.51 , 51.19
55.48 , 50.94
54.54 , 51.15
54.86 , 51.12
54.93 , 51.15
55.06 , 51.26
55.16 , 51.26
54.9 , 51.39
54.73 , 51.27
55.12 , 51.23
55.22 , 51.29
54.98 , 51.44
55.04 , 51.39
54.54 , 51.39
55.61 , 50.96
54.86 , 51.27
55.1 , 51.2
54.92 , 51.34
54.63 , 51.45
55.32 , 51.49
54.98 , 51.42
54.87 , 51.09
55.0 , 51.66
54.53 , 51.03
55.05 , 51.94
55.35 , 51.61
54.74 , 52.0
55.0 , 51.34
54.73 , 51.88
54.99 , 51.8
54.74 , 51.7
54.81 , 51.84
54.59 , 51.86
54.78 , 51.54
54.7 , 51.99
54.98 , 51.64
54.81 , 51.54
54.99 , 51.63
54.94 , 51.74
55.26 , 51.84
55.04 , 51.72
54.78 , 51.91
54.69 , 51.57
55.33 , 51.24
54.91 , 51.75
55.09 , 51.99
55.06 , 52.53
54.82 , 51.6
54.78 , 51.89
55.33 , 51.91
54.97 , 51.97
55.18 , 52.17
54.59 , 51.87
55.29 , 51.9
54.71 , 52.03
54.88 , 51.93
55.57 , 51.77
54.9 , 52.04
54.81 , 52.01
54.76 , 52.01
54.49 , 52.42
55.27 , 51.97
55.46 , 52.03
55.01 , 51.75
55.05 , 51.83
54.81 , 51.28
55.08 , 52.1
55.17 , 51.7
55.0 , 51.58
55.2 , 51.9
54.78 , 51.8
54.8 , 52.22
54.77 , 51.76
55.28 , 51.66
54.92 , 52.08
54.91 , 52.28
54.88 , 52.15
54.94 , 52.53
55.11 , 52.44
55.14 , 51.94
54.96 , 52.2
54.92 , 51.75
55.02 , 52.04
55.09 , 52.09
55.11 , 51.92
54.72 , 52.15
55.16 , 52.03
54.83 , 51.97
54.37 , 52.4
54.86 , 51.82
55.1 , 52.29
55.5 , 52.43
55.25 , 52.37
55.45 , 52.35
55.19 , 52.36
54.85 , 51.96
55.3 , 52.49
55.42 , 52.12
54.36 , 52.53
54.4 , 52.26
54.73 , 52.16
54.51 , 52.16
54.62 , 52.38
54.79 , 52.44
54.55 , 52.97
55.39 , 52.51
55.16 , 52.78
54.74 , 52.45
55.46 , 51.85
55.15 , 52.57
54.91 , 52.63
55.1 , 52.36
55.13 , 52.44
55.25 , 52.63
54.83 , 53.02
54.91 , 52.62
54.94 , 52.84
54.81 , 52.36
55.13 , 52.18
54.97 , 52.75
55.42 , 52.21
54.62 , 52.42
55.13 , 52.82
54.87 , 52.93
54.84 , 52.75
54.93 , 53.09
55.35 , 52.95
54.86 , 52.27
54.89 , 52.55
54.82 , 52.51
54.9 , 52.82
55.31 , 52.97
55.39 , 52.2
55.17 , 53.35
55.27 , 52.96
55.24 , 52.73
54.93 , 52.64
54.88 , 52.72
54.83 , 53.18
55.17 , 53.05
55.44 , 52.89
55.26 , 52.65
55.1 , 53.02
54.7 , 53.04
55.02 , 52.74
55.36 , 52.91
54.99 , 53.1
54.86 , 52.54
55.23 , 53.18
54.87 , 52.99
55.02 , 53.0
55.28 , 52.98
55.19 , 53.17
54.93 , 53.06
54.91 , 52.94
55.34 , 52.79
55.2 , 52.96
54.89 , 53.05
54.86 , 52.62
55.28 , 53.23
54.89 , 52.73
54.76 , 53.5
54.77 , 52.9
55.51 , 52.56
54.72 , 52.84
54.86 , 52.57
55.05 , 52.78
54.66 , 53.2
54.77 , 53.24
54.81 , 53.56
54.71 , 53.23
54.72 , 53.52
54.54 , 53.09
55.05 , 53.09
54.97 , 53.07
54.87 , 53.28
55.49 , 53.34
55.13 , 53.08
54.79 , 53.27
54.84 , 53.68
55.01 , 53.67
54.95 , 53.58
54.63 , 53.74
54.7 , 53.36
54.97 , 53.28
55.21 , 53.09
55.14 , 52.94
54.64 , 53.55
55.35 , 53.1
55.15 , 53.28
55.42 , 53.48
55.47 , 53.29
55.49 , 53.25
55.46 , 53.6
54.64 , 53.7
55.07 , 53.66
54.79 , 53.35
54.69 , 53.87
55.01 , 52.87
55.22 , 53.53
55.7 , 53.42
55.14 , 53.4
54.22 , 53.77
54.88 , 53.72
55.03 , 52.95
54.98 , 53.78
55.27 , 53.81
54.88 , 53.25
55.11 , 53.31
55.36 , 53.54
55.21 , 53.7
55.24 , 53.73
55.13 , 53.68
54.81 , 53.22
54.58 , 53.95
54.83 , 53.77
54.52 , 53.57
55.59 , 54.19
55.19 , 53.76
55.2 , 54.25
54.71 , 53.73
54.89 , 52.98
55.04 , 54.01
54.87 , 53.47
55.37 , 53.61
54.95 , 53.65
54.95 , 53.83
55.24 , 53.9
55.57 , 53.51
55.09 , 53.77
55.62 , 53.41
55.0 , 54.09
54.81 , 53.86
55.05 , 53.98
55.07 , 53.58
55.23 , 53.26
54.77 , 53.67
54.97 , 53.95
55.91 , 54.31
55.0 , 54.0
55.38 , 54.09
54.97 , 53.44
54.47 , 54.09
55.31 , 53.95
55.68 , 54.07
54.71 , 54.12
54.73 , 54.33
54.92 , 53.91
55.0 , 54.41
54.64 , 54.37
55.43 , 54.28
55.01 , 54.32
54.88 , 53.87
55.32 , 53.7
55.12 , 53.96
54.92 , 54.11
54.88 , 54.46
54.82 , 53.84
54.66 , 54.15
55.06 , 54.14
55.05 , 53.87
55.1 , 54.39
54.63 , 54.12
55.01 , 54.11
54.8 , 54.04
54.73 , 54.64
54.68 , 53.96
54.61 , 54.28
54.75 , 54.41
55.03 , 54.36
55.2 , 54.27
54.9 , 54.3
55.26 , 54.07
54.94 , 54.73
55.1 , 54.65
55.18 , 53.89
54.91 , 54.0
55.07 , 54.32
55.2 , 54.43
54.91 , 54.67
54.66 , 53.94
55.25 , 54.51
55.18 , 54.17
55.18 , 54.59
55.02 , 54.43
54.96 , 54.55
54.65 , 54.8
54.76 , 54.19
55.33 , 54.45
54.59 , 54.53
54.86 , 54.6
54.69 , 54.48
54.9 , 54.94
54.74 , 54.8
55.25 , 54.64
54.93 , 54.69
54.8 , 54.83
54.56 , 54.93
54.9 , 54.43
55.08 , 55.03
54.99 , 55.13
54.98 , 54.71
54.66 , 54.62
54.98 , 54.48
54.65 , 54.51
55.1 , 54.84
55.47 , 54.14
55.47 , 54.92
55.0 , 55.03
55.09 , 54.29
55.19 , 54.36
55.19 , 54.4
54.57 , 54.98
54.88 , 54.58
55.47 , 54.77
55.41 , 54.71
54.98 , 54.25
55.33 , 54.68
55.26 , 54.63
54.51 , 54.89
55.28 , 54.23
54.69 , 55.16
55.42 , 54.75
55.07 , 55.01
55.11 , 54.58
55.28 , 55.32
55.04 , 54.93
54.85 , 55.04
55.18 , 54.77
54.57 , 54.55
55.14 , 54.98
54.91 , 54.39
54.62 , 55.39
54.75 , 54.71
55.26 , 55.3
54.87 , 55.03
55.12 , 55.13
54.88 , 55.02
55.15 , 55.42
55.11 , 54.57
54.75 , 54.8
55.2 , 55.44
55.13 , 54.75
54.91 , 55.05
55.23 , 55.14
55.2 , 54.98
55.5 , 54.78
54.97 , 55.39
55.21 , 54.83
54.83 , 55.05
55.22 , 55.38
54.61 , 55.1
55.05 , 55.44
55.16 , 55.52
54.89 , 55.02
55.04 , 55.28
55.62 , 55.23
54.96 , 54.96
55.06 , 55.12
55.16 , 55.22
54.78 , 55.02
54.83 , 55.26
54.29 , 55.09
54.97 , 54.94
55.16 , 55.22
55.17 , 55.37
54.9 , 55.65
55.22 , 55.02
54.94 , 55.0
54.84 , 55.32
54.86 , 55.31
55.13 , 55.67
55.14 , 55.64
54.84 , 55.3
55.25 , 55.27
55.12 , 55.45
55.15 , 55.74
55.04 , 55.31
54.8 , 55.92
55.23 , 55.14
54.63 , 54.87
55.0 , 55.33
54.36 , 55.56
55.01 , 56.01
55.02 , 55.16
55.02 , 55.55
54.71 , 55.21
54.83 , 55.55
55.26 , 55.38
55.09 , 56.01
54.75 , 55.31
54.84 , 55.74
54.74 , 55.88
54.83 , 55.45
55.1 , 55.85
54.89 , 55.61
55.22 , 56.11
54.86 , 55.89
55.26 , 55.84
55.04 , 55.76
54.72 , 55.66
54.79 , 55.58
55.05 , 56.23
55.07 , 55.64
55.31 , 55.5
55.23 , 55.56
55.08 , 56.27
54.97 , 55.61
54.96 , 55.94
54.44 , 56.32
54.72 , 55.93
55.16 , 55.62
54.93 , 56.12
54.89 , 56.02
54.98 , 55.85
55.04 , 55.95
54.93 , 56.16
55.01 , 55.93
54.42 , 55.48
55.19 , 56.09
55.07 , 56.23
54.53 , 55.9
55.18 , 56.16
55.27 , 56.16
54.97 , 56.33
54.82 , 55.89
55.43 , 55.92
55.35 , 55.8
54.99 , 56.27
54.58 , 56.0
54.43 , 55.85
54.97 , 56.04
55.25 , 55.8
55.42 , 55.98
54.73 , 56.17
55.17 , 56.31
55.14 , 55.89
54.53 , 56.54
55.04 , 56.23
55.28 , 56.37
54.71 , 55.73
54.53 , 55.77
55.15 , 56.19
55.0 , 55.95
55.02 , 56.09
54.98 , 56.36
55.0 , 56.38
54.95 , 56.57
55.45 , 56.18
55.03 , 56.21
54.89 , 56.55
55.06 , 55.65
55.31 , 56.46
54.63 , 56.33
54.92 , 56.37
55.0 , 56.98
55.26 , 56.88
55.28 , 56.27
55.33 , 56.78
54.89 , 56.5
55.18 , 56.54
55.22 , 55.92
55.27 , 56.68
54.93 , 56.84
55.05 , 56.95
55.09 , 56.58
55.18 , 56.58
55.35 , 56.3
54.82 , 56.28
55.24 , 56.38
55.1 , 56.38
54.78 , 56.38
54.98 , 56.37
55.35 , 56.69
55.19 , 56.59
55.0 , 56.1
55.0 , 56.37
55.2 , 56.54
55.05 , 56.17
55.19 , 56.67
54.41 , 56.48
54.81 , 56.7
55.66 , 56.48
55.43 , 56.88
54.9 , 56.35
54.8 , 56.74
54.97 , 56.84
55.09 , 56.68
54.99 , 56.82
54.85 , 56.7
54.81 , 56.81
55.16 , 56.95
54.98 , 56.53
54.87 , 56.91
54.85 , 56.83
55.09 , 56.99
54.78 , 57.14
54.64 , 57.08
55.1 , 57.13
54.92 , 56.92
54.81 , 56.72
54.6 , 56.9
54.89 , 57.16
55.46 , 56.6
55.35 , 56.99
54.74 , 56.47
55.02 , 56.8
55.29 , 56.77
55.42 , 56.55
55.03 , 57.02
55.43 , 57.16
54.9 , 57.1
55.12 , 57.08
54.88 , 56.84
54.72 , 56.69
55.09 , 57.16
54.85 , 57.23
54.71 , 56.88
54.88 , 56.76
54.73 , 57.11
54.91 , 57.05
54.99 , 56.84
55.32 , 57.0
55.43 , 57.69
55.31 , 56.97
56.05 , 57.1
55.19 , 56.92
54.49 , 57.07
55.13 , 57.15
55.36 , 57.36
55.22 , 57.7
54.95 , 57.35
55.27 , 57.12
55.12 , 57.53
54.64 , 57.29
55.11 , 57.47
55.08 , 57.36
55.18 , 57.67
55.0 , 57.35
54.92 , 57.49
54.86 , 56.89
54.71 , 57.17
54.74 , 57.2
55.02 , 57.36
54.83 , 57.65
55.22 , 57.39
55.26 , 57.32
55.06 , 57.66
55.14 , 57.39
54.64 , 57.29
54.83 , 57.57
55.05 , 57.48
54.61 , 57.53
55.14 , 57.79
55.28 , 56.9
55.47 , 57.97
55.29 , 57.54
54.93 , 57.19
54.99 , 57.82
55.15 , 57.54
55.07 , 57.27
54.53 , 57.61
54.71 , 57.53
55.28 , 57.4
54.74 , 57.56
54.87 , 57.51
55.09 , 57.55
55.21 , 58.0
54.64 , 56.88
54.87 , 57.13
54.72 , 57.93
54.97 , 57.61
54.92 , 57.88
55.4 , 57.24
55.29 , 57.63
54.6 , 57.37
55.04 , 57.76
54.77 , 57.92
54.95 , 57.81
54.69 , 57.68
55.47 , 57.34
55.08 , 57.7
55.19 , 57.91
55.26 , 57.82
54.56 , 58.09
55.54 , 57.56
54.9 , 57.91
54.65 , 57.84
55.09 , 57.82
54.97 , 58.06
54.96 , 58.18
54.92 , 57.66
55.24 , 58.05
54.64 , 57.58
54.98 , 58.09
54.94 , 57.8
54.96 , 58.23
54.52 , 57.79
54.79 , 58.04
55.41 , 58.26
55.07 , 57.88
55.31 , 57.89
54.84 , 58.14
55.2 , 58.22
54.62 , 57.9
54.93 , 58.06
55.05 , 57.71
54.66 , 57.75
54.63 , 58.48
55.03 , 57.55
54.76 , 58.09
55.24 , 58.45
55.22 , 57.82
55.14 , 57.83
55.1 , 58.07
55.39 , 57.94
55.33 , 58.33
54.7 , 57.78
55.07 , 58.26
54.68 , 58.26
54.55 , 58.54
54.79 , 58.28
54.89 , 58.38
55.2 , 57.8
55.13 , 58.25
54.83 , 58.42
55.14 , 58.48
54.53 , 58.34
54.92 , 58.26
55.47 , 58.41
55.33 , 58.11
54.93 , 58.09
54.95 , 58.26
55.31 , 58.14
55.35 , 58.18
55.51 , 58.22
54.86 , 58.42
55.0 , 58.21
55.24 , 58.54
55.3 , 58.06
55.3 , 57.92
55.1 , 58.31
54.84 , 58.53
54.77 , 58.29
54.79 , 58.71
55.3 , 58.46
55.05 , 58.33
55.31 , 58.69
54.88 , 58.24
55.36 , 58.22
55.19 , 58.8
54.64 , 58.62
55.18 , 58.8
55.41 , 58.36
55.16 , 58.68
55.37 , 58.67
55.17 , 58.29
55.14 , 58.61
55.14 , 58.29
54.85 , 58.66
54.85 , 58.9
55.24 , 58.58
55.39 , 58.77
55.17 , 58.76
55.51 , 58.48
55.3 , 58.84
54.83 , 58.88
55.0 , 58.53
54.96 , 58.77
54.9 , 58.52
55.05 , 58.74
54.83 , 58.54
54.76 , 58.61
55.28 , 58.89
54.8 , 58.79
54.97 , 58.88
55.13 , 58.36
54.71 , 58.89
54.95 , 59.03
54.82 , 58.35
55.68 , 59.28
54.92 , 59.23
54.89 , 58.66
55.23 , 58.34
54.73 , 58.54
55.42 , 58.6
55.05 , 58.94
55.09 , 59.01
55.29 , 59.03
54.9 , 58.98
55.11 , 59.1
55.35 , 58.92
54.89 , 58.42
55.18 , 58.94
55.25 , 58.75
54.99 , 58.84
54.79 , 58.73
54.97 , 58.87
55.24 , 59.17
55.2 , 58.96
55.18 , 59.03
54.68 , 58.85
55.0 , 59.25
54.7 , 59.58
55.01 , 58.93
55.07 , 59.02
55.07 , 58.74
55.17 , 59.24
55.63 , 59.12
55.13 , 59.55
54.85 , 59.41
55.1 , 59.05
54.8 , 59.8
55.05 , 59.4
55.15 , 58.73
55.01 , 59.16
55.4 , 59.48
54.72 , 59.25
54.42 , 59.31
54.96 , 59.57
55.29 , 59.03
55.13 , 59.26
55.0 , 59.31
54.99 , 59.63
54.96 , 59.97
54.49 , 59.22
54.97 , 59.17
54.43 , 58.97
55.03 , 59.14
55.57 , 59.3
55.1 , 59.13
54.74 , 59.81
54.73 , 59.42
55.14 , 59.42
55.25 , 59.74
54.99 , 59.67
55.34 , 59.55
55.45 , 59.27
55.44 , 59.31
55.11 , 59.66
55.27 , 60.29
55.01 , 59.83
54.55 , 59.64
54.6 , 58.95
54.76 , 59.82
55.02 , 59.53
54.95 , 59.31
54.78 , 59.62
54.33 , 59.8
54.96 , 59.56
54.86 , 59.92
54.92 , 59.9
54.71 , 59.72
55.19 , 59.75
54.96 , 59.36
55.39 , 59.31
55.43 , 60.22
54.79 , 59.87
55.36 , 59.38
54.83 , 60.15
55.3 , 60.06
54.91 , 59.67
54.83 , 59.22
55.01 , 60.25
55.12 , 60.08
54.95 , 59.5
54.83 , 59.3
54.8 , 59.3
55.04 , 60.23
54.91 , 59.87
55.01 , 59.82
54.93 , 59.94
54.49 , 59.91
54.54 , 59.95
54.65 , 59.96
55.04 , 60.01
54.83 , 59.85
55.01 , 59.76
54.78 , 60.18
54.91 , 60.0
54.91 , 59.76
55.44 , 59.8
55.05 , 60.03
55.15 , 60.13
54.64 , 60.08
54.72 , 59.97
55.2 , 59.49
55.21 , 60.19
54.67 , 60.4
55.29 , 59.91
54.74 , 60.25
54.84 , 59.55
54.84 , 60.17
55.33 , 59.93
54.97 , 60.09
54.97 , 60.07
55.24 , 60.23
55.32 , 59.71
55.29 , 59.94
54.77 , 60.21
55.15 , 60.45
54.75 , 60.27
55.29 , 59.88
55.47 , 60.17
54.54 , 60.07
55.22 , 60.18
55.21 , 60.38
54.95 , 59.86
55.1 , 59.95
55.16 , 60.4
55.0 , 60.4
55.11 , 60.14
54.58 , 59.79
54.99 , 60.8
54.86 , 60.16
54.76 , 60.36
54.98 , 60.36
55.03 , 59.81
54.44 , 60.48
55.09 , 60.18
55.04 , 60.58
54.59 , 60.41
54.92 , 60.3
54.88 , 59.82
55.07 , 60.54
54.82 , 60.45
54.88 , 60.37
55.14 , 60.36
55.64 , 60.61
54.67 , 60.61
55.24 , 59.92
55.2 , 60.34
54.94 , 60.42
54.6 , 60.44
54.99 , 60.49
54.69 , 60.51
55.0 , 60.3
55.26 , 60.63
55.25 , 60.52
55.08 , 60.96
55.13 , 60.57
54.93 , 60.82
55.04 , 60.47
54.86 , 60.83
54.8 , 60.65
55.11 , 60.17
55.27 , 60.61
54.84 , 60.91
54.99 , 60.72
55.2 , 60.92
55.07 , 60.87
54.74 , 60.56
55.24 , 60.7
54.83 , 61.07
55.34 , 60.89
55.0 , 61.15
54.93 , 60.56
55.04 , 60.71
55.11 , 60.63
55.43 , 60.81
55.18 , 61.05
55.74 , 60.75
54.93 , 60.99
55.18 , 60.97
55.12 , 61.21
55.33 , 61.14
54.44 , 60.81
54.8 , 60.76
54.89 , 61.44
55.12 , 60.64
55.08 , 61.17
55.4 , 60.96
54.95 , 60.74
54.99 , 60.93
54.67 , 60.76
55.51 , 61.28
54.64 , 61.39
55.25 , 60.64
54.99 , 61.12
54.39 , 60.89
54.89 , 61.32
54.87 , 61.14
55.13 , 60.77
54.65 , 61.25
55.17 , 61.33
54.99 , 60.92
54.53 , 61.62
54.53 , 61.15
55.04 , 60.7
54.97 , 61.29
55.13 , 60.98
54.83 , 61.11
55.06 , 61.18
54.1 , 60.88
54.83 , 61.11
55.12 , 60.98
54.53 , 61.22
55.11 , 61.42
55.3 , 61.41
55.02 , 61.55
55.18 , 60.8
55.56 , 61.36
54.98 , 61.17
54.9 , 61.03
55.14 , 61.19
55.1 , 60.96
55.25 , 61.53
55.27 , 61.5
55.2 , 61.4
55.13 , 61.64
55.06 , 61.07
55.06 , 61.46
55.54 , 61.51
54.7 , 61.29
54.98 , 61.97
55.21 , 61.37
54.82 , 61.73
55.04 , 61.58
54.87 , 61.5
55.43 , 61.86
55.08 , 61.37
54.94 , 61.15
55.14 , 61.24
55.08 , 61.46
55.16 , 61.83
55.11 , 61.7
55.0 , 61.16
55.06 , 61.88
55.27 , 61.6
55.41 , 61.31
55.31 , 61.7
55.07 , 61.74
55.46 , 61.41
55.32 , 61.76
54.99 , 61.65
54.77 , 61.65
55.21 , 61.85
54.95 , 62.02
54.9 , 61.73
55.33 , 61.54
55.05 , 61.94
55.34 , 61.96
54.63 , 62.12
54.85 , 62.01
54.93 , 61.87
54.67 , 62.26
54.95 , 62.25
55.18 , 61.99
54.6 , 61.66
55.24 , 61.89
55.04 , 62.27
55.07 , 61.75
54.95 , 61.65
55.08 , 61.98
54.95 , 61.84
54.99 , 61.96
55.22 , 61.89
54.87 , 61.73
54.94 , 61.81
55.09 , 61.78
54.92 , 62.34
54.86 , 61.62
54.85 , 61.93
54.99 , 62.14
55.14 , 62.1
54.71 , 62.36
54.85 , 61.93
55.0 , 62.15
55.01 , 61.71
55.28 , 61.79
54.74 , 62.05
55.01 , 62.09
54.82 , 61.93
54.82 , 62.0
55.12 , 62.29
55.26 , 62.34
54.44 , 61.96
54.74 , 62.22
54.72 , 62.23
55.34 , 62.01
54.99 , 62.42
54.79 , 62.07
55.23 , 62.12
55.24 , 61.91
55.13 , 62.32
54.65 , 62.09
54.86 , 62.38
54.86 , 62.27
54.7 , 62.7
55.24 , 62.37
54.91 , 62.33
54.62 , 62.3
54.44 , 62.11
55.02 , 62.76
55.25 , 62.57
55.48 , 62.37
55.2 , 62.27
55.15 , 62.39
54.42 , 62.34
55.43 , 62.13
55.16 , 62.77
54.96 , 62.48
54.87 , 62.2
55.25 , 62.41
54.88 , 62.66
55.19 , 62.65
55.57 , 62.4
55.05 , 62.33
54.91 , 62.7
55.16 , 62.55
55.24 , 62.35
54.88 , 62.6
54.93 , 61.82
55.09 , 62.77
54.88 , 62.12
55.34 , 62.63
55.06 , 62.64
55.05 , 62.41
54.92 , 62.72
54.85 , 62.52
55.15 , 62.59
55.0 , 62.48
55.3 , 62.49
54.62 , 62.3
55.03 , 62.62
55.04 , 62.75
55.19 , 63.08
54.95 , 62.57
54.76 , 63.01
54.33 , 62.69
55.43 , 62.35
54.82 , 62.77
55.2 , 62.99
54.89 , 62.86
55.1 , 62.73
55.08 , 62.68
54.99 , 62.84
55.21 , 62.68
55.01 , 62.87
54.88 , 62.89
54.92 , 62.98
54.98 , 62.96
54.89 , 62.81
54.66 , 62.46
55.4 , 63.27
54.91 , 63.08
54.42 , 63.02
54.94 , 62.64
55.2 , 63.19
54.92 , 63.0
55.02 , 62.63
54.75 , 62.48
54.79 , 62.86
54.81 , 62.76
55.03 , 63.03
54.99 , 62.96
54.91 , 62.83
55.43 , 63.0
55.09 , 63.28
54.67 , 62.98
55.2 , 62.99
55.18 , 63.28
55.02 , 63.39
55.31 , 63.08
55.28 , 63.37
54.96 , 62.81
55.07 , 63.31
54.73 , 62.83
55.12 , 63.34
55.03 , 63.18
54.87 , 63.08
55.4 , 62.75
54.77 , 63.41
55.17 , 63.21
54.92 , 63.3
55.07 , 63.21
54.79 , 63.14
55.77 , 63.16
55.71 , 63.21
55.08 , 63.41
54.81 , 63.36
55.19 , 63.04
54.87 , 63.08
55.22 , 63.23
55.23 , 63.51
54.83 , 63.25
54.58 , 63.68
55.06 , 63.19
55.1 , 63.5
55.13 , 63.11
55.19 , 63.43
55.32 , 63.54
54.59 , 63.32
54.66 , 63.51
54.96 , 63.53
55.4 , 63.07
55.14 , 63.81
54.99 , 63.4
55.07 , 63.24
55.15 , 63.78
55.18 , 63.29
55.15 , 63.46
55.04 , 63.39
55.5 , 63.3
54.96 , 63.96
55.02 , 63.64
55.38 , 63.66
55.31 , 63.65
54.86 , 63.62
54.81 , 63.54
55.09 , 63.48
54.48 , 63.58
55.06 , 63.47
54.95 , 63.5
55.13 , 63.61
55.26 , 63.79
54.73 , 63.71
54.96 , 63.73
54.99 , 63.35
54.87 , 64.18
54.95 , 63.85
55.05 , 63.79
54.97 , 63.7
55.34 , 64.02
54.97 , 63.67
54.58 , 64.31
55.2 , 63.6
54.7 , 63.34
54.7 , 63.89
54.98 , 63.6
55.31 , 63.79
54.66 , 63.84
54.84 , 64.61
55.29 , 64.26
55.15 , 64.14
55.28 , 63.63
54.83 , 63.83
54.86 , 64.03
54.66 , 64.04
55.17 , 63.99
55.53 , 63.78
54.98 , 64.35
55.19 , 63.56
54.91 , 64.0
54.81 , 63.8
54.64 , 64.18
54.9 , 64.26
55.34 , 63.82
55.06 , 63.87
54.76 , 64.18
55.23 , 63.91
55.04 , 64.61
55.02 , 64.23
55.05 , 64.33
54.83 , 64.21
55.03 , 63.74
55.22 , 64.54
55.07 , 64.1
55.12 , 63.87
54.67 , 64.59
55.11 , 64.15
55.03 , 64.16
54.86 , 64.24
55.32 , 64.35
55.11 , 64.3
54.75 , 64.31
54.99 , 64.16
54.71 , 63.83
55.19 , 64.02
55.06 , 64.83
55.08 , 64.02
54.88 , 64.39
55.15 , 63.87
55.05 , 64.34
54.88 , 64.52
55.04 , 64.2
55.02 , 63.91
54.76 , 64.62
55.26 , 64.76
55.28 , 64.1
55.36 , 64.62
54.63 , 63.98
55.03 , 63.91
55.23 , 64.49
54.89 , 64.72
54.9 , 64.61
54.48 , 64.3
54.58 , 64.18
54.93 , 64.58
54.64 , 64.35
55.07 , 64.26
54.48 , 64.5
55.01 , 64.67
55.1 , 64.82
55.08 , 64.07
55.08 , 64.78
55.07 , 64.91
55.08 , 64.51
54.73 , 64.28
55.19 , 64.92
55.04 , 64.52
54.92 , 64.57
54.99 , 64.46
55.03 , 64.74
55.51 , 64.76
54.99 , 64.59
54.77 , 64.71
54.81 , 65.01
54.75 , 64.87
55.41 , 64.45
54.68 , 65.05
54.98 , 65.28
55.01 , 64.49
55.33 , 64.61
55.25 , 65.05
55.42 , 64.84
54.92 , 64.44
54.76 , 64.93
55.3 , 64.48
54.99 , 64.83
54.83 , 64.27
54.76 , 64.99
55.14 , 64.96
55.17 , 64.59
54.58 , 64.64
55.41 , 64.57
54.96 , 64.7
55.23 , 64.6
54.89 , 64.56
55.1 , 64.97
54.93 , 64.87
54.95 , 64.81
55.55 , 65.25
55.2 , 65.03
54.67 , 65.22
55.11 , 65.09
55.08 , 65.35
55.54 , 64.84
55.12 , 65.05
54.95 , 65.02
54.83 , 65.21
55.17 , 65.62
54.56 , 65.1
54.91 , 65.85
55.04 , 65.08
54.77 , 64.8
54.6 , 64.82
55.23 , 65.57
54.35 , 65.11
54.89 , 65.31
54.53 , 64.92
55.11 , 65.47
54.85 , 64.69
54.93 , 65.43
54.89 , 65.08
55.11 , 65.26
54.64 , 65.54
55.13 , 65.06
55.33 , 65.56
55.71 , 65.7
55.03 , 65.11
55.08 , 65.42
55.14 , 65.16
54.66 , 65.06
55.06 , 65.55
54.96 , 65.61
55.09 , 65.24
55.07 , 65.25
54.79 , 65.31
55.01 , 65.55
54.92 , 64.79
55.08 , 65.56
54.9 , 65.4
54.7 , 65.08
55.24 , 65.51
55.16 , 65.33
55.25 , 65.52
54.61 , 65.37
54.92 , 65.51
54.77 , 65.25
54.74 , 65.5
55.19 , 65.7
55.35 , 65.9
55.0 , 65.35
54.92 , 65.36
54.85 , 65.39
54.97 , 65.23
54.83 , 66.12
54.24 , 66.1
54.92 , 65.64
54.91 , 65.55
55.17 , 65.52
54.83 , 65.64
54.86 , 65.64
55.13 , 65.77
55.03 , 65.3
55.11 , 65.99
54.87 , 65.82
55.17 , 65.99
55.19 , 65.79
55.2 , 65.51
55.19 , 65.67
54.78 , 65.37
54.71 , 65.8
54.55 , 65.67
54.82 , 65.78
54.7 , 65.85
54.78 , 65.86
55.18 , 65.55
55.1 , 65.87
55.29 , 65.13
55.16 , 65.69
55.18 , 65.86
55.05 , 65.78
55.1 , 66.45
54.83 , 65.94
55.1 , 66.35
54.95 , 66.08
54.7 , 66.11
54.89 , 65.56
54.97 , 66.09
54.78 , 65.81
54.93 , 65.83
55.11 , 65.76
55.16 , 65.84
55.55 , 65.73
55.23 , 65.82
55.04 , 65.96
54.92 , 65.81
55.09 , 66.31
54.73 , 65.7
55.41 , 65.82
54.74 , 66.18
55.05 , 66.49
55.02 , 66.5
55.13 , 66.18
54.66 , 66.28
54.52 , 66.35
55.48 , 66.3
55.25 , 66.24
54.76 , 66.24
54.61 , 66.41
54.79 , 66.13
54.75 , 66.66
55.0 , 66.37
54.92 , 66.27
54.85 , 66.03
54.85 , 66.58
54.89 , 66.28
55.48 , 66.4
55.24 , 66.25
55.14 , 66.56
54.93 , 66.62
55.29 , 65.78
55.52 , 66.56
55.38 , 66.89
55.23 , 66.43
55.29 , 66.18
54.6 , 66.34
55.15 , 66.22
55.26 , 66.1
54.88 , 66.89
54.91 , 66.66
54.69 , 66.33
55.33 , 66.04
54.92 , 66.1
55.0 , 66.1
54.85 , 66.35
54.72 , 66.53
55.22 , 66.47
54.83 , 66.97
55.33 , 66.43
55.01 , 66.41
54.92 , 66.5
54.97 , 66.1
54.62 , 66.62
54.84 , 66.68
54.66 , 66.88
55.06 , 66.44
54.94 , 66.78
54.89 , 66.65
55.25 , 66.66
55.14 , 66.43
55.1 , 66.66
55.1 , 67.34
55.1 , 66.64
54.84 , 67.0
54.69 , 66.59
55.26 , 66.37
54.75 , 66.65
55.24 , 66.99
55.09 , 66.58
55.34 , 66.98
55.43 , 66.97
54.86 , 66.9
54.77 , 67.27
54.96 , 66.36
54.83 , 66.94
54.98 , 67.03
54.85 , 66.76
55.15 , 66.78
55.06 , 66.63
55.07 , 67.21
55.05 , 67.5
54.7 , 66.58
55.01 , 66.48
54.84 , 66.95
54.78 , 66.9
54.67 , 67.14
55.07 , 66.54
55.25 , 66.83
55.13 , 66.48
54.67 , 67.24
55.24 , 67.18
54.78 , 67.1
55.49 , 66.95
55.15 , 66.94
54.93 , 67.18
54.76 , 67.3
55.26 , 67.02
54.95 , 66.7
55.09 , 67.25
54.97 , 66.96
54.9 , 67.02
55.72 , 67.2
54.69 , 67.4
54.96 , 66.73
55.58 , 66.9
54.92 , 67.23
55.35 , 67.12
55.39 , 67.08
54.9 , 67.05
54.83 , 67.12
55.43 , 67.12
55.1 , 67.29
54.98 , 67.16
55.1 , 67.24
54.45 , 67.12
54.5 , 67.55
54.91 , 67.18
55.3 , 67.05
54.77 , 67.06
55.13 , 67.37
54.95 , 67.5
55.4 , 67.05
55.04 , 67.18
54.96 , 67.43
54.69 , 66.89
55.25 , 67.29
55.21 , 67.18
55.22 , 67.41
55.28 , 67.31
54.75 , 67.14
54.99 , 67.59
54.76 , 67.58
55.14 , 67.17
54.9 , 67.51
55.15 , 67.6
54.91 , 67.44
55.17 , 67.73
55.0 , 67.84
55.14 , 67.36
55.22 , 67.58
55.19 , 67.8
55.25 , 67.78
55.44 , 67.62
54.72 , 67.32
54.45 , 67.14
54.88 , 67.5
54.98 , 67.89
55.13 , 67.98
55.08 , 67.48
55.17 , 67.86
54.7 , 67.64
55.11 , 67.55
55.44 , 67.81
55.23 , 67.65
54.97 , 67.25
54.89 , 67.89
54.88 , 67.69
54.5 , 67.57
55.0 , 67.73
54.84 , 67.69
55.2 , 68.0
55.16 , 68.09
54.74 , 67.99
55.12 , 67.79
55.06 , 68.0
54.78 , 68.32
55.02 , 68.21
54.78 , 67.87
54.95 , 67.52
55.25 , 67.45
55.18 , 67.87
55.13 , 67.71
55.0 , 68.04
54.81 , 67.96
55.06 , 67.74
55.03 , 68.1
54.96 , 67.62
54.85 , 67.81
55.07 , 67.69
55.18 , 67.73
55.11 , 67.68
54.97 , 68.12
54.92 , 68.5
54.93 , 67.62
55.0 , 68.4
54.81 , 68.11
55.06 , 68.25
55.0 , 68.35
54.74 , 68.1
54.72 , 68.03
54.62 , 67.99
54.81 , 68.56
55.04 , 68.67
54.99 , 68.24
55.15 , 68.41
54.82 , 68.08
55.31 , 68.06
55.0 , 67.83
54.67 , 68.1
54.87 , 68.2
55.3 , 67.88
54.98 , 68.09
54.99 , 68.26
54.76 , 68.09
54.46 , 68.72
54.8 , 68.65
54.72 , 68.11
54.66 , 68.51
54.96 , 68.35
54.36 , 68.32
55.06 , 68.21
55.1 , 68.29
55.32 , 68.53
54.7 , 68.24
55.08 , 68.15
55.06 , 68.54
54.88 , 68.45
54.91 , 68.56
54.3 , 68.4
54.98 , 68.29
55.33 , 68.06
55.07 , 68.19
54.64 , 68.4
54.56 , 68.41
55.59 , 68.66
55.08 , 68.12
54.46 , 68.36
54.7 , 68.6
54.68 , 68.4
55.56 , 68.28
55.19 , 68.69
55.6 , 68.23
54.84 , 68.5
55.12 , 68.57
55.34 , 68.69
54.75 , 68.69
55.4 , 68.69
54.97 , 68.89
54.83 , 68.75
55.33 , 68.73
55.03 , 68.94
55.41 , 68.78
55.59 , 68.57
54.66 , 68.76
55.02 , 68.93
55.55 , 68.89
55.05 , 68.96
54.63 , 68.72
54.97 , 69.07
55.18 , 68.86
55.08 , 68.62
54.75 , 68.75
54.99 , 68.93
55.21 , 68.77
55.04 , 68.52
55.29 , 68.35
54.93 , 68.74
54.85 , 69.08
55.08 , 69.37
55.01 , 68.56
55.34 , 68.83
55.14 , 69.3
55.41 , 69.12
54.84 , 69.08
55.12 , 68.53
54.83 , 68.99
55.22 , 68.86
54.97 , 68.32
55.53 , 68.64
55.07 , 69.42
54.7 , 69.27
54.79 , 68.94
54.67 , 68.99
55.04 , 69.15
55.23 , 69.07
54.7 , 69.0
54.57 , 68.7
54.91 , 69.25
54.83 , 69.08
55.15 , 69.05
54.87 , 69.29
55.06 , 69.3
54.74 , 69.13
55.11 , 68.97
55.13 , 69.38
54.76 , 69.32
55.04 , 69.52
54.58 , 69.13
55.19 , 69.48
55.05 , 69.23
54.9 , 69.64
55.16 , 69.44
55.12 , 69.06
55.38 , 69.37
55.18 , 69.02
55.32 , 69.5
55.31 , 69.12
54.46 , 69.22
55.04 , 69.08
54.91 , 68.95
55.0 , 69.17
54.77 , 69.44
54.78 , 69.63
54.9 , 69.3
54.93 , 69.83
55.07 , 69.48
54.95 , 69.3
54.53 , 69.41
55.37 , 69.48
55.12 , 69.58
55.12 , 69.14
55.16 , 69.44
55.07 , 69.62
55.07 , 69.37
54.75 , 69.21
55.52 , 69.82
55.45 , 69.03
54.9 , 69.5
54.85 , 69.69
54.73 , 69.35
55.2 , 69.26
54.78 , 69.5
55.18 , 69.61
54.98 , 69.49
54.98 , 69.71
55.46 , 69.25
55.05 , 69.24
55.43 , 69.13
55.0 , 69.84
55.1 , 69.67
54.96 , 69.62
54.62 , 69.72
54.85 , 70.08
55.06 , 69.84
54.99 , 69.92
54.93 , 69.53
54.96 , 69.63
55.08 , 69.93
55.1 , 69.58
55.08 , 69.83
54.88 , 69.71
54.95 , 69.68
54.77 , 70.2
54.94 , 69.77
54.66 , 69.52
54.73 , 70.07
54.96 , 70.13
54.87 , 69.78
54.89 , 70.34
54.86 , 70.03
54.72 , 70.28
54.98 , 69.98
55.3 , 69.66
55.03 , 70.24
55.15 , 69.94
54.82 , 70.33
55.24 , 69.64
55.06 , 70.06
55.12 , 70.23
55.13 , 69.68
54.87 , 69.71
54.86 , 69.61
55.13 , 69.69
54.66 , 70.11
55.1 , 70.15
54.99 , 69.66
55.21 , 70.21
55.22 , 69.93
54.86 , 69.84
55.19 , 69.85
55.03 , 70.45
54.31 , 70.24
54.92 , 70.33
54.82 , 70.16
54.6 , 69.9
55.62 , 70.28
54.77 , 70.03
55.06 , 70.18
54.75 , 69.93
54.81 , 70.62
55.13 , 69.88
55.12 , 69.76
54.56 , 69.96
54.88 , 70.37
54.38 , 70.2
54.83 , 70.4
54.6 , 70.26
55.08 , 70.41
54.74 , 70.2
55.28 , 69.95
54.68 , 70.35
55.06 , 70.4
54.88 , 70.39
54.54 , 70.48
54.42 , 70.05
54.6 , 70.37
54.31 , 70.05
54.51 , 70.32
54.45 , 69.96
55.03 , 70.47
54.68 , 70.23
54.92 , 70.32
54.4 , 70.24
54.78 , 70.56
55.02 , 70.46
55.13 , 70.19
54.51 , 70.8
54.62 , 70.74
54.13 , 70.64
54.77 , 70.97
55.02 , 70.2
54.45 , 70.17
55.24 , 70.71
54.68 , 70.8
54.9 , 70.0
54.87 , 70.2
54.89 , 70.54
54.54 , 70.35
54.64 , 70.8
54.67 , 70.44
54.96 , 70.51
54.48 , 70.18
54.36 , 70.39
54.32 , 70.94
54.35 , 71.07
54.61 , 70.96
54.66 , 70.27
54.62 , 70.32
54.28 , 71.09
54.88 , 71.14
54.52 , 70.47
54.48 , 70.59
54.84 , 70.9
54.55 , 70.73
53.8 , 70.38
54.1 , 70.83
54.58 , 70.79
54.56 , 70.69
54.59 , 70.76
54.61 , 70.63
54.49 , 70.72
54.02 , 70.81
54.1 , 70.55
54.46 , 71.12
54.3 , 70.82
54.72 , 70.74
54.92 , 70.56
54.53 , 70.71
54.7 , 71.12
54.49 , 70.77
54.54 , 70.69
53.95 , 70.66
54.14 , 70.74
54.8 , 70.91
54.19 , 70.76
54.63 , 70.89
54.87 , 71.28
54.42 , 70.89
54.21 , 70.3
54.22 , 70.96
54.22 , 71.28
54.28 , 71.09
54.48 , 70.82
54.15 , 70.96
54.34 , 71.06
53.87 , 70.78
54.73 , 71.01
53.74 , 70.68
54.42 , 70.87
54.43 , 71.17
53.78 , 70.67
54.34 , 70.66
54.33 , 70.91
54.32 , 70.78
53.64 , 71.2
54.22 , 71.03
54.22 , 71.17
53.95 , 70.97
54.0 , 71.08
54.36 , 70.58
54.52 , 71.17
54.33 , 71.11
53.96 , 70.99
53.88 , 71.16
54.63 , 70.89
54.08 , 71.14
54.12 , 71.22
54.43 , 71.49
54.17 , 70.92
54.2 , 70.92
54.57 , 71.21
53.7 , 70.82
54.09 , 71.25
54.27 , 70.98
53.8 , 70.9
54.27 , 71.16
54.21 , 71.49
53.87 , 71.63
54.23 , 70.99
54.16 , 71.01
54.18 , 71.09
54.67 , 71.22
53.68 , 71.54
54.47 , 71.7
54.06 , 70.87
53.83 , 71.38
54.19 , 71.28
54.12 , 70.99
54.18 , 71.11
54.16 , 71.58
54.03 , 72.01
54.05 , 71.15
53.85 , 71.44
54.25 , 71.46
53.85 , 71.33
53.89 , 71.61
53.92 , 71.27
54.14 , 70.97
53.67 , 71.46
53.91 , 71.6
53.83 , 71.92
53.89 , 71.0
53.99 , 71.09
53.81 , 71.55
53.76 , 71.08
54.11 , 71.72
53.88 , 71.47
53.93 , 71.24
53.96 , 71.57
54.25 , 71.5
54.4 , 71.26
53.93 , 71.45
53.31 , 71.46
53.86 , 71.15
53.85 , 71.63
53.82 , 71.52
53.53 , 71.45
53.48 , 71.46
54.07 , 71.45
54.15 , 71.37
53.55 , 71.48
54.06 , 71.95
53.83 , 71.65
53.83 , 71.54
53.76 , 72.14
53.76 , 71.4
53.5 , 71.52
53.97 , 71.39
54.09 , 71.77
53.67 , 71.57
53.59 , 71.82
53.66 , 71.9
53.77 , 72.1
53.72 , 71.55
53.75 , 71.88
53.84 , 72.22
54.02 , 71.69
53.48 , 71.37
53.36 , 71.26
53.75 , 71.87
53.25 , 71.96
53.39 , 71.64
53.57 , 72.06
53.57 , 71.51
53.87 , 71.73
53.18 , 72.39
53.88 , 71.32
53.19 , 71.96
53.49 , 71.89
53.5 , 71.94
53.16 , 71.64
53.41 , 71.69
53.28 , 71.73
53.31 , 72.23
53.75 , 72.02
52.95 , 71.83
53.25 , 71.92
53.53 , 71.76
53.33 , 72.08
53.95 , 72.22
53.26 , 71.94
53.2 , 72.16
53.12 , 71.89
53.2 , 72.02
53.26 , 72.14
54.03 , 71.7
53.7 , 71.77
53.53 , 71.65
53.57 , 71.64
53.86 , 72.72
53.12 , 72.1
53.19 , 71.84
53.18 , 71.95
53.25 , 72.57
53.45 , 72.24
53.54 , 71.74
53.22 , 72.0
53.79 , 71.93
53.32 , 71.8
53.47 , 72.3
53.05 , 71.99
53.46 , 72.45
53.12 , 71.92
53.5 , 72.42
53.51 , 71.94
53.24 , 72.4
53.65 , 72.1
53.66 , 72.09
53.32 , 72.1
52.91 , 71.81
53.33 , 72.11
53.22 , 72.2
53.52 , 72.59
53.08 , 72.11
53.4 , 71.83
53.23 , 72.69
53.27 , 72.27
52.92 , 72.46
53.54 , 72.03
53.4 , 72.1
52.89 , 72.72
53.4 , 72.09
52.84 , 72.17
52.83 , 72.23
53.18 , 72.15
53.7 , 72.22
53.36 , 72.71
53.32 , 72.2
53.36 , 72.27
52.92 , 72.58
53.33 , 73.07
53.29 , 72.68
52.94 , 72.57
53.25 , 72.7
53.38 , 71.98
52.77 , 72.51
52.91 , 72.63
53.3 , 72.4
53.06 , 72.64
53.18 , 71.96
53.65 , 72.53
53.04 , 72.27
53.16 , 72.56
53.38 , 72.49
53.2 , 72.57
53.15 , 72.64
53.25 , 72.87
53.54 , 72.83
52.5 , 72.65
53.29 , 72.89
52.78 , 72.4
52.78 , 72.62
53.43 , 72.64
53.11 , 72.86
52.84 , 72.64
52.86 , 72.54
53.22 , 72.59
53.04 , 72.58
52.92 , 72.66
53.0 , 72.27
53.05 , 72.39
53.29 , 72.75
53.32 , 72.16
52.86 , 72.46
53.14 , 72.88
52.97 , 72.94
53.2 , 72.83
52.81 , 72.85
53.05 , 72.33
53.29 , 72.73
52.88 , 72.68
52.66 , 72.43
53.14 , 72.53
52.93 , 72.83
53.01 , 72.24
53.07 , 72.87
53.0 , 72.62
52.67 , 72.78
52.44 , 73.02
53.04 , 72.86
52.45 , 72.92
52.75 , 72.83
52.74 , 73.0
52.7 , 72.77
52.95 , 73.47
52.97 , 73.48
52.84 , 72.99
52.76 , 72.97
52.97 , 72.89
52.53 , 73.01
53.28 , 72.69
52.44 , 73.27
53.01 , 72.61
52.42 , 73.29
52.95 , 73.19
52.58 , 73.17
52.81 , 72.46
52.94 , 73.51
52.84 , 73.12
52.51 , 73.58
53.09 , 72.75
52.87 , 73.09
53.23 , 73.44
52.65 , 73.21
52.61 , 73.07
52.16 , 72.96
52.66 , 72.89
52.35 , 73.01
52.66 , 72.91
52.67 , 73.11
52.52 , 72.99
52.85 , 73.31
52.58 , 73.21
52.46 , 72.78
52.96 , 72.89
52.72 , 73.65
52.78 , 73.39
52.67 , 73.08
52.67 , 73.38
52.42 , 73.47
52.11 , 73.02
52.75 , 73.33
52.65 , 73.2
52.31 , 73.27
52.37 , 73.45
52.39 , 73.42
53.26 , 73.33
52.7 , 72.82
52.41 , 73.02
52.12 , 73.11
52.17 , 73.63
52.3 , 73.46
52.42 , 73.5
52.67 , 73.51
52.23 , 73.58
52.72 , 73.88
53.0 , 73.33
52.25 , 73.4
52.21 , 73.37
52.55 , 73.06
52.65 , 73.18
52.72 , 73.52
52.57 , 72.97
52.49 , 73.28
52.18 , 73.23
52.42 , 73.35
52.54 , 73.71
52.21 , 73.96
52.37 , 73.03
52.16 , 73.74
52.28 , 73.3
52.27 , 73.69
52.47 , 73.16
52.21 , 73.38
52.21 , 73.89
52.36 , 73.65
51.84 , 73.26
52.51 , 73.51
52.36 , 73.61
52.13 , 73.75
52.46 , 73.56
52.55 , 73.17
52.65 , 73.01
52.04 , 73.92
52.52 , 73.59
52.68 , 73.59
52.13 , 73.82
52.03 , 73.7
52.12 , 73.41
52.44 , 73.82
52.45 , 73.8
52.22 , 73.66
52.16 , 73.09
52.37 , 73.99
52.36 , 73.72
52.2 , 73.74
52.44 , 73.72
51.91 , 73.96
52.1 , 73.5
51.94 , 73.78
52.32 , 73.92
51.81 , 74.16
52.61 , 73.7
51.62 , 73.94
52.28 , 73.8
52.12 , 74.01
52.36 , 73.1
51.73 , 74.08
51.89 , 74.21
51.85 , 73.88
52.0 , 73.79
51.71 , 73.58
51.96 , 73.71
52.03 , 73.95
52.47 , 74.0
52.08 , 73.78
51.94 , 74.31
52.01 , 73.54
51.93 , 73.71
52.1 , 74.18
52.21 , 73.84
51.88 , 74.05
51.72 , 73.76
52.38 , 73.87
51.94 , 73.98
51.6 , 73.67
52.35 , 73.5
52.15 , 74.03
52.05 , 73.52
51.9 , 73.85
52.01 , 73.81
52.33 , 73.86
51.61 , 74.27
52.05 , 74.18
52.1 , 74.05
52.44 , 74.37
51.7 , 74.15
52.07 , 74.11
51.86 , 74.38
51.96 , 73.84
51.95 , 74.11
51.86 , 74.25
51.74 , 73.84
52.08 , 74.55
51.83 , 74.13
51.78 , 74.24
52.07 , 73.88
51.84 , 74.04
51.91 , 74.25
51.51 , 74.07
51.7 , 73.93
51.76 , 74.26
52.11 , 74.0
51.79 , 74.03
51.31 , 73.78
51.44 , 74.05
51.78 , 74.25
52.05 , 74.34
51.83 , 73.86
52.06 , 74.62
52.12 , 74.57
51.6 , 74.12
51.87 , 74.47
51.82 , 74.23
51.88 , 74.0
51.77 , 74.07
51.69 , 74.24
51.61 , 74.3
52.44 , 74.48
51.54 , 74.19
52.04 , 74.42
51.88 , 74.57
52.05 , 74.16
51.42 , 74.13
51.69 , 74.4
51.43 , 74.12
51.61 , 74.45
51.9 , 74.37
51.66 , 74.59
51.54 , 74.6
51.42 , 74.53
51.78 , 74.85
51.69 , 74.4
51.88 , 74.41
51.76 , 74.79
51.57 , 74.36
51.59 , 74.86
51.69 , 74.72
51.63 , 74.45
51.89 , 73.82
51.6 , 74.92
51.27 , 74.65
50.88 , 74.9
51.63 , 74.39
51.83 , 74.38
51.46 , 74.42
51.62 , 74.41
51.81 , 74.69
51.62 , 74.19
51.59 , 74.93
51.46 , 74.6
51.57 , 74.82
51.92 , 74.62
51.37 , 74.67
51.03 , 74.75
51.28 , 73.94
51.2 , 74.84
51.18 , 74.9
51.08 , 74.83
51.82 , 74.68
51.51 , 74.75
50.77 , 74.95
51.08 , 74.57
51.72 , 74.65
51.15 , 74.56
51.64 , 74.86
50.91 , 74.81
51.62 , 74.84
51.14 , 74.71
51.14 , 74.77
51.46 , 75.15
51.29 , 74.8
51.0 , 74.86
51.78 , 74.53
51.26 , 74.45
50.99 , 74.86
51.22 , 74.45
51.4 , 74.83
51.45 , 74.82
51.2 , 74.82
51.16 , 74.95
51.42 , 74.91
51.58 , 74.38
51.01 , 74.9
51.44 , 75.36
51.2 , 74.46
51.37 , 75.5
51.19 , 75.27
51.44 , 74.68
51.83 , 74.72
51.28 , 74.86
51.11 , 75.09
51.21 , 75.0
51.1 , 74.91
51.05 , 74.95
50.81 , 75.18
51.21 , 75.12
51.73 , 74.77
51.24 , 74.93
51.19 , 74.59
51.63 , 75.17
51.13 , 75.34
51.17 , 75.31
51.63 , 74.72
51.05 , 74.85
51.24 , 75.17
51.29 , 75.45
50.97 , 75.0
51.42 , 75.4
50.89 , 75.2
50.83 , 75.25
51.15 , 75.39
51.01 , 75.07
50.64 , 75.74
51.38 , 74.95
50.99 , 75.07
50.76 , 75.35
51.19 , 74.92
51.52 , 75.53
50.95 , 75.3
50.75 , 75.04
51.24 , 75.2
50.77 , 75.56
50.85 , 75.21
51.31 , 75.13
51.12 , 75.3
50.94 , 75.45
51.67 , 75.16
50.46 , 75.75
50.99 , 74.8
51.0 , 75.32
51.04 , 75.66
50.41 , 75.55
51.22 , 75.32
50.76 , 75.28
51.08 , 75.26
50.43 , 75.8
50.91 , 75.56
50.55 , 75.31
51.03 , 75.26
50.83 , 75.65
51.36 , 75.33
50.3 , 75.52
50.84 , 75.77
50.91 , 75.23
50.97 , 75.47
50.92 , 75.62
50.79 , 75.44
50.95 , 75.57
51.14 , 75.0
51.14 , 75.37
50.74 , 76.02
50.86 , 75.35
50.76 , 75.67
50.43 , 75.39
50.75 , 75.78
50.66 , 75.83
51.22 , 75.59
50.88 , 75.69
50.58 , 75.62
50.91 , 75.74
50.49 , 75.84
50.45 , 75.52
50.37 , 75.61
50.82 , 75.71
50.81 , 75.67
50.91 , 75.81
50.96 , 75.66
50.78 , 75.51
51.22 , 76.31
50.97 , 75.5
50.23 , 75.77
50.15 , 75.98
50.79 , 76.11
51.25 , 75.9
50.19 , 75.93
50.83 , 76.02
50.38 , 75.93
50.29 , 75.67
50.74 , 75.41
50.6 , 75.96
50.57 , 75.83
50.64 , 75.79
50.52 , 75.71
50.46 , 75.6
50.87 , 76.09
50.49 , 76.06
50.83 , 75.73
50.28 , 76.24
50.31 , 76.0
50.55 , 75.86
50.29 , 76.06
50.75 , 76.34
50.31 , 76.02
50.77 , 75.63
49.88 , 75.79
50.67 , 76.28
50.24 , 75.95
50.29 , 75.25
50.43 , 76.02
50.75 , 76.26
50.42 , 75.67
50.23 , 76.48
50.67 , 76.0
50.55 , 75.91
49.99 , 76.39
50.78 , 75.89
50.6 , 76.08
50.41 , 76.03
50.34 , 75.7
50.08 , 75.7
50.48 , 76.21
50.37 , 75.99
50.46 , 76.31
50.05 , 76.61
50.03 , 76.15
50.47 , 75.99
50.42 , 76.0
50.93 , 75.97
50.37 , 76.32
50.47 , 76.04
50.52 , 76.19
50.57 , 76.34
50.37 , 76.04
50.0 , 75.74
50.26 , 76.32
50.3 , 76.7
50.14 , 76.49
50.08 , 76.1
50.49 , 76.17
50.4 , 76.07
50.22 , 76.45
50.19 , 76.21
50.25 , 76.54
50.11 , 76.26
50.43 , 76.16
50.12 , 76.24
50.55 , 76.59
50.33 , 76.65
50.28 , 76.51
50.21 , 76.08
50.42 , 76.0
50.28 , 76.09
50.09 , 76.69
50.07 , 76.48
50.38 , 76.4
50.0 , 76.48
50.18 , 76.07
50.32 , 76.46
50.39 , 76.45
50.27 , 76.05
50.05 , 76.18
50.44 , 76.91
50.3 , 76.28
50.05 , 76.42
50.07 , 76.51
50.23 , 76.56
49.82 , 76.35
49.56 , 76.79
50.58 , 76.79
50.28 , 76.35
50.23 , 76.47
50.23 , 76.59
49.94 , 76.34
50.26 , 76.3
50.33 , 76.47
50.11 , 76.83
50.0 , 76.83
50.22 , 76.1
50.47 , 76.28
50.02 , 76.51
50.09 , 76.79
50.17 , 76.45
49.56 , 76.27
49.96 , 77.06
49.81 , 76.61
49.62 , 77.01
49.8 , 76.91
50.21 , 76.7
49.84 , 76.64
49.98 , 76.56
49.68 , 77.57
50.07 , 76.48
50.47 , 76.61
49.99 , 76.74
50.45 , 76.84
49.97 , 76.75
49.56 , 76.57
50.24 , 76.08
49.64 , 76.78
49.74 , 77.22
50.01 , 76.85
50.1 , 77.16
49.96 , 76.57
49.89 , 77.11
50.05 , 76.89
50.26 , 77.3
49.31 , 77.14
49.98 , 77.06
49.12 , 76.81
50.28 , 77.48
50.23 , 76.46
49.77 , 77.21
50.04 , 76.55
49.66 , 76.7
49.77 , 77.3
49.68 , 76.96
49.88 , 76.87
49.41 , 77.07
50.16 , 76.94
50.11 , 77.36
49.46 , 77.23
50.08 , 76.81
49.78 , 77.12
50.03 , 77.08
49.83 , 77.48
49.79 , 76.93
49.66 , 76.99
49.86 , 77.31
49.59 , 77.18
49.62 , 77.24
49.52 , 77.28
50.19 , 77.05
49.75 , 77.02
49.92 , 76.66
50.19 , 76.93
49.68 , 77.15
49.75 , 77.05
49.56 , 76.97
49.74 , 76.88
49.71 , 77.31
49.77 , 77.37
49.65 , 77.2
49.89 , 77.06
49.6 , 76.95
49.88 , 77.61
49.24 , 77.36
49.69 , 77.43
49.74 , 77.38
50.14 , 76.64
49.45 , 77.59
49.64 , 77.47
49.72 , 77.59
49.46 , 77.56
49.59 , 77.67
49.56 , 77.49
49.35 , 77.62
49.32 , 77.76
50.0 , 77.7
49.52 , 76.8
48.97 , 77.33
49.94 , 77.03
49.65 , 77.15
49.27 , 76.99
49.37 , 77.33
49.18 , 76.67
49.31 , 77.39
49.29 , 77.51
49.25 , 77.24
49.1 , 77.64
49.4 , 77.3
49.68 , 77.94
49.34 , 77.34
49.81 , 77.19
49.16 , 77.31
49.21 , 77.74
48.77 , 77.53
49.54 , 77.27
49.44 , 77.7
49.32 , 77.16
49.44 , 77.76
49.13 , 77.44
49.52 , 77.63
48.87 , 77.75
49.24 , 77.28
49.73 , 77.34
49.23 , 77.61
49.62 , 77.83
49.12 , 77.79
49.06 , 77.96
48.98 , 77.08
49.36 , 77.23
49.75 , 77.51
49.78 , 77.27
49.53 , 77.58
49.32 , 77.39
49.37 , 77.7
49.99 , 77.66
49.4 , 77.57
49.52 , 77.58
49.29 , 77.67
49.27 , 77.77
49.23 , 77.37
49.45 , 77.59
48.97 , 77.48
49.23 , 77.78
49.45 , 77.6
49.02 , 77.9
49.48 , 78.04
48.65 , 77.91
49.2 , 77.76
49.12 , 78.27
49.24 , 78.03
48.8 , 77.71
49.33 , 78.06
49.43 , 77.82
49.55 , 77.74
48.96 , 77.78
49.5 , 77.76
48.79 , 77.89
48.93 , 78.15
49.13 , 77.95
49.17 , 77.44
48.77 , 77.85
48.86 , 78.04
49.15 , 77.82
49.15 , 77.92
48.66 , 77.98
49.27 , 77.77
48.87 , 77.91
49.23 , 78.02
48.86 , 77.95
48.9 , 77.6
48.61 , 77.83
49.33 , 78.3
48.75 , 78.55
48.84 , 77.7
48.54 , 77.64
49.25 , 78.09
49.02 , 77.76
49.2 , 77.79
48.4 , 77.97
48.99 , 78.38
48.69 , 78.5
49.42 , 77.95
49.08 , 77.82
48.95 , 77.91
48.22 , 78.13
49.05 , 78.24
49.29 , 78.33
48.45 , 78.24
48.93 , 78.13
48.95 , 77.93
48.76 , 77.84
49.07 , 77.85
48.96 , 78.33
48.77 , 78.36
48.81 , 78.41
48.95 , 78.46
48.85 , 78.24
48.63 , 78.36
49.14 , 78.3
49.06 , 78.09
48.54 , 77.98
48.55 , 78.23
48.54 , 78.15
48.85 , 78.21
48.55 , 78.34
48.86 , 77.97
49.34 , 78.6
48.91 , 78.03
48.6 , 78.55
49.28 , 78.2
48.36 , 78.65
48.64 , 78.58
48.54 , 78.29
48.62 , 78.06
48.96 , 78.02
48.69 , 78.52
48.59 , 78.3
48.71 , 78.63
48.51 , 78.45
49.0 , 78.39
48.36 , 78.47
48.0 , 78.4
48.76 , 78.61
48.77 , 78.2
48.88 , 78.68
48.7 , 78.48
48.57 , 78.22
48.65 , 78.33
48.87 , 78.76
48.59 , 78.97
48.73 , 79.09
48.88 , 78.91
48.19 , 78.5
49.05 , 78.42
48.21 , 78.28
48.53 , 78.37
48.41 , 78.11
48.46 , 78.36
48.69 , 79.01
48.59 , 78.8
48.54 , 78.63
48.3 , 78.58
48.74 , 78.45
48.71 , 78.25
48.68 , 78.63
48.64 , 78.49
48.48 , 78.75
49.04 , 78.5
48.66 , 79.27
48.57 , 78.73
48.86 , 78.36
48.18 , 78.5
49.02 , 78.45
48.45 , 78.52
48.58 , 78.76
48.28 , 78.67
48.65 , 78.71
48.29 , 78.48
49.02 , 78.18
48.39 , 78.76
48.31 , 78.92
47.9 , 78.73
48.11 , 78.8
48.33 , 78.88
47.95 , 78.81
48.35 , 78.74
48.24 , 78.69
48.79 , 79.06
48.36 , 78.94
48.6 , 78.74
48.04 , 79.0
48.25 , 79.04
48.41 , 78.5
48.62 , 78.8
48.63 , 78.9
48.64 , 78.85
48.05 , 78.74
48.41 , 79.52
48.28 , 78.53
48.41 , 79.07
48.34 , 79.07
48.13 , 78.94
48.14 , 78.71
48.2 , 78.78
47.93 , 79.2
47.74 , 78.72
48.52 , 79.15
48.22 , 79.28
48.54 , 78.63
48.14 , 79.02
48.02 , 78.69
48.22 , 78.58
48.03 , 78.95
48.16 , 79.25
48.14 , 79.27
48.42 , 79.3
47.89 , 78.82
48.09 , 79.46
48.47 , 79.28
47.9 , 79.11
48.06 , 79.28
48.43 , 78.72
47.85 , 79.12
47.46 , 79.03
48.07 , 79.11
48.26 , 78.96
48.51 , 79.33
47.97 , 79.26
48.17 , 79.23
47.88 , 79.53
48.15 , 79.08
48.12 , 79.42
48.04 , 78.87
47.74 , 79.35
48.08 , 79.38
47.93 , 79.03
48.44 , 79.34
47.98 , 79.63
47.78 , 79.62
47.5 , 79.48
47.92 , 79.2
48.34 , 79.35
48.24 , 79.46
48.25 , 79.87
47.96 , 79.61
48.12 , 79.25
47.9 , 79.38
47.95 , 79.91
47.86 , 79.57
48.08 , 79.22
47.7 , 79.42
47.85 , 79.57
47.91 , 79.68
47.57 , 79.61
47.88 , 79.63
47.86 , 79.63
47.94 , 79.42
48.02 , 79.29
47.97 , 79.45
47.78 , 79.19
47.26 , 79.39
48.42 , 79.33
47.92 , 79.71
48.08 , 79.35
47.75 , 79.25
47.53 , 79.34
47.97 , 79.29
48.01 , 79.59
48.12 , 78.98
47.58 , 79.43
47.69 , 79.88
47.55 , 79.59
47.98 , 79.7
47.69 , 79.39
47.76 , 79.4
47.98 , 79.33
48.1 , 80.11
47.34 , 80.04
47.19 , 80.16
47.99 , 79.46
47.93 , 79.3
47.64 , 79.46
48.14 , 79.52
47.57 , 79.31
47.72 , 79.81
47.93 , 79.66
47.81 , 80.23
47.65 , 79.64
47.62 , 79.79
47.8 , 79.7
47.62 , 80.12
47.54 , 79.68
47.48 , 79.93
47.64 , 79.76
47.31 , 79.84
47.55 , 79.47
47.49 , 79.65
47.42 , 80.19
47.5 , 80.16
47.14 , 79.5
47.88 , 80.06
47.74 , 80.18
47.76 , 80.15
47.52 , 80.01
47.51 , 79.65
47.27 , 79.7
47.94 , 80.23
47.33 , 79.82
47.65 , 79.93
47.29 , 80.13
47.44 , 79.71
47.18 , 80.1
47.53 , 79.44
47.64 , 79.77
47.31 , 79.76
46.92 , 80.11
47.8 , 79.86
47.51 , 79.96
47.6 , 80.47
47.9 , 79.83
47.99 , 79.87
47.57 , 80.04
47.8 , 79.44
47.32 , 80.25
47.3 , 79.86
47.38 , 79.91
47.56 , 79.58
47.8 , 80.42
47.81 , 79.92
47.56 , 79.92
47.72 , 80.0
47.52 , 80.82
47.36 , 80.28
47.58 , 80.09
47.25 , 80.26
47.27 , 80.06
47.12 , 80.22
47.52 , 80.25
47.01 , 79.81
47.38 , 80.14
47.46 , 80.43
47.51 , 80.03
47.12 , 80.3
47.42 , 80.44
47.45 , 80.4
46.69 , 80.29
46.65 , 80.01
46.96 , 79.9
47.36 , 79.89
47.76 , 80.19
47.28 , 80.29
47.42 , 80.15
47.76 , 80.09
47.6 , 80.11
47.01 , 80.48
47.84 , 79.97
47.39 , 79.9
46.64 , 80.45
47.29 , 80.23
47.3 , 80.36
47.15 , 80.4
47.08 , 80.37
47.4 , 79.84
47.22 , 80.84
47.51 , 80.73
47.57 , 80.62
46.95 , 79.81
46.97 , 80.39
47.26 , 80.64
46.91 , 80.46
46.44 , 80.73
47.25 , 80.47
47.11 , 80.72
46.94 , 80.54
46.97 , 80.66
47.39 , 80.16
46.78 , 80.43
46.95 , 80.6
47.13 , 80.39
47.39 , 80.72
46.93 , 80.51
47.21 , 80.91
47.21 , 80.36
46.97 , 80.86
47.16 , 80.84
46.9 , 80.42
47.06 , 80.68
47.17 , 80.48
47.38 , 80.62
46.72 , 80.59
46.92 , 81.13
46.83 , 80.38
47.09 , 80.77
46.93 , 80.56
46.9 , 80.87
47.06 , 80.65
46.4 , 80.51
46.49 , 80.66
46.72 , 80.52
46.81 , 80.87
47.24 , 80.63
46.68 , 80.88
47.01 , 80.37
46.59 , 81.05
46.98 , 80.46
47.15 , 80.76
47.2 , 80.98
46.54 , 80.25
46.82 , 80.46
46.99 , 81.09
46.98 , 81.03
46.9 , 81.24
47.47 , 80.58
46.77 , 81.27
46.67 , 80.52
46.93 , 81.26
46.93 , 81.22
46.44 , 80.95
46.54 , 81.29
46.8 , 81.26
46.76 , 81.18
46.95 , 80.74
46.89 , 80.79
46.84 , 81.04
46.85 , 81.24
47.0 , 80.96
46.54 , 81.31
46.4 , 81.1
46.74 , 80.69
46.47 , 80.83
47.01 , 81.09
47.05 , 80.92
46.62 , 81.02
46.93 , 81.32
46.65 , 81.35
46.96 , 81.53
46.77 , 80.93
46.74 , 81.28
46.86 , 81.02
46.33 , 80.69
46.82 , 81.0
46.98 , 80.86
46.67 , 81.49
46.78 , 81.06
46.94 , 81.72
46.79 , 81.06
46.73 , 80.8
46.93 , 80.46
46.39 , 81.32
46.73 , 81.15
46.24 , 81.0
46.58 , 81.38
46.56 , 80.75
46.92 , 81.49
46.75 , 80.81
46.57 , 81.22
46.45 , 80.98
46.58 , 81.32
46.67 , 81.47
46.7 , 81.06
46.22 , 80.98
46.47 , 81.27
46.48 , 81.59
46.54 , 81.14
46.6 , 80.82
46.29 , 81.17
46.5 , 81.08
46.76 , 81.41
46.45 , 81.57
47.01 , 81.37
46.45 , 81.35
46.04 , 81.17
46.49 , 81.48
46.66 , 81.45
46.54 , 81.26
46.38 , 81.38
46.72 , 81.21
46.25 , 81.45
46.27 , 81.36
46.37 , 81.59
46.2 , 81.21
46.46 , 81.25
46.49 , 81.15
46.85 , 81.59
45.52 , 81.21
46.3 , 81.73
46.7 , 81.44
45.74 , 81.31
46.46 , 81.54
46.25 , 81.64
45.95 , 81.9
46.46 , 81.46
46.79 , 81.06
46.58 , 81.79
46.68 , 81.56
46.49 , 81.46
46.4 , 81.57
46.39 , 81.69
46.46 , 81.9
46.12 , 81.29
46.26 , 81.35
46.5 , 81.6
46.13 , 81.94
46.45 , 82.02
46.26 , 81.62
46.15 , 82.01
46.43 , 81.72
46.41 , 81.95
46.67 , 81.59
46.37 , 81.71
46.13 , 81.51
46.47 , 81.47
46.17 , 81.86
46.19 , 81.62
46.35 , 81.68
46.7 , 81.98
46.24 , 81.89
46.52 , 81.22
45.94 , 81.86
46.2 , 82.02
46.33 , 81.84
46.39 , 81.61
46.23 , 81.94
46.32 , 81.79
46.13 , 82.29
46.47 , 81.9
45.95 , 82.0
46.05 , 82.28
46.28 , 81.68
46.46 , 82.0
46.32 , 82.1
46.27 , 81.88
45.82 , 81.41
46.47 , 81.78
46.19 , 82.19
46.2 , 82.15
46.22 , 82.19
46.09 , 81.74
45.55 , 81.68
46.27 , 81.76
45.92 , 81.78
45.64 , 82.22
46.17 , 81.84
45.82 , 82.25
46.02 , 82.02
45.96 , 82.21
45.87 , 81.79
45.81 , 82.07
45.82 , 81.82
45.72 , 82.0
46.11 , 82.23
46.07 , 82.45
45.65 , 82.04
45.5 , 82.14
45.94 , 81.56
46.04 , 81.82
45.89 , 82.02
46.02 , 82.62
45.81 , 82.63
45.64 , 81.9
46.22 , 81.94
46.21 , 81.8
46.03 , 82.37
45.38 , 82.28
45.76 , 82.17
45.84 , 82.43
46.13 , 82.3
45.82 , 82.33
45.24 , 82.42
45.6 , 82.29
45.86 , 82.45
45.54 , 82.5
46.31 , 82.52
45.39 , 82.35
45.31 , 82.47
45.85 , 82.03
45.73 , 82.4
45.48 , 82.3
45.67 , 81.99
45.75 , 82.37
45.83 , 82.6
46.01 , 82.36
45.32 , 82.22
45.88 , 82.92
45.54 , 82.61
45.65 , 82.06
46.1 , 82.55
45.55 , 82.21
45.72 , 83.12
45.59 , 82.51
45.36 , 82.19
45.74 , 82.61
45.78 , 82.6
45.69 , 82.45
45.53 , 82.63
45.83 , 82.41
45.89 , 82.6
45.63 , 82.2
45.43 , 82.31
45.84 , 82.31
45.78 , 82.54
45.57 , 82.51
45.89 , 82.64
45.91 , 82.32
45.01 , 82.42
45.53 , 82.22
45.33 , 82.47
45.4 , 82.73
45.36 , 82.32
45.39 , 82.23
45.44 , 82.71
45.36 , 82.87
45.36 , 82.59
45.29 , 82.81
45.66 , 82.62
45.27 , 83.09
45.61 , 82.95
45.04 , 82.52
45.78 , 82.52
44.93 , 82.73
45.62 , 82.9
45.29 , 82.56
45.34 , 82.65
45.59 , 82.71
45.45 , 82.64
45.52 , 82.63
45.2 , 82.66
45.22 , 82.7
45.77 , 82.62
45.43 , 82.78
45.21 , 82.58
45.71 , 82.68
45.3 , 82.84
45.33 , 82.61
45.86 , 82.71
45.45 , 82.7
45.22 , 82.78
45.31 , 82.62
45.37 , 82.79
45.65 , 83.32
45.13 , 82.74
45.52 , 82.9
45.22 , 83.16
45.24 , 82.79
45.32 , 82.89
45.52 , 82.76
45.22 , 82.56
45.06 , 83.27
45.68 , 82.61
45.33 , 82.74
45.27 , 82.68
45.26 , 82.89
45.1 , 82.86
44.85 , 82.9
45.29 , 83.2
45.24 , 82.76
45.08 , 82.86
45.12 , 82.69
44.99 , 83.03
44.95 , 83.37
45.26 , 82.84
45.08 , 83.25
45.04 , 82.43
45.49 , 83.39
45.31 , 83.51
45.03 , 82.86
45.31 , 82.98
45.01 , 83.09
44.93 , 83.28
44.93 , 82.82
45.21 , 83.21
45.04 , 83.3
45.09 , 83.51
45.07 , 82.8
45.13 , 82.89
45.0 , 83.17
45.18 , 82.96
45.15 , 83.29
45.24 , 83.37
45.69 , 82.97
45.28 , 83.16
45.11 , 83.38
45.13 , 83.57
44.86 , 83.26
45.18 , 83.0
45.39 , 82.9
44.79 , 83.21
45.28 , 83.22
44.9 , 83.45
44.68 , 83.33
44.89 , 83.11
45.4 , 83.54
44.96 , 83.33
44.87 , 82.94
44.78 , 83.37
44.54 , 83.75
44.68 , 83.34
45.18 , 83.33
45.1 , 83.76
44.77 , 83.35
45.33 , 83.32
45.26 , 83.57
45.06 , 83.51
44.42 , 83.5
45.01 , 83.5
44.9 , 83.33
44.47 , 83.64
44.97 , 83.76
45.07 , 83.58
44.94 , 83.69
44.76 , 83.61
44.96 , 83.17
45.18 , 83.72
44.92 , 83.65
45.05 , 83.23
45.34 , 83.98
44.86 , 83.64
44.67 , 83.53
44.61 , 83.64
44.96 , 83.43
44.34 , 83.62
44.71 , 83.2
44.58 , 83.72
44.57 , 83.29
44.76 , 83.99
44.88 , 83.66
44.72 , 83.7
44.99 , 83.83
44.62 , 83.54
44.97 , 83.71
45.12 , 83.98
44.68 , 83.57
44.55 , 83.76
44.67 , 84.1
44.91 , 83.3
44.74 , 83.43
44.76 , 83.33
44.88 , 83.67
44.91 , 83.45
44.34 , 83.69
44.79 , 83.77
44.74 , 83.59
44.67 , 83.69
44.76 , 83.75
44.25 , 83.75
45.12 , 83.48
44.86 , 83.62
44.63 , 83.66
44.34 , 83.52
44.51 , 84.12
45.1 , 83.61
44.0 , 83.86
44.69 , 83.43
44.89 , 83.36
44.65 , 83.72
44.77 , 83.83
44.74 , 84.12
44.6 , 84.21
44.5 , 84.06
44.48 , 84.31
44.15 , 83.59
44.34 , 84.15
44.71 , 84.32
44.62 , 83.53
44.19 , 83.94
44.59 , 84.12
44.48 , 83.9
44.58 , 83.87
44.31 , 84.19
44.43 , 83.99
44.01 , 84.34
44.34 , 84.18
44.43 , 84.27
44.34 , 84.08
44.5 , 84.07
44.18 , 84.05
44.31 , 83.72
44.2 , 84.17
45.32 , 84.05
44.12 , 83.83
44.81 , 84.12
44.87 , 84.16
44.55 , 84.73
44.63 , 84.32
44.12 , 84.58
44.16 , 83.75
44.56 , 84.3
44.85 , 84.15
44.29 , 84.52
44.6 , 84.26
44.68 , 84.34
44.06 , 84.07
44.55 , 84.06
44.25 , 84.64
44.35 , 84.89
44.49 , 84.3
44.07 , 84.12
43.92 , 84.41
44.57 , 84.48
44.54 , 84.45
44.66 , 84.58
44.07 , 84.42
43.96 , 83.94
44.05 , 84.16
44.38 , 83.84
44.24 , 84.12
43.97 , 84.07
44.71 , 84.39
43.93 , 83.35
44.17 , 84.75
44.7 , 84.03
44.44 , 84.41
44.53 , 84.57
43.8 , 84.42
44.3 , 84.79
44.09 , 84.47
43.87 , 84.6
43.93 , 84.02
44.27 , 84.49
43.96 , 84.43
44.21 , 83.94
43.99 , 85.08
44.48 , 84.56
43.96 , 83.99
43.94 , 84.47
43.73 , 84.52
44.05 , 84.35
44.04 , 84.68
43.95 , 84.81
44.71 , 84.55
43.75 , 84.22
43.91 , 84.32
43.91 , 84.91
44.46 , 84.51
44.29 , 85.03
44.17 , 84.46
43.91 , 84.55
43.86 , 84.77
44.36 , 84.78
43.83 , 84.42
43.97 , 84.36
43.56 , 84.84
43.65 , 84.93
43.89 , 84.54
43.85 , 84.93
43.74 , 84.57
43.7 , 84.7
43.46 , 84.71
44.22 , 84.99
43.19 , 85.04
43.89 , 85.0
44.18 , 84.64
43.8 , 85.0
44.35 , 84.38
43.87 , 84.91
44.03 , 85.03
43.55 , 85.21
43.4 , 85.17
43.99 , 85.18
43.71 , 84.75
43.51 , 84.99
43.94 , 84.55
43.79 , 84.94
43.62 , 84.51
44.35 , 85.06
43.77 , 85.3
43.56 , 84.91
43.42 , 85.26
44.06 , 85.2
43.88 , 84.87
43.79 , 84.94
43.51 , 84.68
43.84 , 84.64
43.56 , 85.21
43.45 , 85.01
44.11 , 85.05
43.73 , 84.72
43.87 , 85.14
44.01 , 85.03
43.91 , 85.33
43.88 , 84.73
43.44 , 85.07
43.71 , 85.41
44.02 , 84.72
43.62 , 84.87
43.48 , 84.62
43.71 , 85.25
43.78 , 84.72
43.85 , 85.23
43.66 , 85.12
43.92 , 85.04
43.57 , 84.96
43.42 , 85.53
43.48 , 84.79
43.19 , 84.96
44.14 , 85.2
43.88 , 84.76
43.97 , 85.33
43.77 , 85.11
43.54 , 85.09
43.73 , 85.25
44.21 , 85.1
43.76 , 85.22
43.41 , 85.29
43.59 , 85.33
43.3 , 85.45
43.43 , 85.2
43.21 , 85.08
43.15 , 85.53
43.7 , 85.21
43.42 , 85.27
43.53 , 85.05
43.41 , 85.2
43.55 , 85.54
43.73 , 84.95
43.89 , 85.48
43.74 , 85.74
43.59 , 85.47
43.38 , 85.25
43.45 , 85.59
43.12 , 85.32
43.46 , 85.55
43.65 , 84.81
43.31 , 84.8
43.3 , 85.59
43.54 , 85.56
43.44 , 85.02
43.91 , 85.64
43.89 , 85.36
43.39 , 85.43
43.48 , 85.53
43.62 , 85.65
43.55 , 85.52
43.68 , 85.71
43.04 , 85.83
43.33 , 85.94
43.4 , 85.65
43.22 , 85.38
43.33 , 85.19
43.82 , 85.83
43.56 , 85.49
43.24 , 85.4
43.04 , 86.06
43.13 , 85.67
43.44 , 84.95
43.3 , 85.82
43.63 , 86.0
42.96 , 86.17
43.43 , 85.23
42.99 , 85.88
43.45 , 85.68
43.55 , 85.59
43.56 , 85.78
43.17 , 86.03
43.51 , 85.25
43.77 , 86.03
43.24 , 85.63
43.09 , 85.58
43.11 , 85.68
43.42 , 85.26
43.07 , 85.84
43.32 , 85.42
43.36 , 85.51
43.39 , 85.84
43.0 , 85.94
43.42 , 85.89
43.22 , 85.67
43.32 , 85.58
42.86 , 85.95
43.25 , 85.74
43.33 , 85.79
43.27 , 85.92
43.36 , 86.1
43.17 , 85.8
43.32 , 85.62
43.07 , 85.93
42.93 , 85.67
43.01 , 86.01
43.05 , 85.86
43.09 , 85.83
43.36 , 85.41
43.46 , 85.94
42.93 , 86.17
42.99 , 85.92
43.21 , 85.88
43.15 , 85.95
42.96 , 85.97
43.41 , 85.82
43.27 , 86.28
42.53 , 86.09
43.05 , 85.49
42.97 , 86.2
42.9 , 86.26
43.11 , 86.21
43.02 , 86.25
43.12 , 85.2
42.86 , 86.07
43.15 , 85.8
42.88 , 86.32
42.88 , 86.12
42.8 , 86.11
42.65 , 86.18
43.03 , 86.12
43.13 , 85.76
42.46 , 86.19
42.58 , 86.24
43.26 , 85.99
42.64 , 86.4
42.94 , 85.62
43.11 , 86.26
42.94 , 86.08
43.24 , 86.14
43.35 , 86.15
42.61 , 86.19
43.09 , 86.13
42.82 , 86.36
42.45 , 85.91
43.14 , 86.05
42.64 , 85.91
43.02 , 85.95
42.54 , 86.16
42.66 , 86.32
42.75 , 86.78
43.14 , 86.06
43.04 , 86.55
42.87 , 86.33
43.14 , 86.12
43.16 , 86.58
43.04 , 86.21
42.53 , 86.27
42.48 , 86.21
42.96 , 86.19
43.0 , 86.1
42.44 , 86.19
43.07 , 86.41
42.79 , 86.38
42.67 , 86.25
42.66 , 86.04
42.99 , 86.67
42.28 , 86.34
42.6 , 86.32
42.75 , 86.35
42.41 , 86.08
42.67 , 85.87
42.39 , 87.11
42.47 , 86.68
42.59 , 86.29
42.7 , 86.67
42.91 , 86.18
42.82 , 86.43
42.49 , 86.67
42.73 , 86.76
42.74 , 86.58
42.76 , 86.53
42.05 , 86.6
42.64 , 86.16
42.52 , 86.68
42.36 , 87.17
42.82 , 86.3
42.59 , 86.52
42.47 , 86.78
43.0 , 86.5
42.6 , 86.67
42.74 , 86.55
42.63 , 87.08
42.38 , 86.93
42.11 , 86.52
42.57 , 86.8
42.46 , 86.46
42.18 , 86.35
42.36 , 86.46
41.84 , 87.07
42.59 , 86.89
42.44 , 86.85
42.31 , 86.9
42.99 , 87.2
42.36 , 86.84
42.63 , 86.59
42.27 , 86.44
42.27 , 87.14
42.29 , 87.66
42.85 , 86.68
42.63 , 86.78
42.45 , 86.7
42.6 , 86.54
42.2 , 87.08
42.82 , 86.87
41.99 , 86.38
42.12 , 86.91
42.42 , 86.9
42.76 , 86.71
42.29 , 86.79
42.29 , 86.78
42.4 , 86.75
41.88 , 86.82
42.37 , 87.0
42.22 , 87.02
42.19 , 86.69
41.7 , 87.01
41.84 , 86.64
42.39 , 87.34
42.36 , 87.32
41.95 , 86.91
42.11 , 87.03
42.4 , 86.69
42.24 , 86.96
42.41 , 87.58
42.14 , 86.96
42.64 , 86.64
42.08 , 86.8
42.15 , 87.15
41.64 , 87.74
42.02 , 86.94
41.88 , 87.2
42.52 , 87.72
41.85 , 87.59
41.94 , 87.22
41.84 , 87.12
42.55 , 87.29
42.45 , 87.05
42.21 , 87.19
42.14 , 87.13
41.65 , 87.29
41.93 , 87.25
41.77 , 87.14
42.03 , 87.73
42.21 , 87.26
41.84 , 87.09
42.14 , 87.07
41.94 , 87.02
42.03 , 87.57
42.26 , 86.95
42.34 , 87.7
41.79 , 86.89
41.94 , 87.58
42.42 , 87.29
41.81 , 87.12
41.71 , 87.47
42.08 , 87.17
42.24 , 87.28
41.74 , 87.25
42.07 , 87.05
41.95 , 87.44
41.49 , 87.11
42.12 , 87.32
41.68 , 86.87
42.06 , 87.33
41.88 , 86.9
42.13 , 87.45
41.88 , 87.45
42.04 , 87.09
41.65 , 87.19
41.75 , 87.57
42.21 , 87.48
42.07 , 87.57
42.01 , 87.25
42.07 , 87.74
41.42 , 87.6
41.98 , 87.58
41.63 , 87.49
41.98 , 87.82
42.2 , 87.1
42.26 , 87.76
42.2 , 87.95
41.83 , 87.77
41.5 , 87.44
41.95 , 87.57
41.95 , 87.31
41.55 , 87.8
41.88 , 87.46
42.1 , 87.89
41.8 , 88.1
41.86 , 87.4
42.29 , 87.31
41.74 , 87.73
41.63 , 87.96
41.79 , 87.93
41.75 , 87.52
41.69 , 87.89
41.94 , 87.8
42.19 , 87.78
41.67 , 88.19
41.9 , 88.09
41.62 , 87.87
42.07 , 87.77
41.7 , 88.05
41.57 , 87.76
41.62 , 87.69
41.4 , 88.09
41.3 , 87.93
41.55 , 87.64
41.21 , 87.6
41.68 , 87.33
41.71 , 87.41
41.75 , 87.96
42.01 , 88.1
41.4 , 88.04
41.52 , 87.49
41.88 , 87.81
41.67 , 87.99
41.41 , 88.13
41.75 , 87.65
41.41 , 87.67
41.65 , 87.63
42.15 , 88.14
41.53 , 88.07
41.59 , 88.04
41.18 , 87.93
41.51 , 87.87
41.43 , 88.12
41.19 , 88.41
41.28 , 88.38
41.48 , 87.58
41.21 , 88.22
41.79 , 87.55
41.31 , 88.24
41.39 , 87.78
41.8 , 88.04
41.08 , 87.7
41.59 , 87.81
41.88 , 87.83
41.53 , 88.2
41.59 , 88.02
41.21 , 88.09
40.57 , 88.45
41.65 , 88.36
41.66 , 87.9
41.34 , 88.52
41.58 , 88.02
41.76 , 87.58
41.45 , 88.45
41.48 , 88.08
41.78 , 87.89
41.44 , 88.38
41.06 , 87.9
41.57 , 88.1
41.38 , 87.92
40.82 , 88.64
41.6 , 88.21
40.99 , 88.38
41.74 , 88.42
41.27 , 88.16
41.23 , 88.18
41.36 , 88.34
41.13 , 88.53
41.05 , 87.74
41.18 , 87.93
41.29 , 88.28
41.37 , 88.6
41.52 , 88.48
41.52 , 88.37
41.03 , 87.76
41.57 , 88.52
41.21 , 88.14
40.87 , 88.33
41.29 , 88.34
41.34 , 88.27
40.92 , 88.61
41.05 , 88.09
41.18 , 88.6
41.22 , 88.95
40.85 , 88.85
41.34 , 88.71
41.28 , 88.53
41.34 , 88.62
41.42 , 88.42
41.21 , 88.54
40.98 , 88.45
41.08 , 88.01
41.0 , 88.41
40.93 , 88.67
41.2 , 88.29
41.19 , 88.92
40.78 , 88.26
41.23 , 88.33
41.05 , 88.44
41.04 , 88.58
41.1 , 88.82
41.11 , 88.38
41.31 , 88.5
41.12 , 88.47
40.98 , 88.8
41.38 , 88.38
40.83 , 88.74
40.66 , 88.3
41.13 , 88.58
40.87 , 88.72
40.5 , 89.01
40.86 , 88.71
41.1 , 88.75
41.2 , 88.59
41.65 , 88.47
40.86 , 88.3
40.87 , 88.59
41.15 , 88.73
41.12 , 88.87
41.27 , 88.58
40.93 , 88.95
40.91 , 88.83
40.83 , 88.52
40.82 , 88.85
40.98 , 88.96
41.14 , 88.64
40.78 , 88.56
40.49 , 88.8
40.91 , 88.76
41.05 , 88.62
40.47 , 89.02
40.99 , 88.43
40.95 , 89.17
41.14 , 88.99
40.72 , 88.59
40.7 , 88.79
40.73 , 88.82
41.16 , 89.15
40.7 , 89.02
40.87 , 88.49
40.96 , 88.66
40.7 , 88.99
40.5 , 88.76
40.73 , 89.17
40.92 , 88.89
40.78 , 89.06
41.17 , 89.1
40.79 , 89.21
40.9 , 88.91
40.58 , 89.25
40.49 , 88.77
40.8 , 88.88
40.77 , 89.04
40.67 , 89.29
40.97 , 89.5
40.43 , 89.22
40.61 , 88.94
40.48 , 88.97
40.44 , 88.73
40.54 , 89.19
40.74 , 89.54
40.68 , 89.0
40.16 , 89.49
40.7 , 89.48
40.61 , 88.73
40.95 , 89.43
41.03 , 89.41
40.29 , 88.96
40.57 , 89.57
40.44 , 89.41
41.53 , 89.47
40.75 , 89.5
40.55 , 89.33
40.58 , 89.11
40.26 , 89.54
40.47 , 89.58
40.9 , 89.37
40.33 , 89.08
40.5 , 88.79
40.41 , 89.1
40.96 , 89.05
40.8 , 88.95
40.52 , 89.13
40.76 , 89.22
40.61 , 89.31
40.55 , 89.36
40.62 , 89.51
40.65 , 89.53
40.55 , 89.4
40.25 , 89.51
40.34 , 89.3
40.56 , 89.23
40.15 , 89.39
40.49 , 89.1
40.56 , 89.04
40.01 , 89.39
40.75 , 89.19
40.46 , 89.48
40.95 , 89.2
39.95 , 89.75
40.61 , 89.4
40.32 , 89.17
40.51 , 89.48
40.39 , 89.16
40.3 , 89.55
40.48 , 89.58
40.22 , 89.2
40.37 , 89.77
40.36 , 89.23
40.25 , 89.82
40.25 , 89.18
40.62 , 90.05
40.09 , 89.95
40.25 , 89.31
40.4 , 90.08
40.24 , 89.43
40.21 , 89.51
40.56 , 89.25
40.13 , 89.2
40.51 , 89.49
39.97 , 89.83
40.06 , 89.89
40.21 , 89.03
40.61 , 89.23
40.34 , 89.53
40.45 , 89.57
40.26 , 89.49
39.99 , 89.74
40.16 , 89.46
40.27 , 89.65
40.35 , 89.99
39.92 , 89.8
40.19 , 89.97
40.59 , 89.64
39.76 , 90.26
40.37 , 89.7
40.05 , 89.92
40.45 , 89.73
40.6 , 89.81
40.44 , 89.69
40.35 , 89.3
40.4 , 90.09
40.35 , 89.5
39.93 , 90.4
40.06 , 90.09
40.24 , 89.87
40.09 , 89.91
40.22 , 89.98
40.7 , 89.23
39.94 , 89.78
40.08 , 89.54
39.89 , 89.46
39.61 , 90.2
39.84 , 89.87
39.83 , 90.47
40.25 , 90.38
40.03 , 89.93
40.12 , 89.84
40.21 , 90.26
40.15 , 89.73
40.3 , 89.62
39.86 , 90.4
40.04 , 89.7
39.8 , 89.74
40.23 , 90.13
40.02 , 89.88
39.97 , 90.23
40.16 , 90.37
39.89 , 90.09
40.08 , 89.54
40.38 , 90.14
40.13 , 89.92
39.62 , 89.76
40.07 , 90.45
40.28 , 89.5
40.01 , 90.06
39.89 , 89.5
39.82 , 89.35
40.1 , 89.7
40.34 , 89.81
40.02 , 89.69
39.95 , 90.25
40.21 , 89.48
40.2 , 89.67
39.91 , 89.81
40.33 , 89.59
40.05 , 89.55
39.81 , 89.03
40.4 , 89.69
39.46 , 89.78
39.92 , 89.81
39.97 , 90.0
40.37 , 89.69
39.59 , 88.97
40.05 , 89.76
39.96 , 89.78
40.04 , 89.65
40.0 , 89.76
39.66 , 89.73
39.84 , 89.31
40.18 , 89.79
39.92 , 89.13
40.3 , 89.78
40.51 , 89.34
39.88 , 90.1
40.38 , 89.26
40.05 , 88.98
40.06 , 89.72
39.86 , 89.66
40.21 , 89.65
40.25 , 88.84
39.97 , 89.18
40.22 , 89.84
40.22 , 90.14
40.2 , 88.89
40.0 , 89.42
40.15 , 89.59
39.75 , 89.36
40.19 , 89.26
39.92 , 89.13
39.3 , 89.3
39.83 , 89.54
39.67 , 89.63
39.93 , 89.53
40.35 , 89.37
39.93 , 89.75
40.1 , 88.9
40.3 , 88.97
39.88 , 89.17
40.13 , 89.26
39.75 , 88.92
40.2 , 89.5
39.91 , 89.71
40.04 , 89.08
39.87 , 89.56
40.15 , 89.01
39.83 , 88.82
40.1 , 89.01
40.24 , 89.55
39.73 , 89.46
40.3 , 88.84
39.94 , 88.99
40.26 , 88.77
40.43 , 89.44
40.27 , 88.93
40.45 , 89.13
40.45 , 89.18
40.08 , 89.06
40.33 , 89.29
40.03 , 89.58
40.14 , 89.18
40.31 , 89.45
39.85 , 88.5
39.97 , 88.74
40.34 , 89.12
40.11 , 88.65
40.18 , 88.96
40.05 , 88.8
40.19 , 88.97
40.31 , 89.01
40.42 , 89.43
40.48 , 89.15
39.91 , 88.86
40.52 , 89.19
40.16 , 88.88
39.77 , 88.78
39.96 , 88.85
40.04 , 89.12
40.17 , 88.71
39.65 , 88.86
40.13 , 88.63
40.35 , 89.02
40.28 , 88.63
39.85 , 89.31
40.33 , 88.52
40.19 , 88.34
39.44 , 88.89
40.26 , 88.53
40.52 , 88.89
39.99 , 88.7
39.82 , 88.54
40.21 , 88.87
40.2 , 88.56
39.72 , 88.38
40.41 , 88.83
39.89 , 88.65
39.94 , 88.44
40.22 , 88.87
39.97 , 88.82
40.16 , 88.42
40.53 , 88.44
40.23 , 88.47
40.36 , 88.51
40.03 , 88.73
40.27 , 88.42
40.31 , 88.86
39.97 , 87.99
39.89 , 88.33
40.56 , 88.24
39.9 , 88.52
39.82 , 88.34
40.43 , 88.38
40.05 , 88.58
40.09 , 88.08
40.4 , 88.05
39.93 , 88.05
39.98 , 88.39
40.55 , 88.32
40.63 , 88.36
39.82 , 88.54
40.45 , 88.02
40.07 , 88.08
40.42 , 88.19
39.86 , 88.24
40.43 , 88.52
40.2 , 88.05
40.34 , 88.52
39.99 , 88.18
40.29 , 88.47
40.3 , 88.5
40.45 , 88.39
40.28 , 87.86
40.16 , 87.96
40.15 , 88.37
40.19 , 87.98
40.51 , 88.52
40.22 , 88.4
39.81 , 88.09
40.58 , 88.55
40.41 , 87.67
40.3 , 87.81
40.18 , 88.41
40.21 , 88.25
40.17 , 87.7
39.96 , 87.99
39.94 , 88.28
40.22 , 87.9
40.51 , 88.53
40.49 , 88.2
40.55 , 88.15
39.98 , 88.15
40.12 , 88.05
39.67 , 87.95
40.68 , 87.99
40.05 , 87.86
40.2 , 88.56
40.27 , 88.31
40.08 , 88.09
39.92 , 88.36
40.14 , 87.85
40.23 , 88.46
39.94 , 88.08
39.97 , 87.97
39.93 , 88.21
40.64 , 87.76
39.71 , 87.49
39.89 , 88.02
40.16 , 87.71
40.09 , 87.95
40.43 , 87.95
40.25 , 87.9
39.98 , 87.56
40.1 , 87.74
40.24 , 87.59
40.21 , 87.79
40.38 , 87.9
40.3 , 87.8
39.81 , 87.57
40.22 , 87.74
39.94 , 88.08
40.49 , 87.59
40.55 , 87.24
40.48 , 87.72
40.09 , 87.42
40.29 , 87.44
40.21 , 87.51
40.5 , 87.13
40.37 , 87.61
40.42 , 87.84
39.51 , 87.6
39.98 , 87.54
40.2 , 87.74
40.44 , 87.33
40.74 , 87.61
40.32 , 87.42
40.12 , 87.95
39.96 , 87.73
40.49 , 87.73
40.3 , 87.51
39.81 , 87.24
40.26 , 87.59
40.45 , 87.67
40.37 , 87.45
40.62 , 87.52
40.37 , 87.89
40.17 , 87.22
40.42 , 87.4
40.5 , 87.16
40.08 , 87.55
40.31 , 87.22
40.46 , 87.33
40.25 , 87.5
40.62 , 87.59
39.99 , 87.05
40.24 , 86.91
40.23 , 87.31
40.4 , 87.22
40.06 , 87.21
40.22 , 87.85
40.92 , 87.12
40.46 , 87.33
40.35 , 87.3
40.04 , 87.26
40.23 , 87.21
40.12 , 87.43
40.25 , 86.9
40.46 , 87.24
40.14 , 87.06
40.28 , 87.52
40.55 , 86.85
40.09 , 86.74
40.39 , 87.09
40.16 , 87.24
40.25 , 87.68
40.53 , 87.17
40.81 , 87.06
39.98 , 86.51
40.94 , 87.1
40.6 , 87.11
40.21 , 87.02
40.33 , 86.51
39.93 , 86.84
40.37 , 87.19
40.52 , 87.42
40.24 , 86.52
40.41 , 87.0
40.72 , 87.05
40.44 , 86.84
40.24 , 87.36
40.25 , 86.43
40.35 , 86.92
40.1 , 86.57
40.27 , 86.42
40.33 , 86.84
40.19 , 86.68
40.18 , 86.87
40.43 , 86.7
40.08 , 87.25
40.15 , 86.8
40.0 , 87.06
40.4 , 86.86
40.74 , 86.89
40.78 , 86.91
40.92 , 86.94
40.08 , 87.11
40.46 , 86.56
40.44 , 86.87
40.38 , 86.97
40.29 , 86.51
40.07 , 86.65
40.38 , 86.66
40.53 , 86.8
40.27 , 86.62
40.53 , 86.54
40.24 , 86.9
40.29 , 86.36
40.56 , 86.78
40.76 , 86.44
40.42 , 86.46
40.39 , 86.89
40.57 , 85.91
40.51 , 86.79
40.83 , 86.7
40.4 , 86.6
39.81 , 86.7
40.56 , 86.15
40.09 , 86.36
40.96 , 86.89
40.73 , 86.3
39.98 , 86.39
40.81 , 86.81
40.25 , 86.49
40.37 , 86.31
40.52 , 86.41
40.47 , 86.65
40.46 , 85.96
40.53 , 86.59
40.18 , 86.57
40.82 , 86.47
40.37 , 86.62
40.69 , 86.6
41.19 , 86.1
40.72 , 86.2
40.3 , 86.83
40.83 , 86.17
40.45 , 86.44
40.51 , 86.57
40.53 , 86.27
40.22 , 86.02
40.27 , 85.87
40.07 , 86.36
40.88 , 86.39
41.12 , 85.92
40.93 , 86.32
40.15 , 86.13
40.41 , 85.98
40.06 , 86.27
40.76 , 86.48
40.9 , 86.08
40.93 , 86.04
41.01 , 86.34
40.64 , 86.7
40.1 , 86.27
40.61 , 86.28
40.95 , 86.45
40.49 , 86.39
41.14 , 86.28
40.4 , 85.7
40.62 , 85.73
40.68 , 85.91
40.27 , 85.99
40.85 , 86.48
40.48 , 85.98
40.29 , 85.9
40.54 , 86.56
40.29 , 85.31
40.6 , 86.44
40.68 , 86.2
40.63 , 85.97
40.47 , 85.83
40.29 , 86.42
40.3 , 86.09
41.02 , 86.23
40.44 , 85.94
40.42 , 85.83
40.63 , 86.17
40.82 , 85.81
40.73 , 86.32
40.76 , 86.05
40.71 , 85.93
40.26 , 85.99
40.47 , 85.58
40.79 , 86.16
40.73 , 85.82
40.6 , 85.68
40.63 , 85.97
40.71 , 86.29
40.21 , 85.63
40.11 , 86.06
40.8 , 85.59
40.39 , 85.87
41.0 , 85.93
40.62 , 85.78
40.58 , 85.99
40.7 , 85.9
40.63 , 86.2
40.82 , 85.59
40.77 , 85.28
40.22 , 85.81
40.8 , 85.92
40.55 , 85.84
40.48 , 85.67
40.41 , 85.84
41.1 , 85.47
40.79 , 85.71
40.31 , 85.43
40.41 , 85.55
40.65 , 85.42
40.86 , 85.33
40.97 , 85.75
40.47 , 85.08
40.57 , 85.75
40.74 , 85.39
40.71 , 85.02
40.33 , 85.21
40.83 , 85.44
40.71 , 85.27
40.93 , 85.25
40.67 , 85.44
40.71 , 85.03
40.56 , 85.54
40.83 , 85.34
40.81 , 85.07
40.83 , 85.39
40.55 , 85.71
40.97 , 85.48
40.85 , 85.54
40.7 , 85.31
41.02 , 85.5
40.57 , 85.31
40.66 , 85.0
40.44 , 85.0
40.44 , 85.17
41.07 , 84.98
40.56 , 85.23
40.92 , 85.35
40.38 , 85.65
40.76 , 85.51
40.64 , 85.11
41.09 , 85.21
40.93 , 85.44
40.48 , 85.8
40.93 , 85.14
40.73 , 85.28
41.02 , 85.3
40.9 , 84.89
40.72 , 85.36
40.97 , 84.78
41.07 , 85.26
40.52 , 85.18
40.3 , 84.63
40.67 , 85.01
40.79 , 85.1
40.83 , 85.25
40.84 , 85.06
40.95 , 85.19
41.08 , 85.55
40.98 , 84.99
40.76 , 85.27
40.9 , 84.75
40.35 , 84.9
40.9 , 84.93
40.95 , 84.94
40.65 , 84.74
40.62 , 85.02
41.22 , 84.78
40.55 , 84.91
41.22 , 84.94
40.85 , 84.82
40.9 , 84.61
40.87 , 85.01
40.74 , 84.8
41.24 , 85.16
40.61 , 84.45
41.0 , 85.05
41.13 , 84.83
41.03 , 85.06
41.08 , 85.12
40.51 , 85.07
41.05 , 84.65
40.54 , 84.95
40.92 , 84.85
40.78 , 84.92
41.19 , 84.68
41.13 , 84.73
41.1 , 84.86
41.44 , 84.52
41.47 , 84.43
40.87 , 84.54
41.09 , 84.99
41.27 , 84.46
41.02 , 84.89
41.2 , 84.67
41.27 , 84.61
40.86 , 84.32
41.31 , 84.6
40.9 , 84.35
41.21 , 84.86
41.17 , 84.9
40.96 , 84.55
40.89 , 84.69
40.75 , 84.83
41.15 , 84.61
41.42 , 84.46
41.44 , 84.54
41.04 , 84.74
40.89 , 84.53
41.5 , 84.84
40.84 , 84.49
41.37 , 84.45
40.8 , 84.69
40.85 , 84.54
41.33 , 83.46
40.9 , 84.75
41.3 , 84.67
41.21 , 84.38
41.37 , 84.38
41.13 , 84.44
41.0 , 84.08
41.16 , 84.64
41.01 , 84.83
41.08 , 83.96
40.87 , 83.86
41.63 , 84.47
41.32 , 84.13
41.33 , 84.32
41.14 , 84.05
41.14 , 84.17
41.47 , 84.01
41.1 , 84.49
41.28 , 84.25
41.61 , 84.43
40.98 , 83.78
40.92 , 84.26
41.28 , 83.87
41.34 , 84.22
40.97 , 84.02
41.27 , 84.45
41.76 , 84.0
41.11 , 84.05
41.45 , 83.92
41.13 , 84.24
41.29 , 84.03
41.47 , 84.34
41.42 , 83.96
41.12 , 84.39
41.31 , 83.73
40.85 , 83.87
41.43 , 83.84
41.21 , 83.82
41.24 , 84.05
40.91 , 83.55
41.5 , 84.03
41.15 , 83.48
41.86 , 84.05
41.27 , 84.27
41.1 , 84.12
41.27 , 83.89
41.42 , 83.9
41.79 , 83.7
40.89 , 83.74
41.32 , 84.08
41.28 , 83.83
41.3 , 83.87
40.74 , 84.05
41.25 , 84.23
41.24 , 84.17
40.79 , 84.25
41.52 , 83.69
41.37 , 83.98
41.07 , 83.75
41.53 , 84.06
41.45 , 83.81
41.14 , 84.09
41.4 , 83.79
41.64 , 84.33
41.35 , 83.96
41.43 , 83.98
41.46 , 83.75
41.11 , 84.13
41.69 , 83.44
41.1 , 83.76
41.42 , 83.71
41.33 , 83.46
41.26 , 83.43
41.39 , 83.52
41.16 , 83.79
41.62 , 83.75
41.38 , 83.48
41.4 , 83.77
41.3 , 83.43
41.44 , 83.73
41.17 , 83.58
41.24 , 83.18
41.43 , 83.34
41.35 , 83.36
41.66 , 83.67
41.6 , 83.29
41.77 , 83.38
41.72 , 83.44
41.03 , 83.99
41.57 , 83.92
41.73 , 83.37
41.02 , 83.23
41.81 , 83.73
41.84 , 83.34
41.45 , 83.44
41.45 , 83.6
41.54 , 83.43
41.57 , 83.66
41.62 , 83.58
41.89 , 83.28
41.42 , 83.55
42.21 , 83.44
42.0 , 83.73
41.94 , 83.54
41.76 , 83.0
41.76 , 83.65
41.9 , 83.1
41.72 , 83.56
41.62 , 83.16
41.74 , 83.33
41.34 , 83.52
41.16 , 83.35
41.48 , 83.31
41.42 , 83.56
41.56 , 83.05
41.76 , 83.09
41.95 , 83.65
41.25 , 83.19
41.23 , 83.98
41.84 , 83.36
41.2 , 82.98
41.53 , 83.53
42.29 , 83.03
41.39 , 83.22
41.42 , 83.13
41.36 , 83.14
41.91 , 83.32
41.74 , 83.29
41.26 , 83.46
41.3 , 83.5
41.72 , 83.13
41.95 , 83.01
41.66 , 83.05
41.84 , 83.42
41.64 , 83.12
41.74 , 83.24
41.78 , 83.07
41.94 , 83.15
41.95 , 83.45
41.0 , 83.26
42.0 , 83.08
41.71 , 83.04
41.76 , 83.19
41.74 , 83.21
41.66 , 83.22
41.81 , 83.08
41.56 , 82.82
41.56 , 83.04
42.1 , 83.37
41.44 , 83.62
42.04 , 82.71
41.71 , 82.96
41.53 , 82.75
41.79 , 82.83
42.21 , 82.69
42.06 , 82.67
41.26 , 83.02
41.64 , 82.9
42.33 , 82.96
41.92 , 82.4
41.99 , 82.88
41.87 , 82.49
42.02 , 83.27
42.28 , 83.04
41.65 , 82.9
41.64 , 82.42
41.79 , 82.9
41.74 , 82.62
42.06 , 82.89
41.93 , 82.88
42.34 , 82.71
42.19 , 82.64
41.74 , 82.81
41.92 , 83.12
41.86 , 82.58
41.97 , 82.97
41.93 , 82.42
41.84 , 82.75
41.94 , 83.06
42.09 , 82.14
41.98 , 82.56
42.0 , 82.9
41.84 , 82.66
41.98 , 82.69
42.03 , 82.35
42.0 , 82.9
42.54 , 82.27
42.25 , 82.2
41.78 , 82.44
41.97 , 82.71
42.21 , 82.79
42.1 , 82.81
42.03 , 82.85
42.29 , 82.55
41.96 , 82.62
41.67 , 82.21
42.03 , 82.16
42.15 , 81.89
41.91 , 82.75
41.71 , 82.72
41.61 , 82.25
41.82 , 82.53
41.59 , 82.28
41.66 , 82.6
42.4 , 82.29
41.89 , 82.39
42.48 , 82.22
42.46 , 82.55
42.32 , 82.36
42.22 , 82.26
42.52 , 82.11
42.29 , 82.27
42.07 , 82.32
41.94 , 82.18
42.33 , 82.18
42.46 , 82.33
41.97 , 82.75
42.11 , 81.87
42.46 , 82.29
41.72 , 82.42
42.02 , 82.36
42.5 , 81.9
42.21 , 82.32
41.95 , 82.01
41.82 , 81.37
42.49 , 82.39
42.2 , 82.15
41.96 , 81.69
42.47 , 82.34
42.35 , 81.87
42.42 , 82.03
41.87 , 82.2
42.0 , 82.02
42.42 , 82.19
42.58 , 82.42
42.12 , 82.14
42.46 , 82.33
41.84 , 82.17
42.34 , 82.03
42.21 , 82.34
42.42 , 81.88
42.4 , 82.25
42.41 , 82.11
42.19 , 82.15
42.57 , 82.15
42.44 , 82.51
41.74 , 82.03
42.19 , 82.32
42.65 , 81.99
42.5 , 82.01
41.93 , 81.59
42.42 , 81.83
42.77 , 81.56
42.52 , 82.14
42.48 , 81.66
42.26 , 81.6
42.54 , 81.97
42.69 , 81.93
42.65 , 82.0
42.54 , 81.73
42.62 , 81.77
42.62 , 81.83
42.65 , 81.98
42.29 , 82.05
42.29 , 82.07
42.31 , 81.83
42.65 , 82.0
42.69 , 82.0
42.42 , 82.27
42.48 , 81.67
42.52 , 82.32
42.81 , 81.8
42.52 , 81.67
42.68 , 81.62
42.39 , 81.84
42.39 , 81.31
42.42 , 81.57
42.33 , 81.92
42.95 , 81.67
42.65 , 82.02
42.99 , 81.64
42.33 , 81.78
42.76 , 81.68
42.32 , 81.28
42.3 , 81.8
43.03 , 81.88
42.58 , 81.69
42.73 , 81.83
42.73 , 81.91
42.75 , 81.54
42.75 , 81.78
42.95 , 81.77
42.85 , 81.98
42.96 , 80.99
42.73 , 81.62
42.5 , 81.69
43.03 , 81.61
42.82 , 81.76
42.95 , 81.98
42.51 , 81.53
42.44 , 81.2
42.89 , 81.46
42.82 , 81.12
42.73 , 81.15
42.49 , 81.48
42.66 , 81.64
42.73 , 81.12
42.73 , 81.42
42.62 , 81.46
42.38 , 81.33
42.66 , 81.56
42.45 , 81.19
42.71 , 81.53
42.5 , 81.67
42.92 , 81.65
42.69 , 81.47
43.2 , 81.55
42.61 , 81.29
42.54 , 81.27
42.72 , 80.76
42.65 , 80.93
43.01 , 81.33
43.3 , 81.44
43.14 , 81.31
42.65 , 81.05
42.82 , 81.15
43.08 , 81.31
43.02 , 80.93
42.78 , 81.4
43.25 , 80.95
42.71 , 81.59
43.11 , 81.41
43.01 , 81.35
43.06 , 81.59
43.08 , 81.03
42.95 , 81.27
42.84 , 81.33
42.59 , 81.44
43.34 , 81.15
43.1 , 81.06
42.91 , 81.29
42.55 , 81.26
42.59 , 80.67
42.92 , 81.19
42.91 , 81.31
42.92 , 80.96
43.31 , 81.13
43.09 , 80.96
43.04 , 80.77
42.7 , 81.12
42.64 , 81.03
43.03 , 80.97
43.09 , 81.19
42.91 , 80.98
42.85 , 81.2
42.94 , 80.89
43.3 , 81.09
42.77 , 81.3
42.97 , 81.45
43.31 , 81.2
42.68 , 81.07
42.9 , 81.54
43.31 , 81.09
43.69 , 81.37
42.72 , 80.99
42.91 , 80.41
43.75 , 81.09
42.62 , 80.96
43.02 , 80.98
43.0 , 80.64
43.46 , 81.22
43.11 , 80.93
43.73 , 81.04
43.42 , 80.68
43.09 , 80.51
43.87 , 81.04
42.93 , 80.52
43.29 , 81.23
43.68 , 80.62
43.39 , 80.71
42.69 , 80.54
42.95 , 80.7
43.28 , 80.82
43.26 , 81.33
42.57 , 80.95
43.57 , 81.32
42.75 , 81.0
43.53 , 80.7
43.05 , 80.57
43.29 , 80.81
43.33 , 81.05
43.35 , 80.3
43.53 , 80.67
43.49 , 80.51
43.04 , 80.68
43.21 , 80.5
43.69 , 80.51
43.15 , 80.66
43.39 , 80.69
43.41 , 80.91
42.97 , 80.64
43.65 , 80.48
43.16 , 80.8
43.65 , 80.76
43.32 , 80.81
43.39 , 80.25
43.51 , 80.87
43.59 , 80.05
43.56 , 80.57
43.38 , 80.7
43.32 , 80.68
43.3 , 80.5
43.12 , 80.29
43.58 , 80.88
43.45 , 80.6
43.31 , 80.41
43.49 , 80.35
43.21 , 80.67
43.57 , 80.31
43.41 , 80.41
43.48 , 80.73
43.51 , 80.6
44.04 , 80.41
43.76 , 80.12
43.77 , 79.99
43.41 , 80.04
43.72 , 80.41
43.33 , 80.15
43.4 , 80.48
43.5 , 79.91
43.65 , 79.96
43.74 , 80.02
43.33 , 80.56
43.74 , 80.17
43.74 , 80.62
43.36 , 80.28
43.37 , 79.78
43.56 , 80.26
43.58 , 79.73
43.57 , 80.31
43.36 , 80.21
43.94 , 80.26
43.43 , 80.03
43.43 , 80.02
43.74 , 79.65
43.8 , 79.95
43.11 , 80.04
43.92 , 80.65
43.55 , 80.45
43.94 , 80.33
43.81 , 79.91
43.42 , 79.93
43.52 , 80.01
43.87 , 80.13
43.57 , 80.4
43.59 , 80.63
43.6 , 79.54
43.61 , 80.23
43.29 , 79.96
43.5 , 80.1
44.0 , 80.27
43.64 , 80.27
43.89 , 79.83
43.88 , 80.06
44.04 , 79.82
43.76 , 80.14
43.92 , 80.29
43.76 , 79.84
44.47 , 80.27
43.91 , 79.75
43.87 , 80.11
43.69 , 80.41
44.48 , 79.8
43.6 , 79.99
43.96 , 80.2
43.9 , 79.76
43.69 , 79.7
43.95 , 80.56
43.88 , 80.01
44.47 , 79.92
44.47 , 79.96
44.05 , 79.64
44.0 , 79.86
44.36 , 79.88
44.23 , 79.59
43.76 , 80.22
44.32 , 80.01
43.97 , 79.62
43.83 , 79.93
43.85 , 79.97
44.2 , 79.89
44.51 , 80.14
44.09 , 79.96
44.13 , 79.84
43.93 , 79.84
44.4 , 79.55
44.22 , 80.02
44.0 , 79.5
44.32 , 80.3
44.3 , 79.61
44.11 , 79.64
43.87 , 79.31
44.2 , 79.94
44.29 , 79.68
44.15 , 79.39
43.88 , 79.33
44.16 , 79.54
43.9 , 79.97
44.17 , 80.02
44.13 , 79.61
44.41 , 79.56
44.16 , 79.79
43.64 , 79.48
44.14 , 79.84
44.22 , 79.74
44.16 , 79.47
44.53 , 79.63
44.2 , 79.41
44.31 , 79.42
44.28 , 79.39
44.26 , 79.65
44.48 , 79.74
43.79 , 79.66
44.48 , 79.66
44.55 , 79.79
44.43 , 79.93
44.14 , 79.95
44.01 , 79.16
44.32 , 79.84
43.93 , 79.49
43.95 , 79.57
44.23 , 79.81
44.24 , 79.73
44.23 , 79.21
44.53 , 79.36
44.35 , 79.79
43.87 , 79.67
44.6 , 79.15
44.58 , 79.68
43.86 , 79.61
44.59 , 79.15
43.93 , 79.8
44.35 , 79.12
44.54 , 79.03
44.49 , 79.54
44.19 , 79.12
44.35 , 79.53
44.27 , 78.94
43.92 , 79.3
44.16 , 79.43
44.51 , 79.3
44.61 , 79.65
44.61 , 79.17
44.69 , 79.48
44.47 , 79.22
44.46 , 79.24
44.55 , 79.34
44.13 , 79.32
44.01 , 79.43
44.31 , 79.18
45.12 , 79.35
44.73 , 79.13
44.44 , 78.96
44.28 , 79.44
44.32 , 79.47
44.51 , 79.43
44.77 , 79.46
44.56 , 79.35
45.03 , 79.29
44.6 , 79.47
44.56 , 79.34
44.51 , 79.0
44.92 , 79.3
44.5 , 79.35
44.75 , 79.57
44.81 , 78.71
44.66 , 79.18
44.79 , 78.88
44.59 , 79.07
44.42 , 79.16
44.99 , 79.0
44.54 , 79.09
44.38 , 79.26
45.0 , 79.0
44.71 , 79.28
44.88 , 79.09
44.62 , 78.94
44.92 , 79.22
44.91 , 78.98
44.6 , 79.39
44.86 , 79.23
44.64 , 79.15
44.52 , 79.44
44.36 , 79.13
44.59 , 79.49
44.7 , 78.82
44.62 , 78.71
45.15 , 78.65
44.84 , 79.03
44.98 , 78.99
44.58 , 79.06
44.84 , 78.9
45.05 , 78.98
44.61 , 78.96
44.97 , 79.01
44.97 , 79.19
44.93 , 78.69
44.45 , 79.21
45.03 , 78.77
44.71 , 79.36
45.28 , 78.95
45.11 , 79.14
45.45 , 79.2
45.26 , 79.01
45.26 , 78.76
45.25 , 78.9
44.85 , 79.05
45.27 , 78.86
44.75 , 78.77
45.11 , 78.88
45.19 , 79.17
44.83 , 78.94
45.45 , 78.5
45.08 , 78.61
45.37 , 78.96
45.16 , 79.04
44.89 , 78.76
44.77 , 78.79
44.75 , 78.85
45.04 , 78.58
45.23 , 78.62
45.21 , 78.62
44.83 , 78.93
44.89 , 78.62
45.17 , 78.65
45.3 , 78.7
45.42 , 78.9
45.17 , 78.46
44.91 , 78.05
45.19 , 78.8
45.18 , 78.67
45.43 , 78.59
45.14 , 78.35
45.39 , 79.3
45.18 , 78.61
45.32 , 78.67
45.1 , 78.56
45.43 , 78.68
45.21 , 78.39
45.27 , 78.09
45.42 , 78.45
45.55 , 78.16
45.57 , 78.27
45.2 , 78.72
45.24 , 78.84
45.16 , 78.8
45.53 , 79.0
45.63 , 78.83
45.2 , 78.22
45.59 , 78.84
45.55 , 79.13
45.22 , 78.46
45.2 , 78.92
45.29 , 78.38
45.41 , 78.8
45.02 , 78.18
45.49 , 79.11
44.75 , 78.41
45.72 , 78.46
45.27 , 78.55
45.54 , 78.3
44.93 , 78.38
45.22 , 78.35
45.3 , 78.57
45.41 , 78.37
44.91 , 77.64
45.87 , 78.86
45.46 , 78.14
45.52 , 78.39
45.53 , 78.29
45.5 , 78.4
45.62 , 78.18
45.95 , 78.71
45.64 , 78.56
45.68 , 78.38
45.68 , 78.08
45.61 , 78.41
45.96 , 78.18
45.62 , 78.45
45.69 , 78.86
45.33 , 78.62
45.33 , 78.29
45.54 , 78.39
45.9 , 78.26
45.94 , 78.38
45.49 , 77.87
45.8 , 78.37
45.38 , 78.64
45.42 , 78.39
46.02 , 78.6
45.62 , 78.06
45.82 , 78.15
45.89 , 78.55
45.83 , 78.24
45.81 , 78.15
45.76 , 78.4
45.97 , 78.26
45.85 , 78.51
45.8 , 78.26
45.6 , 78.13
45.76 , 77.84
45.9 , 78.27
45.63 , 78.5
45.86 , 78.52
45.62 , 78.08
46.1 , 78.33
46.24 , 77.96
46.35 , 78.18
45.95 , 77.66
46.06 , 78.28
45.78 , 78.0
46.04 , 77.93
46.13 , 78.14
46.14 , 78.06
45.86 , 78.36
45.9 , 77.79
46.02 , 78.02
46.29 , 78.08
45.88 , 77.83
46.01 , 78.59
45.76 , 78.22
45.98 , 77.89
46.19 , 78.3
46.25 , 78.2
45.54 , 77.99
46.16 , 78.01
46.29 , 77.88
46.23 , 78.23
45.96 , 78.29
46.06 , 77.96
46.47 , 77.8
46.08 , 78.21
46.07 , 77.79
45.92 , 78.17
45.9 , 77.97
46.01 , 78.4
45.77 , 78.24
46.49 , 77.92
46.26 , 77.85
46.45 , 77.82
46.16 , 78.54
46.25 , 77.51
46.28 , 77.92
45.88 , 78.29
46.05 , 77.87
46.56 , 77.9
46.44 , 77.92
46.16 , 77.97
46.33 , 77.48
45.85 , 77.86
46.23 , 77.91
46.31 , 77.76
46.55 , 78.35
46.59 , 77.62
46.55 , 78.17
45.81 , 77.7
45.49 , 77.99
46.45 , 77.5
46.51 , 77.91
46.26 , 77.89
46.32 , 77.72
46.23 , 77.22
46.45 , 77.6
46.36 , 77.67
46.35 , 77.88
46.29 , 78.22
46.31 , 77.37
46.5 , 77.81
46.62 , 77.73
46.85 , 77.47
46.29 , 78.08
46.55 , 78.0
46.38 , 77.61
46.29 , 77.24
46.64 , 77.63
46.18 , 78.31
46.37 , 77.59
46.87 , 77.55
46.4 , 77.76
46.53 , 78.1
46.58 , 78.07
46.52 , 77.65
46.79 , 77.7
46.48 , 77.55
46.54 , 77.83
46.33 , 77.74
46.55 , 77.99
46.52 , 77.68
46.83 , 77.39
46.57 , 77.98
46.27 , 76.84
46.82 , 77.52
46.75 , 77.39
46.96 , 77.73
46.43 , 77.54
46.8 , 77.92
46.34 , 77.67
46.32 , 77.6
46.62 , 78.44
47.12 , 77.72
46.44 , 77.19
47.3 , 77.53
46.61 , 77.5
46.56 , 77.24
47.2 , 77.92
46.55 , 77.76
47.13 , 77.21
46.54 , 77.73
46.59 , 77.58
46.75 , 77.49
46.92 , 77.63
46.63 , 77.05
46.35 , 77.44
47.5 , 77.09
46.8 , 77.21
46.27 , 77.04
46.5 , 77.41
46.73 , 77.61
47.07 , 77.34
46.87 , 77.25
47.24 , 77.64
46.51 , 77.51
47.05 , 77.76
46.94 , 77.65
46.97 , 77.36
47.08 , 77.49
47.26 , 76.87
46.82 , 77.51
47.03 , 77.39
47.1 , 77.43
47.14 , 77.26
46.47 , 77.67
46.9 , 77.29
46.98 , 77.07
47.08 , 77.21
47.45 , 77.26
47.3 , 77.41
46.87 , 77.33
47.29 , 77.01
47.38 , 77.36
46.87 , 77.31
46.97 , 77.28
47.32 , 77.03
47.33 , 76.69
46.85 , 76.83
46.85 , 77.15
46.99 , 77.18
47.26 , 77.1
46.61 , 77.07
47.42 , 77.06
47.09 , 77.2
47.03 , 77.05
47.1 , 77.18
47.31 , 77.26
47.26 , 76.79
46.98 , 77.15
47.41 , 77.17
47.08 , 77.0
47.15 , 77.4
47.73 , 77.25
46.97 , 77.15
46.93 , 77.06
47.32 , 77.39
47.35 , 76.94
47.42 , 77.21
47.66 , 77.02
47.18 , 77.02
47.76 , 76.96
47.6 , 76.82
47.32 , 77.05
47.5 , 77.05
47.4 , 76.84
47.21 , 77.57
47.37 , 77.4
47.28 , 76.79
47.11 , 77.07
47.69 , 77.01
47.79 , 77.11
47.69 , 77.01
47.64 , 76.85
47.33 , 77.16
47.62 , 76.89
47.66 , 77.12
47.19 , 77.2
47.83 , 76.81
47.35 , 76.76
47.63 , 76.58
47.33 , 77.22
47.15 , 76.86
47.23 , 76.84
47.43 , 76.81
47.8 , 77.17
47.28 , 76.96
47.99 , 77.3
47.95 , 76.73
47.51 , 76.6
47.97 , 76.72
47.52 , 76.91
47.69 , 76.92
47.58 , 77.14
47.7 , 77.03
47.59 , 76.85
47.75 , 76.76
47.8 , 76.94
47.94 , 76.89
47.65 , 76.63
47.38 , 76.88
47.56 , 77.05
47.43 , 76.9
47.68 , 77.33
47.51 , 76.88
47.34 , 76.98
47.65 , 76.78
47.9 , 76.44
47.63 , 76.8
47.81 , 77.29
47.51 , 76.98
47.88 , 76.91
47.73 , 76.83
47.85 , 76.93
48.06 , 76.97
48.27 , 76.68
47.9 , 76.51
47.97 , 77.02
47.38 , 76.75
48.3 , 77.06
47.66 , 76.74
47.91 , 76.7
47.85 , 76.82
47.86 , 77.02
47.45 , 76.95
48.11 , 76.69
48.06 , 76.62
47.95 , 76.49
48.11 , 77.0
48.34 , 76.84
47.72 , 76.6
47.9 , 76.81
47.87 , 76.71
48.1 , 76.4
47.59 , 76.67
48.32 , 76.3
48.12 , 76.54
48.21 , 77.07
48.02 , 76.41
48.14 , 76.86
48.31 , 76.3
48.08 , 76.35
47.63 , 76.64
48.5 , 76.79
47.89 , 76.34
48.03 , 76.65
48.08 , 76.52
48.24 , 76.84
48.02 , 76.8
47.93 , 76.89
48.0 , 76.94
48.33 , 76.41
48.41 , 76.45
48.17 , 76.51
48.15 , 76.92
48.25 , 76.38
48.51 , 76.21
48.32 , 76.69
48.59 , 76.65
48.22 , 76.83
48.35 , 76.71
48.28 , 76.25
48.56 , 76.82
48.33 , 76.38
48.67 , 76.91
48.29 , 76.38
48.08 , 76.57
48.31 , 76.1
48.14 , 76.39
48.35 , 76.8
48.61 , 76.27
48.46 , 76.27
48.49 , 76.3
48.52 , 76.19
48.54 , 77.05
48.39 , 76.83
48.43 , 76.5
48.14 , 76.2
48.21 , 76.9
48.59 , 76.47
48.42 , 76.4
48.48 , 76.72
48.38 , 76.55
48.11 , 76.31
48.39 , 76.71
48.9 , 76.34
48.59 , 77.17
48.89 , 76.61
48.8 , 76.37
48.76 , 76.13
48.65 , 76.18
48.47 , 75.92
48.65 , 76.87
48.9 , 76.62
48.98 , 76.33
48.69 , 76.46
48.06 , 76.6
48.97 , 76.39
48.47 , 76.67
48.68 , 76.17
49.01 , 76.49
48.44 , 76.48
48.92 , 76.86
49.29 , 76.15
48.83 , 76.56
49.15 , 76.44
48.99 , 76.57
48.78 , 76.48
48.5 , 76.15
48.76 , 76.23
48.7 , 76.23
48.38 , 76.2
49.17 , 76.55
48.83 , 76.8
48.78 , 76.46
48.74 , 76.09
48.7 , 76.23
48.16 , 76.28
48.62 , 76.49
49.21 , 76.11
48.93 , 76.71
49.17 , 76.74
48.97 , 75.92
48.86 , 76.11
48.79 , 76.37
49.05 , 76.29
48.87 , 76.5
48.87 , 76.14
49.01 , 76.42
49.14 , 77.05
49.45 , 76.66
49.11 , 76.07
49.44 , 76.08
49.24 , 76.94
48.92 , 76.63
49.17 , 76.66
48.94 , 76.69
49.21 , 76.23
49.24 , 76.01
49.54 , 76.38
49.05 , 76.3
49.07 , 75.89
48.89 , 76.19
48.9 , 76.56
48.96 , 75.8
49.12 , 76.67
49.16 , 76.35
49.35 , 76.09
49.0 , 75.68
49.4 , 76.13
49.26 , 76.23
49.33 , 76.01
49.36 , 76.63
48.7 , 76.19
49.1 , 76.08
49.28 , 76.18
49.15 , 76.02
49.35 , 76.38
49.09 , 76.05
49.39 , 75.95
49.37 , 76.39
49.54 , 76.06
49.59 , 75.63
49.31 , 76.31
49.44 , 76.36
49.22 , 76.37
49.66 , 76.27
48.89 , 75.88
49.39 , 76.17
49.5 , 76.19
49.94 , 76.27
49.52 , 76.04
49.57 , 76.16
50.1 , 76.59
49.16 , 75.95
49.04 , 76.05
49.6 , 76.07
49.73 , 75.79
50.07 , 76.12
49.38 , 75.89
49.66 , 75.94
50.08 , 75.98
49.73 , 76.09
49.47 , 76.41
49.61 , 75.75
49.58 , 75.83
49.39 , 76.24
49.39 , 76.07
49.16 , 75.69
49.54 , 75.84
49.51 , 76.19
49.03 , 76.48
49.36 , 76.26
49.91 , 76.05
49.52 , 75.99
49.61 , 75.83
49.61 , 75.79
49.48 , 76.18
49.58 , 75.86
49.73 , 76.12
49.5 , 76.17
49.9 , 76.14
50.26 , 75.47
49.31 , 75.8
49.79 , 75.96
49.72 , 76.35
49.6 , 75.96
49.93 , 76.0
49.82 , 76.06
50.0 , 76.05
49.78 , 75.56
49.89 , 75.52
49.75 , 75.97
49.71 , 76.0
49.9 , 75.64
49.56 , 76.35
49.89 , 76.42
50.35 , 75.96
49.81 , 75.84
49.81 , 75.9
49.92 , 75.7
50.26 , 75.57
49.67 , 76.02
49.63 , 75.51
49.71 , 75.69
50.0 , 76.05
49.32 , 75.9
50.12 , 75.88
49.48 , 76.03
49.71 , 75.49
49.91 , 76.04
49.84 , 75.77
49.49 , 75.83
49.86 , 75.88
49.98 , 76.09
50.08 , 75.52
50.2 , 75.42
49.99 , 76.05
50.45 , 75.98
49.66 , 76.21
50.26 , 76.22
50.2 , 75.99
50.21 , 75.96
50.27 , 75.74
50.0 , 76.17
50.47 , 75.67
50.03 , 75.94
50.31 , 75.9
49.91 , 76.01
50.03 , 75.84
50.07 , 76.0
50.27 , 75.57
50.33 , 75.68
50.24 , 75.59
50.19 , 75.79
49.99 , 75.63
50.12 , 76.03
50.17 , 75.66
50.16 , 75.61
50.79 , 75.45
50.51 , 75.66
50.23 , 75.61
50.43 , 75.74
50.62 , 75.84
50.4 , 75.04
50.25 , 75.91
50.48 , 76.15
50.7 , 75.38
50.3 , 75.73
50.32 , 75.27
50.94 , 75.97
50.01 , 75.58
50.42 , 75.87
50.42 , 75.92
50.71 , 75.76
51.07 , 76.02
50.68 , 75.93
50.29 , 75.8
50.3 , 75.83
50.55 , 75.76
50.29 , 75.46
50.39 , 75.63
50.31 , 75.35
50.32 , 76.13
50.64 , 75.34
50.88 , 76.44
50.72 , 75.84
50.84 , 75.72
50.34 , 75.72
50.87 , 75.64
50.57 , 75.81
50.47 , 75.79
51.22 , 75.6
50.74 , 75.9
50.99 , 75.7
50.64 , 75.68
50.96 , 75.85
51.29 , 75.87
50.88 , 75.36
50.33 , 75.67
50.55 , 75.83
51.12 , 75.63
50.56 , 75.4
50.81 , 75.64
50.85 , 75.65
50.88 , 75.73
50.99 , 75.62
51.15 , 76.15
50.88 , 75.49
51.17 , 75.79
50.85 , 75.43
50.93 , 75.87
50.63 , 75.64
51.12 , 75.75
50.65 , 75.74
51.12 , 75.33
50.52 , 76.1
51.08 , 75.7
51.08 , 75.49
50.76 , 75.1
51.13 , 75.33
50.82 , 76.2
51.22 , 75.65
50.98 , 75.7
50.78 , 75.26
50.96 , 75.88
51.29 , 75.64
51.09 , 75.29
51.27 , 75.7
50.88 , 76.02
51.62 , 75.14
50.93 , 75.78
51.08 , 75.52
50.84 , 75.84
51.01 , 75.78
51.0 , 75.74
51.18 , 75.8
51.34 , 75.41
50.91 , 75.26
51.23 , 75.75
51.28 , 75.4
51.15 , 75.88
50.98 , 75.47
51.46 , 75.15
51.39 , 75.72
51.27 , 75.14
51.12 , 75.8
50.91 , 75.39
51.08 , 75.19
50.93 , 75.32
51.16 , 75.61
51.4 , 75.53
51.13 , 75.6
51.3 , 75.92
51.27 , 75.28
51.33 , 75.73
50.96 , 75.86
51.15 , 75.46
51.3 , 75.56
51.12 , 75.48
51.65 , 75.35
51.42 , 75.79
51.0 , 75.4
51.61 , 75.42
51.44 , 75.34
51.66 , 75.45
51.4 , 75.22
51.65 , 75.73
51.37 , 75.08
51.31 , 75.88
51.84 , 76.01
51.5 , 75.03
51.53 , 75.55
51.46 , 75.31
51.44 , 75.33
52.1 , 75.6
51.58 , 75.32
51.97 , 75.62
51.77 , 75.32
51.69 , 75.41
51.31 , 75.41
51.55 , 75.58
51.88 , 75.2
51.56 , 75.64
52.17 , 75.12
51.96 , 75.25
51.74 , 75.74
51.64 , 75.23
51.4 , 75.53
51.55 , 75.6
51.55 , 75.23
51.73 , 75.23
51.51 , 75.19
51.9 , 75.78
52.05 , 75.6
51.7 , 75.27
51.88 , 75.46
51.53 , 75.43
51.71 , 75.39
51.7 , 75.03
51.62 , 74.95
51.75 , 75.23
51.63 , 75.44
51.55 , 75.17
51.41 , 75.41
52.08 , 75.32
51.93 , 75.4
51.96 , 75.48
52.33 , 75.62
52.22 , 75.44
52.07 , 75.67
51.83 , 75.53
51.58 , 75.62
51.82 , 75.31
52.05 , 75.5
52.52 , 75.75
52.05 , 75.15
51.58 , 75.05
52.03 , 75.45
51.54 , 75.42
51.7 , 75.55
52.59 , 75.49
51.95 , 75.26
52.2 , 75.55
52.2 , 75.03
52.8 , 75.38
52.13 , 75.75
52.2 , 75.53
52.41 , 75.46
52.21 , 75.42
52.75 , 75.52
52.17 , 75.1
52.22 , 75.29
52.09 , 74.84
52.07 , 75.72
52.34 , 75.3
51.99 , 75.21
51.86 , 75.14
52.5 , 74.97
51.98 , 75.0
51.71 , 74.72
52.02 , 74.85
52.32 , 75.02
52.35 , 75.23
52.33 , 75.15
52.38 , 75.36
52.55 , 75.19
52.12 , 75.41
52.41 , 75.7
52.14 , 74.65
52.55 , 75.47
52.19 , 75.33
52.83 , 74.93
52.5 , 75.42
52.68 , 75.28
52.32 , 75.99
52.28 , 75.57
52.52 , 75.44
52.44 , 75.37
52.56 , 75.37
52.37 , 75.15
52.53 , 75.16
52.27 , 75.34
52.37 , 75.05
52.33 , 75.34
52.6 , 75.43
52.62 , 74.79
52.61 , 75.47
52.5 , 75.07
52.44 , 75.5
52.42 , 75.08
52.37 , 75.15
53.04 , 75.06
52.38 , 74.88
52.9 , 75.67
52.48 , 75.49
52.82 , 74.9
52.67 , 74.94
52.8 , 75.54
52.59 , 75.38
52.02 , 75.02
52.86 , 75.54
52.41 , 75.32
52.5 , 75.19
52.92 , 75.38
52.75 , 74.99
52.79 , 75.3
52.7 , 75.11
52.36 , 75.17
53.37 , 75.36
52.87 , 74.99
53.36 , 75.09
52.64 , 75.16
52.88 , 75.17
52.62 , 74.91
52.82 , 75.15
52.99 , 74.76
53.04 , 75.44
52.91 , 74.57
52.97 , 75.21
53.11 , 75.31
52.9 , 75.46
52.69 , 75.01
52.93 , 75.34
52.18 , 75.53
53.01 , 75.02
53.22 , 75.14
53.18 , 75.45
53.71 , 75.46
53.32 , 74.87
52.82 , 75.49
53.04 , 75.1
53.21 , 75.23
53.1 , 75.32
52.81 , 75.11
53.34 , 75.32
53.42 , 75.03
53.23 , 74.84
53.69 , 75.06
52.7 , 74.95
53.29 , 75.4
53.67 , 75.37
53.07 , 75.58
52.88 , 75.52
52.8 , 75.44
52.97 , 74.99
53.55 , 75.21
53.3 , 75.37
53.12 , 75.04
52.91 , 75.41
53.35 , 74.94
52.95 , 75.01
53.59 , 74.82
53.36 , 74.85
53.29 , 75.08
53.25 , 74.79
53.64 , 75.0
53.09 , 75.04
53.29 , 75.16
52.91 , 75.07
53.33 , 75.11
53.74 , 74.73
53.52 , 75.21
53.62 , 74.85
53.71 , 75.54
53.39 , 75.51
53.13 , 75.08
53.53 , 74.93
53.04 , 74.9
53.7 , 74.86
53.45 , 74.73
53.75 , 75.01
53.67 , 75.19
53.52 , 74.9
53.7 , 75.29
53.56 , 74.95
53.24 , 75.44
53.83 , 74.57
53.16 , 75.12
53.59 , 75.24
53.7 , 74.81
53.82 , 75.66
53.88 , 74.74
53.83 , 75.01
53.72 , 75.03
53.62 , 75.17
53.44 , 75.2
53.76 , 75.29
53.64 , 75.17
53.51 , 74.99
53.73 , 75.31
53.5 , 74.57
53.85 , 75.59
53.34 , 75.18
53.44 , 74.96
53.76 , 74.8
53.9 , 75.37
54.22 , 75.33
54.11 , 74.83
53.69 , 75.42
53.91 , 75.06
53.84 , 75.02
53.98 , 74.89
53.93 , 75.12
54.17 , 74.87
54.1 , 75.4
53.66 , 74.98
53.81 , 75.26
53.93 , 75.15
54.09 , 74.66
53.95 , 74.82
53.99 , 75.29
54.09 , 74.7
54.07 , 75.39
54.17 , 75.2
53.93 , 75.36
54.08 , 74.88
54.17 , 74.87
54.42 , 74.84
54.32 , 74.7
54.44 , 75.27
54.06 , 75.13
54.1 , 75.05
54.25 , 74.96
54.03 , 75.51
53.92 , 75.6
53.97 , 75.04
54.02 , 75.01
54.15 , 74.61
53.53 , 75.51
53.73 , 75.04
53.71 , 75.14
54.08 , 75.07
54.52 , 75.11
54.25 , 75.41
54.18 , 75.44
54.5 , 75.3
54.49 , 75.48
54.19 , 74.98
54.78 , 74.69
54.52 , 74.76
54.12 , 75.32
54.44 , 75.01
54.6 , 75.32
54.23 , 75.07
54.29 , 75.06
53.99 , 75.19
54.24 , 75.13
54.59 , 75.17
54.41 , 74.93
54.76 , 75.11
54.32 , 74.77
55.04 , 74.92
54.38 , 75.25
54.06 , 75.23
54.74 , 74.25
54.91 , 75.05
54.17 , 75.29
54.71 , 75.07
54.47 , 74.78
54.04 , 75.03
54.41 , 74.82
54.31 , 75.02
54.51 , 75.24
54.91 , 74.69
54.47 , 74.72
54.59 , 75.39
54.88 , 75.1
54.78 , 74.91
54.92 , 75.54
54.29 , 75.14
54.45 , 75.13
55.11 , 75.46
54.45 , 74.59
54.85 , 75.03
54.61 , 74.9
54.71 , 75.15
54.73 , 74.99
54.13 , 75.24
54.8 , 75.42
54.71 , 74.91
54.54 , 74.84
54.39 , 74.98
55.21 , 74.53
54.45 , 74.89
54.84 , 75.18
54.86 , 74.5
55.11 , 75.46
55.31 , 75.15
55.5 , 75.09
54.93 , 75.0
54.93 , 74.85
55.19 , 75.36
55.05 , 75.01
55.34 , 74.83
54.71 , 74.95
54.89 , 74.89
55.25 , 75.07
55.0 , 75.06
55.22 , 75.13
54.96 , 75.25
55.16 , 75.2
54.84 , 75.13
54.36 , 75.42
54.93 , 74.85
55.23 , 75.16
55.33 , 75.09
54.86 , 74.57
54.89 , 75.14
55.03 , 74.77
54.47 , 74.53
55.26 , 74.53
55.07 , 74.78
54.94 , 74.47
55.04 , 74.82
54.94 , 74.95
54.93 , 75.0
54.91 , 75.03
55.28 , 74.5
54.79 , 74.99
54.84 , 74.73
55.59 , 75.14
55.07 , 75.04
55.47 , 75.38
55.12 , 74.87
54.91 , 74.55
55.66 , 75.3
55.53 , 75.36
55.3 , 75.08
55.08 , 75.11
55.0 , 74.98
55.54 , 75.29
55.42 , 75.17
55.83 , 75.17
55.32 , 75.09
55.48 , 74.81
56.08 , 74.85
55.18 , 74.97
55.53 , 75.0
55.67 , 75.19
55.12 , 75.23
55.26 , 75.13
55.39 , 75.26
55.53 , 74.63
55.59 , 74.66
55.16 , 75.28
55.39 , 75.18
55.61 , 74.94
55.7 , 75.22
55.32 , 75.1
55.25 , 74.89
55.53 , 75.18
55.24 , 74.98
55.48 , 75.2
55.19 , 74.96
55.74 , 75.35
55.16 , 74.78
56.19 , 75.17
55.26 , 75.0
55.82 , 74.84
56.09 , 74.72
55.7 , 75.51
55.93 , 74.92
55.84 , 75.32
55.88 , 75.05
55.39 , 75.33
55.42 , 74.61
56.01 , 75.08
55.56 , 75.36
55.97 , 74.96
55.77 , 74.98
55.71 , 74.89
55.25 , 74.59
55.89 , 74.86
55.52 , 75.42
55.65 , 74.94
55.77 , 75.5
55.75 , 75.08
55.07 , 74.65
55.47 , 75.02
55.88 , 75.16
55.92 , 75.06
55.33 , 75.14
56.02 , 74.91
55.81 , 75.43
55.57 , 74.94
56.31 , 75.18
55.81 , 75.36
56.05 , 75.28
55.88 , 75.11
55.72 , 75.06
55.95 , 75.53
55.98 , 74.99
56.11 , 75.17
55.82 , 75.1
55.79 , 75.02
55.79 , 75.05
56.23 , 75.31
55.97 , 75.09
55.66 , 75.21
55.97 , 75.28
56.01 , 75.28
56.19 , 74.87
55.94 , 75.3
55.74 , 75.27
56.09 , 74.91
55.51 , 75.09
56.28 , 74.42
56.2 , 75.12
56.27 , 74.66
56.04 , 74.73
56.06 , 74.95
56.01 , 74.71
56.55 , 75.03
56.29 , 75.42
56.11 , 75.32
56.19 , 75.01
56.34 , 75.48
55.97 , 75.02
56.24 , 75.01
56.41 , 75.13
56.37 , 75.07
56.29 , 75.13
56.14 , 74.76
56.3 , 75.33
56.1 , 75.16
56.63 , 74.8
56.24 , 74.6
56.64 , 74.92
56.0 , 75.07
56.28 , 74.84
56.75 , 74.92
56.5 , 75.26
56.33 , 74.66
56.5 , 75.41
56.34 , 75.78
56.8 , 74.84
56.31 , 75.45
56.41 , 75.48
56.3 , 74.99
56.5 , 75.7
56.72 , 75.43
56.54 , 75.24
56.58 , 75.29
57.05 , 75.28
56.57 , 75.57
56.66 , 74.98
56.74 , 75.09
56.88 , 75.26
56.04 , 75.14
56.41 , 75.23
56.56 , 75.46
57.0 , 74.78
56.68 , 75.33
56.42 , 74.95
56.42 , 75.06
56.37 , 75.28
56.73 , 75.44
56.98 , 75.11
56.7 , 75.13
56.53 , 75.31
56.65 , 75.13
56.47 , 74.97
56.67 , 74.91
56.88 , 75.48
56.94 , 75.03
56.88 , 75.13
56.55 , 75.43
56.93 , 75.09
57.09 , 75.31
57.13 , 75.5
56.67 , 75.25
56.61 , 74.57
57.25 , 75.18
57.04 , 75.05
56.76 , 75.47
57.42 , 75.25
57.06 , 74.93
56.98 , 75.04
56.78 , 74.92
56.84 , 75.24
56.89 , 75.56
56.52 , 75.27
56.73 , 75.44
57.02 , 75.15
57.27 , 74.96
56.98 , 75.07
57.39 , 75.21
57.18 , 74.98
57.1 , 75.35
57.34 , 75.57
57.14 , 75.21
57.18 , 75.13
57.48 , 75.02
57.0 , 75.53
57.1 , 75.22
57.48 , 75.38
57.64 , 75.11
56.74 , 75.25
57.27 , 75.12
57.45 , 74.95
57.16 , 74.66
57.19 , 74.73
57.35 , 75.14
57.35 , 75.02
57.05 , 75.25
56.8 , 75.02
57.08 , 75.17
57.38 , 75.27
57.5 , 75.48
57.58 , 74.93
56.61 , 75.15
57.55 , 75.27
57.17 , 75.21
57.13 , 75.09
57.31 , 74.86
57.31 , 74.93
57.12 , 75.22
57.58 , 75.59
57.63 , 75.18
57.51 , 75.15
57.29 , 75.1
57.53 , 75.34
57.11 , 74.77
57.58 , 75.48
57.52 , 75.42
57.79 , 75.05
57.71 , 75.32
57.21 , 74.76
57.17 , 75.41
57.8 , 75.14
57.34 , 75.49
57.43 , 74.7
57.58 , 75.0
57.56 , 75.56
57.28 , 75.2
57.56 , 75.55
57.95 , 75.21
57.74 , 75.41
57.33 , 75.16
57.34 , 75.08
57.44 , 74.56
57.58 , 75.51
57.72 , 75.33
57.35 , 75.28
57.7 , 75.5
57.62 , 75.49
57.65 , 75.38
57.7 , 75.49
58.03 , 75.7
57.79 , 75.24
57.34 , 74.71
57.76 , 75.23
57.37 , 74.85
57.73 , 75.58
57.94 , 75.04
57.7 , 75.56
57.73 , 75.69
57.37 , 75.4
58.23 , 75.24
58.18 , 75.39
57.32 , 74.99
58.02 , 75.21
57.98 , 74.98
58.11 , 75.88
57.67 , 75.39
58.24 , 75.31
57.92 , 75.17
57.69 , 75.08
57.81 , 75.57
58.07 , 75.52
57.59 , 75.39
58.31 , 75.04
57.94 , 75.05
57.79 , 75.3
57.85 , 74.97
58.44 , 75.31
58.0 , 75.66
57.55 , 75.31
58.04 , 74.81
58.2 , 75.52
57.87 , 75.26
58.38 , 75.26
58.03 , 75.37
57.79 , 75.36
58.28 , 75.69
57.96 , 75.95
57.83 , 75.4
58.12 , 75.26
58.32 , 75.53
57.88 , 75.19
58.36 , 75.37
58.21 , 75.61
58.31 , 75.52
58.19 , 75.33
58.22 , 75.76
58.13 , 75.78
57.99 , 75.57
58.06 , 75.36
58.35 , 75.32
57.96 , 75.5
57.86 , 75.44
58.52 , 75.71
58.42 , 75.66
58.37 , 75.59
58.49 , 75.57
58.8 , 75.36
58.19 , 75.55
58.22 , 75.63
58.18 , 75.42
58.67 , 75.01
58.15 , 75.67
58.24 , 75.76
58.32 , 75.52
58.13 , 75.61
58.5 , 75.61
58.91 , 75.7
58.89 , 75.12
58.56 , 75.41
58.5 , 75.8
58.32 , 75.54
58.32 , 76.12
58.14 , 75.3
58.53 , 75.87
58.89 , 74.97
58.4 , 75.05
58.41 , 75.5
58.73 , 75.93
58.8 , 75.11
58.62 , 75.74
58.72 , 75.41
58.59 , 75.7
58.2 , 75.51
58.69 , 75.37
58.31 , 75.49
58.79 , 75.76
58.71 , 75.91
58.83 , 75.51
58.26 , 75.82
58.46 , 75.53
58.39 , 75.64
59.09 , 75.45
58.24 , 75.56
58.49 , 75.39
58.64 , 75.3
58.99 , 75.68
58.36 , 75.36
58.58 , 75.34
59.15 , 75.52
59.18 , 75.32
59.18 , 75.43
58.54 , 75.68
58.76 , 75.69
58.26 , 75.2
58.81 , 75.47
58.93 , 75.35
58.7 , 75.61
58.87 , 75.42
59.24 , 75.55
59.04 , 75.46
58.9 , 75.65
59.09 , 75.43
59.14 , 75.32
58.81 , 75.84
58.85 , 75.38
59.0 , 75.42
58.69 , 75.36
58.77 , 75.55
59.09 , 75.39
58.56 , 75.47
58.82 , 75.61
59.13 , 75.83
59.45 , 75.65
58.88 , 74.94
58.62 , 75.2
59.0 , 75.59
58.96 , 75.95
58.99 , 75.49
59.09 , 76.0
59.39 , 75.76
59.53 , 75.35
58.82 , 75.66
58.92 , 75.23
58.91 , 75.48
59.29 , 75.89
59.19 , 75.8
59.17 , 75.44
59.0 , 75.67
58.91 , 75.87
58.88 , 75.54
59.48 , 75.9
58.86 , 75.66
59.33 , 76.04
59.46 , 75.7
59.48 , 75.73
59.29 , 75.52
59.19 , 75.52
59.48 , 75.71
59.34 , 75.83
59.5 , 75.89
59.1 , 75.69
59.47 , 76.0
59.43 , 75.63
59.65 , 75.69
59.13 , 75.6
59.5 , 75.66
59.44 , 75.78
59.53 , 75.91
59.55 , 75.47
59.39 , 75.99
59.03 , 75.69
59.21 , 75.41
59.23 , 75.25
59.36 , 75.82
59.74 , 75.42
59.56 , 75.68
59.11 , 75.69
59.43 , 75.84
59.48 , 75.74
59.49 , 75.73
59.85 , 76.08
59.46 , 75.35
59.78 , 75.61
59.5 , 75.93
59.6 , 75.64
59.56 , 75.56
59.54 , 75.84
59.75 , 75.35
59.43 , 76.13
60.02 , 75.83
59.4 , 75.82
59.69 , 75.82
60.23 , 76.05
60.14 , 75.86
59.35 , 75.46
59.46 , 75.49
59.78 , 76.1
59.96 , 76.16
60.15 , 76.37
59.8 , 76.0
59.79 , 75.85
60.04 , 75.37
59.99 , 75.85
59.9 , 75.41
59.95 , 76.25
60.12 , 76.07
59.52 , 75.49
60.05 , 75.99
59.99 , 75.91
59.5 , 75.44
59.71 , 75.68
59.87 , 76.04
59.97 , 75.86
59.33 , 75.76
60.15 , 75.89
59.83 , 76.18
59.89 , 76.12
60.26 , 75.93
59.95 , 75.71
60.13 , 75.93
59.87 , 75.95
60.02 , 75.67
59.74 , 75.41
60.1 , 76.06
59.74 , 75.86
59.98 , 75.82
60.21 , 76.19
60.44 , 76.21
60.42 , 75.9
60.09 , 76.25
60.04 , 75.65
59.95 , 76.16
59.87 , 75.87
60.49 , 75.57
60.08 , 76.03
60.01 , 75.4
59.91 , 75.88
59.78 , 75.68
60.22 , 76.17
60.58 , 75.79
59.78 , 75.72
60.21 , 76.22
60.19 , 75.78
59.86 , 75.95
60.4 , 76.11
59.91 , 75.74
60.01 , 76.07
59.9 , 75.82
59.97 , 75.95
60.33 , 75.89
60.23 , 75.79
60.37 , 75.55
60.4 , 75.86
59.99 , 75.81
60.15 , 76.06
60.69 , 76.07
60.54 , 76.33
60.9 , 76.18
60.16 , 75.66
60.02 , 76.34
60.41 , 76.35
60.73 , 75.84
60.2 , 75.76
60.01 , 76.15
60.11 , 76.22
60.2 , 76.09
60.1 , 76.16
60.59 , 76.43
60.65 , 76.3
60.33 , 76.02
60.72 , 75.75
60.56 , 76.01
60.73 , 76.23
60.71 , 75.76
60.44 , 76.05
60.9 , 75.94
60.52 , 76.25
60.46 , 75.63
60.56 , 75.7
60.62 , 75.94
60.67 , 76.28
60.67 , 76.19
60.67 , 76.33
60.87 , 76.43
60.82 , 75.9
60.93 , 76.12
60.5 , 76.17
61.04 , 76.03
60.87 , 76.49
60.66 , 75.99
60.73 , 76.18
60.61 , 76.31
60.69 , 76.45
60.68 , 75.72
61.14 , 75.93
60.91 , 76.47
60.51 , 76.09
60.61 , 76.62
60.72 , 75.9
60.55 , 76.25
60.88 , 76.02
60.74 , 75.88
61.08 , 76.7
60.99 , 76.32
60.93 , 76.17
60.77 , 76.18
60.76 , 76.42
60.89 , 75.6
60.84 , 76.17
60.63 , 76.09
60.82 , 76.46
60.69 , 76.09
60.9 , 76.27
61.17 , 76.22
61.19 , 76.92
61.19 , 76.33
60.87 , 75.9
61.15 , 76.21
60.98 , 76.29
60.94 , 76.57
61.05 , 76.08
60.89 , 76.26
61.17 , 76.28
61.03 , 76.09
60.62 , 76.25
61.08 , 75.88
61.01 , 76.19
61.21 , 76.37
61.48 , 76.06
61.07 , 76.44
61.66 , 76.4
60.63 , 76.23
61.22 , 75.77
60.95 , 76.65
60.91 , 76.41
61.3 , 76.34
61.49 , 76.16
60.93 , 76.78
61.19 , 76.13
61.08 , 76.54
61.61 , 76.33
61.31 , 76.31
61.07 , 76.65
60.67 , 76.36
61.35 , 76.3
61.46 , 76.43
61.57 , 76.6
61.5 , 76.67
61.58 , 76.12
61.1 , 76.48
61.21 , 76.47
61.62 , 76.29
61.19 , 76.23
61.14 , 76.42
61.11 , 76.69
61.32 , 76.32
61.4 , 76.53
61.19 , 76.6
61.27 , 76.58
61.31 , 76.41
61.17 , 76.76
61.27 , 76.78
61.36 , 76.25
61.37 , 76.43
61.24 , 76.18
61.73 , 76.74
61.53 , 76.02
61.65 , 76.5
61.35 , 76.39
61.38 , 76.53
61.62 , 76.48
61.38 , 76.94
61.55 , 76.72
61.59 , 76.84
61.73 , 76.33
61.9 , 76.62
61.64 , 76.97
61.75 , 76.55
61.49 , 76.79
61.2 , 76.39
61.72 , 76.61
61.34 , 76.55
61.53 , 76.57
61.71 , 76.69
62.01 , 76.59
61.58 , 76.72
61.56 , 76.63
62.03 , 76.45
61.71 , 76.54
61.92 , 77.09
62.09 , 76.55
61.75 , 76.71
61.84 , 76.73
61.64 , 76.8
61.22 , 76.88
61.7 , 76.57
61.96 , 76.58
61.98 , 76.7
62.03 , 76.71
61.62 , 76.93
61.56 , 76.89
61.52 , 76.89
61.41 , 76.69
61.66 , 76.76
61.84 , 76.8
61.6 , 76.48
62.15 , 76.92
62.35 , 76.82
62.27 , 76.61
62.19 , 76.64
61.79 , 76.5
61.93 , 76.73
62.01 , 76.78
61.59 , 77.01
61.96 , 76.45
61.8 , 76.8
61.64 , 76.88
62.16 , 76.81
61.57 , 76.88
62.0 , 76.48
61.4 , 76.71
62.25 , 76.96
62.65 , 76.42
61.85 , 76.89
61.96 , 76.87
61.87 , 76.99
62.46 , 77.08
62.23 , 76.7
62.4 , 77.32
61.76 , 76.68
62.72 , 76.37
61.9 , 77.08
62.11 , 76.99
62.3 , 77.2
61.83 , 77.21
62.06 , 77.32
62.13 , 76.76
62.4 , 76.73
62.84 , 76.59
61.74 , 77.08
62.25 , 76.83
62.08 , 76.97
62.19 , 76.6
62.11 , 76.86
62.21 , 77.17
62.52 , 76.65
62.53 , 76.6
61.92 , 76.99
62.12 , 76.71
62.23 , 76.74
62.72 , 76.95
62.6 , 76.45
62.66 , 76.89
62.48 , 76.88
62.19 , 77.29
62.28 , 77.13
62.64 , 77.15
62.56 , 77.14
62.09 , 77.15
62.51 , 77.01
62.48 , 77.05
62.1 , 76.79
62.4 , 76.93
62.56 , 76.72
62.85 , 76.87
62.13 , 77.03
62.24 , 77.12
62.76 , 76.84
62.52 , 77.6
62.38 , 77.0
62.69 , 76.88
62.44 , 76.91
62.42 , 77.0
62.63 , 76.96
62.27 , 77.24
62.35 , 76.46
62.79 , 76.86
62.64 , 77.22
62.53 , 76.52
62.31 , 76.91
62.78 , 76.9
62.51 , 77.28
62.11 , 76.62
62.44 , 76.69
62.46 , 77.05
62.44 , 76.87
62.85 , 77.0
62.65 , 76.7
62.43 , 76.23
62.22 , 76.47
62.94 , 76.91
62.45 , 76.96
62.35 , 76.52
62.47 , 76.67
62.62 , 76.44
62.64 , 76.87
62.75 , 76.85
62.43 , 76.83
62.48 , 77.02
62.79 , 76.73
62.53 , 76.33
62.98 , 76.37
62.87 , 76.67
62.45 , 76.72
62.57 , 76.53
62.44 , 76.33
62.66 , 76.88
62.47 , 76.63
62.51 , 76.31
62.75 , 76.19
62.78 , 76.69
62.74 , 76.21
63.07 , 76.2
62.86 , 76.54
62.57 , 76.84
62.59 , 76.33
63.11 , 76.49
62.69 , 76.03
62.96 , 76.33
62.58 , 76.86
62.85 , 76.59
63.25 , 76.28
62.42 , 76.64
62.9 , 76.87
62.42 , 76.74
62.93 , 76.55
63.11 , 76.29
62.87 , 76.16
62.8 , 76.29
62.75 , 76.22
62.85 , 76.1
62.97 , 76.75
62.65 , 76.68
62.54 , 76.98
62.62 , 76.34
62.62 , 76.54
62.82 , 76.2
62.15 , 75.89
62.43 , 75.87
62.61 , 76.4
63.11 , 75.72
63.21 , 76.73
63.22 , 76.05
62.63 , 76.19
63.07 , 76.03
63.24 , 75.97
62.74 , 76.77
62.73 , 75.89
62.92 , 75.98
62.91 , 76.26
62.95 , 76.37
62.57 , 75.92
62.7 , 76.2
62.82 , 75.42
62.55 , 75.96
62.68 , 75.66
62.96 , 75.83
62.84 , 75.82
63.24 , 76.58
62.48 , 76.51
63.06 , 76.29
63.07 , 76.0
62.92 , 76.2
63.14 , 75.82
62.88 , 76.1
61.97 , 75.87
63.33 , 76.18
62.81 , 76.47
62.87 , 76.53
62.66 , 75.6
62.74 , 76.44
63.36 , 76.54
63.3 , 76.5
63.5 , 76.01
62.84 , 76.1
62.6 , 75.58
63.2 , 75.65
62.66 , 75.75
62.79 , 75.71
62.7 , 75.91
62.91 , 75.71
63.17 , 75.92
63.35 , 75.71
62.83 , 75.33
62.94 , 75.34
63.03 , 75.87
62.94 , 75.99
63.07 , 75.6
62.85 , 75.44
63.36 , 75.94
62.91 , 75.67
63.11 , 75.43
63.09 , 75.79
62.6 , 75.52
63.49 , 75.4
62.71 , 75.95
63.13 , 76.22
62.66 , 76.06
63.02 , 75.78
62.94 , 75.84
63.19 , 75.68
63.1 , 75.68
63.03 , 75.73
62.63 , 75.8
63.22 , 75.63
63.54 , 75.76
63.14 , 75.56
63.57 , 75.55
62.79 , 75.32
63.12 , 75.67
63.06 , 75.0
63.41 , 75.75
63.02 , 75.7
62.92 , 75.77
63.39 , 75.48
62.91 , 75.44
63.27 , 75.54
63.08 , 75.59
63.24 , 76.0
63.7 , 75.5
62.73 , 75.87
63.11 , 75.36
63.58 , 75.44
63.16 , 75.4
63.41 , 75.46
63.14 , 75.28
63.61 , 75.29
63.13 , 75.47
63.16 , 75.55
63.37 , 75.11
63.96 , 75.36
63.22 , 75.52
63.31 , 75.78
63.46 , 75.18
63.03 , 75.32
63.45 , 75.25
63.62 , 75.57
63.39 , 75.48
62.97 , 75.38
63.15 , 75.37
63.17 , 75.48
63.28 , 75.12
63.67 , 74.68
63.29 , 75.24
63.44 , 75.4
63.49 , 75.18
63.27 , 75.4
63.22 , 75.09
62.99 , 75.31
63.39 , 75.19
63.42 , 75.43
63.27 , 75.08
63.64 , 74.68
63.51 , 75.22
63.74 , 75.0
63.64 , 75.24
62.86 , 75.25
63.04 , 75.19
63.26 , 75.18
63.57 , 74.96
63.52 , 75.38
63.52 , 75.16
63.47 , 74.99
63.31 , 75.14
62.88 , 74.88
63.6 , 75.3
63.55 , 74.81
63.54 , 75.54
63.28 , 75.07
63.58 , 75.01
63.82 , 74.62
63.44 , 74.87
63.34 , 74.77
63.56 , 74.94
62.89 , 75.04
63.57 , 75.15
63.25 , 75.03
63.85 , 74.47
63.67 , 74.88
63.57 , 74.89
63.46 , 74.58
63.43 , 74.83
63.5 , 74.72
63.28 , 74.71
63.52 , 74.98
63.37 , 75.09
63.56 , 74.67
63.35 , 74.7
63.09 , 74.43
63.26 , 74.7
63.59 , 74.72
63.38 , 74.77
63.38 , 74.67
63.44 , 75.08
63.48 , 74.94
63.56 , 74.44
63.53 , 75.08
63.43 , 74.43
63.66 , 75.13
63.52 , 74.6
63.94 , 74.66
63.39 , 74.24
63.44 , 74.8
63.37 , 74.86
63.61 , 74.28
63.07 , 74.37
63.69 , 74.08
63.63 , 74.45
63.92 , 74.31
63.78 , 74.78
63.69 , 74.68
63.57 , 74.71
63.22 , 74.48
63.83 , 73.65
63.89 , 74.5
63.6 , 74.57
63.35 , 74.74
63.91 , 74.54
63.3 , 74.37
63.21 , 74.35
63.87 , 74.29
63.67 , 74.05
63.92 , 74.41
63.55 , 74.04
63.43 , 74.38
63.91 , 74.56
63.53 , 74.49
63.88 , 74.32
63.11 , 74.85
63.65 , 74.47
63.97 , 74.77
63.7 , 74.25
63.7 , 74.43
63.13 , 74.04
64.19 , 74.38
63.62 , 73.96
63.69 , 74.65
63.11 , 74.17
63.76 , 74.4
63.59 , 74.28
63.49 , 74.5
63.29 , 74.0
63.79 , 73.77
63.88 , 74.36
63.62 , 73.79
63.64 , 74.17
63.4 , 74.11
63.2 , 74.06
64.03 , 74.3
63.6 , 73.84
63.87 , 74.09
63.53 , 74.08
63.85 , 74.13
63.73 , 74.5
63.71 , 74.08
63.42 , 74.02
63.98 , 74.02
63.42 , 73.78
63.57 , 74.13
63.48 , 73.94
63.78 , 74.14
63.69 , 74.2
63.83 , 74.15
63.62 , 74.23
63.62 , 73.75
63.63 , 74.26
64.32 , 73.76
63.94 , 73.52
63.62 , 73.67
64.16 , 73.7
63.94 , 73.91
63.88 , 73.96
63.66 , 73.7
63.66 , 74.2
64.05 , 73.69
64.01 , 74.39
64.1 , 73.92
63.9 , 73.89
63.85 , 73.61
63.59 , 73.87
63.92 , 73.87
64.2 , 73.7
63.99 , 73.64
63.8 , 73.97
63.75 , 74.43
63.83 , 73.77
63.74 , 73.69
63.76 , 73.68
63.76 , 73.83
64.07 , 73.37
64.08 , 73.82
63.95 , 73.4
64.16 , 73.59
64.17 , 73.63
64.01 , 74.06
63.7 , 73.78
63.78 , 73.65
63.77 , 73.43
64.57 , 73.56
63.64 , 73.56
63.8 , 73.42
63.61 , 73.8
64.0 , 73.81
63.55 , 73.92
63.71 , 73.81
64.6 , 73.22
63.86 , 73.72
64.4 , 73.68
64.05 , 73.42
64.54 , 73.32
63.89 , 73.15
63.87 , 73.81
63.87 , 73.42
64.02 , 73.77
63.96 , 73.69
64.25 , 73.43
64.45 , 73.47
64.07 , 73.62
64.15 , 73.66
64.33 , 73.54
63.72 , 73.33
64.23 , 73.3
64.33 , 73.24
64.06 , 73.44
63.87 , 73.45
63.97 , 73.47
63.98 , 73.44
63.93 , 72.93
64.09 , 73.12
64.07 , 72.97
63.57 , 73.28
64.28 , 72.83
64.08 , 73.34
64.14 , 73.75
63.94 , 73.38
63.67 , 73.41
64.08 , 73.22
64.17 , 73.56
64.75 , 73.26
64.47 , 72.53
64.41 , 73.09
64.24 , 73.11
64.42 , 73.35
64.26 , 73.56
64.21 , 72.49
63.84 , 73.25
64.24 , 73.13
64.35 , 73.19
64.06 , 73.14
64.18 , 73.09
63.98 , 72.73
64.25 , 73.34
63.96 , 72.79
63.86 , 73.08
64.08 , 72.92
64.85 , 73.27
64.37 , 73.04
64.39 , 73.27
64.14 , 73.25
64.35 , 72.85
64.61 , 73.1
64.68 , 72.86
63.76 , 73.09
64.04 , 73.17
63.92 , 72.82
64.25 , 72.97
64.51 , 73.43
64.4 , 73.23
64.37 , 73.03
64.38 , 73.08
64.76 , 72.61
64.7 , 72.55
64.07 , 72.97
64.1 , 72.26
64.51 , 72.67
63.92 , 73.3
63.9 , 72.56
64.13 , 73.18
64.43 , 72.77
64.45 , 73.15
64.48 , 73.12
64.05 , 72.65
64.27 , 72.66
64.45 , 72.95
64.38 , 73.09
64.37 , 72.74
64.39 , 72.5
64.12 , 72.04
64.13 , 72.93
65.06 , 72.33
64.49 , 72.84
64.38 , 73.11
64.21 , 72.98
64.37 , 72.75
64.14 , 72.65
64.3 , 72.5
64.35 , 72.6
64.66 , 72.68
64.76 , 72.5
64.59 , 72.18
64.5 , 72.11
64.52 , 72.92
64.4 , 72.86
64.84 , 72.63
64.71 , 72.46
64.45 , 72.28
64.31 , 72.71
64.82 , 72.23
64.46 , 72.55
64.46 , 72.33
64.28 , 72.29
64.05 , 72.37
64.66 , 72.53
64.64 , 72.91
64.67 , 72.74
64.51 , 72.25
64.74 , 72.36
64.71 , 72.41
64.8 , 72.13
64.35 , 72.39
64.46 , 72.47
64.73 , 72.18
64.63 , 72.46
64.32 , 72.59
64.5 , 72.3
64.64 , 72.23
64.8 , 72.07
64.9 , 72.57
64.75 , 72.68
64.96 , 72.1
64.97 , 72.37
64.87 , 72.35
64.56 , 72.42
64.9 , 72.79
64.61 , 72.24
64.78 , 72.27
64.49 , 72.47
64.43 , 72.24
64.43 , 71.83
64.88 , 72.67
64.72 , 71.86
64.9 , 71.98
64.56 , 71.97
64.53 , 72.21
64.26 , 72.06
64.61 , 72.03
64.81 , 71.72
64.57 , 71.86
64.39 , 72.37
64.7 , 72.5
64.94 , 72.08
65.28 , 71.94
64.69 , 72.11
64.73 , 72.06
64.67 , 71.98
64.9 , 71.75
64.98 , 71.57
64.77 , 72.43
64.46 , 71.78
64.41 , 72.27
64.75 , 72.04
64.54 , 71.41
64.83 , 72.08
64.85 , 72.14
64.63 , 71.94
64.77 , 72.15
64.44 , 72.37
64.6 , 72.17
64.79 , 71.75
64.63 , 72.07
64.92 , 72.14
65.18 , 72.02
64.84 , 72.01
64.75 , 71.74
64.92 , 72.12
65.19 , 71.65
64.89 , 71.58
64.77 , 71.56
64.78 , 71.69
64.9 , 71.62
65.04 , 71.35
64.86 , 72.24
65.31 , 72.07
65.13 , 71.98
64.27 , 71.51
64.87 , 71.65
64.69 , 72.19
65.06 , 71.78
64.96 , 72.04
64.69 , 72.1
64.86 , 72.19
64.82 , 71.72
64.6 , 71.99
65.2 , 71.6
65.03 , 71.33
64.93 , 71.67
64.7 , 71.85
64.57 , 71.59
65.16 , 71.5
65.06 , 71.39
65.22 , 71.18
64.69 , 71.42
64.8 , 71.33
64.9 , 71.64
65.2 , 71.68
64.31 , 71.38
65.03 , 71.23
65.24 , 71.78
64.72 , 71.54
64.68 , 71.34
64.7 , 71.66
65.26 , 71.64
65.25 , 71.73
64.87 , 71.49
64.71 , 71.92
64.9 , 71.4
64.98 , 71.18
65.26 , 71.45
65.29 , 71.46
64.48 , 71.64
65.24 , 71.61
65.24 , 71.34
64.91 , 71.71
65.65 , 71.64
64.8 , 70.9
64.88 , 71.06
65.21 , 72.0
65.31 , 71.26
65.28 , 71.01
64.98 , 70.83
65.38 , 71.41
65.15 , 71.41
65.04 , 71.67
64.77 , 71.21
64.71 , 71.27
65.2 , 71.22
65.34 , 70.73
65.42 , 71.23
65.0 , 71.74
64.92 , 71.43
64.91 , 71.2
64.81 , 70.9
65.14 , 71.05
65.0 , 71.09
65.12 , 71.13
65.44 , 71.34
64.8 , 71.27
65.5 , 71.37
65.37 , 71.18
64.99 , 71.51
64.91 , 71.39
65.26 , 71.19
65.37 , 70.6
65.23 , 71.35
65.4 , 71.29
65.18 , 70.53
65.12 , 71.05
65.32 , 71.06
65.03 , 71.17
65.28 , 70.85
65.16 , 70.98
65.26 , 70.68
65.38 , 70.96
64.96 , 71.01
65.87 , 71.04
65.29 , 71.35
65.22 , 71.26
65.22 , 70.29
65.62 , 70.87
65.32 , 70.31
64.92 , 71.01
65.35 , 71.08
65.19 , 70.91
65.46 , 70.78
65.34 , 70.56
65.13 , 70.79
65.15 , 70.63
65.71 , 70.92
65.48 , 70.44
65.19 , 70.11
65.22 , 70.68
65.33 , 70.99
64.89 , 71.03
64.81 , 70.66
65.24 , 70.34
65.01 , 70.9
65.5 , 70.73
65.43 , 71.16
65.56 , 70.46
65.2 , 70.57
65.26 , 70.38
65.21 , 70.28
65.04 , 70.58
64.98 , 70.84
65.72 , 70.4
65.07 , 70.9
65.3 , 70.57
65.38 , 70.7
65.49 , 70.86
65.49 , 70.64
65.29 , 70.85
65.03 , 70.31
65.62 , 70.64
65.35 , 70.74
65.68 , 71.13
65.18 , 70.35
65.43 , 70.75
65.31 , 70.26
65.3 , 70.56
65.32 , 70.08
65.01 , 70.53
65.01 , 70.74
65.73 , 70.26
65.24 , 70.48
65.47 , 70.15
65.1 , 70.19
65.54 , 70.47
65.37 , 70.35
65.53 , 70.43
65.49 , 70.21
65.75 , 70.23
65.39 , 70.1
65.68 , 70.82
65.64 , 70.22
65.45 , 70.3
65.4 , 70.22
65.55 , 70.51
65.6 , 70.32
65.69 , 70.47
65.43 , 70.44
65.57 , 70.27
65.89 , 70.46
65.87 , 69.69
65.66 , 70.1
65.51 , 70.56
65.94 , 70.13
65.07 , 70.59
65.72 , 70.58
65.37 , 70.29
65.35 , 70.12
65.59 , 69.87
66.03 , 69.77
65.96 , 70.27
65.55 , 70.25
65.36 , 70.05
65.39 , 69.95
65.44 , 70.23
65.37 , 70.13
66.01 , 69.72
65.78 , 70.09
65.58 , 69.89
65.62 , 70.19
65.82 , 70.05
65.82 , 69.67
65.55 , 70.01
65.43 , 69.92
65.35 , 70.06
65.61 , 69.9
65.66 , 70.37
65.61 , 70.38
65.53 , 70.51
65.66 , 69.69
65.64 , 69.88
66.0 , 70.0
65.7 , 70.14
65.42 , 70.11
65.67 , 70.07
65.53 , 70.35
65.78 , 69.75
65.8 , 70.09
65.41 , 69.84
65.54 , 69.42
66.03 , 69.89
65.79 , 69.87
66.09 , 69.66
65.73 , 69.78
65.26 , 70.02
65.63 , 69.46
65.7 , 69.87
65.68 , 69.64
65.24 , 70.08
65.23 , 69.62
65.77 , 70.19
65.6 , 69.86
65.89 , 69.31
65.58 , 69.75
65.84 , 69.41
65.35 , 69.57
65.67 , 69.48
65.14 , 69.99
65.35 , 70.03
65.75 , 69.75
65.84 , 69.91
65.4 , 69.75
65.87 , 69.91
66.11 , 69.07
65.92 , 69.67
65.45 , 69.7
65.76 , 69.56
65.45 , 69.64
65.63 , 69.89
65.76 , 69.58
65.94 , 69.92
65.73 , 69.84
65.92 , 69.51
65.58 , 69.44
65.99 , 69.28
66.5 , 69.72
65.88 , 69.69
66.28 , 69.51
65.89 , 69.32
65.72 , 69.44
66.17 , 69.85
65.56 , 69.51
65.97 , 69.24
65.92 , 69.21
66.15 , 68.95
66.13 , 69.43
65.88 , 69.53
66.12 , 69.42
65.94 , 69.3
66.17 , 69.51
65.74 , 69.38
66.04 , 69.49
66.18 , 68.81
65.91 , 69.03
65.95 , 69.2
66.27 , 69.54
65.76 , 68.95
65.83 , 68.77
66.49 , 69.31
65.67 , 69.12
65.66 , 69.22
65.84 , 69.22
65.9 , 69.32
65.94 , 69.23
65.94 , 69.29
65.91 , 68.94
66.43 , 69.33
66.05 , 69.13
65.8 , 68.95
65.5 , 69.04
65.39 , 69.37
66.01 , 68.74
65.85 , 69.09
65.79 , 68.96
66.23 , 69.07
66.21 , 69.4
65.99 , 68.85
65.79 , 68.91
66.15 , 69.03
66.28 , 68.97
65.62 , 69.14
66.31 , 69.78
65.98 , 68.83
65.75 , 69.56
65.46 , 68.83
65.88 , 68.78
65.84 , 69.17
66.28 , 69.05
65.33 , 68.7
66.21 , 68.64
66.32 , 68.76
66.39 , 68.86
66.21 , 68.87
66.51 , 68.95
66.01 , 69.0
66.17 , 68.92
65.76 , 69.1
65.99 , 69.26
66.16 , 68.74
66.09 , 69.17
66.0 , 68.58
65.83 , 68.78
66.03 , 68.9
66.16 , 68.55
66.34 , 68.9
66.61 , 68.83
66.22 , 68.32
66.16 , 68.86
65.93 , 68.59
65.92 , 68.44
66.13 , 68.82
66.24 , 69.07
66.37 , 68.38
66.26 , 68.67
66.49 , 69.03
66.3 , 69.43
66.34 , 68.58
65.81 , 68.23
65.87 , 68.81
66.49 , 68.72
65.87 , 68.37
66.3 , 68.47
65.78 , 68.66
66.18 , 68.74
66.03 , 68.77
66.63 , 68.53
66.41 , 68.97
66.43 , 68.55
66.25 , 68.54
65.97 , 68.37
65.91 , 69.02
66.56 , 68.52
66.39 , 68.3
66.16 , 68.42
66.68 , 68.29
66.58 , 68.61
66.23 , 68.65
66.43 , 68.29
66.16 , 68.47
66.05 , 68.49
66.43 , 68.42
66.48 , 68.45
66.59 , 68.08
66.27 , 68.39
66.17 , 68.26
66.33 , 68.07
66.38 , 68.23
65.89 , 68.37
66.33 , 68.15
66.65 , 68.18
66.08 , 68.24
66.03 , 68.47
66.09 , 67.87
66.56 , 68.1
66.67 , 68.55
66.42 , 68.41
66.13 , 68.22
65.79 , 68.42
66.34 , 67.97
66.24 , 68.43
66.28 , 68.04
66.53 , 68.3
66.32 , 68.54
66.15 , 68.26
65.81 , 67.9
66.4 , 67.89
66.81 , 68.45
66.55 , 67.8
66.19 , 67.98
66.24 , 67.67
66.5 , 68.28
66.12 , 68.19
66.71 , 68.25
66.66 , 67.74
66.21 , 67.72
66.57 , 67.92
66.23 , 67.82
65.89 , 68.06
66.55 , 68.25
66.14 , 68.26
66.48 , 68.52
66.79 , 67.43
65.7 , 68.21
66.68 , 67.38
66.19 , 68.43
67.01 , 68.5
66.82 , 68.35
66.31 , 67.94
66.31 , 68.25
66.42 , 68.45
67.39 , 67.88
66.11 , 67.8
66.73 , 67.98
66.1 , 68.04
66.58 , 67.81
66.43 , 67.83
66.58 , 68.22
66.43 , 67.94
66.77 , 68.08
66.68 , 67.81
66.38 , 67.72
66.34 , 67.43
66.54 , 67.58
66.69 , 67.76
66.56 , 67.57
66.41 , 67.83
66.89 , 67.7
66.34 , 67.88
66.76 , 67.69
66.52 , 68.01
66.07 , 67.45
66.67 , 67.88
66.7 , 68.12
66.43 , 67.58
66.21 , 67.29
66.23 , 67.07
66.34 , 67.81
67.05 , 67.38
66.97 , 67.54
66.68 , 67.62
66.85 , 67.42
66.79 , 67.92
66.36 , 67.92
66.85 , 67.74
66.47 , 67.51
66.66 , 67.55
66.32 , 67.36
66.85 , 67.46
67.06 , 67.65
66.59 , 67.24
66.62 , 67.5
66.6 , 67.19
66.46 , 67.56
66.82 , 67.27
66.8 , 67.89
66.58 , 67.52
66.5 , 67.18
67.0 , 67.42
66.46 , 67.35
66.91 , 67.26
67.12 , 67.37
66.56 , 67.26
66.62 , 67.35
66.73 , 67.04
66.68 , 67.38
66.4 , 67.5
66.72 , 67.55
66.75 , 67.13
66.41 , 67.3
66.61 , 67.23
67.05 , 67.78
67.0 , 67.21
66.47 , 67.46
66.83 , 67.45
66.77 , 67.24
66.49 , 67.33
67.13 , 67.09
66.44 , 67.27
67.24 , 67.03
67.14 , 67.1
66.9 , 67.49
66.47 , 67.05
66.99 , 67.23
66.63 , 67.36
66.96 , 67.31
67.05 , 67.01
66.99 , 67.01
66.68 , 67.05
66.75 , 67.28
66.68 , 67.28
66.98 , 67.43
66.51 , 67.61
67.23 , 66.82
67.2 , 67.01
66.82 , 66.86
66.77 , 66.99
66.67 , 66.9
66.57 , 66.79
67.06 , 66.88
66.13 , 67.07
67.57 , 67.3
67.14 , 67.26
66.7 , 67.12
67.12 , 66.8
67.16 , 66.68
67.08 , 67.16
67.49 , 66.37
67.38 , 66.71
67.26 , 66.8
67.42 , 67.21
66.71 , 66.62
66.92 , 67.17
66.8 , 66.98
66.89 , 66.71
66.75 , 66.34
67.08 , 66.63
67.04 , 66.8
66.77 , 66.64
67.28 , 66.72
67.08 , 66.59
67.34 , 66.57
67.06 , 66.98
66.81 , 67.01
66.64 , 66.88
67.55 , 67.0
66.89 , 66.41
67.03 , 66.4
66.83 , 66.45
67.54 , 66.52
67.0 , 66.67
66.77 , 66.66
66.86 , 66.81
67.36 , 66.69
66.93 , 66.69
67.6 , 66.36
67.21 , 66.59
66.89 , 66.67
67.09 , 66.72
67.0 , 66.61
66.69 , 66.66
67.66 , 66.78
67.33 , 66.66
67.36 , 66.61
67.27 , 66.88
67.06 , 66.33
67.02 , 66.79
66.94 , 66.23
67.26 , 66.75
67.25 , 66.35
67.1 , 66.99
67.44 , 66.44
67.35 , 66.12
67.35 , 66.02
67.1 , 66.5
67.51 , 66.48
66.98 , 66.63
67.28 , 66.63
67.29 , 66.43
67.19 , 66.73
67.39 , 66.08
67.32 , 66.36
67.15 , 66.03
67.14 , 66.25
67.36 , 66.17
67.57 , 66.36
67.55 , 66.33
67.47 , 66.18
67.38 , 66.39
67.51 , 66.27
67.43 , 66.41
67.16 , 66.32
67.28 , 66.58
67.41 , 66.25
67.46 , 66.21
67.75 , 66.35
67.33 , 66.29
66.97 , 66.26
67.2 , 65.91
67.29 , 65.84
67.39 , 66.08
67.28 , 66.28
67.47 , 66.09
67.37 , 65.76
67.32 , 66.2
67.56 , 66.02
67.27 , 66.1
67.45 , 65.76
67.34 , 66.18
67.22 , 65.79
66.94 , 66.32
67.1 , 66.04
67.33 , 65.95
67.2 , 66.03
67.72 , 66.06
67.38 , 65.98
67.32 , 66.07
67.58 , 65.96
67.01 , 65.76
66.96 , 65.8
67.05 , 65.78
67.62 , 65.76
67.77 , 66.09
67.2 , 65.36
67.66 , 65.78
67.99 , 65.76
67.2 , 65.81
67.35 , 65.82
67.11 , 66.15
67.43 , 65.89
67.62 , 66.03
67.33 , 65.94
67.07 , 65.81
67.24 , 65.88
67.3 , 65.96
67.24 , 65.24
67.44 , 65.96
67.54 , 66.01
67.84 , 65.93
66.81 , 65.68
67.03 , 65.88
67.14 , 65.67
67.99 , 65.92
67.41 , 65.7
67.35 , 65.74
67.33 , 65.71
67.41 , 65.92
67.6 , 65.48
67.45 , 65.94
67.79 , 65.75
67.23 , 65.19
67.43 , 65.44
67.75 , 65.48
67.75 , 65.97
67.25 , 65.37
67.94 , 65.19
67.66 , 65.62
67.61 , 65.49
67.43 , 65.74
67.72 , 65.67
67.48 , 65.44
67.58 , 65.71
67.14 , 65.4
67.56 , 65.84
67.86 , 65.54
67.42 , 65.72
67.71 , 65.62
67.35 , 65.94
67.94 , 64.99
68.02 , 65.51
67.39 , 65.34
67.81 , 65.72
67.57 , 65.54
67.23 , 65.32
67.71 , 65.5
67.11 , 65.11
67.58 , 65.69
67.72 , 65.78
67.68 , 65.63
67.88 , 65.87
67.52 , 65.22
67.56 , 64.98
67.92 , 65.14
67.42 , 65.21
67.53 , 65.57
67.56 , 65.82
67.23 , 65.45
67.88 , 65.41
67.42 , 65.17
67.22 , 65.14
67.64 , 65.51
67.87 , 65.01
67.91 , 65.29
67.68 , 65.31
67.94 , 65.16
67.43 , 65.46
68.09 , 65.37
67.83 , 65.0
67.9 , 65.1
67.38 , 65.26
67.92 , 65.18
67.51 , 65.31
68.26 , 64.97
67.65 , 64.91
68.05 , 64.97
67.78 , 65.23
68.28 , 65.26
68.32 , 65.2
68.12 , 64.98
68.29 , 65.12
67.49 , 65.25
68.2 , 64.97
67.54 , 65.25
67.36 , 65.1
67.92 , 65.35
67.85 , 64.89
67.64 , 65.16
67.59 , 65.04
67.58 , 64.81
67.56 , 65.23
67.63 , 65.0
68.18 , 65.04
67.93 , 64.54
67.97 , 64.95
67.81 , 65.11
67.63 , 64.84
67.97 , 65.17
68.17 , 64.92
67.39 , 64.51
67.94 , 64.73
67.64 , 64.95
68.01 , 64.96
68.25 , 65.36
67.56 , 64.96
68.01 , 64.88
67.98 , 65.08
68.12 , 64.29
67.84 , 64.53
67.93 , 64.61
68.2 , 64.96
67.56 , 64.71
68.13 , 64.54
67.98 , 64.89
67.23 , 65.14
68.19 , 65.04
68.4 , 64.67
68.0 , 64.58
67.61 , 64.45
67.54 , 64.84
68.54 , 64.52
67.81 , 64.53
68.01 , 64.66
68.07 , 64.7
68.19 , 63.89
67.9 , 64.63
67.82 , 64.39
67.94 , 64.26
68.48 , 64.49
67.82 , 64.82
67.85 , 64.53
68.5 , 64.31
68.27 , 64.65
67.77 , 64.6
67.89 , 64.55
67.86 , 64.34
68.09 , 64.83
67.91 , 64.35
68.02 , 64.26
68.13 , 64.6
67.51 , 64.58
67.78 , 64.24
68.23 , 64.39
68.53 , 64.95
68.04 , 64.53
67.98 , 63.86
68.29 , 64.3
68.38 , 64.44
68.27 , 64.37
68.04 , 64.3
67.7 , 64.45
68.29 , 64.88
67.97 , 63.68
67.86 , 64.61
68.09 , 64.47
68.48 , 64.32
68.13 , 63.9
67.62 , 64.4
68.19 , 64.68
68.14 , 64.27
68.62 , 64.21
68.09 , 63.84
67.6 , 64.48
68.43 , 64.49
68.11 , 63.8
67.9 , 64.15
68.11 , 64.1
67.87 , 64.14
68.03 , 63.65
68.63 , 64.4
68.01 , 64.33
68.13 , 64.4
68.46 , 64.18
68.15 , 64.19
68.33 , 64.44
67.98 , 64.27
68.29 , 64.54
68.06 , 64.58
68.08 , 63.81
68.13 , 64.23
68.77 , 64.19
68.09 , 64.28
68.92 , 63.99
67.94 , 64.25
67.79 , 64.11
68.12 , 63.76
68.29 , 64.09
68.26 , 64.29
68.33 , 63.86
68.3 , 64.47
68.48 , 63.75
68.56 , 63.73
68.63 , 64.03
68.6 , 64.17
68.13 , 63.98
68.29 , 64.25
67.89 , 63.81
68.34 , 63.83
68.73 , 64.09
68.17 , 63.63
68.36 , 63.46
68.3 , 63.82
68.56 , 63.57
68.21 , 63.95
68.1 , 64.22
68.83 , 63.74
68.04 , 63.93
67.84 , 63.47
68.56 , 63.45
68.93 , 63.69
68.61 , 63.86
68.21 , 63.34
68.5 , 63.54
68.28 , 63.44
67.96 , 63.83
68.58 , 63.77
68.57 , 63.57
68.38 , 63.65
67.88 , 63.72
68.59 , 63.51
68.33 , 64.09
68.24 , 63.89
68.46 , 63.67
68.62 , 63.86
68.61 , 63.25
68.63 , 63.76
68.86 , 63.42
68.61 , 63.61
68.83 , 63.53
68.31 , 63.44
68.57 , 64.17
68.47 , 63.01
68.53 , 64.04
68.63 , 63.64
68.08 , 63.57
68.6 , 63.0
68.24 , 62.95
67.84 , 63.69
68.24 , 63.43
68.82 , 63.23
68.6 , 63.65
68.25 , 63.07
68.53 , 63.32
68.42 , 63.05
68.69 , 64.04
68.34 , 63.14
68.46 , 62.84
68.43 , 63.41
68.47 , 63.51
68.09 , 63.21
68.2 , 63.08
68.58 , 63.14
68.57 , 63.54
68.75 , 63.05
68.24 , 63.15
68.92 , 63.43
68.66 , 63.3
68.34 , 63.1
68.71 , 63.34
68.15 , 63.58
68.66 , 63.39
68.28 , 63.32
68.6 , 62.94
68.14 , 63.27
68.43 , 63.29
68.75 , 62.59
68.39 , 63.15
68.61 , 63.25
68.78 , 62.69
68.34 , 63.44
68.8 , 63.22
68.56 , 63.29
68.43 , 62.72
68.91 , 62.88
68.42 , 63.12
68.75 , 63.05
69.12 , 62.84
68.84 , 62.8
68.62 , 63.51
68.57 , 62.83
68.54 , 62.77
68.8 , 63.19
68.39 , 62.75
69.27 , 63.36
68.58 , 63.32
68.61 , 62.72
68.59 , 62.97
68.6 , 63.11
68.62 , 62.87
68.87 , 62.63
68.72 , 62.79
68.87 , 62.94
68.87 , 63.37
68.67 , 62.95
68.46 , 62.83
69.03 , 62.41
68.78 , 62.67
68.93 , 62.39
69.22 , 62.8
69.24 , 62.77
68.68 , 62.95
68.57 , 62.25
69.09 , 62.88
68.36 , 62.59
68.76 , 62.46
68.66 , 62.91
68.54 , 63.03
68.74 , 62.78
68.43 , 62.43
68.97 , 62.61
68.88 , 62.67
68.69 , 62.47
68.49 , 62.96
69.06 , 62.55
68.56 , 62.87
68.97 , 62.94
69.0 , 62.78
68.9 , 62.63
68.91 , 62.26
68.97 , 62.8
68.55 , 62.59
69.26 , 62.75
69.01 , 62.63
69.05 , 62.08
68.4 , 62.49
68.98 , 62.99
69.35 , 62.83
69.02 , 62.09
69.14 , 62.44
68.87 , 62.1
69.09 , 62.79
68.81 , 62.93
68.9 , 62.36
68.75 , 62.31
68.46 , 62.44
68.93 , 62.64
69.04 , 62.49
68.91 , 62.8
69.32 , 62.56
68.87 , 62.6
69.21 , 62.2
69.15 , 62.4
69.25 , 62.06
68.93 , 62.09
68.71 , 61.94
68.63 , 62.35
69.37 , 62.58
69.06 , 62.52
69.15 , 62.63
69.02 , 62.18
68.65 , 62.25
69.01 , 62.2
68.97 , 62.42
68.9 , 62.33
69.14 , 61.84
69.28 , 62.1
69.14 , 62.22
68.74 , 62.05
68.97 , 62.42
69.11 , 62.69
69.21 , 62.68
68.78 , 62.49
69.19 , 62.12
69.18 , 62.51
68.74 , 61.92
69.12 , 61.99
69.33 , 62.38
69.58 , 61.87
69.26 , 62.49
69.02 , 62.3
69.14 , 62.0
69.44 , 62.14
69.58 , 61.63
69.17 , 61.98
68.68 , 61.4
69.01 , 61.63
68.68 , 61.84
69.22 , 61.96
68.94 , 61.86
69.1 , 62.52
69.37 , 61.78
69.06 , 62.2
69.34 , 61.46
69.17 , 62.37
69.05 , 61.75
69.06 , 62.24
68.83 , 62.23
68.93 , 61.95
69.69 , 61.88
68.96 , 61.65
69.24 , 61.71
69.39 , 61.43
69.16 , 61.49
69.58 , 61.79
69.23 , 61.88
69.29 , 62.06
69.06 , 62.0
69.36 , 61.81
69.1 , 61.15
68.79 , 61.68
68.87 , 61.58
69.29 , 61.49
69.56 , 61.54
68.93 , 61.86
69.28 , 61.75
68.93 , 61.75
69.33 , 61.43
68.88 , 61.78
69.73 , 61.59
69.37 , 61.66
69.28 , 61.49
69.4 , 61.27
69.17 , 61.63
69.42 , 61.61
69.27 , 61.89
69.48 , 61.5
69.72 , 61.94
69.34 , 61.55
69.24 , 61.91
69.08 , 61.29
69.13 , 61.44
69.43 , 61.73
69.61 , 62.02
69.14 , 61.63
69.08 , 61.27
69.3 , 61.49
69.19 , 61.44
69.2 , 61.71
69.12 , 61.58
69.62 , 61.69
69.62 , 61.19
69.06 , 61.46
69.2 , 61.61
69.37 , 61.59
69.2 , 62.06
69.49 , 61.29
69.03 , 61.39
68.99 , 61.49
69.44 , 61.34
69.51 , 61.16
68.97 , 61.18
68.69 , 61.05
69.26 , 61.17
69.47 , 60.89
69.54 , 61.37
69.25 , 61.04
69.47 , 61.49
69.55 , 61.75
69.62 , 61.25
69.55 , 61.01
69.58 , 61.72
69.41 , 61.49
69.2 , 61.41
69.68 , 61.12
69.87 , 61.16
69.24 , 61.51
69.52 , 61.49
69.4 , 61.43
68.98 , 60.98
69.91 , 61.06
69.85 , 61.21
69.77 , 60.88
69.42 , 60.84
69.43 , 60.93
69.21 , 61.1
69.26 , 61.15
69.71 , 61.01
69.5 , 61.75
69.36 , 61.47
69.82 , 60.59
69.34 , 61.22
69.32 , 60.91
69.71 , 61.43
69.76 , 61.06
69.34 , 61.24
69.74 , 61.27
69.37 , 61.16
69.35 , 60.67
69.54 , 60.79
69.44 , 60.76
69.43 , 61.16
69.97 , 61.44
69.9 , 60.98
69.39 , 60.86
69.63 , 60.73
69.43 , 61.33
69.36 , 60.78
69.38 , 60.78
69.83 , 61.24
69.07 , 60.93
69.57 , 61.0
69.25 , 60.64
69.9 , 61.01
69.62 , 60.51
69.76 , 60.75
69.58 , 60.88
69.4 , 61.08
69.56 , 60.96
69.63 , 60.69
69.39 , 60.7
69.41 , 60.99
69.96 , 60.85
70.02 , 60.91
69.57 , 60.58
69.98 , 60.46
69.69 , 60.57
69.4 , 60.62
69.48 , 60.38
69.62 , 60.53
69.77 , 60.44
69.35 , 60.35
69.56 , 60.52
69.7 , 60.85
69.91 , 61.06
69.6 , 60.95
70.02 , 60.24
69.84 , 60.63
69.7 , 60.98
69.86 , 60.31
70.02 , 60.64
69.79 , 60.71
69.7 , 60.64
69.99 , 60.56
69.48 , 60.84
70.21 , 60.31
69.72 , 60.56
69.57 , 60.22
70.0 , 60.28
69.91 , 61.1
70.01 , 60.66
69.91 , 60.21
70.04 , 60.01
69.7 , 60.44
69.56 , 60.63
69.74 , 60.46
69.86 , 60.58
69.69 , 60.39
70.31 , 60.54
69.69 , 60.11
69.85 , 60.29
70.16 , 60.56
69.86 , 60.56
70.02 , 60.63
69.78 , 60.24
69.57 , 59.96
69.88 , 60.57
69.77 , 60.53
70.11 , 60.08
70.13 , 60.22
70.27 , 60.51
70.2 , 60.33
69.5 , 60.58
69.8 , 60.15
69.91 , 59.77
70.14 , 60.51
69.87 , 60.36
70.0 , 59.79
69.61 , 60.2
69.8 , 60.0
69.94 , 60.57
69.83 , 60.09
69.75 , 60.09
70.22 , 60.07
69.99 , 60.31
70.48 , 60.51
69.51 , 60.12
70.17 , 60.02
69.88 , 60.01
69.83 , 60.3
69.98 , 59.89
69.76 , 60.06
69.96 , 60.09
69.7 , 60.7
69.8 , 59.96
69.82 , 60.25
70.11 , 60.28
69.64 , 60.32
70.07 , 59.91
70.0 , 60.19
70.04 , 59.8
70.23 , 59.79
70.34 , 59.93
70.28 , 59.73
69.95 , 59.74
69.91 , 60.04
69.88 , 60.25
69.53 , 60.49
69.84 , 59.95
70.09 , 60.32
69.92 , 60.27
70.16 , 59.83
70.46 , 59.89
69.97 , 60.41
70.45 , 60.04
70.59 , 60.02
70.04 , 59.79
69.78 , 60.2
70.15 , 59.96
70.57 , 60.35
70.46 , 60.03
70.28 , 60.13
69.99 , 59.72
70.37 , 59.55
70.45 , 60.13
70.55 , 60.31
70.33 , 60.19
70.59 , 60.09
70.42 , 59.87
70.59 , 60.5
70.51 , 60.11
70.05 , 59.57
70.61 , 60.49
70.29 , 60.21
70.55 , 59.87
70.46 , 60.19
70.21 , 59.67
70.46 , 59.78
70.54 , 59.71
70.05 , 60.04
70.52 , 60.0
70.89 , 59.97
70.47 , 59.8
70.32 , 60.23
70.81 , 59.72
70.06 , 60.28
70.89 , 60.04
71.03 , 59.84
70.18 , 60.27
70.62 , 59.95
71.05 , 60.14
70.45 , 59.9
70.74 , 59.89
70.69 , 59.63
70.72 , 60.06
70.65 , 60.31
70.89 , 60.4
70.37 , 60.2
70.35 , 60.04
70.62 , 60.18
70.77 , 60.28
70.5 , 59.79
71.04 , 59.83
70.74 , 59.92
70.81 , 59.97
70.93 , 60.23
70.5 , 60.11
70.53 , 60.1
70.63 , 59.9
71.47 , 60.06
70.87 , 59.93
70.46 , 59.6
70.48 , 60.28
70.6 , 60.12
71.1 , 59.3
70.87 , 60.05
70.59 , 60.46
71.13 , 59.99
71.35 , 60.2
71.04 , 59.54
70.95 , 60.01
70.69 , 59.79
70.63 , 60.11
71.06 , 59.7
70.82 , 59.78
70.96 , 60.52
70.95 , 60.16
71.16 , 59.87
70.32 , 59.96
70.96 , 59.86
70.75 , 60.08
70.96 , 59.58
70.99 , 60.06
71.4 , 59.83
70.98 , 60.66
71.07 , 59.84
71.27 , 59.7
71.45 , 60.23
71.4 , 60.39
71.09 , 60.06
71.59 , 59.94
70.58 , 59.71
70.93 , 59.9
71.14 , 60.03
71.39 , 60.1
70.83 , 59.87
71.41 , 59.94
71.08 , 60.5
71.19 , 59.91
70.88 , 59.95
71.14 , 59.84
71.05 , 60.22
71.22 , 60.04
71.23 , 60.03
71.26 , 59.83
71.11 , 59.83
71.7 , 59.79
71.08 , 59.84
71.31 , 60.23
71.57 , 59.92
71.39 , 60.37
71.75 , 59.99
70.83 , 60.33
71.42 , 60.52
70.91 , 60.15
71.67 , 60.43
71.68 , 59.72
71.4 , 59.88
71.35 , 60.08
71.45 , 59.99
71.38 , 60.24
71.43 , 60.18
71.72 , 59.95
71.56 , 59.82
71.88 , 59.83
71.17 , 60.15
71.05 , 60.24
71.6 , 60.21
71.34 , 59.97
71.63 , 59.92
72.3 , 59.68
71.43 , 60.08
71.75 , 59.82
71.79 , 59.68
71.68 , 60.27
71.39 , 60.05
71.65 , 59.79
71.59 , 59.97
71.62 , 60.26
71.54 , 60.15
71.56 , 60.17
72.12 , 59.81
71.53 , 60.03
71.48 , 59.94
71.88 , 59.87
71.97 , 60.13
71.82 , 60.22
71.85 , 59.69
71.4 , 59.29
71.86 , 59.99
71.91 , 59.99
71.55 , 59.9
71.76 , 60.32
71.78 , 59.85
71.92 , 59.7
71.77 , 60.02
71.7 , 59.55
71.78 , 60.09
72.31 , 60.0
71.99 , 60.01
71.76 , 60.11
72.0 , 60.13
71.88 , 59.87
72.08 , 60.23
71.89 , 60.05
71.85 , 60.24
71.86 , 60.31
72.15 , 60.18
72.64 , 60.25
72.39 , 60.17
71.52 , 60.27
71.38 , 60.05
72.32 , 59.72
71.91 , 60.13
71.9 , 60.06
72.69 , 60.61
72.09 , 59.42
72.28 , 60.13
72.25 , 59.53
72.08 , 59.98
72.23 , 60.06
72.51 , 60.25
71.75 , 60.0
72.06 , 60.26
72.12 , 59.64
71.87 , 60.24
72.76 , 59.58
72.2 , 60.21
72.22 , 59.79
72.53 , 59.93
72.64 , 59.39
72.33 , 60.19
72.21 , 59.96
72.09 , 59.79
72.51 , 60.34
72.05 , 60.53
72.1 , 60.22
72.59 , 60.04
72.41 , 60.23
72.52 , 60.01
72.84 , 60.37
72.74 , 59.84
72.81 , 60.29
72.46 , 59.82
72.56 , 59.72
72.47 , 59.82
72.51 , 60.13
72.77 , 60.03
72.29 , 59.68
72.11 , 60.08
72.44 , 60.31
72.4 , 59.44
72.47 , 59.75
72.21 , 59.98
72.72 , 59.88
72.33 , 60.11
72.58 , 59.69
72.59 , 59.94
72.25 , 60.07
72.46 , 59.9
72.83 , 60.17
72.27 , 60.08
72.88 , 60.44
72.74 , 60.03
72.6 , 60.1
72.58 , 60.52
72.58 , 60.39
72.71 , 60.38
72.65 , 60.35
72.37 , 59.97
72.45 , 60.1
72.73 , 59.76
72.64 , 59.66
72.96 , 59.97
72.96 , 60.39
72.67 , 60.11
72.74 , 59.87
72.65 , 60.2
72.71 , 59.93
72.63 , 60.26
72.76 , 60.2
72.58 , 60.18
72.99 , 59.96
72.57 , 59.65
73.53 , 59.42
73.02 , 59.84
72.64 , 60.36
72.5 , 60.11
72.83 , 59.89
72.49 , 60.35
72.97 , 59.77
73.09 , 59.87
73.22 , 59.76
73.12 , 59.93
72.88 , 60.06
72.76 , 60.4
73.18 , 60.43
73.22 , 60.05
73.15 , 60.32
72.82 , 59.88
72.52 , 59.62
72.99 , 59.78
73.1 , 59.92
72.73 , 60.11
72.9 , 60.12
73.53 , 59.82
72.89 , 60.38
72.8 , 59.89
72.83 , 59.7
73.12 , 59.95
73.09 , 60.32
72.74 , 59.86
73.47 , 60.42
73.49 , 59.54
73.77 , 60.1
73.2 , 60.18
72.89 , 59.88
73.5 , 59.73
73.31 , 59.97
72.94 , 60.06
73.01 , 59.99
73.56 , 60.12
73.39 , 60.08
73.37 , 60.08
72.77 , 59.8
73.44 , 59.8
73.02 , 59.99
73.42 , 60.01
73.78 , 59.69
73.38 , 59.65
73.47 , 60.01
73.06 , 60.4
73.46 , 59.61
72.93 , 59.63
73.44 , 59.79
73.33 , 59.89
73.31 , 59.89
73.49 , 59.99
73.75 , 59.92
72.95 , 59.41
73.52 , 60.06
73.26 , 60.03
73.21 , 60.21
74.19 , 59.81
73.84 , 60.06
73.47 , 60.17
73.34 , 59.75
73.52 , 59.63
73.73 , 59.64
73.39 , 59.99
73.36 , 60.12
73.55 , 59.9
73.22 , 59.78
73.27 , 59.52
73.89 , 60.27
73.68 , 59.58
73.92 , 60.27
73.33 , 59.9
73.45 , 60.59
73.84 , 60.18
73.89 , 59.73
73.75 , 60.21
74.09 , 60.21
73.39 , 59.5
73.95 , 60.2
73.38 , 59.86
73.53 , 59.61
74.21 , 60.45
73.72 , 60.32
73.8 , 59.61
73.95 , 60.54
73.58 , 59.83
73.74 , 59.63
73.68 , 60.11
73.68 , 60.0
74.08 , 60.26
73.73 , 59.94
74.22 , 59.78
73.77 , 60.48
73.86 , 59.95
73.66 , 59.77
73.74 , 59.82
73.59 , 60.11
74.05 , 59.92
73.58 , 60.16
74.23 , 60.07
73.68 , 60.18
73.84 , 59.82
74.12 , 60.36
74.3 , 60.07
74.21 , 60.29
74.87 , 60.07
74.2 , 59.95
74.23 , 60.1
74.4 , 60.03
73.98 , 59.52
74.1 , 59.66
74.01 , 59.73
73.64 , 60.0
74.03 , 60.25
74.27 , 60.48
74.41 , 60.02
74.29 , 59.88
73.94 , 60.29
73.73 , 59.95
74.42 , 60.0
74.34 , 59.89
74.0 , 60.23
74.49 , 59.55
74.07 , 60.01
74.21 , 59.67
74.32 , 60.2
74.94 , 59.6
74.35 , 59.97
74.23 , 60.16
74.34 , 60.25
74.07 , 60.25
73.95 , 59.98
74.14 , 60.54
74.29 , 59.98
74.38 , 60.53
74.7 , 60.07
74.51 , 60.44
74.45 , 59.82
75.04 , 59.95
74.48 , 60.28
74.28 , 59.59
74.5 , 59.84
74.61 , 60.25
74.67 , 60.31
74.57 , 59.8
74.27 , 59.78
74.81 , 59.7
74.49 , 60.42
74.46 , 59.68
74.27 , 59.69
74.41 , 59.63
74.15 , 59.59
74.79 , 60.08
74.45 , 59.83
74.29 , 59.95
74.97 , 59.85
74.95 , 59.35
74.29 , 59.84
74.34 , 59.57
73.88 , 59.87
74.72 , 60.11
74.64 , 60.56
74.72 , 60.22
75.09 , 59.99
74.94 , 59.48
74.91 , 60.08
75.07 , 60.21
74.63 , 60.12
74.74 , 59.63
74.61 , 60.09
74.64 , 59.51
75.12 , 60.01
75.01 , 59.76
74.86 , 60.12
74.06 , 59.92
75.09 , 59.7
74.44 , 60.24
75.32 , 59.48
75.01 , 59.59
74.91 , 59.86
75.02 , 59.96
75.02 , 59.99
75.01 , 60.34
74.44 , 60.12
74.97 , 60.19
75.25 , 59.65
75.02 , 59.64
75.0 , 60.23
74.61 , 59.86
74.99 , 59.8
74.99 , 59.59
74.95 , 59.93
74.84 , 60.0
74.76 , 60.1
75.17 , 60.1
75.01 , 60.36
74.95 , 60.3
75.05 , 59.68
75.47 , 59.57
75.64 , 59.86
74.78 , 59.44
75.46 , 60.06
75.46 , 59.4
74.86 , 60.29
75.31 , 59.79
75.63 , 59.67
75.1 , 60.2
75.34 , 59.74
74.91 , 59.67
75.21 , 60.24
75.41 , 59.76
74.94 , 59.87
75.27 , 59.8
75.5 , 59.92
75.28 , 59.48
75.08 , 59.96
75.35 , 59.94
75.22 , 59.78
75.4 , 59.84
75.27 , 59.8
75.24 , 60.35
75.0 , 59.96
75.24 , 59.91
75.29 , 59.93
74.84 , 59.88
75.36 , 60.05
75.6 , 59.34
74.99 , 60.15
75.22 , 60.17
75.83 , 60.45
75.22 , 59.69
76.01 , 59.73
75.32 , 60.42
75.61 , 60.14
75.72 , 59.83
75.71 , 60.16
75.63 , 60.14
75.43 , 59.92
75.77 , 59.55
75.45 , 59.99
75.85 , 59.89
75.62 , 59.68
75.96 , 60.46
75.77 , 59.79
75.29 , 60.0
75.72 , 59.99
75.31 , 59.95
75.95 , 59.74
75.93 , 60.25
75.68 , 60.04
75.4 , 60.23
75.99 , 60.37
75.3 , 60.12
75.67 , 59.91
75.25 , 60.32
75.93 , 60.36
75.73 , 60.36
75.95 , 60.16
75.74 , 60.2
76.13 , 60.38
75.89 , 60.04
75.53 , 60.02
76.26 , 60.23
75.69 , 59.83
76.4 , 60.07
75.97 , 60.04
76.26 , 59.68
76.06 , 60.04
75.79 , 59.98
75.92 , 59.97
75.79 , 60.01
76.0 , 59.84
75.79 , 59.96
75.91 , 60.15
76.04 , 60.05
76.23 , 60.45
75.98 , 59.66
75.97 , 59.91
76.01 , 59.75
76.24 , 59.65
76.1 , 60.4
75.98 , 59.93
76.17 , 60.08
75.94 , 59.7
76.35 , 60.09
75.94 , 59.98
75.74 , 59.93
76.31 , 60.11
75.9 , 59.88
76.56 , 60.08
76.23 , 60.3
76.21 , 60.13
76.68 , 60.51
76.53 , 60.05
75.69 , 60.43
76.38 , 60.02
75.78 , 59.77
76.2 , 60.31
76.4 , 60.07
76.41 , 59.89
76.2 , 60.24
76.66 , 59.97
76.46 , 59.74
76.53 , 60.24
76.32 , 60.12
76.7 , 60.02
76.49 , 60.4
76.13 , 59.72
76.17 , 59.96
75.76 , 60.14
76.31 , 60.48
76.57 , 59.77
76.15 , 60.01
76.12 , 59.77
76.25 , 60.05
76.06 , 60.04
76.33 , 60.11
76.83 , 60.09
76.08 , 60.14
76.2 , 60.17
76.5 , 59.32
76.81 , 59.96
76.96 , 60.27
76.31 , 59.85
77.17 , 60.04
76.48 , 60.37
76.75 , 59.66
76.49 , 60.06
76.29 , 60.27
76.97 , 60.22
76.31 , 59.78
76.56 , 59.59
76.56 , 60.34
76.66 , 59.64
76.49 , 59.84
76.45 , 59.68
76.67 , 60.0
76.21 , 59.88
76.86 , 60.08
76.47 , 59.79
76.45 , 59.93
76.56 , 60.09
76.11 , 59.67
76.62 , 59.99
76.59 , 60.11
76.55 , 59.92
77.31 , 59.66
76.31 , 59.67
76.83 , 59.89
76.68 , 59.66
76.3 , 60.41
77.06 , 59.93
76.78 , 60.2
77.01 , 60.2
76.88 , 59.96
76.82 , 59.88
76.59 , 60.18
76.57 , 60.16
76.86 , 60.06
77.34 , 60.05
76.26 , 60.3
76.82 , 60.21
76.96 , 60.04
77.49 , 60.02
76.93 , 59.96
76.86 , 59.85
76.56 , 59.99
76.87 , 60.39
77.08 , 59.85
77.07 , 60.14
77.22 , 59.71
76.94 , 59.99
77.41 , 59.95
77.03 , 59.99
76.95 , 59.77
76.94 , 59.79
76.94 , 59.82
76.95 , 59.69
77.49 , 59.56
76.99 , 60.23
77.07 , 59.68
77.03 , 59.77
77.16 , 59.87
76.88 , 60.0
76.98 , 60.2
77.46 , 59.77
76.92 , 60.27
77.6 , 59.75
77.08 , 59.53
77.03 , 60.16
77.33 , 60.16
77.59 , 60.71
76.96 , 60.24
77.23 , 60.1
77.1 , 59.61
77.52 , 59.89
77.46 , 60.4
77.62 , 60.09
77.36 , 60.08
77.42 , 60.37
76.9 , 60.41
77.03 , 59.89
77.16 , 59.88
77.53 , 60.67
77.46 , 59.54
77.1 , 59.98
77.32 , 60.11
77.37 , 60.13
77.42 , 60.21
77.65 , 60.48
77.91 , 59.77
77.46 , 59.72
77.54 , 59.96
76.84 , 60.03
77.77 , 60.13
77.39 , 59.84
77.17 , 59.9
77.35 , 60.05
77.68 , 59.91
77.08 , 60.09
77.91 , 60.1
77.97 , 59.89
77.12 , 59.62
77.48 , 59.82
77.63 , 59.83
77.92 , 59.92
77.57 , 59.94
77.36 , 60.14
77.92 , 59.79
77.33 , 60.32
77.67 , 59.96
77.49 , 59.7
77.78 , 60.16
77.29 , 59.96
77.88 , 59.58
77.88 , 59.58
77.63 , 59.99
77.54 , 60.02
77.75 , 60.38
77.81 , 60.29
78.14 , 59.78
77.94 , 60.32
77.57 , 59.87
77.57 , 59.72
77.79 , 60.23
77.69 , 59.65
78.18 , 59.83
77.79 , 59.98
77.88 , 59.95
78.03 , 59.86
77.98 , 60.09
77.87 , 60.17
78.02 , 59.76
78.01 , 59.79
78.27 , 59.93
77.85 , 59.85
78.36 , 60.11
77.97 , 59.97
77.91 , 60.02
77.91 , 59.81
78.07 , 60.08
77.93 , 60.27
78.35 , 60.18
77.96 , 60.52
77.88 , 59.78
78.31 , 60.17
77.92 , 59.92
78.14 , 60.13
78.18 , 60.44
78.02 , 59.38
78.38 , 60.18
78.3 , 59.83
78.13 , 59.72
78.23 , 59.93
78.46 , 60.03
78.05 , 59.74
78.52 , 60.44
78.32 , 60.32
77.89 , 60.21
78.1 , 60.2
78.22 , 60.21
78.16 , 60.15
78.61 , 59.95
77.91 , 60.41
78.26 , 59.89
77.89 , 60.09
78.26 , 59.81
78.06 , 59.77
78.46 , 59.54
78.26 , 60.19
78.56 , 60.08
78.53 , 59.95
78.44 , 59.92
78.07 , 60.21
78.73 , 60.31
78.52 , 59.98
78.36 , 59.96
78.83 , 59.81
78.44 , 60.1
78.3 , 60.16
78.87 , 59.81
78.36 , 60.09
78.42 , 60.07
78.63 , 59.69
78.44 , 59.93
78.24 , 60.14
78.86 , 60.17
78.4 , 59.93
79.08 , 60.31
78.74 , 59.73
78.72 , 60.02
78.37 , 60.16
79.02 , 59.28
78.74 , 60.33
79.06 , 59.95
78.71 , 59.94
78.71 , 60.07
78.7 , 60.12
78.32 , 60.39
78.05 , 60.55
78.54 , 60.18
78.35 , 59.63
78.58 , 59.96
78.17 , 59.84
78.74 , 60.13
78.63 , 59.98
78.71 , 60.01
78.83 , 59.54
78.53 , 60.23
78.7 , 60.27
78.62 , 60.12
78.92 , 59.91
78.48 , 60.18
78.46 , 59.78
78.9 , 60.22
78.98 , 60.13
78.56 , 60.07
78.67 , 60.41
78.46 , 60.13
79.06 , 60.0
79.03 , 59.89
78.75 , 60.32
79.09 , 59.91
79.08 , 59.95
78.62 , 59.84
79.13 , 60.08
78.88 , 60.09
79.04 , 59.83
79.18 , 59.66
79.32 , 60.4
78.81 , 60.1
78.99 , 60.09
79.09 , 60.81
78.83 , 59.99
78.87 , 59.6
79.44 , 60.08
79.48 , 60.13
78.82 , 59.78
78.99 , 60.0
79.49 , 60.03
79.27 , 59.74
79.59 , 60.02
78.93 , 60.57
79.08 , 60.07
79.03 , 60.37
78.75 , 60.07
78.86 , 60.13
79.8 , 60.39
79.26 , 60.12
79.76 , 59.48
79.16 , 59.81
79.2 , 60.06
79.52 , 59.84
79.34 , 59.96
79.31 , 60.27
79.64 , 60.14
79.15 , 60.21
79.19 , 59.76
79.39 , 59.83
79.68 , 60.11
79.81 , 60.34
79.32 , 59.91
79.52 , 60.2
79.63 , 60.06
79.51 , 59.8
80.15 , 60.65
79.7 , 59.68
79.3 , 60.18
79.51 , 59.92
79.42 , 59.95
79.25 , 60.01
79.43 , 59.86
79.36 , 60.02
79.86 , 60.19
79.07 , 60.0
79.26 , 60.32
79.08 , 60.0
79.7 , 59.98
79.73 , 59.69
79.59 , 59.95
80.02 , 60.35
79.42 , 59.85
79.39 , 60.13
79.75 , 59.78
79.89 , 59.91
79.44 , 60.16
79.84 , 60.29
79.81 , 59.99
78.95 , 60.3
79.7 , 59.59
79.45 , 60.43
79.89 , 59.69
79.48 , 60.07
79.42 , 59.58
80.17 , 60.26
79.83 , 59.86
79.55 , 60.47
79.65 , 59.91
80.08 , 59.69
79.78 , 59.91
79.78 , 59.75
80.47 , 60.36
80.19 , 60.06
80.09 , 59.8
79.92 , 60.19
79.99 , 59.88
79.77 , 59.62
80.2 , 60.26
80.07 , 60.28
79.96 , 60.13
79.77 , 60.15
79.93 , 59.91
80.09 , 59.94
79.7 , 59.5
80.29 , 60.06
80.02 , 60.09
79.93 , 60.24
80.16 , 60.21
80.16 , 59.77
80.09 , 60.48
80.13 , 59.94
79.97 , 60.11
80.23 , 60.47
79.92 , 60.14
80.27 , 60.52
80.0 , 60.18
80.19 , 59.78
80.27 , 60.22
80.24 , 60.32
80.46 , 60.04
80.28 , 60.11
80.59 , 59.77
80.09 , 59.94
80.48 , 59.53
80.42 , 60.23
80.07 , 59.8
80.3 , 59.99
79.98 , 60.03
80.67 , 60.08
79.94 , 59.51
80.1 , 60.12
80.25 , 59.56
80.38 , 60.21
80.23 , 60.5
80.34 , 59.92
80.38 , 59.95
80.36 , 59.63
80.55 , 59.94
80.21 , 60.22
80.11 , 60.28
79.89 , 59.81
80.13 , 59.77
80.12 , 60.09
80.65 , 59.72
80.92 , 59.94
80.71 , 59.88
80.56 , 60.6
80.47 , 60.31
80.51 , 60.27
79.97 , 60.15
79.99 , 59.78
80.76 , 60.09
80.46 , 60.17
80.37 , 59.68
80.58 , 59.61
80.37 , 59.92
80.73 , 59.68
80.16 , 60.33
80.53 , 59.55
80.79 , 59.52
80.22 , 59.81
80.97 , 59.88
80.74 , 60.12
80.69 , 60.61
80.58 , 60.0
79.96 , 60.0
81.23 , 59.74
80.96 , 60.14
80.87 , 59.56
80.57 , 59.91
80.98 , 60.09
80.58 , 60.42
80.92 , 60.06
80.6 , 60.12
80.37 , 60.36
80.51 , 60.27
80.53 , 60.54
80.63 , 60.1
80.5 , 60.27
80.43 , 60.28
81.32 , 59.99
81.35 , 59.35
80.63 , 60.1
80.89 , 60.11
80.79 , 60.48
81.04 , 59.99
81.15 , 60.2
81.36 , 59.84
81.19 , 59.65
80.3 , 60.07
80.92 , 59.65
80.65 , 60.11
81.01 , 59.99
81.09 , 59.81
81.26 , 59.83
80.96 , 59.93
80.91 , 59.71
81.07 , 59.88
80.66 , 60.32
81.22 , 60.04
80.84 , 59.56
81.3 , 60.31
81.11 , 60.1
81.32 , 60.16
81.19 , 59.7
81.16 , 59.99
81.36 , 60.44
80.94 , 59.71
81.28 , 60.4
81.11 , 59.8
80.82 , 59.6
80.91 , 59.87
81.11 , 59.85
81.41 , 60.26
80.42 , 60.01
80.93 , 59.83
81.34 , 60.34
81.52 , 59.9
81.26 , 59.98
81.09 , 60.28
81.15 , 59.83
80.93 , 60.13
81.47 , 60.15
81.77 , 60.24
81.53 , 60.1
81.51 , 59.94
81.63 , 60.21
80.76 , 60.33
81.34 , 60.2
81.28 , 60.1
81.4 , 60.16
81.89 , 59.91
81.04 , 59.84
81.42 , 59.61
81.2 , 60.38
81.79 , 59.98
81.33 , 59.87
81.47 , 59.88
81.42 , 60.21
81.69 , 59.69
81.56 , 60.05
81.5 , 60.01
81.31 , 60.12
81.03 , 60.03
81.74 , 60.32
81.35 , 59.73
81.62 , 59.87
81.06 , 59.76
81.3 , 60.05
81.84 , 60.0
81.86 , 60.27
81.94 , 60.49
81.87 , 59.85
81.59 , 60.0
81.34 , 60.18
81.5 , 59.92
81.76 , 59.93
81.85 , 59.88
82.02 , 59.95
81.5 , 60.13
81.94 , 59.82
81.78 , 60.16
81.36 , 60.29
82.1 , 59.49
81.67 , 60.09
81.51 , 59.92
81.63 , 60.1
82.07 , 59.85
82.11 , 60.44
81.89 , 59.99
82.19 , 60.09
82.14 , 60.12
81.47 , 59.93
81.5 , 59.65
81.15 , 60.01
81.78 , 59.62
81.92 , 60.15
81.94 , 59.96
81.96 , 59.84
82.2 , 59.9
81.37 , 59.73
82.35 , 59.87
81.89 , 59.65
81.64 , 60.08
81.73 , 59.93
82.12 , 60.03
81.97 , 60.12
82.15 , 60.4
81.73 , 59.68
82.02 , 59.99
82.05 , 60.18
82.28 , 59.97
81.92 , 60.03
82.31 , 59.86
81.79 , 60.02
81.46 , 60.02
82.03 , 59.89
82.57 , 60.09
81.78 , 59.85
82.03 , 60.36
82.07 , 60.05
82.28 , 59.92
81.93 , 60.17
82.01 , 60.13
82.23 , 59.51
81.88 , 60.33
82.13 , 60.03
81.92 , 59.53
82.17 , 60.07
82.49 , 59.98
82.66 , 59.41
82.13 , 60.32
82.7 , 60.82
82.26 , 59.92
81.94 , 59.95
81.94 , 60.31
82.05 , 60.15
82.76 , 60.08
82.16 , 60.44
82.6 , 60.45
82.83 , 59.98
82.42 , 59.92
82.73 , 60.1
82.31 , 59.86
82.08 , 59.9
82.31 , 59.45
82.07 , 60.01
82.26 , 60.17
82.47 , 60.06
82.24 , 59.94
82.11 , 59.98
82.69 , 59.65
82.17 , 59.97
82.11 , 60.19
82.48 , 60.03
82.46 , 59.83
82.43 , 59.87
82.68 , 60.06
82.32 , 60.14
82.83 , 59.63
82.69 , 60.05
82.48 , 59.33
82.81 , 59.62
82.25 , 59.89
82.7 , 59.56
82.46 , 59.7
82.5 , 60.02
83.13 , 59.92
82.31 , 59.73
82.54 , 60.03
82.54 , 60.22
82.78 , 59.56
82.84 , 60.14
82.83 , 59.88
83.0 , 59.97
82.41 , 59.93
82.3 , 60.02
82.81 , 59.72
83.08 , 60.22
82.72 , 60.1
82.98 , 60.01
82.77 , 60.25
82.91 , 60.27
82.67 , 60.22
82.58 , 60.49
83.06 , 59.65
82.75 , 60.45
82.91 , 60.6
83.06 , 59.8
83.11 , 59.82
83.24 , 60.06
82.9 , 60.33
82.61 , 59.78
83.24 , 60.12
82.4 , 59.86
83.3 , 59.59
83.16 , 60.14
83.29 , 59.81
83.05 , 60.05
83.49 , 60.22
82.72 , 60.45
82.61 , 59.92
83.11 , 60.01
82.77 , 60.0
82.98 , 59.77
83.44 , 59.99
83.52 , 60.16
82.88 , 60.21
83.23 , 60.03
83.68 , 60.31
82.93 , 59.67
83.34 , 60.33
82.89 , 60.06
83.14 , 59.88
83.42 , 59.79
83.47 , 60.56
83.1 , 59.91
83.21 , 60.49
82.89 , 59.91
83.29 , 60.05
83.49 , 59.89
83.3 , 59.69
83.44 , 59.92
83.24 , 60.3
83.53 , 59.87
83.27 , 60.28
83.75 , 60.33
83.73 , 59.77
83.2 , 60.01
82.79 , 59.75
83.29 , 60.18
83.6 , 59.71
83.11 , 59.51
83.33 , 60.2
83.4 , 59.63
83.6 , 59.89
83.41 , 59.98
83.94 , 60.16
83.44 , 59.65
83.3 , 60.41
83.35 , 59.98
83.59 , 59.96
83.48 , 60.6
83.37 , 59.8
83.76 , 60.39
83.2 , 60.32
83.68 , 59.28
83.24 , 59.98
83.58 , 59.91
83.78 , 59.96
83.51 , 60.0
83.24 , 60.2
83.7 , 59.82
83.77 , 59.98
83.67 , 60.03
83.41 , 59.95
83.58 , 60.32
83.84 , 60.3
83.52 , 60.26
83.63 , 60.06
83.61 , 60.01
83.78 , 60.31
83.39 , 59.93
83.77 , 60.15
83.92 , 59.56
83.88 , 60.26
83.57 , 59.95
84.17 , 59.67
83.6 , 60.17
83.65 , 60.16
84.35 , 59.95
84.09 , 60.0
83.81 , 59.91
83.37 , 59.87
84.07 , 60.07
83.77 , 60.56
84.14 , 60.33
83.65 , 60.26
84.21 , 59.98
83.5 , 60.05
83.84 , 59.82
83.39 , 60.1
83.52 , 60.45
83.96 , 59.75
83.86 , 60.13
83.74 , 60.3
84.13 , 60.22
84.57 , 60.28
84.1 , 59.99
84.51 , 60.61
84.42 , 60.24
83.91 , 59.73
84.01 , 59.82
84.03 , 59.95
83.9 , 60.14
83.97 , 60.08
84.07 , 60.15
84.49 , 60.34
83.8 , 60.16
84.01 , 60.22
84.09 , 60.0
84.34 , 60.11
84.39 , 60.03
84.53 , 59.96
84.24 , 59.94
84.05 , 59.69
84.13 , 60.33
84.22 , 60.27
84.59 , 60.03
84.09 , 60.02
84.07 , 59.6
84.59 , 60.2
84.04 , 59.86
84.27 , 59.95
84.09 , 59.72
84.1 , 60.01
84.18 , 59.96
84.36 , 60.18
84.67 , 60.38
84.58 , 60.46
84.73 , 60.23
83.66 , 59.69
84.57 , 60.34
84.56 , 60.05
84.47 , 59.95
84.33 , 59.77
85.05 , 60.11
84.5 , 59.95
84.48 , 60.62
84.14 , 59.82
84.52 , 60.21
84.43 , 60.21
84.51 , 60.23
84.32 , 59.76
85.07 , 60.09
85.06 , 59.9
84.45 , 59.87
85.14 , 60.2
84.95 , 60.2
84.32 , 60.01
84.79 , 60.3
84.33 , 59.5
84.1 , 59.95
84.91 , 60.37
84.67 , 59.82
84.7 , 60.15
84.65 , 59.89
85.0 , 60.06
84.78 , 59.99
85.15 , 60.49
84.67 , 60.07
85.09 , 59.89
84.91 , 60.22
84.59 , 59.51
84.53 , 59.25
84.88 , 59.87
84.66 , 59.87
84.81 , 59.48
84.45 , 59.84
84.55 , 59.61
84.83 , 59.94
84.53 , 59.89
84.78 , 59.95
84.71 , 59.66
84.96 , 59.98
85.06 , 59.93
84.64 , 59.91
85.06 , 60.06
85.17 , 59.97
84.78 , 60.25
84.54 , 60.32
85.26 , 60.06
85.36 , 59.58
85.03 , 60.34
84.92 , 59.88
84.75 , 60.15
84.7 , 59.89
84.98 , 59.77
85.0 , 59.95
84.96 , 60.03
84.86 , 59.79
85.11 , 60.39
84.95 , 60.03
85.36 , 59.89
85.02 , 60.38
85.05 , 60.1
85.28 , 60.06
84.89 , 59.7
85.56 , 59.38
85.2 , 59.94
85.18 , 59.83
85.55 , 60.11
85.64 , 60.23
85.04 , 60.14
85.66 , 60.3
85.37 , 59.84
85.14 , 60.24
85.49 , 60.37
85.5 , 59.97
85.14 , 60.04
85.05 , 60.33
85.25 , 59.94
85.28 , 59.88
85.33 , 60.08
85.1 , 59.39
85.04 , 60.3
85.25 , 59.79
84.98 , 60.43
85.48 , 60.21
85.43 , 60.06
85.2 , 60.21
85.65 , 59.88
85.84 , 59.57
85.3 , 60.03
85.94 , 59.84
85.09 , 60.12
85.14 , 60.44
85.35 , 59.71
85.78 , 59.84
85.6 , 60.15
85.64 , 59.78
85.5 , 59.87
85.74 , 59.91
85.03 , 60.65
85.44 , 59.95
85.3 , 60.14
85.33 , 59.73
85.43 , 59.91
85.89 , 59.83
85.52 , 59.58
85.53 , 60.03
85.75 , 59.86
85.55 , 60.05
85.88 , 59.89
85.77 , 59.84
85.38 , 60.03
85.65 , 59.63
85.42 , 59.96
86.04 , 60.0
85.14 , 60.09
85.39 , 60.08
85.47 , 60.12
85.58 , 60.0
85.86 , 59.82
85.43 , 59.76
86.04 , 60.32
86.09 , 59.77
85.87 , 59.75
85.77 , 60.24
85.89 , 60.36
86.28 , 59.4
85.34 , 59.62
85.81 , 59.84
85.99 , 60.11
86.12 , 59.85
85.9 , 59.89
85.81 , 59.98
85.94 , 60.14
85.44 , 60.37
86.19 , 60.09
85.94 , 60.05
85.78 , 60.01
85.88 , 60.05
85.96 , 60.25
86.23 , 60.29
85.93 , 59.8
86.03 , 59.73
86.11 , 60.02
85.81 , 60.33
86.58 , 59.87
86.1 , 59.93
86.09 , 59.75
86.38 , 60.29
86.13 , 60.07
86.11 , 59.63
86.0 , 60.23
85.67 , 59.81
86.06 , 59.95
86.53 , 59.91
86.24 , 59.7
86.49 , 60.34
86.47 , 60.0
86.25 , 60.18
86.0 , 60.14
86.54 , 59.93
86.62 , 60.0
86.56 , 60.19
86.29 , 59.75
86.71 , 60.19
85.94 , 59.97
86.4 , 59.75
86.04 , 60.2
86.0 , 60.17
86.33 , 60.2
86.4 , 59.69
86.4 , 60.11
86.4 , 60.05
86.34 , 59.49
86.41 , 59.89
86.56 , 59.63
86.1 , 59.81
86.03 , 60.52
86.51 , 59.44
86.77 , 59.57
86.87 , 59.76
86.03 , 59.96
86.37 , 59.8
86.71 , 60.24
86.19 , 59.82
86.14 , 59.94
86.4 , 59.95
86.56 , 59.98
86.31 , 60.12
86.71 , 60.32
86.66 , 59.58
86.8 , 59.7
86.74 , 60.18
86.59 , 60.0
86.53 , 59.64
86.2 , 59.91
86.7 , 59.69
86.56 , 59.89
86.59 , 59.92
86.44 , 60.26
86.51 , 59.94
86.83 , 59.76
86.8 , 60.06
86.36 , 59.69
87.03 , 59.86
86.76 , 60.1
86.97 , 59.99
86.75 , 59.72
86.9 , 60.04
86.72 , 59.91
86.79 , 59.8
86.54 , 59.97
86.35 , 60.14
86.43 , 60.24
86.5 , 60.05
87.1 , 60.13
86.82 , 60.2
86.69 , 59.71
86.78 , 59.37
87.13 , 59.83
87.25 , 60.13
86.79 , 60.08
86.82 , 60.35
87.0 , 60.02
86.89 , 60.15
86.99 , 59.86
87.36 , 60.47
87.12 , 60.25
87.02 , 60.23
87.36 , 59.82
86.93 , 59.94
86.96 , 60.12
86.62 , 60.12
87.44 , 60.1
86.9 , 59.82
86.92 , 60.44
86.86 , 60.1
87.07 , 60.04
87.37 , 59.62
87.2 , 60.25
86.56 , 60.24
87.18 , 60.01
86.86 , 59.51
86.91 , 59.81
87.1 , 60.16
87.37 , 59.82
87.36 , 59.69
87.42 , 59.75
87.23 , 59.89
87.47 , 59.55
87.03 , 59.67
87.44 , 60.39
87.13 , 59.88
87.18 , 59.92
87.51 , 60.19
87.76 , 60.11
86.88 , 60.23
86.65 , 59.98
87.5 , 60.04
87.49 , 59.93
87.14 , 59.88
87.59 , 59.89
87.53 , 59.86
87.56 , 59.81
87.65 , 60.41
87.11 , 60.36
87.39 , 59.79
87.08 , 60.0
87.32 , 60.02
87.76 , 60.2
87.58 , 59.69
87.26 , 60.52
87.6 , 60.11
87.56 , 60.21
87.87 , 60.36
87.21 , 59.41
87.57 , 59.89
87.3 , 59.98
87.37 , 59.86
87.33 , 59.55
87.44 , 60.19
87.33 , 59.69
88.01 , 59.98
87.12 , 59.86
87.32 , 60.03
87.6 , 60.36
87.17 , 60.36
87.55 , 60.13
87.18 , 59.99
87.42 , 60.02
87.57 , 60.1
88.16 , 59.62
87.39 , 60.23
87.87 , 60.03
87.94 , 60.22
87.77 , 60.05
87.55 , 60.36
87.67 , 60.05
87.52 , 59.26
87.44 , 60.43
87.78 , 60.07
87.87 , 60.03
87.81 , 59.77
87.85 , 60.34
87.97 , 60.2
87.8 , 59.74
87.89 , 60.07
87.61 , 60.18
87.92 , 60.34
88.21 , 59.45
87.76 , 59.95
88.1 , 59.86
87.78 , 60.28
87.92 , 59.69
88.18 , 59.73
88.03 , 60.19
87.72 , 60.06
88.09 , 59.86
87.79 , 60.53
87.75 , 60.25
87.86 , 60.1
87.97 , 59.93
88.26 , 59.55
87.62 , 59.98
88.59 , 60.27
87.95 , 59.79
88.13 , 59.8
87.64 , 60.12
88.47 , 59.99
88.02 , 60.09
88.13 , 59.86
88.41 , 60.45
88.47 , 60.22
87.63 , 59.69
88.26 , 59.93
88.25 , 60.26
87.97 , 60.07
88.41 , 59.84
88.29 , 59.81
87.55 , 60.45
88.12 , 59.86
87.73 , 60.0
88.24 , 60.26
88.28 , 59.76
88.07 , 59.88
88.3 , 60.66
88.26 , 60.01
88.08 , 60.27
88.05 , 60.43
88.11 , 59.79
88.67 , 59.5
88.3 , 60.56
87.97 , 59.85
88.57 , 59.56
87.85 , 59.71
87.95 , 59.94
88.59 , 59.65
88.54 , 60.11
88.26 , 60.07
88.7 , 60.01
88.64 , 59.64
88.38 , 59.58
88.25 , 60.37
88.39 , 60.07
88.14 , 60.34
88.92 , 59.87
88.45 , 60.44
88.26 , 59.92
88.5 , 59.81
88.37 , 60.02
88.53 , 60.61
88.7 , 60.2
88.39 , 60.02
88.64 , 60.07
89.09 , 60.23
88.79 , 60.18
88.37 , 59.59
89.14 , 60.06
88.76 , 60.07
88.9 , 59.76
88.73 , 60.28
88.52 , 60.23
88.58 , 60.3
88.74 , 59.9
88.83 , 60.14
88.38 , 59.9
88.93 , 60.24
88.79 , 60.06
88.77 , 60.08
88.49 , 59.96
88.64 , 60.07
88.65 , 60.35
88.45 , 60.1
88.67 , 60.13
88.63 , 60.07
88.41 , 60.05
88.66 , 59.59
88.82 , 60.28
88.42 , 60.37
88.98 , 59.6
88.75 , 60.34
88.91 , 59.93
88.91 , 60.2
88.99 , 60.01
89.26 , 59.97
89.1 , 59.58
89.0 , 60.02
89.28 , 60.22
88.96 , 60.01
88.75 , 60.07
88.82 , 59.65
88.89 , 59.94
89.04 , 59.7
89.15 , 59.93
88.72 , 59.88
89.29 , 60.21
89.04 , 60.24
88.79 , 59.88
88.69 , 60.2
89.16 , 59.98
89.31 , 59.99
89.25 , 60.47
89.3 , 60.0
89.39 , 59.99
88.84 , 60.16
88.97 , 59.88
88.84 , 59.99
89.56 , 60.03
89.3 , 60.27
89.02 , 60.25
89.11 , 59.32
89.54 , 59.91
89.45 , 59.98
89.6 , 60.02
89.28 , 60.07
89.03 , 59.63
89.17 , 59.82
88.83 , 60.0
88.62 , 59.86
89.67 , 59.97
89.21 , 60.0
89.03 , 60.23
89.46 , 60.26
89.06 , 59.83
89.49 , 60.44
89.19 , 59.93
89.4 , 60.47
89.43 , 59.86
89.17 , 59.79
89.51 , 60.08
89.43 , 60.24
89.74 , 59.65
89.7 , 59.88
89.56 , 60.23
89.7 , 60.18
89.63 , 60.1
89.34 , 59.88
89.31 , 60.17
89.51 , 60.26
89.65 , 59.76
90.02 , 60.31
89.88 , 60.14
89.47 , 60.05
89.56 , 59.99
89.1 , 59.81
89.9 , 59.78
89.86 , 59.64
89.11 , 59.85
89.63 , 59.9
89.69 , 59.91
89.64 , 60.05
89.84 , 59.82
89.67 , 60.01
90.3 , 59.84
90.2 , 60.16
90.09 , 60.03
90.0 , 59.9
89.87 , 59.85
89.51 , 60.41
89.51 , 60.03
90.02 , 59.72
89.6 , 60.32
89.7 , 60.13
90.03 , 60.23
89.49 , 59.55
90.04 , 59.83
90.21 , 60.17
89.68 , 59.6
89.73 , 60.22
89.87 , 60.44
90.13 , 60.25
89.82 , 60.01
90.07 , 60.01
89.92 , 60.18
89.97 , 60.4
89.71 , 60.22
89.97 , 60.03
90.27 , 59.72
89.91 , 60.0
90.06 , 60.22
89.95 , 60.23
90.24 , 60.01
89.86 , 59.88
89.63 , 59.91
89.46 , 59.95
89.93 , 60.19
89.87 , 59.66
89.92 , 59.92
89.44 , 59.87
90.14 , 59.97
89.82 , 59.65
89.89 , 59.77
90.16 , 59.48
90.33 , 59.85
90.07 , 59.92
89.84 , 59.46
90.17 , 60.17
90.08 , 59.71
89.89 , 59.65
89.65 , 59.96
89.95 , 59.69
89.99 , 59.56
89.82 , 59.61
90.24 , 59.93
89.9 , 59.19
89.96 , 59.98
90.26 , 59.66
90.06 , 59.66
90.09 , 59.74
90.37 , 59.85
90.2 , 59.8
90.03 , 59.13
90.01 , 59.72
90.16 , 59.8
90.41 , 59.67
90.51 , 59.66
89.84 , 59.96
89.92 , 59.56
90.17 , 59.99
90.38 , 59.48
89.98 , 60.12
89.94 , 59.94
89.41 , 59.74
90.36 , 59.5
90.43 , 59.43
89.92 , 59.83
90.22 , 59.36
90.01 , 59.79
89.92 , 59.06
90.09 , 59.18
90.01 , 59.59
90.06 , 59.82
90.07 , 59.54
90.31 , 59.13
90.2 , 59.11
90.1 , 59.77
90.15 , 59.62
90.19 , 59.09
90.21 , 59.36
89.95 , 59.73
89.98 , 59.14
90.41 , 59.24
90.03 , 59.6
89.9 , 58.9
90.06 , 59.02
90.52 , 58.98
90.29 , 59.26
90.01 , 59.01
89.98 , 59.32
89.85 , 59.2
90.09 , 59.34
89.78 , 59.27
90.38 , 58.94
90.46 , 59.18
90.14 , 59.55
90.28 , 59.4
90.56 , 59.14
90.18 , 59.1
90.0 , 58.92
90.05 , 59.48
89.76 , 58.97
89.5 , 59.31
89.59 , 58.98
90.02 , 59.1
90.24 , 59.44
90.14 , 59.16
90.16 , 59.31
89.85 , 59.28
90.15 , 58.9
89.98 , 59.17
90.58 , 59.11
90.25 , 59.23
90.31 , 58.99
90.1 , 59.06
90.28 , 58.48
90.05 , 59.27
90.27 , 59.23
89.95 , 58.71
89.99 , 59.2
89.91 , 59.06
90.1 , 58.86
90.11 , 58.69
90.31 , 58.96
90.13 , 58.82
90.02 , 58.91
89.67 , 59.2
90.55 , 58.65
90.32 , 59.02
90.11 , 58.75
90.17 , 58.99
90.44 , 58.76
90.04 , 58.9
90.5 , 58.62
90.32 , 58.84
90.29 , 58.75
89.8 , 59.02
90.41 , 58.7
90.32 , 58.95
90.16 , 58.54
90.52 , 58.96
90.26 , 59.22
90.01 , 58.83
90.29 , 58.87
90.36 , 58.64
90.21 , 58.88
90.25 , 58.83
89.74 , 58.77
90.34 , 59.1
90.62 , 58.32
90.25 , 58.89
89.87 , 58.42
90.32 , 58.55
90.58 , 58.74
89.98 , 58.57
90.31 , 58.89
89.99 , 58.65
90.18 , 58.65
90.19 , 58.47
89.85 , 58.96
90.21 , 58.34
90.39 , 58.01
89.78 , 58.68
90.75 , 58.68
90.17 , 58.32
90.07 , 58.47
90.05 , 58.06
90.24 , 58.5
90.18 , 58.68
90.38 , 58.33
90.02 , 58.78
90.53 , 58.29
90.39 , 58.35
90.61 , 58.19
90.45 , 57.74
90.17 , 58.26
90.31 , 58.51
89.61 , 57.82
90.29 , 58.04
90.21 , 58.09
90.55 , 58.34
90.13 , 58.81
90.43 , 58.6
90.23 , 58.38
90.21 , 57.86
90.47 , 58.25
90.09 , 58.16
90.43 , 57.81
90.53 , 58.58
90.1 , 58.19
90.23 , 58.23
90.48 , 58.29
90.37 , 58.36
90.35 , 58.07
90.35 , 58.06
90.15 , 57.56
90.47 , 57.97
90.42 , 58.3
90.22 , 58.12
90.64 , 58.06
90.15 , 58.13
90.42 , 57.87
90.55 , 57.86
90.22 , 57.66
90.17 , 57.71
90.04 , 58.0
90.43 , 57.85
90.65 , 57.73
90.32 , 57.82
90.33 , 57.97
90.17 , 58.09
90.4 , 58.12
89.99 , 57.48
90.47 , 57.99
90.46 , 57.63
90.27 , 58.08
89.79 , 57.9
90.28 , 57.93
90.39 , 58.17
90.36 , 57.51
90.66 , 58.07
90.56 , 57.88
90.82 , 57.67
90.06 , 57.86
90.44 , 57.77
90.48 , 57.98
90.32 , 57.36
90.17 , 58.01
90.68 , 57.76
90.42 , 57.5
90.25 , 57.56
90.31 , 57.71
89.98 , 57.46
90.85 , 57.68
89.99 , 57.31
90.18 , 57.69
90.09 , 57.89
90.27 , 58.02
90.32 , 57.66
90.15 , 57.36
90.65 , 57.21
90.46 , 57.29
90.25 , 57.5
90.08 , 57.75
90.33 , 57.9
90.21 , 57.14
89.99 , 57.81
90.48 , 57.53
90.02 , 57.59
90.46 , 57.05
89.85 , 57.42
90.06 , 57.25
90.02 , 57.44
90.26 , 57.34
90.42 , 57.31
90.61 , 57.5
90.37 , 57.56
89.9 , 57.25
89.91 , 57.84
90.31 , 57.56
90.32 , 57.48
90.27 , 57.24
90.29 , 57.5
90.18 , 57.06
90.38 , 57.38
89.84 , 57.35
90.5 , 57.02
90.18 , 57.06
90.33 , 57.32
90.53 , 57.0
90.41 , 57.37
90.31 , 57.11
90.59 , 57.17
90.77 , 57.47
90.42 , 57.53
90.39 , 57.34
90.44 , 57.21
89.94 , 56.96
90.57 , 57.09
89.96 , 57.42
90.21 , 57.32
90.49 , 57.28
90.25 , 56.98
90.68 , 57.02
90.54 , 56.71
90.09 , 56.85
90.46 , 56.84
90.8 , 57.46
90.3 , 56.97
90.83 , 56.82
90.09 , 57.36
90.47 , 57.27
90.58 , 56.98
90.62 , 57.06
90.41 , 56.71
90.36 , 56.72
90.71 , 57.35
90.28 , 56.52
90.46 , 57.31
90.65 , 57.22
91.03 , 57.38
90.32 , 56.83
90.41 , 57.17
90.07 , 56.87
90.3 , 56.89
90.51 , 56.78
90.7 , 56.84
90.77 , 56.81
90.3 , 56.77
90.7 , 56.9
90.01 , 56.82
90.16 , 56.69
90.87 , 56.92
90.81 , 56.34
90.34 , 56.99
90.39 , 56.91
90.87 , 56.84
90.16 , 56.85
90.45 , 56.76
90.28 , 56.83
90.48 , 56.9
90.21 , 57.3
90.11 , 56.53
90.46 , 56.6
90.95 , 56.84
90.48 , 56.51
90.79 , 56.53
90.76 , 56.87
90.57 , 56.73
90.41 , 56.37
90.3 , 56.75
90.48 , 56.5
90.15 , 56.76
90.05 , 56.54
90.43 , 56.59
90.4 , 55.79
90.61 , 56.18
90.21 , 56.71
90.47 , 56.74
90.67 , 56.64
90.53 , 56.56
90.42 , 56.19
90.69 , 56.66
90.35 , 56.51
90.54 , 56.42
91.01 , 56.58
90.78 , 56.31
90.67 , 56.32
90.22 , 56.44
90.36 , 56.43
90.77 , 56.7
90.66 , 56.49
90.58 , 56.78
90.77 , 56.28
90.52 , 56.61
90.87 , 56.84
90.2 , 56.3
90.39 , 56.1
90.4 , 56.35
90.67 , 56.61
90.36 , 55.96
90.56 , 55.79
90.56 , 56.38
90.4 , 56.9
90.61 , 56.06
90.65 , 56.27
90.91 , 56.0
90.47 , 56.07
90.65 , 55.81
90.92 , 56.37
90.14 , 56.56
90.69 , 56.09
90.65 , 56.06
90.39 , 55.79
90.73 , 56.06
90.83 , 56.23
90.7 , 56.51
90.34 , 55.61
90.85 , 56.57
90.34 , 56.11
90.65 , 56.07
90.77 , 55.51
90.56 , 55.71
90.66 , 55.97
90.6 , 56.18
90.9 , 55.46
90.35 , 55.65
90.63 , 56.09
90.72 , 55.85
90.42 , 56.06
90.76 , 55.91
90.92 , 56.1
90.7 , 55.75
90.94 , 56.21
90.67 , 55.58
90.1 , 55.93
90.71 , 55.8
90.82 , 56.05
90.87 , 56.16
91.0 , 55.95
90.96 , 56.19
90.42 , 56.16
90.86 , 55.77
90.52 , 55.81
90.35 , 56.09
90.75 , 55.93
90.6 , 56.06
90.93 , 55.66
90.48 , 55.59
90.43 , 55.61
90.49 , 55.7
90.3 , 55.42
90.33 , 55.3
90.27 , 55.41
90.8 , 55.81
90.53 , 55.58
90.92 , 55.59
90.91 , 55.64
90.58 , 55.84
90.87 , 56.28
90.66 , 55.38
90.66 , 55.56
90.43 , 55.6
90.97 , 55.88
90.52 , 55.49
90.97 , 55.64
90.23 , 55.66
90.53 , 55.91
91.03 , 55.68
90.5 , 55.82
90.76 , 55.12
90.5 , 55.88
90.73 , 55.84
90.53 , 55.14
90.52 , 55.32
90.41 , 55.81
90.92 , 55.45
90.26 , 55.15
90.7 , 55.36
90.42 , 55.39
90.41 , 55.67
90.56 , 55.05
90.73 , 55.94
91.17 , 55.38
90.82 , 55.91
90.38 , 54.56
90.35 , 55.08
90.77 , 55.06
90.37 , 55.49
90.65 , 55.08
90.66 , 55.29
91.03 , 55.56
90.26 , 55.38
90.41 , 54.96
90.64 , 55.5
90.27 , 55.41
90.52 , 55.51
90.64 , 55.65
90.46 , 54.89
90.29 , 54.91
90.81 , 54.89
90.62 , 55.16
90.93 , 55.1
90.9 , 55.08
90.64 , 54.97
90.94 , 55.46
91.11 , 55.16
91.41 , 54.82
90.77 , 55.15
90.96 , 55.07
90.58 , 54.57
90.78 , 55.05
91.06 , 54.92
90.98 , 54.89
90.56 , 55.31
90.64 , 55.01
90.9 , 55.21
90.56 , 55.3
90.2 , 54.71
90.81 , 55.14
90.48 , 55.13
90.78 , 54.92
90.54 , 54.93
91.08 , 54.93
90.29 , 54.52
90.59 , 54.63
90.72 , 54.59
90.58 , 54.71
90.64 , 55.05
91.05 , 54.52
90.48 , 54.69
90.96 , 54.36
90.26 , 55.14
91.29 , 54.87
90.79 , 54.42
90.95 , 54.42
90.63 , 55.07
90.45 , 54.62
91.14 , 54.88
90.49 , 55.17
90.96 , 54.74
90.76 , 54.88
90.81 , 54.13
90.84 , 54.34
90.7 , 54.41
90.93 , 54.36
90.9 , 54.44
90.68 , 54.82
90.76 , 54.6
90.12 , 54.77
90.6 , 54.75
90.45 , 54.69
90.55 , 54.49
90.8 , 54.9
90.69 , 54.57
91.09 , 54.77
91.04 , 54.24
90.61 , 54.65
90.99 , 54.87
90.36 , 54.67
91.14 , 54.65
91.12 , 54.49
90.56 , 54.46
91.01 , 54.02
90.96 , 54.74
91.22 , 54.8
90.91 , 54.84
91.22 , 54.29
90.38 , 54.23
90.65 , 54.58
90.39 , 54.45
91.07 , 54.52
90.31 , 54.11
90.59 , 54.65
91.03 , 54.47
91.06 , 54.8
90.9 , 54.48
90.71 , 54.26
91.02 , 53.96
90.94 , 54.88
91.03 , 54.54
90.83 , 54.57
91.0 , 54.07
90.86 , 54.59
91.23 , 54.24
90.98 , 54.3
90.75 , 54.37
91.03 , 54.27
90.98 , 54.21
91.0 , 53.8
91.0 , 54.42
90.74 , 54.58
90.73 , 54.37
91.05 , 54.1
91.0 , 54.31
90.75 , 54.29
90.86 , 53.34
91.29 , 53.93
91.11 , 54.2
90.72 , 54.7
90.78 , 54.24
90.78 , 54.39
90.88 , 54.3
90.78 , 53.89
90.74 , 54.14
90.69 , 54.33
90.52 , 53.77
90.69 , 54.26
90.87 , 54.04
90.97 , 53.52
90.72 , 53.47
90.47 , 53.92
90.91 , 53.79
90.92 , 53.65
91.27 , 54.16
91.02 , 53.81
91.4 , 53.92
90.76 , 54.24
90.69 , 53.59
90.84 , 53.8
90.82 , 53.88
90.91 , 53.58
90.66 , 54.05
90.96 , 53.89
90.88 , 53.64
90.75 , 53.87
91.02 , 53.48
90.61 , 53.43
90.96 , 53.3
90.54 , 53.56
90.72 , 53.98
90.78 , 53.61
90.74 , 53.79
91.03 , 54.11
90.94 , 53.37
91.18 , 53.66
90.77 , 53.62
90.9 , 53.65
91.4 , 54.08
90.96 , 53.47
90.92 , 53.34
90.95 , 53.48
90.82 , 53.26
90.89 , 53.52
90.56 , 53.88
90.32 , 53.74
90.87 , 53.49
90.94 , 53.59
90.86 , 53.61
91.05 , 53.31
90.87 , 53.64
90.59 , 53.3
91.19 , 53.19
91.19 , 53.63
90.97 , 53.44
90.78 , 53.53
91.28 , 53.75
90.67 , 53.28
90.92 , 54.0
91.17 , 53.21
91.14 , 53.52
90.91 , 53.64
90.87 , 53.32
91.08 , 53.35
91.12 , 53.27
90.57 , 53.17
91.32 , 53.0
90.74 , 53.02
91.04 , 53.15
91.52 , 53.17
90.59 , 53.51
90.57 , 53.45
91.52 , 52.9
91.32 , 53.14
91.08 , 52.99
90.82 , 53.38
91.29 , 52.97
91.23 , 53.37
90.56 , 53.42
90.61 , 52.86
91.24 , 52.8
91.1 , 53.48
90.92 , 53.43
90.9 , 53.18
91.1 , 53.21
90.94 , 53.17
90.49 , 53.07
90.83 , 53.14
90.85 , 53.15
90.92 , 53.36
91.12 , 52.91
90.88 , 53.12
91.05 , 53.4
90.76 , 52.91
90.8 , 53.16
91.02 , 52.81
91.21 , 52.97
91.05 , 52.92
90.87 , 53.04
90.91 , 52.88
90.66 , 52.31
91.17 , 52.98
91.16 , 53.03
90.46 , 52.44
90.98 , 52.85
91.46 , 52.94
91.26 , 53.24
90.98 , 53.21
90.89 , 53.1
91.12 , 52.8
91.02 , 52.44
91.02 , 52.78
91.09 , 52.59
91.07 , 52.89
91.39 , 52.82
90.56 , 53.25
90.62 , 52.57
90.64 , 52.42
90.99 , 52.61
90.66 , 52.2
91.2 , 52.72
91.07 , 52.59
91.33 , 52.59
90.64 , 52.49
90.69 , 53.1
90.82 , 52.88
90.94 , 52.26
91.42 , 53.11
91.12 , 52.32
91.19 , 52.73
91.16 , 52.59
91.15 , 52.87
91.14 , 52.33
91.35 , 52.39
91.69 , 52.44
90.98 , 52.68
91.46 , 52.98
91.03 , 52.7
90.82 , 52.43
91.28 , 52.75
91.08 , 52.34
91.34 , 52.58
91.23 , 52.57
90.48 , 52.5
90.83 , 52.28
91.13 , 52.67
91.04 , 52.79
91.28 , 52.57
90.65 , 52.52
91.26 , 52.38
91.02 , 52.27
91.06 , 52.6
90.48 , 52.75
91.35 , 52.54
90.93 , 52.28
90.76 , 52.51
90.25 , 52.3
90.97 , 52.23
91.2 , 52.53
90.68 , 52.53
91.52 , 52.24
90.91 , 52.09
91.11 , 52.2
90.86 , 52.55
90.77 , 52.8
91.67 , 52.2
90.93 , 52.67
91.39 , 51.95
91.07 , 52.38
91.09 , 52.25
91.31 , 52.33
91.71 , 52.07
91.55 , 52.44
91.19 , 52.11
90.77 , 52.26
90.7 , 52.32
91.04 , 51.77
91.04 , 52.3
91.06 , 52.1
91.18 , 51.95
91.17 , 52.22
90.82 , 51.31
91.14 , 52.01
91.54 , 52.07
90.85 , 51.72
91.01 , 52.16
91.58 , 52.17
91.07 , 51.69
91.08 , 52.3
91.26 , 51.67
90.98 , 51.94
91.24 , 52.58
91.4 , 51.9
90.83 , 51.88
90.94 , 51.83
90.88 , 51.7
91.42 , 52.17
91.08 , 51.75
91.31 , 51.83
91.03 , 51.94
91.12 , 51.88
91.17 , 51.97
91.22 , 52.1
90.92 , 52.01
91.09 , 52.18
90.82 , 51.59
91.29 , 51.77
91.13 , 51.24
90.88 , 51.82
91.21 , 51.65
91.25 , 51.97
90.89 , 51.56
91.65 , 52.18
91.25 , 51.75
91.33 , 51.96
91.18 , 51.69
91.18 , 51.98
91.35 , 51.53
91.06 , 51.74
91.19 , 51.37
91.07 , 51.61
91.28 , 51.79
91.03 , 51.61
91.27 , 51.53
90.94 , 51.8
91.17 , 52.02
91.19 , 51.85
90.81 , 51.87
91.1 , 51.39
91.56 , 51.8
91.14 , 51.57
91.31 , 51.38
91.12 , 51.94
91.4 , 51.16
91.5 , 50.81
91.31 , 51.5
91.2 , 51.36
91.1 , 51.48
91.11 , 50.96
91.54 , 51.42
91.52 , 51.58
91.36 , 51.34
91.45 , 51.26
90.9 , 51.1
90.74 , 51.2
90.75 , 50.98
91.62 , 51.12
91.41 , 51.09
91.13 , 50.67
91.26 , 51.27
90.7 , 51.38
91.55 , 51.57
91.22 , 51.68
91.39 , 51.28
91.45 , 51.17
90.62 , 51.4
90.96 , 51.49
90.94 , 51.26
91.51 , 51.12
91.18 , 51.95
91.11 , 51.33
91.48 , 51.44
91.3 , 50.74
91.94 , 51.35
91.49 , 50.97
91.61 , 51.24
91.48 , 51.29
90.99 , 51.03
91.25 , 50.65
90.72 , 51.2
90.97 , 51.08
91.83 , 51.33
91.37 , 50.9
91.42 , 50.8
91.44 , 50.88
91.23 , 50.91
91.21 , 51.06
91.45 , 51.07
91.64 , 50.52
91.24 , 50.84
91.36 , 51.3
91.38 , 51.27
91.3 , 50.89
91.85 , 50.78
91.28 , 50.7
91.33 , 50.45
91.28 , 50.62
91.08 , 51.19
90.83 , 50.89
91.64 , 50.36
91.58 , 51.49
91.45 , 50.66
91.23 , 51.04
91.72 , 51.03
91.14 , 50.71
91.37 , 50.85
91.02 , 50.69
91.33 , 51.24
91.18 , 50.96
91.21 , 50.51
91.13 , 50.43
91.59 , 51.02
91.18 , 50.46
91.47 , 50.54
91.5 , 50.61
91.22 , 50.74
91.62 , 51.39
91.39 , 50.77
91.62 , 50.4
91.09 , 50.73
91.35 , 50.46
91.46 , 50.39
91.51 , 50.72
91.31 , 50.74
91.26 , 50.78
91.3 , 50.48
91.18 , 50.52
91.07 , 50.22
91.67 , 50.3
91.27 , 50.38
91.76 , 50.77
91.48 , 50.79
91.54 , 49.71
91.49 , 50.48
91.1 , 50.28
91.39 , 50.52
90.93 , 50.53
91.45 , 50.21
91.42 , 50.34
91.03 , 50.47
91.63 , 50.45
91.93 , 50.76
90.69 , 50.55
91.55 , 50.01
91.29 , 50.28
91.37 , 50.33
91.72 , 49.94
91.02 , 50.98
91.31 , 49.92
91.54 , 50.39
91.33 , 50.58
91.48 , 50.15
91.79 , 50.53
91.48 , 50.42
91.59 , 50.72
91.18 , 50.56
91.56 , 50.29
91.39 , 50.13
91.63 , 50.11
91.57 , 50.25
91.21 , 50.72
91.5 , 50.18
91.18 , 49.96
91.47 , 50.12
91.46 , 50.54
91.76 , 50.3
91.76 , 49.89
91.26 , 50.45
91.2 , 50.55
91.97 , 50.23
91.38 , 50.21
91.71 , 50.51
91.34 , 50.18
91.16 , 50.35
91.27 , 50.25
91.31 , 49.93
91.1 , 50.33
91.46 , 50.07
91.55 , 49.79
91.35 , 50.19
91.52 , 49.84
91.14 , 50.49
91.4 , 49.77
91.44 , 50.01
91.75 , 49.7
91.28 , 50.12
91.33 , 49.85
90.75 , 49.79
91.23 , 50.21
91.22 , 49.48
91.36 , 50.12
91.39 , 50.09
91.17 , 49.83
91.54 , 49.79
91.29 , 50.12
91.15 , 49.54
91.55 , 50.49
91.76 , 49.61
91.71 , 50.33
91.56 , 49.74
91.3 , 49.78
91.69 , 49.62
91.8 , 49.87
91.32 , 50.02
91.74 , 49.68
92.04 , 49.47
91.46 , 49.27
91.15 , 49.58
91.79 , 49.85
92.06 , 49.67
91.34 , 49.69
91.6 , 49.43
91.49 , 49.57
91.8 , 49.09
91.86 , 49.84
91.71 , 49.64
91.63 , 49.48
91.62 , 49.37
91.66 , 49.21
91.44 , 49.15
91.32 , 49.42
91.27 , 49.54
91.4 , 49.71
91.17 , 49.36
91.67 , 49.34
90.97 , 49.85
91.85 , 49.51
91.28 , 49.58
91.45 , 49.79
91.64 , 49.45
91.17 , 49.6
91.55 , 49.77
91.52 , 49.28
91.71 , 49.34
91.77 , 49.46
91.56 , 49.2
91.42 , 49.01
91.55 , 49.09
91.19 , 49.06
91.98 , 49.11
91.68 , 49.46
91.42 , 49.14
91.38 , 49.07
91.39 , 49.53
91.77 , 49.38
91.15 , 49.19
91.44 , 49.36
91.33 , 48.81
91.33 , 49.38
91.84 , 49.43
91.56 , 49.14
91.84 , 49.24
91.4 , 49.18
91.74 , 48.84
92.11 , 48.93
91.62 , 49.11
92.16 , 49.14
91.26 , 48.83
91.36 , 49.05
91.83 , 49.01
91.48 , 48.56
91.83 , 49.35
91.16 , 48.76
91.34 , 48.96
91.38 , 49.2
91.59 , 49.27
91.34 , 49.12
91.91 , 48.75
91.47 , 48.89
91.68 , 48.89
91.51 , 48.94
91.46 , 49.13
91.88 , 48.9
91.79 , 49.1
91.4 , 48.83
91.78 , 48.99
91.63 , 49.07
91.34 , 48.98
91.59 , 48.72
92.32 , 48.66
91.54 , 48.97
91.22 , 49.12
91.72 , 48.62
91.35 , 48.49
91.26 , 48.7
91.6 , 49.01
91.6 , 48.61
91.32 , 48.96
91.47 , 48.6
91.72 , 49.12
91.63 , 48.76
91.7 , 48.76
91.83 , 48.62
91.66 , 48.82
91.68 , 48.48
92.02 , 48.35
91.74 , 48.75
91.73 , 48.46
91.73 , 48.11
91.68 , 48.49
91.66 , 48.64
91.95 , 48.12
92.03 , 48.24
91.2 , 48.29
92.03 , 48.8
92.14 , 48.72
91.41 , 48.62
91.69 , 48.89
91.93 , 49.09
91.31 , 48.51
91.7 , 48.4
91.43 , 48.91
91.42 , 48.61
91.82 , 48.65
92.09 , 48.42
91.97 , 48.79
91.75 , 48.74
91.98 , 48.87
91.6 , 48.28
91.66 , 48.35
91.54 , 48.19
91.58 , 47.88
91.24 , 47.93
91.39 , 48.35
91.43 , 48.38
91.25 , 48.21
92.02 , 48.79
91.88 , 48.1
92.01 , 48.12
91.75 , 48.43
92.11 , 48.42
91.66 , 48.34
91.63 , 48.17
91.51 , 48.32
91.82 , 48.1
91.58 , 48.01
91.63 , 48.52
91.85 , 48.31
91.65 , 48.1
91.64 , 48.37
91.44 , 48.29
92.21 , 47.85
91.41 , 48.2
92.23 , 48.0
91.73 , 47.97
91.87 , 48.11
91.83 , 48.17
91.85 , 48.08
91.5 , 48.33
92.01 , 48.02
91.41 , 48.3
91.65 , 48.25
91.79 , 48.15
91.76 , 47.92
91.13 , 48.22
91.68 , 48.01
91.74 , 47.71
91.92 , 47.89
91.88 , 47.93
91.79 , 47.74
91.52 , 48.3
91.4 , 47.71
91.68 , 48.39
92.28 , 47.79
91.8 , 47.88
91.78 , 47.58
91.49 , 47.67
92.07 , 48.24
91.51 , 48.06
91.47 , 47.77
91.49 , 48.07
91.78 , 47.48
91.69 , 47.97
91.45 , 47.59
91.81 , 48.11
92.06 , 48.13
91.58 , 47.64
91.55 , 48.09
91.82 , 47.96
91.53 , 47.92
91.66 , 48.08
91.85 , 47.94
91.64 , 47.73
91.74 , 48.19
92.0 , 47.64
91.58 , 47.97
91.58 , 47.81
91.79 , 48.15
91.8 , 47.78
91.23 , 47.44
91.52 , 47.72
91.82 , 47.34
91.59 , 48.11
91.89 , 47.52
91.64 , 48.0
91.93 , 47.58
91.74 , 47.33
91.91 , 47.67
92.44 , 47.44
91.68 , 47.56
92.04 , 47.65
92.22 , 47.57
92.02 , 47.62
91.68 , 47.76
92.66 , 47.66
91.95 , 47.43
91.6 , 47.62
91.93 , 47.57
91.87 , 47.39
91.54 , 47.54
91.3 , 47.95
92.08 , 47.34
91.83 , 47.67
92.03 , 47.5
92.11 , 47.91
91.88 , 47.72
91.66 , 47.22
91.76 , 47.65
91.72 , 47.41
91.72 , 47.27
91.53 , 47.48
92.0 , 47.66
91.69 , 47.03
92.16 , 47.09
91.49 , 47.63
91.69 , 47.36
92.07 , 47.4
91.91 , 46.89
91.84 , 47.14
91.84 , 46.83
91.97 , 46.97
91.62 , 47.1
92.08 , 47.01
91.97 , 47.12
91.78 , 47.41
91.89 , 47.38
92.13 , 47.67
92.14 , 47.3
91.96 , 47.39
92.19 , 47.14
91.86 , 46.93
91.62 , 47.19
91.42 , 47.08
91.72 , 46.51
92.06 , 46.86
92.06 , 47.38
92.34 , 46.86
91.85 , 47.26
91.67 , 47.36
91.67 , 46.79
92.15 , 47.23
91.44 , 46.88
91.73 , 47.01
91.89 , 46.88
91.85 , 46.97
92.16 , 47.09
91.9 , 46.92
91.79 , 46.77
91.96 , 46.59
92.0 , 46.64
91.65 , 46.79
91.93 , 47.28
92.04 , 47.08
91.9 , 46.69
92.01 , 46.89
91.77 , 46.81
91.64 , 46.23
92.13 , 46.53
92.13 , 47.31
91.81 , 46.69
91.77 , 46.6
92.1 , 46.93
91.95 , 46.95
92.17 , 46.8
92.36 , 46.76
91.91 , 46.99
92.04 , 47.07
91.72 , 46.76
91.79 , 46.8
92.32 , 46.78
91.67 , 47.14
92.02 , 46.43
92.14 , 46.4
91.87 , 46.91
91.87 , 46.21
91.9 , 46.47
91.75 , 46.4
91.89 , 46.38
91.77 , 46.64
92.4 , 46.9
91.5 , 46.93
91.7 , 46.53
92.47 , 46.11
91.45 , 46.6
92.29 , 46.4
92.06 , 46.02
91.94 , 46.72
92.11 , 46.64
92.42 , 46.22
91.78 , 46.48
91.7 , 46.41
91.37 , 46.36
91.36 , 46.4
91.68 , 46.41
91.51 , 45.93
91.83 , 46.35
92.35 , 46.3
91.85 , 46.63
91.7 , 46.46
92.27 , 46.16
92.02 , 46.09
92.07 , 45.86
91.44 , 46.74
92.23 , 46.35
91.63 , 46.2
91.83 , 45.74
91.8 , 46.41
91.7 , 46.71
91.41 , 46.39
91.9 , 46.27
91.99 , 46.51
91.52 , 45.85
91.89 , 46.25
91.93 , 46.52
92.04 , 46.15
92.22 , 46.61
91.36 , 46.63
92.0 , 46.04
92.09 , 46.35
91.91 , 46.16
91.65 , 45.94
91.63 , 46.2
92.1 , 46.39
91.75 , 46.52
91.85 , 46.08
92.12 , 45.89
92.06 , 46.22
91.91 , 46.15
92.0 , 46.14
92.37 , 45.77
92.2 , 45.83
91.91 , 46.42
91.83 , 46.46
91.92 , 45.97
92.19 , 45.99
92.11 , 45.66
92.33 , 46.15
92.08 , 45.94
91.81 , 46.14
91.7 , 46.0
91.94 , 45.58
92.06 , 45.72
91.9 , 45.97
92.11 , 45.92
92.19 , 45.61
92.04 , 46.28
92.32 , 46.18
92.07 , 45.46
91.96 , 45.78
91.87 , 45.53
92.11 , 45.57
92.13 , 45.55
92.04 , 45.66
91.88 , 45.62
92.24 , 45.52
91.54 , 45.46
91.65 , 45.87
92.14 , 45.69
92.5 , 45.88
91.82 , 45.68
91.97 , 45.94
91.91 , 45.39
92.32 , 46.02
92.32 , 45.65
92.2 , 45.5
92.01 , 45.43
92.51 , 45.3
92.4 , 45.29
92.44 , 45.49
91.49 , 45.81
92.08 , 45.87
91.81 , 45.52
92.01 , 45.87
92.17 , 45.64
92.15 , 45.81
92.44 , 45.49
92.45 , 45.15
91.8 , 45.6
91.9 , 45.34
92.14 , 45.8
92.2 , 45.01
92.16 , 45.38
92.01 , 45.35
92.4 , 45.9
92.07 , 45.76
91.96 , 45.32
91.93 , 45.73
91.56 , 45.39
91.87 , 45.37
92.1 , 45.22
91.89 , 44.84
91.8 , 45.47
92.49 , 45.76
91.83 , 45.35
92.17 , 45.44
91.95 , 45.42
92.38 , 45.16
92.05 , 45.1
91.91 , 44.77
92.31 , 44.93
91.83 , 45.03
92.22 , 45.29
92.32 , 45.29
92.25 , 45.28
92.08 , 45.4
92.3 , 45.05
92.25 , 45.56
92.15 , 44.99
92.1 , 45.76
92.0 , 45.25
92.39 , 45.21
92.09 , 45.1
92.4 , 45.19
92.09 , 45.34
91.95 , 45.59
92.52 , 45.06
92.05 , 44.57
92.35 , 44.56
92.15 , 44.71
91.95 , 45.06
92.07 , 45.44
91.98 , 45.45
92.31 , 44.87
92.37 , 45.37
91.97 , 44.86
92.37 , 45.02
91.7 , 44.71
91.95 , 44.83
91.98 , 44.62
92.27 , 45.34
92.24 , 44.86
92.17 , 45.06
92.86 , 44.14
91.83 , 45.03
92.1 , 44.58
92.71 , 44.62
92.27 , 44.66
92.06 , 44.97
91.96 , 44.95
92.19 , 44.36
91.72 , 45.35
92.15 , 44.66
92.15 , 44.4
91.94 , 44.51
92.82 , 44.75
91.87 , 44.91
92.36 , 44.36
92.34 , 44.65
92.21 , 44.99
92.07 , 44.5
91.99 , 44.94
92.21 , 44.76
92.31 , 44.74
92.07 , 44.68
92.33 , 44.37
91.71 , 45.15
92.46 , 44.44
91.78 , 44.31
92.08 , 44.6
92.56 , 44.69
92.01 , 44.5
91.9 , 44.35
92.52 , 43.98
92.4 , 44.36
92.68 , 44.41
92.55 , 44.6
92.2 , 44.25
92.31 , 44.04
92.47 , 44.26
91.91 , 44.4
92.31 , 44.54
91.9 , 44.02
92.3 , 44.28
91.79 , 44.52
92.38 , 44.94
92.16 , 44.24
92.77 , 44.43
92.05 , 44.6
92.61 , 44.72
92.06 , 44.58
92.42 , 44.54
92.41 , 44.36
92.68 , 44.55
92.2 , 44.35
91.79 , 44.28
92.07 , 44.21
92.27 , 44.08
92.22 , 44.24
92.07 , 44.09
92.11 , 44.25
92.29 , 44.07
92.56 , 44.36
91.67 , 44.15
92.04 , 44.25
91.46 , 44.15
92.52 , 44.16
92.47 , 43.75
92.97 , 44.21
92.31 , 43.99
92.25 , 44.15
92.26 , 43.99
92.67 , 44.05
92.32 , 43.96
92.43 , 43.65
92.75 , 44.0
92.06 , 44.39
92.16 , 44.01
92.25 , 43.88
92.9 , 43.99
92.0 , 44.27
92.8 , 43.92
92.69 , 44.02
92.39 , 43.74
92.62 , 44.13
92.53 , 44.27
92.47 , 43.47
92.36 , 43.79
92.55 , 44.12
91.88 , 44.3
92.44 , 44.13
92.54 , 44.07
92.28 , 44.03
92.28 , 43.64
92.76 , 44.0
91.88 , 43.46
92.44 , 43.79
92.33 , 43.61
92.31 , 44.36
92.43 , 43.83
92.37 , 43.47
92.65 , 44.23
92.34 , 43.88
92.25 , 44.11
92.46 , 43.86
92.01 , 43.67
92.26 , 43.54
92.3 , 43.91
92.33 , 43.38
92.35 , 43.73
92.41 , 43.71
92.04 , 43.94
92.32 , 43.63
93.15 , 43.84
92.62 , 43.65
92.46 , 44.03
92.23 , 43.48
92.56 , 43.8
92.14 , 43.46
91.96 , 43.43
92.21 , 43.74
92.2 , 44.19
91.99 , 43.22
92.09 , 43.62
92.56 , 43.63
92.7 , 43.5
92.5 , 43.62
92.47 , 43.19
92.55 , 43.35
92.33 , 43.54
92.18 , 43.55
92.75 , 43.36
92.31 , 43.52
91.95 , 43.75
92.82 , 43.6
92.29 , 43.22
92.69 , 43.44
92.66 , 43.44
92.14 , 43.52
92.52 , 43.4
92.02 , 43.2
92.37 , 43.09
92.62 , 43.45
92.49 , 43.34
92.71 , 43.56
92.19 , 43.44
92.11 , 43.66
92.26 , 43.2
92.51 , 43.19
92.69 , 43.48
92.22 , 43.37
92.46 , 43.58
92.58 , 43.15
92.57 , 43.84
92.64 , 43.53
92.41 , 43.36
91.79 , 42.93
92.24 , 43.3
92.46 , 43.31
92.46 , 43.5
92.29 , 43.13
92.54 , 42.97
92.92 , 43.24
92.16 , 42.65
92.32 , 42.74
92.14 , 42.91
92.83 , 43.36
92.22 , 43.34
92.31 , 43.1
92.09 , 42.83
92.93 , 43.03
92.68 , 42.95
92.6 , 43.07
92.45 , 43.09
92.42 , 43.28
92.63 , 42.74
92.14 , 43.12
92.19 , 42.82
92.65 , 42.66
92.25 , 43.06
92.66 , 42.55
92.66 , 43.25
93.01 , 42.69
92.43 , 42.97
93.05 , 42.69
92.56 , 43.43
92.51 , 42.96
92.23 , 42.68
91.81 , 42.47
92.73 , 43.05
92.53 , 42.8
92.41 , 42.82
92.95 , 42.46
92.36 , 42.92
92.34 , 43.09
92.97 , 42.54
92.59 , 42.79
92.74 , 42.72
92.17 , 42.71
92.23 , 42.49
92.09 , 42.38
92.15 , 42.23
92.38 , 42.41
92.26 , 42.82
92.35 , 42.67
92.55 , 42.51
92.43 , 42.16
92.19 , 42.91
92.79 , 42.68
92.69 , 42.93
92.62 , 42.23
92.19 , 42.15
93.05 , 42.42
92.23 , 42.37
92.92 , 42.57
92.92 , 42.17
92.75 , 42.37
92.54 , 42.98
92.69 , 42.75
92.63 , 42.68
92.82 , 42.2
92.21 , 42.37
93.02 , 42.59
92.59 , 42.44
92.36 , 42.46
93.06 , 42.22
92.85 , 42.79
92.25 , 42.36
92.74 , 42.41
92.36 , 41.96
92.24 , 42.26
92.57 , 42.36
92.66 , 42.38
92.66 , 42.3
92.28 , 42.38
92.32 , 41.94
93.24 , 42.23
92.14 , 42.08
92.48 , 41.84
92.46 , 42.5
92.48 , 42.49
92.49 , 42.11
92.2 , 42.03
93.04 , 41.85
92.87 , 42.48
92.67 , 42.19
92.38 , 42.52
92.34 , 41.93
92.62 , 42.09
92.2 , 43.07
92.72 , 42.19
92.7 , 42.21
92.65 , 42.34
92.71 , 41.75
92.88 , 41.9
92.73 , 42.1
92.47 , 41.74
92.39 , 42.09
92.59 , 42.07
92.69 , 42.16
92.34 , 41.9
92.48 , 41.93
92.85 , 41.69
92.74 , 42.22
92.38 , 42.47
92.83 , 41.97
92.18 , 42.4
92.51 , 41.7
92.74 , 41.71
92.12 , 42.31
92.74 , 41.88
92.61 , 41.66
91.92 , 41.84
92.14 , 41.88
92.37 , 41.68
92.62 , 42.05
92.71 , 41.78
92.38 , 41.57
92.61 , 41.73
92.18 , 41.54
92.33 , 42.76
92.33 , 41.51
92.56 , 41.59
92.4 , 41.76
92.14 , 42.2
92.45 , 42.1
92.7 , 41.49
92.86 , 41.71
92.76 , 41.4
92.21 , 42.03
92.28 , 41.54
92.6 , 41.6
92.61 , 42.05
92.7 , 41.6
92.19 , 41.97
92.76 , 41.72
92.79 , 41.33
92.47 , 42.05
92.9 , 41.8
92.68 , 41.94
92.78 , 41.08
93.23 , 41.82
92.95 , 41.76
92.79 , 41.33
92.73 , 41.68
92.47 , 41.7
93.3 , 41.63
92.46 , 41.17
92.73 , 41.43
92.9 , 41.47
92.76 , 41.38
92.85 , 41.14
93.23 , 41.82
92.77 , 41.47
92.61 , 41.54
92.52 , 40.71
92.77 , 41.43
92.46 , 41.12
92.43 , 41.61
92.36 , 41.55
92.81 , 41.7
92.58 , 41.52
92.83 , 41.47
92.67 , 41.33
92.8 , 41.33
92.23 , 41.41
92.58 , 41.48
92.63 , 41.18
92.76 , 41.54
92.74 , 41.14
92.91 , 41.41
93.13 , 41.19
92.47 , 41.3
92.34 , 41.4
92.81 , 40.87
93.3 , 41.09
92.48 , 41.32
92.32 , 41.05
92.8 , 41.61
92.91 , 41.68
92.86 , 40.83
92.54 , 41.22
92.5 , 41.53
93.16 , 40.96
92.47 , 41.33
92.69 , 41.01
92.56 , 41.2
93.09 , 40.72
93.05 , 41.35
92.68 , 41.51
92.54 , 41.36
92.72 , 41.12
92.42 , 41.12
92.8 , 41.05
92.6 , 40.79
92.71 , 40.98
92.83 , 41.0
92.9 , 41.19
93.14 , 40.77
93.0 , 40.96
92.92 , 40.79
92.79 , 41.18
92.84 , 40.69
92.91 , 40.95
92.45 , 40.9
92.67 , 41.0
92.52 , 41.2
93.07 , 40.67
92.35 , 40.6
92.77 , 40.82
93.02 , 40.87
92.28 , 40.91
92.85 , 41.47
92.49 , 40.97
92.47 , 40.65
92.81 , 40.53
92.72 , 40.67
92.83 , 40.99
92.62 , 40.53
92.83 , 40.88
93.04 , 40.62
92.83 , 40.86
92.62 , 40.23
92.54 , 40.62
92.65 , 41.11
92.64 , 40.83
92.91 , 40.66
92.37 , 40.4
92.58 , 41.01
92.6 , 40.51
93.04 , 40.35
92.68 , 40.37
92.4 , 40.53
92.79 , 40.74
93.14 , 40.01
93.26 , 40.85
92.64 , 40.67
92.94 , 40.55
92.44 , 40.83
92.96 , 40.41
92.64 , 40.46
92.42 , 40.83
92.37 , 40.76
92.45 , 40.44
92.67 , 40.28
93.47 , 40.31
92.8 , 40.3
92.63 , 40.2
92.69 , 40.16
92.92 , 40.26
92.44 , 40.47
92.38 , 40.71
92.64 , 40.6
92.67 , 40.77
92.81 , 40.39
92.8 , 40.09
93.17 , 40.53
92.5 , 40.65
92.84 , 40.16
93.14 , 40.34
92.56 , 40.48
92.52 , 40.55
92.6 , 39.87
93.01 , 40.17
92.77 , 40.51
92.95 , 40.12
92.65 , 40.21
92.94 , 40.3
92.71 , 39.97
92.86 , 40.51
93.35 , 40.11
93.0 , 39.73
92.53 , 40.1
92.92 , 40.55
92.83 , 40.04
92.53 , 40.37
92.7 , 40.11
92.81 , 40.68
92.68 , 40.33
93.08 , 40.59
92.57 , 40.12
92.31 , 40.41
93.13 , 39.91
92.99 , 39.88
92.39 , 40.03
92.86 , 40.08
93.24 , 40.0
92.26 , 39.9
92.69 , 39.82
93.36 , 39.88
92.67 , 39.72
92.75 , 39.98
92.72 , 39.66
92.4 , 40.0
92.86 , 39.83
93.16 , 39.95
93.13 , 39.71
92.6 , 40.25
93.1 , 39.99
92.81 , 39.35
93.12 , 39.75
92.39 , 39.99
92.67 , 39.63
92.83 , 40.12
92.56 , 39.77
93.08 , 39.65
92.72 , 39.54
92.55 , 40.0
92.78 , 40.04
93.11 , 40.04
92.76 , 40.05
92.59 , 40.01
92.64 , 39.72
92.6 , 39.78
93.2 , 40.25
93.14 , 39.59
93.18 , 39.54
93.17 , 39.52
93.12 , 39.31
92.45 , 39.9
92.81 , 39.71
92.71 , 40.07
92.74 , 39.39
93.14 , 39.44
92.76 , 40.18
92.88 , 39.81
92.8 , 39.45
92.54 , 39.58
92.79 , 39.92
93.39 , 39.6
92.39 , 39.27
92.89 , 39.4
92.95 , 39.73
92.95 , 39.74
93.06 , 39.55
92.68 , 39.34
92.85 , 39.46
93.02 , 38.98
92.9 , 39.63
93.0 , 39.22
93.21 , 39.37
93.02 , 39.44
93.21 , 39.3
92.88 , 39.42
92.79 , 39.45
93.19 , 39.31
92.91 , 39.29
92.73 , 39.22
93.06 , 39.38
93.21 , 39.53
92.5 , 39.25
92.85 , 39.3
93.33 , 39.17
92.96 , 38.95
93.24 , 39.22
93.08 , 39.13
93.06 , 39.26
92.42 , 39.3
92.78 , 39.25
92.88 , 39.38
92.99 , 39.62
92.75 , 39.02
92.75 , 39.17
92.55 , 38.56
92.93 , 39.31
92.81 , 38.86
93.23 , 39.13
92.84 , 38.9
93.02 , 39.1
92.98 , 39.01
93.01 , 38.84
92.85 , 38.7
92.95 , 38.84
92.67 , 39.06
93.05 , 39.09
93.27 , 39.03
92.59 , 39.45
93.07 , 38.69
93.15 , 38.78
93.19 , 39.13
92.84 , 39.14
93.21 , 38.88
92.87 , 38.97
92.9 , 38.84
93.18 , 38.89
92.94 , 38.72
93.11 , 38.8
93.16 , 38.78
93.09 , 38.93
92.44 , 39.1
93.38 , 39.33
92.93 , 38.88
92.93 , 38.58
92.97 , 38.49
93.02 , 38.45
92.46 , 38.83
92.88 , 38.71
92.95 , 38.91
92.49 , 39.12
93.07 , 38.51
92.68 , 38.56
92.69 , 38.07
93.24 , 38.57
92.89 , 38.53
92.95 , 38.93
93.26 , 38.92
92.88 , 39.11
93.28 , 38.51
93.0 , 37.84
93.35 , 38.33
93.03 , 38.95
93.05 , 38.86
93.26 , 38.35
92.77 , 38.56
92.75 , 38.56
93.47 , 38.27
93.01 , 38.51
93.1 , 38.48
93.13 , 38.28
92.95 , 38.21
93.03 , 38.84
92.89 , 38.71
93.13 , 38.59
93.2 , 38.55
93.21 , 38.6
92.72 , 38.53
92.82 , 38.26
93.27 , 38.64
93.16 , 38.38
93.11 , 38.74
93.02 , 38.49
92.99 , 38.34
92.98 , 38.19
92.47 , 38.07
92.82 , 37.99
93.37 , 38.51
92.91 , 38.48
93.3 , 38.67
93.03 , 38.52
93.17 , 38.43
92.78 , 38.51
93.06 , 37.63
93.52 , 38.7
93.09 , 38.37
92.9 , 38.47
93.35 , 38.15
92.51 , 37.92
93.25 , 38.17
93.35 , 38.47
93.25 , 38.05
93.37 , 38.03
93.05 , 38.24
92.99 , 38.33
92.64 , 38.2
93.06 , 38.16
92.9 , 38.5
93.65 , 38.38
93.28 , 38.53
92.85 , 38.39
93.15 , 38.37
93.15 , 38.22
93.36 , 38.24
93.37 , 37.87
93.0 , 37.84
93.23 , 37.74
93.07 , 38.27
93.07 , 38.11
93.18 , 38.26
92.87 , 37.82
93.18 , 37.94
92.97 , 38.22
93.38 , 37.78
93.09 , 37.57
93.13 , 38.15
92.99 , 37.43
92.89 , 37.87
93.23 , 38.15
93.37 , 38.07
93.32 , 37.97
93.43 , 38.29
93.39 , 38.04
93.02 , 37.43
93.31 , 37.79
92.78 , 37.74
93.01 , 37.95
93.11 , 37.34
93.35 , 37.25
93.35 , 37.64
93.13 , 38.11
93.26 , 37.74
93.01 , 37.78
93.0 , 37.84
93.18 , 38.48
92.99 , 37.33
93.47 , 37.72
93.06 , 37.62
93.02 , 37.71
93.1 , 37.65
93.08 , 37.67
93.0 , 37.52
93.34 , 37.17
93.08 , 37.56
93.34 , 37.51
92.98 , 37.75
93.39 , 37.59
93.34 , 37.34
93.3 , 37.67
92.77 , 37.68
93.16 , 38.35
93.22 , 37.16
93.68 , 37.51
93.01 , 37.13
92.97 , 37.31
93.53 , 37.3
92.84 , 37.24
92.98 , 37.43
93.14 , 37.6
93.81 , 37.55
93.2 , 37.78
92.87 , 37.43
93.35 , 37.22
93.22 , 37.56
93.35 , 37.37
92.86 , 37.53
93.53 , 37.57
93.11 , 36.91
92.78 , 37.19
93.51 , 37.26
93.26 , 37.79
92.97 , 37.49
93.37 , 37.0
93.59 , 37.26
93.2 , 37.29
93.44 , 37.34
93.63 , 37.21
93.3 , 36.91
93.31 , 37.34
93.46 , 37.32
93.29 , 37.27
92.75 , 37.0
93.21 , 36.95
92.93 , 37.55
93.55 , 37.29
93.01 , 37.48
93.19 , 37.55
93.34 , 37.29
93.3 , 37.28
93.38 , 37.32
93.41 , 37.08
93.03 , 37.26
93.1 , 36.96
93.41 , 36.77
93.28 , 36.82
93.37 , 36.72
93.41 , 36.5
93.51 , 37.24
93.06 , 36.49
93.08 , 36.84
93.31 , 37.18
92.71 , 36.78
93.03 , 36.99
93.13 , 37.33
93.19 , 36.68
93.32 , 37.27
93.4 , 36.62
92.96 , 36.8
93.39 , 37.15
93.4 , 36.84
93.25 , 36.67
93.75 , 36.83
92.62 , 36.95
93.63 , 37.14
93.21 , 36.94
93.39 , 37.07
93.32 , 37.14
93.15 , 36.86
93.39 , 36.75
93.1 , 36.8
93.42 , 37.04
93.56 , 36.58
93.55 , 36.59
93.33 , 36.76
93.01 , 36.7
93.13 , 36.99
93.24 , 36.73
93.15 , 36.82
94.07 , 36.53
93.1 , 36.98
93.42 , 36.27
93.52 , 36.38
93.7 , 36.6
92.89 , 36.7
93.62 , 36.79
93.39 , 36.97
93.14 , 36.44
93.25 , 36.66
93.55 , 36.57
93.52 , 36.98
93.68 , 36.42
93.52 , 36.08
93.39 , 36.32
93.44 , 36.33
93.13 , 36.37
93.37 , 36.92
93.55 , 36.41
93.33 , 36.09
93.38 , 36.32
93.57 , 36.4
93.21 , 37.02
93.36 , 36.2
93.79 , 36.36
93.09 , 36.57
93.58 , 36.31
93.56 , 36.26
93.59 , 36.98
93.35 , 36.32
93.82 , 35.74
93.37 , 36.76
93.21 , 36.35
93.73 , 36.55
93.29 , 36.49
93.69 , 36.29
92.73 , 36.29
93.64 , 36.44
93.57 , 36.33
93.53 , 36.03
93.66 , 36.7
93.21 , 35.64
92.99 , 36.21
93.5 , 36.2
93.18 , 36.57
93.45 , 36.36
93.53 , 35.86
93.34 , 36.12
93.96 , 36.0
93.65 , 36.44
93.73 , 36.15
93.26 , 36.07
93.17 , 36.41
93.23 , 36.25
93.51 , 35.79
93.54 , 35.74
93.24 , 36.07
93.45 , 35.96
93.25 , 36.43
93.76 , 36.34
93.53 , 35.62
93.61 , 36.07
93.49 , 35.9
93.38 , 36.11
93.33 , 35.91
93.41 , 36.24
93.43 , 35.77
93.05 , 35.91
93.59 , 36.28
93.48 , 35.79
93.12 , 35.96
93.22 , 36.04
93.29 , 36.14
93.21 , 35.42
93.51 , 35.89
93.32 , 35.72
93.46 , 35.67
93.76 , 35.56
93.36 , 36.01
93.22 , 35.73
93.77 , 35.73
93.06 , 35.74
93.11 , 35.99
93.31 , 35.58
93.5 , 35.82
93.5 , 35.71
93.76 , 36.14
93.3 , 36.14
93.77 , 35.26
93.41 , 35.81
93.09 , 35.9
93.21 , 35.35
93.2 , 35.6
93.34 , 35.76
93.03 , 35.73
93.27 , 35.13
93.52 , 35.87
93.7 , 35.02
93.96 , 35.94
93.39 , 35.67
93.28 , 35.66
93.76 , 35.52
93.22 , 35.24
93.39 , 35.32
93.64 , 35.24
93.67 , 36.01
93.69 , 35.23
93.62 , 35.23
93.45 , 35.69
93.81 , 35.85
93.4 , 35.97
93.27 , 35.78
93.74 , 35.36
93.48 , 35.54
93.55 , 35.5
93.0 , 35.62
93.47 , 35.58
93.48 , 35.48
93.4 , 35.38
93.48 , 35.19
93.43 , 35.46
93.48 , 35.51
93.17 , 35.48
93.22 , 35.28
93.63 , 35.57
93.41 , 35.23
93.56 , 35.36
94.01 , 35.35
93.62 , 35.55
93.34 , 34.95
93.54 , 35.22
93.64 , 35.62
93.5 , 35.18
93.16 , 34.92
93.22 , 34.82
93.47 , 35.35
93.46 , 34.93
93.16 , 35.36
93.54 , 34.84
93.79 , 35.1
93.11 , 34.95
93.44 , 35.05
93.18 , 35.26
93.71 , 35.26
93.37 , 35.01
94.08 , 35.16
93.62 , 34.78
93.58 , 35.1
93.26 , 34.91
93.58 , 35.07
93.64 , 34.88
93.93 , 34.75
93.32 , 34.61
93.97 , 34.97
93.6 , 34.56
93.39 , 34.85
93.39 , 35.13
93.45 , 34.97
93.9 , 34.91
93.97 , 34.9
93.31 , 34.47
93.4 , 35.22
93.73 , 35.05
93.9 , 34.38
93.29 , 34.93
93.54 , 35.01
93.6 , 34.89
93.76 , 35.13
93.76 , 34.85
93.36 , 34.62
93.72 , 34.81
93.34 , 34.42
93.72 , 35.0
93.73 , 35.25
93.13 , 34.79
93.56 , 34.76
93.44 , 34.39
93.78 , 34.57
93.23 , 34.87
93.75 , 34.66
93.69 , 34.66
93.45 , 33.79
93.55 , 34.5
93.44 , 35.0
93.47 , 34.86
93.42 , 34.83
93.3 , 34.32
93.94 , 34.66
93.72 , 34.71
93.46 , 34.37
93.39 , 34.8
93.76 , 34.6
93.55 , 34.23
93.96 , 34.6
93.52 , 34.81
93.65 , 34.25
93.97 , 34.4
93.48 , 34.6
93.64 , 33.95
93.59 , 34.18
93.58 , 34.82
93.76 , 34.27
93.45 , 34.5
93.69 , 34.69
93.55 , 34.13
94.01 , 34.26
93.69 , 34.55
93.64 , 34.49
93.42 , 34.22
94.08 , 34.29
93.46 , 34.33
93.73 , 33.92
93.42 , 33.9
93.73 , 34.79
93.82 , 34.34
93.67 , 34.51
93.77 , 34.75
93.55 , 34.43
93.71 , 34.69
94.04 , 34.54
93.92 , 34.34
93.06 , 33.86
93.79 , 34.38
93.9 , 34.22
93.36 , 34.17
93.72 , 34.1
93.37 , 34.47
93.83 , 34.38
93.62 , 34.36
93.45 , 34.27
93.48 , 34.18
93.72 , 34.29
93.76 , 33.78
93.51 , 34.18
93.8 , 33.58
93.87 , 34.17
93.99 , 34.13
93.76 , 34.26
93.52 , 34.16
93.3 , 34.13
93.39 , 34.36
93.37 , 34.02
93.46 , 33.54
93.84 , 33.98
93.56 , 34.19
93.28 , 33.85
93.52 , 34.48
94.08 , 34.41
93.67 , 34.36
93.56 , 33.77
93.9 , 34.06
93.25 , 34.12
94.37 , 34.21
93.98 , 33.78
94.04 , 33.68
93.59 , 33.65
93.93 , 33.86
93.85 , 33.73
93.67 , 34.31
93.71 , 33.47
93.78 , 34.05
93.09 , 33.74
93.51 , 33.75
93.66 , 33.48
93.99 , 33.2
93.24 , 34.12
93.61 , 33.91
94.24 , 34.17
93.63 , 33.02
93.79 , 34.15
94.31 , 33.69
93.29 , 33.85
93.96 , 33.65
93.9 , 33.93
93.73 , 33.31
93.21 , 33.44
93.85 , 33.54
93.45 , 33.64
94.08 , 33.38
93.43 , 33.46
93.69 , 33.83
93.25 , 33.93
93.1 , 33.5
93.37 , 33.55
94.08 , 33.47
93.73 , 33.54
93.97 , 33.55
93.14 , 34.13
93.85 , 33.07
93.25 , 33.82
93.6 , 33.96
93.76 , 33.61
93.96 , 33.78
93.89 , 33.81
93.67 , 33.68
93.79 , 33.81
94.3 , 33.73
94.06 , 33.29
93.55 , 33.93
93.89 , 33.3
93.88 , 33.54
93.53 , 33.47
94.16 , 33.77
93.53 , 33.37
93.76 , 33.58
93.94 , 33.24
93.8 , 33.58
93.67 , 33.41
93.61 , 33.2
93.71 , 33.6
93.59 , 33.42
93.7 , 33.29
93.61 , 33.07
93.97 , 33.2
93.77 , 33.21
94.18 , 33.55
93.73 , 33.14
93.38 , 33.26
93.32 , 33.09
94.18 , 33.49
93.96 , 32.93
94.08 , 33.78
93.6 , 33.15
93.5 , 32.58
93.84 , 32.75
93.81 , 33.5
94.13 , 33.11
94.13 , 33.05
93.21 , 32.76
93.93 , 33.33
93.99 , 33.42
93.41 , 33.44
93.85 , 33.01
93.59 , 32.98
94.13 , 33.03
93.91 , 33.17
94.14 , 33.16
93.73 , 32.6
93.9 , 33.24
93.63 , 32.84
94.28 , 33.08
93.68 , 32.94
94.38 , 32.47
94.18 , 32.78
93.98 , 33.24
94.28 , 33.03
93.66 , 32.57
93.94 , 32.85
94.31 , 32.82
93.97 , 32.62
93.82 , 32.56
94.12 , 32.77
94.15 , 32.67
93.82 , 32.45
94.17 , 32.52
94.26 , 33.06
94.31 , 32.77
93.95 , 32.89
93.66 , 32.84
93.62 , 33.05
94.15 , 32.97
93.51 , 32.52
94.1 , 32.36
94.08 , 32.76
94.48 , 32.25
93.53 , 32.6
93.89 , 33.02
93.85 , 32.88
94.22 , 32.99
93.62 , 32.5
94.09 , 32.71
93.74 , 32.32
93.54 , 33.0
93.78 , 32.87
93.9 , 32.56
94.12 , 32.81
93.84 , 32.59
93.9 , 32.34
93.94 , 32.25
93.74 , 32.78
94.06 , 32.47
94.03 , 32.66
93.8 , 32.84
94.07 , 32.21
94.14 , 32.54
93.64 , 32.69
94.25 , 31.8
93.42 , 32.47
94.38 , 32.6
93.75 , 32.15
93.85 , 32.45
93.81 , 32.7
94.21 , 32.57
93.37 , 32.82
94.09 , 31.93
93.6 , 31.96
93.79 , 32.25
93.91 , 32.42
93.95 , 31.94
93.85 , 32.18
94.13 , 32.26
93.97 , 32.28
93.82 , 31.9
94.39 , 31.91
93.98 , 32.65
94.22 , 32.46
94.03 , 32.42
93.84 , 32.23
94.36 , 32.45
93.94 , 32.22
93.96 , 32.55
93.91 , 31.98
93.7 , 32.32
93.7 , 31.7
93.93 , 31.82
93.59 , 32.04
93.87 , 32.29
94.5 , 31.9
94.16 , 32.26
93.58 , 31.9
94.47 , 32.04
93.76 , 32.14
93.85 , 31.8
94.0 , 32.21
94.45 , 31.69
94.08 , 32.08
94.33 , 31.53
93.73 , 32.17
94.32 , 32.25
93.88 , 32.24
93.85 , 32.2
94.05 , 31.54
93.71 , 32.4
93.51 , 31.73
94.46 , 32.06
94.13 , 32.04
94.03 , 31.38
94.18 , 32.02
93.63 , 32.23
93.95 , 31.79
94.09 , 31.75
93.78 , 31.68
93.85 , 31.89
93.67 , 31.72
93.95 , 31.89
94.4 , 31.87
93.93 , 31.59
94.37 , 31.72
94.11 , 31.95
94.07 , 31.65
94.03 , 31.73
93.9 , 31.65
94.08 , 31.96
94.27 , 31.44
93.76 , 31.44
93.75 , 31.61
94.32 , 31.92
94.3 , 31.92
93.66 , 31.69
94.12 , 31.69
94.03 , 31.81
93.71 , 32.06
93.78 , 31.47
94.04 , 31.72
93.73 , 31.35
93.95 , 31.84
93.69 , 31.65
94.02 , 31.52
94.06 , 31.78
93.72 , 31.57
94.1 , 31.3
93.97 , 31.45
93.69 , 31.43
93.77 , 31.92
94.41 , 31.77
94.31 , 31.1
94.3 , 31.29
94.27 , 31.06
94.28 , 31.37
94.43 , 31.13
94.23 , 31.22
94.64 , 31.41
94.06 , 31.3
94.12 , 31.44
94.12 , 31.15
94.12 , 31.41
94.06 , 31.24
93.97 , 31.15
94.59 , 31.87
93.97 , 30.8
94.14 , 31.46
94.09 , 30.96
94.49 , 31.22
93.92 , 31.36
93.84 , 30.99
94.15 , 31.61
94.96 , 30.97
94.29 , 31.33
94.37 , 31.03
93.75 , 31.28
94.26 , 31.34
94.77 , 31.18
94.38 , 30.75
94.37 , 31.04
94.17 , 31.16
94.07 , 30.79
93.89 , 30.82
93.88 , 31.58
93.94 , 31.16
94.28 , 31.01
94.07 , 31.18
94.36 , 31.27
94.09 , 30.88
94.13 , 30.96
94.18 , 30.99
94.36 , 30.89
94.15 , 30.98
94.44 , 30.75
94.41 , 31.05
94.19 , 31.52
93.74 , 30.7
94.02 , 31.09
94.21 , 31.0
94.14 , 31.21
94.37 , 30.93
94.32 , 30.79
94.34 , 30.81
94.33 , 31.07
94.13 , 30.96
93.75 , 30.93
94.45 , 30.69
94.13 , 30.66
94.25 , 31.24
94.27 , 31.2
94.2 , 30.57
93.97 , 30.97
93.9 , 30.64
94.41 , 31.06
94.39 , 30.79
94.06 , 30.65
94.33 , 30.52
94.25 , 30.67
94.3 , 30.42
94.09 , 30.04
94.06 , 30.94
94.11 , 30.23
94.0 , 30.36
93.77 , 30.24
93.91 , 30.48
94.08 , 30.62
94.11 , 30.61
94.31 , 30.17
94.28 , 30.76
94.6 , 31.08
93.91 , 30.64
93.83 , 30.29
94.55 , 31.13
94.23 , 30.94
94.48 , 30.71
94.07 , 30.41
94.43 , 30.08
94.24 , 30.57
94.58 , 30.42
94.43 , 30.9
94.12 , 30.19
94.03 , 30.52
94.0 , 30.71
94.36 , 30.51
94.19 , 30.59
94.49 , 30.42
94.03 , 30.82
94.33 , 30.31
94.33 , 30.51
94.06 , 30.53
94.17 , 30.38
94.16 , 30.3
94.0 , 30.44
94.16 , 30.17
93.94 , 30.51
94.08 , 30.32
94.11 , 30.22
94.66 , 30.54
93.93 , 30.49
93.96 , 30.01
94.08 , 29.96
93.98 , 30.27
94.36 , 29.99
93.83 , 30.22
93.86 , 30.31
94.53 , 30.27
94.55 , 30.14
94.41 , 30.15
94.41 , 30.1
94.27 , 30.31
94.42 , 30.21
94.08 , 29.92
94.03 , 30.54
94.29 , 30.32
94.23 , 30.32
94.26 , 30.03
94.27 , 30.12
93.81 , 29.85
94.4 , 29.99
93.65 , 29.84
94.46 , 29.84
94.39 , 29.88
94.2 , 29.87
94.59 , 29.29
94.12 , 30.03
94.37 , 30.03
94.5 , 29.84
93.81 , 29.74
94.27 , 29.89
94.38 , 29.88
94.25 , 29.8
94.52 , 29.76
94.39 , 30.26
94.34 , 30.03
94.63 , 30.0
94.32 , 30.29
94.53 , 30.13
94.41 , 29.76
94.41 , 29.81
94.51 , 30.5
94.32 , 29.73
94.34 , 29.99
94.1 , 29.53
94.56 , 30.21
94.6 , 29.72
94.16 , 29.99
94.11 , 30.0
94.13 , 29.93
94.05 , 29.51
94.42 , 29.21
94.34 , 29.82
94.35 , 29.48
94.21 , 29.83
94.19 , 29.88
94.37 , 29.66
94.35 , 29.53
94.57 , 29.45
94.24 , 29.51
94.14 , 29.36
94.54 , 29.22
94.26 , 29.14
94.54 , 29.1
94.73 , 28.8
94.5 , 29.36
94.44 , 29.82
93.94 , 29.22
94.6 , 29.45
94.47 , 29.62
94.54 , 29.15
94.28 , 29.56
94.5 , 29.6
94.53 , 29.58
94.21 , 29.34
94.52 , 29.41
95.0 , 29.34
94.57 , 29.64
94.24 , 29.61
94.34 , 29.16
94.58 , 29.62
94.4 , 29.41
94.34 , 29.23
93.81 , 29.5
94.5 , 29.33
94.49 , 29.2
94.31 , 29.03
94.36 , 28.93
94.04 , 29.12
94.58 , 28.97
94.28 , 29.16
93.87 , 29.17
94.01 , 29.53
94.25 , 29.38
94.5 , 28.75
94.49 , 29.28
94.83 , 29.16
93.97 , 29.38
94.76 , 29.2
94.37 , 28.92
94.36 , 29.2
93.93 , 28.89
94.34 , 28.97
94.09 , 29.49
94.35 , 28.91
94.2 , 29.52
94.54 , 29.16
94.2 , 28.92
94.48 , 28.98
94.45 , 29.06
94.18 , 28.82
94.44 , 29.22
94.57 , 29.05
94.15 , 28.75
94.65 , 28.71
94.34 , 29.02
93.94 , 28.63
94.48 , 28.98
94.43 , 28.55
94.38 , 28.59
94.48 , 28.64
94.67 , 29.14
94.47 , 29.02
94.44 , 28.52
94.47 , 29.43
94.34 , 29.01
94.32 , 28.94
94.79 , 29.21
94.53 , 29.15
94.78 , 28.48
94.24 , 28.76
94.84 , 28.56
94.16 , 29.02
94.99 , 28.85
94.89 , 28.97
94.23 , 29.3
94.29 , 28.9
94.63 , 28.45
94.09 , 28.7
94.72 , 28.71
94.17 , 28.62
94.65 , 28.92
94.82 , 28.39
94.17 , 28.32
94.39 , 28.74
94.77 , 28.87
94.38 , 28.58
94.31 , 28.97
94.96 , 28.42
94.11 , 28.31
94.4 , 28.42
94.12 , 28.83
94.63 , 28.1
94.22 , 28.8
94.64 , 28.6
94.38 , 28.33
94.29 , 28.79
94.37 , 28.21
94.53 , 28.56
94.53 , 28.41
94.71 , 28.62
94.51 , 28.57
94.61 , 28.61
94.07 , 28.6
94.37 , 28.33
95.0 , 28.83
94.45 , 28.17
94.24 , 28.68
94.4 , 28.03
94.42 , 28.58
94.76 , 28.22
94.42 , 28.92
95.07 , 28.18
94.34 , 27.95
93.96 , 28.21
94.46 , 28.37
94.52 , 28.27
94.37 , 28.15
94.24 , 28.41
94.33 , 28.35
94.25 , 28.65
93.87 , 28.08
94.34 , 28.03
94.85 , 28.29
94.62 , 28.31
94.33 , 27.82
94.59 , 28.31
94.76 , 28.25
94.61 , 28.28
94.49 , 28.28
94.48 , 27.9
94.58 , 28.21
94.56 , 28.09
94.27 , 28.13
94.67 , 28.18
94.6 , 28.09
93.81 , 27.81
94.37 , 28.13
94.22 , 28.11
94.94 , 28.1
94.23 , 28.0
94.96 , 27.96
94.94 , 28.1
94.61 , 28.04
94.76 , 27.72
94.52 , 27.96
94.53 , 28.16
94.41 , 27.56
94.34 , 28.15
94.26 , 27.66
94.32 , 27.65
94.4 , 27.74
94.36 , 27.83
94.5 , 28.19
94.1 , 28.08
94.62 , 27.96
94.83 , 27.74
94.87 , 27.7
94.77 , 27.95
94.61 , 27.64
94.92 , 27.79
94.99 , 27.7
94.93 , 27.9
94.77 , 27.83
94.49 , 28.06
94.31 , 27.57
94.31 , 27.89
94.64 , 27.96
94.81 , 27.28
94.46 , 27.64
94.36 , 27.82
94.34 , 27.69
95.13 , 28.06
94.78 , 27.37
94.44 , 27.82
94.46 , 28.13
94.54 , 27.35
95.28 , 28.2
94.35 , 27.87
94.19 , 27.98
94.62 , 27.28
94.58 , 28.02
94.22 , 27.69
94.24 , 27.0
94.88 , 27.45
94.7 , 27.3
94.77 , 27.53
94.51 , 27.24
94.81 , 27.34
94.51 , 27.21
94.96 , 27.16
94.42 , 27.38
94.72 , 27.64
94.49 , 27.54
94.66 , 27.75
94.38 , 27.19
94.67 , 27.34
94.43 , 27.66
94.74 , 27.74
94.59 , 27.49
94.56 , 27.2
94.7 , 27.43
95.05 , 27.0
94.95 , 27.41
94.51 , 27.2
94.52 , 27.61
95.05 , 27.52
94.73 , 27.25
94.49 , 27.17
94.75 , 27.33
94.72 , 27.08
94.63 , 27.1
94.37 , 27.16
94.72 , 27.31
94.91 , 27.51
94.59 , 27.22
94.49 , 27.0
94.78 , 27.19
94.6 , 27.13
94.85 , 27.27
94.97 , 27.6
94.68 , 27.22
95.03 , 27.19
95.04 , 27.23
94.71 , 26.69
94.88 , 27.41
94.66 , 27.51
94.39 , 27.72
94.54 , 27.31
94.38 , 27.14
94.65 , 27.24
95.25 , 27.33
94.67 , 26.94
94.77 , 27.04
94.34 , 26.8
95.35 , 27.03
94.5 , 26.72
94.66 , 26.61
94.47 , 26.56
94.96 , 27.15
94.94 , 27.13
94.43 , 26.89
94.84 , 26.93
94.92 , 26.65
94.52 , 26.91
94.76 , 26.53
94.84 , 27.47
94.97 , 26.99
95.14 , 26.37
94.54 , 26.86
94.76 , 26.62
95.19 , 26.89
94.66 , 27.05
94.87 , 27.25
95.2 , 26.62
94.61 , 27.06
94.6 , 26.97
94.48 , 26.36
94.44 , 26.78
94.49 , 26.68
94.55 , 26.24
94.94 , 26.51
95.25 , 26.53
94.78 , 26.65
94.91 , 26.45
94.96 , 26.24
94.82 , 26.79
95.02 , 26.62
94.88 , 26.81
95.17 , 26.74
94.89 , 26.29
94.42 , 26.58
94.52 , 26.52
95.07 , 26.53
94.58 , 26.66
94.27 , 26.41
95.12 , 26.66
94.81 , 26.54
94.47 , 26.68
94.45 , 27.04
94.4 , 26.25
94.78 , 26.66
95.31 , 26.63
94.31 , 26.07
94.64 , 26.38
94.52 , 26.33
95.1 , 26.04
95.19 , 26.49
94.66 , 26.51
94.34 , 25.96
95.18 , 26.5
95.23 , 26.24
95.0 , 26.69
95.2 , 26.12
94.37 , 26.44
94.67 , 26.65
94.7 , 25.83
94.87 , 26.06
94.59 , 26.67
94.58 , 26.1
94.69 , 26.25
94.57 , 26.39
94.92 , 26.43
95.16 , 26.36
94.69 , 26.26
95.04 , 26.12
94.51 , 26.23
95.2 , 26.14
94.67 , 26.25
94.75 , 26.31
94.96 , 25.92
94.7 , 25.91
95.01 , 25.89
95.15 , 25.83
94.74 , 25.77
95.0 , 26.26
94.59 , 26.12
94.66 , 26.06
95.28 , 25.98
94.69 , 26.16
95.32 , 25.99
94.78 , 26.35
95.03 , 25.99
94.61 , 26.24
94.95 , 26.01
94.76 , 25.63
94.77 , 26.16
95.09 , 25.99
95.06 , 25.96
95.12 , 26.12
95.17 , 25.72
94.99 , 26.11
94.69 , 25.96
94.92 , 26.21
95.25 , 26.01
94.99 , 25.78
94.71 , 25.91
95.19 , 25.79
95.02 , 25.86
94.64 , 26.2
95.1 , 25.51
95.21 , 25.71
95.24 , 26.5
94.63 , 26.12
95.35 , 25.55
94.34 , 25.87
94.78 , 25.41
94.92 , 25.85
94.83 , 26.09
94.94 , 25.91
94.97 , 25.47
94.75 , 25.62
94.72 , 25.88
94.67 , 25.6
94.77 , 25.42
94.58 , 25.79
94.96 , 25.79
94.65 , 25.87
94.58 , 25.08
94.86 , 25.74
94.97 , 25.81
94.95 , 25.63
94.31 , 25.33
95.25 , 25.26
95.01 , 25.48
95.78 , 25.66
94.95 , 25.65
94.47 , 25.71
94.97 , 25.54
95.05 , 25.0
94.98 , 25.76
94.53 , 25.33
94.71 , 26.25
94.66 , 25.23
95.1 , 25.46
94.81 , 25.38
94.99 , 25.66
94.92 , 25.61
94.7 , 25.31
94.93 , 25.24
94.7 , 25.62
94.92 , 25.28
95.52 , 25.56
94.83 , 25.4
94.83 , 25.11
94.7 , 25.69
94.88 , 25.41
95.24 , 25.15
94.37 , 25.22
95.12 , 25.58
95.31 , 24.69
94.95 , 24.8
94.71 , 24.97
94.97 , 24.84
95.04 , 25.51
95.19 , 25.05
94.97 , 25.05
95.17 , 25.01
95.01 , 25.01
94.94 , 25.23
95.22 , 25.74
94.78 , 25.2
95.21 , 25.81
94.8 , 24.99
94.8 , 25.22
95.06 , 24.91
94.89 , 25.23
95.32 , 25.13
94.95 , 25.4
95.32 , 25.15
95.3 , 24.95
94.72 , 24.88
95.06 , 24.67
94.92 , 25.0
94.93 , 25.01
94.59 , 25.15
94.9 , 24.85
94.98 , 25.22