4.69 , 10.09
5.26 , 9.87
4.68 , 9.98
5.14 , 10.28
4.73 , 9.68
5.21 , 10.12
5.43 , 10.25
5.03 , 9.94
5.7 , 9.93
4.87 , 9.72
5.1 , 10.04
5.0 , 9.99
5.16 , 10.18
5.37 , 10.06
4.66 , 10.18
4.76 , 9.97
4.75 , 10.01
4.93 , 10.06
5.96 , 10.0
5.35 , 9.68
5.08 , 10.18
5.13 , 10.1
5.19 , 9.76
5.31 , 9.81
5.65 , 9.89
5.36 , 10.02
5.43 , 9.86
5.45 , 9.99
5.52 , 10.17
5.25 , 9.82
5.41 , 10.13
5.64 , 9.92
5.38 , 10.15
5.32 , 10.07
5.3 , 9.87
5.01 , 9.92
5.41 , 10.4
5.52 , 10.29
5.48 , 10.2
5.33 , 10.22
5.74 , 9.94
5.13 , 10.51
5.37 , 10.27
5.54 , 9.74
5.93 , 10.47
5.38 , 10.21
5.37 , 9.81
5.32 , 10.12
5.63 , 10.21
5.38 , 10.37
5.18 , 10.23
5.66 , 9.96
4.94 , 9.8
5.45 , 10.16
5.79 , 9.78
5.41 , 10.19
5.38 , 9.44
5.62 , 10.61
5.68 , 9.81
5.33 , 10.09
6.07 , 10.19
5.48 , 10.43
5.44 , 10.5
5.3 , 9.92
5.65 , 10.39
5.64 , 10.11
5.03 , 9.86
5.34 , 9.91
5.65 , 9.96
5.71 , 10.06
5.44 , 10.07
5.63 , 10.26
5.41 , 9.98
5.2 , 10.44
5.91 , 10.0
5.44 , 9.74
5.61 , 10.1
6.12 , 10.11
5.38 , 9.44
5.94 , 10.09
5.19 , 10.09
5.2 , 10.92
5.89 , 10.19
5.57 , 9.51
5.59 , 9.66
5.78 , 9.52
5.41 , 10.36
6.06 , 9.76
5.27 , 10.27
5.87 , 9.81
5.49 , 9.88
5.38 , 9.88
5.99 , 10.23
6.2 , 10.03
5.66 , 9.81
5.67 , 9.73
5.27 , 10.23
6.08 , 10.27
6.06 , 10.12
5.55 , 10.08
5.65 , 9.78
5.33 , 9.69
5.75 , 10.1
5.64 , 10.42
5.82 , 10.21
6.08 , 9.86
5.29 , 10.25
5.62 , 10.39
5.88 , 10.32
6.0 , 9.54
5.99 , 9.9
5.63 , 9.96
6.02 , 10.29
6.09 , 9.65
5.7 , 9.47
5.83 , 10.22
5.67 , 10.13
5.92 , 10.32
5.67 , 9.86
5.69 , 10.51
6.16 , 10.04
5.95 , 10.1
5.95 , 10.02
5.83 , 9.76
5.76 , 10.49
6.06 , 10.09
5.88 , 10.09
6.03 , 9.91
6.0 , 10.14
5.77 , 9.88
5.71 , 9.81
6.19 , 9.49
5.91 , 9.93
5.83 , 10.1
6.27 , 10.1
5.96 , 9.93
5.98 , 10.31
5.92 , 9.79
5.71 , 9.81
5.68 , 10.36
6.13 , 10.02
6.41 , 9.92
6.24 , 10.28
5.67 , 9.7
5.83 , 10.31
6.4 , 9.78
6.34 , 9.99
5.99 , 9.95
6.02 , 9.63
5.85 , 9.78
6.23 , 10.61
6.8 , 10.01
5.7 , 9.99
5.9 , 10.59
6.28 , 9.91
6.38 , 10.23
5.75 , 9.96
6.1 , 10.1
6.2 , 10.01
6.23 , 9.95
5.96 , 10.47
6.28 , 10.2
5.8 , 10.05
6.41 , 9.77
6.49 , 10.0
6.32 , 10.06
6.28 , 10.4
6.14 , 10.49
6.05 , 9.87
6.43 , 9.83
6.17 , 10.33
6.57 , 9.66
6.4 , 10.57
6.58 , 10.04
6.14 , 10.03
6.01 , 10.04
6.26 , 10.07
6.61 , 10.05
5.95 , 10.37
6.06 , 9.99
6.3 , 10.02
6.09 , 10.05
6.89 , 9.96
6.32 , 10.39
6.55 , 10.3
6.59 , 9.62
6.16 , 10.14
6.51 , 10.43
6.51 , 10.05
6.41 , 10.06
6.47 , 10.28
6.33 , 9.91
6.21 , 10.39
6.75 , 10.36
6.65 , 10.32
6.44 , 10.28
6.19 , 10.07
6.28 , 10.3
6.32 , 10.09
6.57 , 10.46
6.28 , 9.88
6.69 , 9.84
6.61 , 9.98
6.48 , 9.67
6.69 , 10.0
6.29 , 10.64
6.7 , 11.0
6.64 , 10.04
6.57 , 10.52
6.54 , 10.24
6.68 , 9.9
6.6 , 10.0
6.26 , 10.34
6.74 , 10.14
6.36 , 9.63
6.71 , 10.1
6.18 , 10.11
6.23 , 10.12
6.65 , 10.22
6.68 , 10.17
6.34 , 10.03
6.51 , 10.07
6.71 , 10.29
7.06 , 9.49
6.76 , 10.08
7.24 , 10.37
6.26 , 10.23
6.55 , 10.38
6.43 , 10.11
6.66 , 10.11
6.56 , 9.68
6.83 , 10.39
6.7 , 9.88
6.78 , 10.28
6.69 , 10.14
7.09 , 9.86
6.61 , 9.66
6.58 , 9.96
6.52 , 9.97
7.22 , 10.09
6.75 , 10.69
6.77 , 9.71
6.89 , 9.91
7.21 , 9.83
6.66 , 9.74
6.84 , 9.89
6.81 , 10.05
6.68 , 10.38
7.07 , 10.16
6.62 , 9.88
6.92 , 10.75
6.75 , 9.95
6.69 , 9.88
6.63 , 10.1
7.24 , 10.15
6.76 , 9.75
6.95 , 10.15
6.6 , 9.88
6.9 , 10.41
7.08 , 10.2
6.85 , 10.23
6.93 , 10.7
6.66 , 10.06
7.27 , 10.09
7.31 , 10.15
7.0 , 10.06
6.63 , 9.91
7.53 , 10.32
7.14 , 10.4
7.14 , 10.41
6.93 , 10.1
7.25 , 10.07
6.68 , 10.1
6.89 , 10.32
6.85 , 9.9
6.95 , 10.55
7.03 , 10.2
7.05 , 10.24
7.29 , 10.51
6.66 , 10.51
7.07 , 10.09
7.68 , 10.12
7.58 , 10.41
6.84 , 10.29
7.29 , 10.14
6.53 , 10.08
7.07 , 9.89
7.58 , 10.11
7.04 , 10.1
6.94 , 9.98
7.17 , 10.25
7.03 , 10.15
6.82 , 10.3
6.98 , 10.23
6.95 , 10.05
7.24 , 9.87
7.81 , 10.17
7.18 , 9.99
7.61 , 10.52
7.29 , 9.84
7.1 , 10.33
7.1 , 9.88
6.94 , 9.99
7.25 , 10.02
7.26 , 10.88
7.7 , 9.92
7.35 , 10.2
7.24 , 10.44
7.2 , 10.1
7.2 , 10.16
7.62 , 10.38
6.97 , 10.07
7.11 , 10.39
7.37 , 10.41
7.31 , 9.71
7.45 , 10.24
7.47 , 9.86
7.37 , 10.02
7.18 , 10.28
7.45 , 9.97
6.94 , 9.57
7.23 , 10.47
7.37 , 9.63
7.18 , 10.3
7.82 , 10.48
7.5 , 10.24
7.15 , 10.08
7.34 , 10.0
7.45 , 10.1
7.52 , 10.55
7.63 , 10.3
7.39 , 9.82
7.43 , 10.33
7.21 , 10.51
7.39 , 10.29
7.4 , 9.88
8.01 , 9.91
7.73 , 10.06
7.57 , 10.0
7.41 , 10.43
8.01 , 9.99
7.53 , 10.44
7.38 , 10.38
7.34 , 10.35
7.66 , 10.51
7.65 , 9.91
7.73 , 9.93
7.76 , 10.58
7.73 , 10.07
7.88 , 10.25
7.28 , 10.12
7.95 , 10.13
7.64 , 10.12
7.19 , 10.08
7.71 , 10.26
7.59 , 9.68
7.94 , 10.39
7.9 , 10.54
7.54 , 10.06
7.74 , 10.63
7.25 , 10.16
7.5 , 10.35
8.05 , 10.14
7.38 , 10.23
7.63 , 9.83
7.93 , 10.09
7.88 , 9.89
7.99 , 9.86
7.99 , 9.77
8.08 , 10.12
7.35 , 10.16
7.83 , 9.97
7.63 , 10.29
7.72 , 9.45
7.66 , 10.33
7.85 , 10.47
7.61 , 10.86
7.99 , 10.3
8.07 , 10.46
7.83 , 10.07
8.07 , 10.33
7.35 , 9.95
7.95 , 10.25
7.91 , 10.39
7.88 , 10.62
7.7 , 10.13
7.94 , 10.42
8.06 , 10.6
7.76 , 10.52
8.0 , 9.97
7.85 , 10.75
8.09 , 10.11
7.3 , 10.05
7.74 , 10.25
8.5 , 10.42
8.0 , 10.0
7.64 , 10.18
7.82 , 10.99
7.85 , 10.08
8.24 , 10.26
7.65 , 10.56
7.89 , 9.91
8.06 , 10.36
7.9 , 10.41
8.2 , 10.02
7.49 , 9.64
7.98 , 10.55
8.27 , 10.59
8.49 , 10.25
8.29 , 9.86
8.21 , 10.34
8.02 , 10.13
7.77 , 10.28
8.38 , 10.15
8.2 , 10.08
8.14 , 9.99
8.18 , 10.19
8.17 , 10.1
7.8 , 10.17
8.36 , 10.64
8.03 , 10.45
8.31 , 10.35
7.74 , 10.33
7.89 , 10.54
8.34 , 10.41
7.51 , 10.41
8.33 , 9.93
8.41 , 10.27
8.12 , 10.08
7.92 , 10.15
8.96 , 10.31
8.24 , 10.09
8.05 , 10.12
7.99 , 10.48
8.15 , 10.47
7.93 , 10.49
8.22 , 10.43
8.21 , 10.04
8.55 , 10.15
8.22 , 10.04
8.31 , 10.16
8.34 , 10.35
8.1 , 9.91
8.39 , 10.49
8.46 , 9.98
8.45 , 10.36
8.37 , 10.37
8.23 , 10.32
8.55 , 10.14
7.97 , 10.24
8.38 , 9.81
8.17 , 10.41
8.31 , 10.29
8.04 , 10.5
8.8 , 10.22
8.19 , 9.98
8.6 , 10.3
8.19 , 10.57
8.58 , 10.42
7.96 , 10.25
8.56 , 9.97
8.65 , 10.63
8.68 , 10.09
8.25 , 10.51
8.69 , 10.58
8.74 , 10.25
8.35 , 9.81
8.66 , 10.85
8.35 , 10.16
8.64 , 10.37
8.14 , 10.1
8.21 , 10.78
8.32 , 10.49
8.98 , 10.75
8.87 , 10.69
8.21 , 10.2
8.34 , 10.21
9.19 , 9.86
8.68 , 9.97
8.88 , 10.61
8.43 , 10.8
8.58 , 10.61
8.65 , 10.15
8.48 , 10.26
8.74 , 10.32
9.18 , 10.24
8.48 , 10.11
8.41 , 9.93
8.37 , 10.52
8.64 , 10.25
8.72 , 10.56
8.79 , 10.48
8.5 , 10.23
8.46 , 10.27
8.46 , 10.2
8.62 , 10.24
8.61 , 10.17
9.01 , 10.21
8.44 , 10.34
8.42 , 10.03
8.72 , 9.88
7.91 , 10.37
8.98 , 9.88
8.5 , 10.44
8.24 , 10.08
8.44 , 10.25
8.26 , 10.52
8.72 , 10.38
8.68 , 9.77
8.73 , 9.97
8.78 , 10.09
8.71 , 10.25
8.99 , 10.5
8.55 , 10.3
9.17 , 10.43
8.63 , 10.27
8.74 , 10.54
8.84 , 10.4
9.39 , 9.96
8.59 , 9.87
8.45 , 10.52
8.93 , 10.72
8.37 , 10.09
9.24 , 10.57
9.1 , 10.53
8.9 , 10.31
8.9 , 10.52
8.86 , 10.39
9.27 , 10.03
8.73 , 10.45
8.86 , 10.27
9.46 , 10.42
8.84 , 10.59
9.58 , 10.04
8.79 , 10.35
8.8 , 10.86
9.1 , 10.22
9.1 , 10.12
8.83 , 10.35
9.59 , 9.76
9.11 , 10.66
9.19 , 10.8
9.13 , 10.36
8.99 , 10.11
9.44 , 10.03
9.01 , 10.19
8.85 , 9.77
8.96 , 10.36
9.1 , 10.54
9.03 , 10.17
9.15 , 10.49
8.86 , 9.95
8.83 , 10.59
9.35 , 10.11
9.13 , 10.54
9.44 , 10.16
9.06 , 10.68
9.73 , 10.71
8.85 , 10.44
9.07 , 10.32
8.98 , 10.21
9.15 , 10.78
9.34 , 10.44
9.18 , 10.15
9.12 , 10.64
9.39 , 10.83
9.26 , 10.33
8.8 , 10.44
8.78 , 10.72
9.06 , 10.34
8.88 , 10.21
9.0 , 10.62
9.3 , 10.04
8.76 , 10.32
9.13 , 10.06
9.41 , 10.29
9.29 , 10.19
9.13 , 10.23
8.88 , 10.5
9.39 , 9.91
9.32 , 10.63
9.36 , 10.67
9.24 , 10.35
8.99 , 10.12
8.87 , 10.12
9.39 , 10.48
9.63 , 10.38
9.1 , 10.46
9.32 , 10.79
9.85 , 10.59
9.09 , 10.22
9.43 , 10.17
9.52 , 10.52
9.6 , 10.41
9.18 , 10.14
9.38 , 10.68
9.81 , 10.6
9.51 , 10.52
9.64 , 10.68
9.65 , 9.97
9.68 , 10.45
9.34 , 10.49
9.53 , 10.34
9.04 , 10.39
9.61 , 10.35
9.08 , 10.47
9.67 , 10.4
9.6 , 10.27
9.34 , 10.49
9.42 , 10.41
10.33 , 10.54
9.56 , 9.96
9.56 , 10.55
9.36 , 10.3
8.98 , 10.5
9.41 , 10.54
9.9 , 10.32
9.82 , 10.43
9.53 , 10.3
9.37 , 10.69
9.81 , 10.12
9.81 , 10.19
9.23 , 10.67
9.3 , 10.67
9.67 , 10.6
9.76 , 10.66
9.72 , 10.52
9.71 , 10.65
9.55 , 10.63
10.04 , 10.36
9.78 , 10.24
9.6 , 10.44
9.6 , 10.15
9.68 , 10.42
9.78 , 10.55
9.26 , 10.73
9.67 , 10.18
9.63 , 10.49
9.94 , 10.29
9.77 , 9.98
9.78 , 10.35
9.64 , 10.6
10.2 , 10.64
9.57 , 10.76
9.69 , 10.37
9.63 , 10.5
9.92 , 10.42
9.74 , 10.35
9.7 , 10.63
9.68 , 10.35
9.76 , 10.2
9.77 , 10.02
9.93 , 10.52
9.76 , 10.77
9.64 , 10.53
9.97 , 10.25
9.8 , 10.61
9.88 , 10.46
10.22 , 10.44
9.47 , 10.21
10.1 , 10.36
9.63 , 9.9
9.98 , 10.77
9.6 , 9.85
10.04 , 10.26
9.85 , 10.31
9.71 , 10.5
10.17 , 10.49
9.81 , 10.65
9.93 , 10.54
9.73 , 10.56
10.16 , 10.72
9.99 , 10.51
9.84 , 10.62
10.19 , 10.67
9.9 , 10.1
9.99 , 10.35
9.83 , 10.55
10.26 , 10.5
10.31 , 10.5
9.8 , 10.26
9.96 , 10.57
10.28 , 10.44
10.31 , 10.2
10.04 , 10.78
10.18 , 10.66
9.62 , 9.99
9.88 , 10.66
10.5 , 10.26
9.86 , 10.16
9.89 , 10.55
10.04 , 10.87
10.3 , 10.24
10.19 , 10.37
10.34 , 10.64
10.06 , 10.63
10.3 , 10.39
10.23 , 10.58
10.09 , 10.25
10.49 , 10.42
10.04 , 10.53
9.83 , 10.43
9.87 , 10.31
9.77 , 10.24
10.44 , 10.37
9.92 , 10.85
10.08 , 10.78
10.11 , 10.06
10.7 , 10.31
10.44 , 10.71
9.94 , 10.44
10.13 , 10.57
10.27 , 10.11
10.3 , 10.61
10.22 , 10.56
10.17 , 10.41
10.39 , 10.46
10.62 , 10.66
10.53 , 10.6
10.37 , 10.14
10.6 , 10.85
10.4 , 10.37
10.34 , 10.73
10.43 , 10.19
10.32 , 10.24
10.32 , 10.21
10.17 , 10.79
10.64 , 10.04
10.15 , 10.32
10.31 , 10.1
10.63 , 10.04
10.59 , 10.61
10.33 , 10.28
10.45 , 10.47
9.93 , 10.13
10.58 , 10.41
10.35 , 10.2
10.29 , 10.25
11.15 , 10.13
10.85 , 10.56
10.54 , 10.49
10.4 , 10.83
10.62 , 10.43
10.48 , 10.49
10.23 , 10.37
10.37 , 10.6
10.68 , 9.99
10.48 , 10.69
10.23 , 10.16
10.79 , 10.41
10.45 , 10.15
10.61 , 10.31
10.62 , 10.55
10.75 , 10.37
10.46 , 10.46
10.57 , 10.49
10.47 , 10.39
10.47 , 10.31
10.66 , 10.73
10.49 , 10.59
10.72 , 10.48
10.81 , 10.32
10.78 , 10.53
9.8 , 10.54
10.81 , 10.93
10.41 , 10.48
10.76 , 10.22
10.98 , 10.57
10.5 , 10.16
10.6 , 11.04
11.23 , 9.85
10.27 , 10.62
10.69 , 10.3
10.88 , 10.48
10.81 , 10.53
10.48 , 10.78
10.64 , 10.74
10.93 , 10.47
10.8 , 10.45
10.32 , 10.38
10.89 , 10.07
10.42 , 10.73
10.99 , 10.09
10.92 , 10.45
11.05 , 10.39
10.76 , 10.28
10.87 , 10.44
10.67 , 10.38
10.65 , 10.62
10.59 , 10.09
10.62 , 10.74
10.74 , 10.63
11.05 , 10.35
11.06 , 10.6
10.87 , 10.3
10.88 , 10.16
10.83 , 10.33
11.01 , 10.56
10.76 , 10.69
11.21 , 10.49
10.75 , 10.6
10.33 , 10.33
11.09 , 10.97
10.77 , 10.85
11.53 , 10.94
10.38 , 10.75
11.02 , 10.73
10.94 , 10.33
10.93 , 10.85
11.2 , 10.41
11.1 , 10.69
11.15 , 10.47
10.85 , 10.3
10.92 , 10.35
10.64 , 10.13
11.26 , 10.21
10.72 , 10.47
11.41 , 10.8
10.96 , 10.23
10.93 , 10.26
10.94 , 10.61
10.82 , 10.29
11.03 , 10.48
10.91 , 10.29
10.82 , 10.3
11.24 , 10.43
10.35 , 10.64
11.11 , 10.27
11.07 , 9.74
10.73 , 10.78
11.68 , 11.03
10.97 , 10.5
11.36 , 10.19
11.61 , 10.31
11.27 , 10.21
11.28 , 10.49
11.46 , 10.21
11.2 , 10.95
10.91 , 10.58
11.32 , 10.37
11.16 , 10.85
11.51 , 10.64
11.3 , 10.22
11.27 , 10.95
11.52 , 10.16
10.74 , 10.34
11.31 , 10.36
11.2 , 10.59
11.51 , 10.56
11.6 , 10.15
11.41 , 10.61
10.93 , 10.82
10.91 , 10.14
11.99 , 10.83
11.42 , 10.85
11.62 , 10.22
11.46 , 10.86
11.31 , 10.53
11.24 , 10.69
11.22 , 10.36
11.06 , 10.28
11.43 , 10.63
11.29 , 10.25
11.48 , 10.6
11.72 , 10.39
11.3 , 10.64
11.8 , 10.5
11.4 , 10.28
11.34 , 10.75
11.65 , 10.8
11.03 , 10.73
11.22 , 10.67
10.86 , 10.49
11.25 , 10.84
11.51 , 10.85
11.37 , 11.01
11.38 , 11.0
11.37 , 10.27
11.73 , 10.42
11.5 , 10.18
11.43 , 10.55
11.35 , 10.62
10.95 , 10.75
11.44 , 10.89
11.46 , 10.36
11.44 , 10.59
11.71 , 10.41
11.37 , 10.63
11.79 , 10.09
11.32 , 10.36
12.02 , 10.84
11.8 , 10.65
11.33 , 10.81
11.5 , 10.33
12.11 , 10.16
11.98 , 10.58
11.4 , 10.58
11.43 , 10.58
11.49 , 10.23
12.33 , 10.41
11.92 , 10.52
11.85 , 10.22
11.42 , 9.71
11.94 , 10.65
11.4 , 10.75
11.85 , 11.28
11.77 , 10.77
11.87 , 10.73
11.72 , 10.43
11.91 , 10.85
11.45 , 10.25
11.74 , 11.0
11.7 , 10.11
11.97 , 10.73
12.26 , 10.59
12.28 , 10.36
12.02 , 10.58
11.49 , 10.47
12.14 , 10.83
11.71 , 10.83
12.04 , 10.77
11.9 , 10.62
11.62 , 10.53
11.87 , 10.36
11.77 , 10.59
11.91 , 10.82
11.6 , 10.45
11.94 , 10.45
11.96 , 10.43
12.18 , 10.49
11.6 , 10.74
12.32 , 10.07
11.87 , 10.57
12.17 , 10.93
11.88 , 10.16
12.1 , 10.81
12.05 , 10.58
11.74 , 11.17
11.65 , 10.18
12.2 , 10.63
12.13 , 10.65
12.4 , 10.92
11.84 , 10.81
11.69 , 10.13
12.3 , 10.45
11.46 , 10.56
11.84 , 10.69
12.0 , 10.37
11.84 , 10.76
11.8 , 10.6
11.79 , 10.68
12.5 , 10.71
12.34 , 10.68
11.82 , 10.49
12.09 , 10.68
11.92 , 10.72
11.9 , 10.58
12.09 , 10.28
12.35 , 10.58
12.13 , 10.56
11.58 , 10.22
11.89 , 10.82
11.98 , 10.73
11.88 , 10.36
12.02 , 10.84
11.73 , 10.53
12.26 , 10.61
12.16 , 10.77
12.25 , 10.32
12.34 , 10.38
12.1 , 10.94
12.81 , 10.94
12.31 , 10.38
12.02 , 11.0
12.3 , 10.23
12.62 , 10.73
12.56 , 10.68
11.7 , 10.39
12.21 , 10.54
12.64 , 10.41
12.24 , 10.57
12.25 , 10.32
11.97 , 9.93
12.37 , 10.53
12.34 , 10.32
12.3 , 10.34
12.05 , 10.67
12.47 , 10.73
12.31 , 10.49
12.68 , 10.9
12.18 , 10.31
12.44 , 10.67
12.12 , 11.16
11.83 , 10.38
12.43 , 10.84
11.91 , 10.48
12.74 , 10.95
12.32 , 10.6
12.17 , 10.69
12.14 , 10.08
12.03 , 10.61
12.08 , 10.87
12.75 , 10.85
12.6 , 10.88
12.51 , 10.82
12.56 , 10.79
12.2 , 10.43
12.21 , 10.81
12.6 , 10.4
12.23 , 10.45
12.7 , 10.57
12.43 , 10.43
12.47 , 11.0
12.33 , 10.51
12.94 , 10.78
12.23 , 10.88
12.21 , 10.74
11.9 , 10.35
12.77 , 10.45
12.37 , 10.62
12.56 , 10.49
12.39 , 11.06
12.95 , 10.69
12.29 , 10.47
12.51 , 10.73
13.0 , 10.48
12.64 , 10.5
12.65 , 10.44
12.71 , 10.9
12.52 , 10.53
12.66 , 10.28
13.1 , 10.28
12.56 , 10.39
13.03 , 10.49
12.53 , 11.09
12.64 , 10.42
12.67 , 10.66
12.5 , 10.57
12.64 , 10.8
12.89 , 10.83
12.68 , 10.82
12.66 , 10.91
12.82 , 10.51
13.04 , 10.24
12.49 , 10.42
12.71 , 10.31
12.45 , 10.15
12.79 , 10.43
13.32 , 10.82
12.48 , 10.96
12.81 , 10.9
12.51 , 10.92
13.07 , 10.52
12.59 , 10.53
12.88 , 11.23
13.27 , 11.0
12.77 , 10.55
12.92 , 10.56
12.72 , 10.58
13.06 , 10.61
12.91 , 10.56
12.81 , 10.55
13.19 , 10.69
13.25 , 10.59
13.15 , 10.28
12.79 , 10.62
12.74 , 10.6
12.67 , 10.59
12.75 , 10.63
12.85 , 10.38
12.83 , 10.64
12.62 , 10.66
13.26 , 10.58
13.09 , 10.79
12.76 , 10.97
13.6 , 10.38
13.51 , 10.46
13.35 , 10.18
13.27 , 10.68
12.67 , 10.43
12.74 , 10.42
13.1 , 10.6
12.39 , 10.56
13.14 , 10.67
13.46 , 10.18
13.1 , 10.65
13.23 , 10.31
12.73 , 10.6
13.08 , 10.19
13.16 , 10.65
13.26 , 9.99
13.21 , 10.43
12.97 , 10.85
13.52 , 10.69
13.08 , 10.98
12.89 , 10.61
12.99 , 10.4
13.18 , 11.16
13.2 , 10.78
13.14 , 10.94
13.2 , 10.43
13.18 , 11.02
13.14 , 10.96
13.15 , 11.17
13.25 , 10.82
13.11 , 10.87
13.14 , 10.29
13.28 , 10.35
13.58 , 10.86
13.22 , 10.83
12.57 , 11.05
13.07 , 10.83
13.88 , 10.25
13.14 , 10.75
13.36 , 10.24
13.03 , 11.04
13.12 , 10.8
12.93 , 10.43
12.83 , 10.73
13.58 , 10.69
13.23 , 10.73
13.42 , 10.59
13.45 , 11.16
13.88 , 10.52
13.01 , 11.15
13.58 , 10.97
13.5 , 10.61
13.6 , 10.95
13.65 , 10.4
13.62 , 10.58
13.28 , 10.76
13.29 , 11.26
13.53 , 10.74
13.35 , 10.74
13.34 , 10.82
13.63 , 10.89
13.1 , 10.59
13.45 , 10.37
13.53 , 10.64
13.45 , 10.77
13.29 , 11.07
13.72 , 10.54
13.58 , 10.87
13.28 , 10.59
13.65 , 10.03
13.15 , 10.76
13.65 , 10.45
13.72 , 11.24
13.56 , 10.67
13.53 , 10.43
13.66 , 10.73
13.72 , 11.04
13.55 , 10.73
13.63 , 11.12
13.19 , 10.69
13.4 , 10.72
13.78 , 10.71
13.76 , 10.74
13.4 , 10.52
13.24 , 10.75
13.5 , 10.9
13.85 , 10.47
13.34 , 10.84
13.4 , 10.74
13.78 , 10.6
14.08 , 10.5
13.75 , 10.59
12.92 , 10.65
13.62 , 10.84
13.63 , 10.51
13.54 , 10.62
13.87 , 10.63
13.99 , 10.91
13.51 , 10.96
13.13 , 10.71
13.46 , 10.67
14.0 , 10.7
13.68 , 11.02
13.54 , 10.49
13.98 , 10.86
13.39 , 10.74
13.95 , 10.66
13.66 , 10.74
13.82 , 10.53
13.98 , 10.31
13.76 , 11.24
13.52 , 10.7
13.23 , 10.5
13.51 , 10.72
13.69 , 11.17
13.59 , 10.7
13.88 , 10.87
14.06 , 10.32
14.39 , 10.63
13.67 , 10.3
13.74 , 10.27
13.91 , 10.56
13.95 , 10.51
13.9 , 11.27
14.18 , 10.75
13.64 , 11.08
13.47 , 10.36
14.23 , 10.56
14.25 , 10.86
14.47 , 11.16
14.08 , 10.56
14.08 , 11.07
13.98 , 9.99
13.86 , 10.63
13.94 , 10.63
14.25 , 10.4
14.08 , 10.22
13.43 , 10.47
13.8 , 10.5
13.82 , 10.87
14.15 , 10.74
14.06 , 10.55
13.77 , 10.37
13.92 , 10.44
13.95 , 10.91
14.18 , 11.06
13.81 , 10.17
13.77 , 11.22
14.24 , 10.62
14.4 , 10.62
14.49 , 10.63
13.98 , 10.9
13.8 , 10.69
14.58 , 10.84
13.83 , 10.67
14.11 , 10.54
14.22 , 11.04
14.14 , 10.95
14.21 , 10.77
13.95 , 10.97
14.49 , 10.62
13.94 , 10.86
14.19 , 11.02
14.29 , 10.7
13.83 , 10.89
14.21 , 10.42
13.82 , 10.28
14.36 , 10.63
13.38 , 10.52
14.06 , 10.71
14.23 , 10.65
14.42 , 10.99
14.18 , 11.13
14.21 , 10.52
14.29 , 10.38
14.18 , 10.48
14.16 , 10.79
13.66 , 10.84
14.35 , 10.69
14.47 , 10.83
14.21 , 10.49
14.49 , 10.93
13.94 , 10.56
14.02 , 10.95
14.18 , 10.43
14.71 , 10.86
14.4 , 10.81
14.3 , 10.76
14.58 , 10.86
14.25 , 10.77
14.84 , 10.61
14.05 , 10.78
14.1 , 11.41
14.55 , 10.9
14.49 , 11.24
14.15 , 10.74
14.0 , 11.06
14.4 , 11.2
14.36 , 10.49
14.26 , 10.96
14.24 , 10.82
14.27 , 10.58
14.32 , 11.16
14.2 , 10.84
14.67 , 10.57
14.1 , 11.13
14.92 , 10.69
14.19 , 10.98
14.49 , 10.55
14.41 , 10.16
14.31 , 10.45
14.19 , 10.91
14.6 , 11.19
13.86 , 10.59
14.33 , 11.09
14.81 , 10.79
14.58 , 10.57
14.44 , 10.65
13.94 , 11.24
14.77 , 11.29
14.9 , 10.89
14.81 , 10.34
14.35 , 10.98
14.52 , 10.36
14.62 , 10.44
14.63 , 11.16
14.35 , 10.65
14.78 , 10.76
14.69 , 10.55
14.57 , 10.17
14.62 , 11.09
14.39 , 10.72
14.86 , 11.08
14.98 , 10.55
14.59 , 11.21
14.58 , 10.84
14.49 , 10.61
13.96 , 10.63
14.17 , 10.52
14.48 , 11.12
14.93 , 10.88
14.61 , 10.42
14.87 , 10.57
14.73 , 11.01
14.72 , 10.77
14.52 , 11.04
14.91 , 10.96
15.2 , 10.37
14.8 , 10.94
14.89 , 10.86
14.93 , 10.39
14.8 , 11.07
14.81 , 10.73
15.05 , 10.34
14.94 , 11.17
14.78 , 10.57
14.99 , 10.67
14.65 , 10.82
14.45 , 10.95
14.57 , 10.64
15.07 , 10.78
14.96 , 11.13
15.28 , 11.31
14.77 , 11.02
14.49 , 10.99
15.25 , 10.6
15.04 , 11.0
14.89 , 10.63
15.32 , 10.46
14.99 , 11.03
15.02 , 11.19
15.34 , 10.91
15.42 , 10.98
14.67 , 10.71
15.06 , 10.84
14.56 , 11.38
14.61 , 10.51
15.12 , 10.85
15.41 , 10.85
15.12 , 10.98
14.85 , 10.47
14.92 , 11.06
14.97 , 11.12
14.91 , 10.99
15.07 , 11.01
15.07 , 10.85
14.96 , 11.12
15.08 , 10.93
15.26 , 10.58
14.89 , 10.79
15.43 , 10.54
14.86 , 10.55
15.02 , 10.53
14.92 , 10.94
14.86 , 10.8
14.85 , 10.76
15.28 , 10.3
15.17 , 10.87
15.15 , 10.87
15.28 , 10.48
15.15 , 10.97
15.52 , 10.47
15.05 , 10.47
15.2 , 10.54
14.96 , 11.01
15.79 , 10.29
15.64 , 10.58
15.41 , 10.9
15.55 , 10.76
15.04 , 10.8
15.45 , 10.59
15.37 , 10.82
15.32 , 10.82
15.43 , 11.02
15.21 , 10.73
14.75 , 10.6
14.91 , 10.99
15.03 , 10.64
15.45 , 11.07
15.63 , 10.61
15.39 , 11.09
15.12 , 10.77
15.04 , 10.66
15.53 , 10.85
15.27 , 10.68
15.75 , 11.02
15.06 , 11.37
15.28 , 10.79
15.27 , 10.68
15.56 , 10.46
15.41 , 10.75
15.85 , 10.93
15.53 , 10.96
15.58 , 10.86
14.82 , 10.94
15.36 , 11.01
15.53 , 10.7
15.23 , 10.58
15.54 , 10.81
15.25 , 10.74
15.57 , 10.67
15.45 , 10.68
14.84 , 10.86
15.52 , 11.04
15.84 , 10.66
15.67 , 10.91
15.54 , 11.05
15.75 , 10.52
15.91 , 10.8
15.38 , 10.67
15.5 , 10.56
15.83 , 10.95
15.34 , 11.05
15.64 , 10.86
15.83 , 10.82
15.52 , 10.97
15.14 , 10.54
15.73 , 11.12
15.19 , 10.85
15.45 , 10.78
15.78 , 11.22
16.08 , 11.09
15.8 , 10.89
15.18 , 10.95
15.36 , 10.57
15.69 , 10.45
16.12 , 11.0
15.77 , 10.97
15.75 , 10.87
15.87 , 10.68
15.77 , 10.9
15.9 , 10.58
15.78 , 10.82
15.88 , 10.99
15.78 , 10.97
15.85 , 11.2
15.82 , 10.99
15.52 , 10.81
15.95 , 11.12
15.52 , 10.85
15.71 , 10.87
15.66 , 10.75
15.78 , 10.89
16.05 , 10.65
15.56 , 11.06
15.94 , 10.82
15.53 , 11.13
15.56 , 11.15
15.9 , 10.83
15.8 , 11.07
15.85 , 10.43
15.68 , 10.33
15.97 , 11.1
16.13 , 10.53
16.41 , 11.32
15.86 , 10.37
15.68 , 11.13
16.42 , 10.74
15.45 , 10.63
16.4 , 10.87
15.57 , 10.35
16.09 , 11.07
15.82 , 10.82
15.97 , 10.79
15.82 , 10.73
15.81 , 11.18
16.07 , 11.13
16.44 , 10.3
15.97 , 11.12
15.94 , 10.73
16.1 , 10.74
15.79 , 10.8
16.03 , 10.88
16.25 , 10.88
15.91 , 11.64
15.98 , 10.81
16.01 , 10.71
15.65 , 10.93
16.42 , 10.43
15.88 , 10.99
15.9 , 11.02
16.07 , 10.61
16.03 , 10.76
16.23 , 10.25
16.21 , 11.22
16.15 , 10.95
15.98 , 10.97
16.09 , 10.57
15.83 , 10.31
16.25 , 10.93
16.42 , 10.95
16.33 , 10.55
15.69 , 10.75
16.09 , 10.98
16.14 , 10.85
16.19 , 10.96
16.24 , 10.97
16.07 , 10.87
15.84 , 10.61
16.14 , 11.0
16.03 , 10.54
16.47 , 10.69
15.8 , 10.65
15.95 , 10.29
16.15 , 11.32
16.07 , 10.69
16.55 , 10.92
16.25 , 11.24
15.98 , 10.88
16.41 , 10.95
16.0 , 10.67
16.75 , 10.88
16.24 , 11.17
15.87 , 10.89
15.88 , 11.25
16.08 , 10.93
16.11 , 10.94
16.43 , 10.91
16.27 , 10.97
16.3 , 10.78
16.53 , 11.12
16.04 , 10.66
16.19 , 10.98
16.04 , 11.3
16.41 , 10.95
16.62 , 10.72
16.51 , 11.01
16.74 , 10.65
16.77 , 11.06
16.5 , 11.18
16.38 , 10.87
16.66 , 10.83
16.73 , 11.26
16.52 , 10.96
16.31 , 10.69
16.84 , 10.66
16.51 , 10.99
16.27 , 10.75
16.33 , 11.45
16.6 , 11.27
17.03 , 11.17
16.86 , 10.81
16.36 , 11.29
16.91 , 10.67
16.84 , 11.0
16.76 , 11.17
17.04 , 10.77
16.57 , 11.24
16.52 , 11.06
16.57 , 10.51
16.46 , 11.15
16.47 , 10.55
16.49 , 10.96
16.74 , 11.02
16.76 , 10.67
16.48 , 10.74
16.53 , 11.05
16.98 , 10.88
16.92 , 11.21
16.38 , 10.73
16.71 , 10.59
17.15 , 10.47
16.38 , 11.13
16.51 , 11.12
16.46 , 11.2
16.56 , 11.12
16.97 , 10.57
16.5 , 10.51
16.46 , 11.17
16.73 , 11.16
17.1 , 11.2
16.94 , 10.84
16.67 , 11.03
16.99 , 11.22
16.85 , 10.88
16.77 , 11.36
16.86 , 11.45
16.62 , 11.17
16.86 , 11.14
16.63 , 11.04
16.81 , 10.88
16.53 , 10.6
16.76 , 11.09
16.91 , 11.02
16.93 , 10.62
17.13 , 10.97
16.68 , 10.82
17.12 , 11.01
16.47 , 11.48
16.52 , 11.39
17.11 , 10.71
17.22 , 11.27
17.17 , 11.12
17.0 , 11.02
16.8 , 11.03
17.25 , 10.94
17.43 , 10.58
16.96 , 10.6
16.52 , 11.03
16.89 , 10.83
16.71 , 10.91
16.58 , 10.92
16.86 , 10.66
17.1 , 10.51
17.11 , 11.04
17.14 , 11.0
17.22 , 10.91
16.76 , 11.07
16.84 , 10.88
17.07 , 10.74
17.29 , 10.59
17.36 , 10.97
17.49 , 11.25
17.24 , 11.05
17.11 , 10.63
16.95 , 10.74
16.92 , 10.94
16.9 , 11.01
17.04 , 10.86
17.21 , 11.09
16.79 , 10.9
17.86 , 10.98
17.25 , 10.76
17.39 , 11.36
17.3 , 10.95
17.17 , 10.51
17.31 , 10.91
17.27 , 11.08
17.23 , 11.51
17.42 , 10.82
17.35 , 11.14
17.21 , 11.34
17.12 , 10.55
16.95 , 11.08
16.98 , 11.03
16.86 , 11.08
17.18 , 10.76
17.11 , 10.92
17.48 , 11.05
17.21 , 11.03
17.49 , 11.11
17.71 , 10.81
17.49 , 11.02
17.14 , 11.14
17.51 , 11.24
17.43 , 10.78
17.36 , 11.09
17.74 , 11.03
17.37 , 11.38
17.35 , 10.89
17.42 , 11.19
17.39 , 10.58
17.26 , 11.25
17.18 , 11.21
17.42 , 10.8
17.58 , 10.47
16.87 , 10.62
17.53 , 10.93
17.56 , 10.98
17.44 , 10.87
17.32 , 11.25
17.62 , 10.67
17.58 , 11.51
17.63 , 10.77
17.63 , 11.06
17.38 , 11.25
17.77 , 10.88
17.5 , 10.91
17.48 , 11.4
17.38 , 11.15
17.56 , 11.03
17.22 , 11.16
17.24 , 11.19
17.49 , 11.04
17.41 , 10.8
17.28 , 11.01
17.52 , 11.08
17.47 , 11.2
17.59 , 11.04
17.5 , 11.01
17.73 , 10.84
17.28 , 11.11
17.69 , 11.02
17.65 , 10.7
17.36 , 11.02
17.6 , 10.71
17.73 , 10.55
17.92 , 10.76
17.49 , 10.76
17.3 , 10.94
17.17 , 10.94
17.69 , 10.95
17.65 , 10.67
17.21 , 10.7
17.93 , 11.1
17.24 , 11.44
17.84 , 11.29
17.94 , 11.34
17.28 , 11.04
17.52 , 11.5
17.88 , 11.02
17.66 , 10.51
17.75 , 10.82
18.07 , 11.21
17.72 , 10.93
18.02 , 10.9
18.03 , 11.08
17.69 , 11.12
18.2 , 10.64
17.96 , 11.21
17.72 , 11.39
17.96 , 11.17
17.55 , 11.17
17.49 , 11.16
18.35 , 10.81
18.21 , 10.77
17.85 , 11.21
17.48 , 11.12
17.66 , 10.88
18.06 , 11.02
17.96 , 11.04
17.96 , 11.42
17.91 , 10.97
17.89 , 11.22
18.0 , 10.51
17.88 , 11.15
18.55 , 10.89
17.85 , 10.76
17.9 , 10.61
17.72 , 11.02
17.56 , 10.98
17.77 , 11.35
18.34 , 11.56
17.99 , 11.21
18.55 , 10.89
18.39 , 10.82
18.24 , 10.66
17.89 , 11.0
17.93 , 10.57
18.03 , 10.98
18.38 , 11.19
17.48 , 11.08
18.29 , 11.03
17.86 , 10.71
17.95 , 10.82
17.98 , 10.97
18.37 , 10.81
18.14 , 10.78
18.14 , 11.31
17.93 , 10.76
18.09 , 11.06
17.93 , 11.16
18.12 , 11.22
17.76 , 11.24
18.43 , 10.85
18.61 , 11.11
17.81 , 10.79
17.95 , 10.9
18.08 , 11.13
18.1 , 10.98
17.92 , 10.55
17.99 , 10.76
18.39 , 10.46
18.46 , 10.35
18.14 , 11.07
17.92 , 10.82
18.42 , 10.79
18.18 , 11.07
18.38 , 10.75
18.55 , 11.03
18.48 , 10.71
18.51 , 11.04
18.44 , 10.91
18.47 , 11.08
17.79 , 11.69
18.1 , 11.18
18.23 , 10.96
18.19 , 11.3
18.52 , 11.3
17.89 , 11.27
17.93 , 11.65
18.41 , 11.35
18.32 , 11.11
18.15 , 11.57
18.25 , 11.35
18.14 , 11.04
18.25 , 11.05
18.23 , 11.23
18.53 , 10.68
18.26 , 10.75
18.65 , 10.76
18.5 , 11.12
18.38 , 10.59
18.82 , 11.04
18.58 , 11.34
18.17 , 10.83
18.85 , 11.56
18.23 , 11.06
18.68 , 11.05
18.77 , 11.23
18.43 , 11.25
18.34 , 11.4
18.3 , 11.41
19.1 , 10.65
18.91 , 10.72
18.47 , 11.54
18.77 , 11.26
18.6 , 11.13
18.63 , 11.04
18.45 , 10.78
18.96 , 11.08
19.01 , 11.28
18.66 , 10.82
18.49 , 11.1
18.53 , 11.02
17.99 , 10.99
18.51 , 10.97
18.5 , 10.7
18.37 , 11.46
18.36 , 10.96
18.4 , 11.06
18.48 , 11.6
18.36 , 11.44
18.51 , 11.21
19.27 , 11.1
18.64 , 10.38
18.56 , 11.04
18.69 , 11.16
18.39 , 10.87
18.86 , 11.04
18.69 , 11.27
18.71 , 11.14
18.42 , 11.1
18.27 , 11.55
18.51 , 11.53
18.59 , 11.07
19.05 , 11.16
18.78 , 11.04
18.67 , 10.92
18.55 , 10.66
18.71 , 10.91
19.11 , 11.64
19.25 , 10.81
18.69 , 11.08
18.4 , 11.5
18.97 , 11.19
19.28 , 11.24
18.73 , 11.19
18.7 , 11.24
18.49 , 11.25
18.75 , 11.01
18.74 , 11.09
18.41 , 11.27
18.8 , 11.57
18.85 , 11.36
18.86 , 11.09
18.57 , 11.01
18.73 , 10.52
18.81 , 10.94
18.97 , 11.38
18.83 , 11.42
19.22 , 11.32
18.84 , 11.15
19.34 , 11.51
19.22 , 10.69
18.37 , 11.57
19.13 , 11.47
19.1 , 11.05
19.08 , 11.12
19.35 , 11.34
18.74 , 10.94
19.24 , 11.35
19.07 , 11.22
18.69 , 10.92
19.14 , 10.68
19.14 , 11.28
19.19 , 11.35
19.51 , 11.21
18.83 , 10.71
18.48 , 11.16
19.28 , 10.72
19.11 , 10.96
19.0 , 11.19
19.09 , 10.84
19.27 , 11.11
18.62 , 11.34
19.49 , 11.04
19.51 , 10.75
19.05 , 11.47
19.45 , 11.27
19.4 , 11.04
19.32 , 11.39
19.38 , 11.24
19.36 , 11.26
19.31 , 10.76
19.32 , 10.91
19.08 , 11.16
19.24 , 10.82
19.05 , 11.21
19.09 , 11.16
19.26 , 11.2
19.07 , 11.2
19.36 , 10.83
19.42 , 10.9
19.32 , 11.31
19.4 , 10.86
19.02 , 10.86
19.4 , 11.19
18.81 , 11.34
19.57 , 11.02
19.26 , 11.22
19.03 , 11.05
19.43 , 11.07
19.29 , 11.19
19.74 , 11.22
19.4 , 11.04
19.63 , 11.18
19.32 , 11.49
19.67 , 10.93
19.26 , 11.48
19.23 , 11.56
19.32 , 11.65
19.12 , 10.67
19.01 , 11.66
19.2 , 11.05
19.24 , 10.98
19.43 , 11.2
19.24 , 11.03
19.74 , 11.41
19.66 , 11.48
19.37 , 11.39
19.84 , 10.96
19.78 , 10.55
18.97 , 10.8
19.2 , 10.93
19.34 , 11.37
19.28 , 11.08
19.15 , 10.77
19.43 , 10.98
19.71 , 11.2
19.04 , 11.35
19.2 , 11.07
19.25 , 10.96
19.37 , 10.87
19.34 , 11.1
19.71 , 11.35
19.98 , 10.77
19.45 , 11.48
19.27 , 11.13
19.74 , 11.56
19.71 , 11.26
19.53 , 11.33
19.61 , 11.26
19.43 , 11.14
19.37 , 10.9
19.39 , 10.97
19.44 , 11.03
19.24 , 11.25
19.7 , 11.57
19.04 , 10.82
19.4 , 10.96
19.66 , 10.97
19.46 , 11.36
19.61 , 10.78
19.91 , 11.74
19.96 , 11.14
20.02 , 11.16
19.6 , 11.25
20.02 , 11.21
19.63 , 10.84
19.76 , 10.91
19.69 , 10.84
19.51 , 10.94
19.57 , 10.9
20.05 , 11.38
19.67 , 10.93
20.03 , 11.13
19.91 , 11.44
19.67 , 11.3
19.89 , 11.08
19.74 , 11.03
18.94 , 11.09
20.21 , 11.45
20.49 , 11.21
20.04 , 11.04
19.64 , 10.97
19.94 , 11.39
19.36 , 11.37
20.07 , 11.39
19.53 , 11.24
19.94 , 10.86
19.58 , 11.75
19.71 , 11.07
19.39 , 11.04
20.23 , 11.29
19.68 , 11.21
20.0 , 11.34
19.66 , 11.29
19.75 , 11.07
19.71 , 11.0
20.05 , 10.76
19.99 , 11.88
19.73 , 11.13
19.94 , 11.59
19.61 , 11.34
19.95 , 11.69
19.93 , 11.7
19.74 , 11.29
19.72 , 11.06
19.69 , 11.1
20.39 , 11.07
20.63 , 11.61
20.1 , 11.21
20.11 , 11.02
20.18 , 11.23
19.56 , 11.22
20.19 , 11.22
20.14 , 11.21
19.94 , 11.47
20.42 , 11.13
20.28 , 10.94
20.4 , 11.01
20.1 , 11.45
19.98 , 11.22
20.36 , 11.08
20.2 , 11.49
20.19 , 11.02
20.03 , 11.15
20.14 , 11.37
19.76 , 11.2
20.2 , 11.59
19.8 , 11.0
20.39 , 11.21
20.45 , 11.21
20.02 , 11.2
20.5 , 11.4
20.25 , 11.26
20.47 , 11.37
20.27 , 11.4
20.24 , 10.95
20.45 , 11.52
20.58 , 11.21
19.95 , 11.32
20.11 , 10.76
20.29 , 11.04
20.28 , 11.11
20.47 , 11.44
20.4 , 11.52
20.16 , 11.81
19.87 , 11.41
20.56 , 11.13
20.34 , 10.94
20.21 , 11.3
20.01 , 10.75
20.24 , 11.02
20.1 , 11.19
20.01 , 11.5
20.64 , 11.24
20.22 , 11.22
20.34 , 11.04
20.22 , 11.34
20.16 , 11.08
20.28 , 10.99
20.46 , 10.92
20.63 , 11.41
20.4 , 11.44
20.69 , 11.14
20.41 , 11.09
20.34 , 11.14
20.46 , 11.36
20.98 , 11.32
20.69 , 11.18
20.87 , 11.27
20.43 , 11.17
20.48 , 11.15
20.53 , 11.67
20.51 , 11.06
20.05 , 11.22
20.26 , 11.06
20.55 , 11.33
20.64 , 11.52
20.3 , 11.08
20.32 , 11.0
20.38 , 11.04
20.72 , 10.99
21.09 , 10.75
20.77 , 10.87
20.45 , 10.95
20.58 , 11.36
20.49 , 11.09
20.35 , 11.04
20.39 , 11.08
20.62 , 11.46
20.44 , 10.76
20.53 , 11.45
20.38 , 11.34
20.36 , 10.94
20.7 , 10.8
20.55 , 10.59
20.4 , 11.34
20.54 , 11.08
20.8 , 11.03
20.4 , 11.15
20.67 , 11.28
20.65 , 11.54
20.83 , 11.22
21.26 , 10.87
20.77 , 11.06
21.24 , 11.32
20.93 , 11.35
21.09 , 11.12
20.96 , 10.84
20.89 , 11.53
20.97 , 11.4
20.31 , 11.27
20.69 , 11.62
20.91 , 11.41
21.1 , 11.38
20.46 , 11.06
20.29 , 11.55
20.76 , 10.95
20.93 , 11.15
20.75 , 11.57
20.33 , 10.9
20.81 , 11.2
21.12 , 11.17
20.98 , 11.68
20.53 , 10.92
20.69 , 11.21
20.61 , 11.32
20.69 , 11.54
21.01 , 11.43
20.95 , 11.31
20.51 , 11.21
20.48 , 11.58
20.64 , 11.04
20.81 , 11.8
20.66 , 11.67
20.97 , 11.89
20.89 , 11.13
20.95 , 11.13
20.79 , 11.44
20.86 , 11.48
21.12 , 11.49
21.36 , 11.53
20.76 , 11.59
20.4 , 11.58
21.3 , 11.01
21.32 , 10.82
21.26 , 11.17
20.96 , 11.23
20.9 , 11.45
21.03 , 11.26
21.06 , 11.19
20.81 , 11.42
21.27 , 10.99
21.3 , 11.58
21.12 , 11.63
20.56 , 11.61
20.92 , 11.35
20.88 , 11.87
21.01 , 11.44
20.76 , 11.21
21.23 , 11.25
20.95 , 11.64
20.77 , 11.3
21.11 , 11.19
21.31 , 11.34
21.12 , 11.44
21.15 , 11.41
21.49 , 11.34
21.2 , 11.15
21.54 , 11.52
21.33 , 11.36
21.01 , 11.31
21.29 , 11.01
20.99 , 11.26
21.69 , 11.38
20.89 , 11.6
21.46 , 11.46
21.12 , 11.27
21.79 , 11.56
22.38 , 10.85
20.89 , 11.19
21.06 , 11.13
21.47 , 11.62
20.95 , 11.44
21.51 , 11.36
21.64 , 11.58
21.12 , 11.33
21.39 , 11.01
21.28 , 11.55
21.44 , 11.31
21.98 , 11.45
21.59 , 11.09
21.66 , 11.2
21.33 , 11.2
21.07 , 11.44
21.09 , 11.51
21.2 , 11.62
21.48 , 11.59
21.14 , 11.45
21.6 , 11.38
21.4 , 11.17
20.64 , 11.43
21.13 , 11.06
21.54 , 10.66
21.27 , 11.48
21.47 , 11.26
21.28 , 11.36
21.1 , 11.18
21.68 , 11.09
21.46 , 11.22
21.19 , 10.83
21.29 , 11.13
21.26 , 11.3
21.6 , 11.47
21.62 , 11.03
21.88 , 11.41
21.73 , 11.01
21.82 , 11.88
21.69 , 11.6
21.43 , 11.36
21.56 , 11.49
21.62 , 11.39
21.37 , 11.03
21.59 , 11.94
21.36 , 11.46
21.94 , 11.17
21.22 , 11.42
21.62 , 11.12
22.01 , 11.5
21.64 , 10.99
21.96 , 11.61
21.86 , 11.73
21.41 , 11.09
21.89 , 11.44
21.67 , 11.21
21.94 , 11.4
21.91 , 11.05
21.72 , 11.44
21.96 , 10.93
21.67 , 11.18
21.73 , 11.3
21.84 , 11.53
21.81 , 11.32
21.97 , 11.68
21.77 , 11.14
22.2 , 11.57
22.31 , 11.24
21.68 , 11.3
21.76 , 10.98
22.0 , 10.98
21.12 , 11.33
21.54 , 11.41
21.53 , 11.01
21.32 , 11.03
21.76 , 11.87
22.0 , 11.19
22.18 , 11.41
21.39 , 10.92
21.49 , 11.21
21.88 , 11.2
21.74 , 11.12
21.92 , 11.55
21.62 , 11.66
21.69 , 11.28
22.32 , 11.5
21.92 , 10.88
21.94 , 11.27
21.87 , 11.63
21.8 , 11.8
21.95 , 11.4
21.87 , 11.38
22.29 , 11.42
21.72 , 11.17
22.26 , 11.49
21.77 , 11.33
22.01 , 11.5
21.76 , 11.38
21.68 , 11.17
21.95 , 11.7
21.99 , 11.77
22.12 , 11.68
21.99 , 10.92
21.5 , 11.26
22.49 , 11.33
21.93 , 11.52
21.97 , 11.27
22.12 , 11.47
21.93 , 11.17
22.48 , 11.15
21.87 , 11.32
22.06 , 11.44
22.49 , 11.69
22.1 , 11.4
22.36 , 11.34
22.17 , 11.1
22.23 , 11.35
21.79 , 11.43
22.7 , 11.46
21.96 , 11.69
22.25 , 11.42
22.55 , 11.6
22.7 , 11.18
22.08 , 11.35
22.24 , 11.08
22.27 , 11.03
22.07 , 11.31
22.28 , 11.46
22.04 , 11.46
22.31 , 11.36
22.25 , 11.25
22.7 , 11.72
22.32 , 11.71
22.04 , 11.25
22.19 , 11.49
22.19 , 11.15
21.91 , 11.11
22.52 , 11.5
21.95 , 11.85
22.18 , 11.27
22.27 , 11.4
22.22 , 11.38
22.52 , 11.61
22.17 , 11.35
22.15 , 11.28
22.33 , 11.31
22.5 , 11.16
22.46 , 11.57
22.29 , 11.31
22.53 , 11.3
22.3 , 11.44
21.78 , 11.56
22.46 , 11.54
22.07 , 11.29
22.53 , 11.53
22.28 , 11.28
22.81 , 11.46
22.74 , 11.06
22.55 , 11.26
22.33 , 11.71
22.2 , 11.16
22.3 , 11.34
22.48 , 11.5
22.79 , 11.52
22.93 , 11.66
22.63 , 11.36
22.85 , 11.33
22.76 , 11.41
22.38 , 11.57
22.7 , 11.48
22.81 , 11.43
22.36 , 11.42
23.01 , 11.17
22.11 , 11.41
22.31 , 11.74
22.61 , 11.18
22.56 , 11.17
22.71 , 11.64
22.89 , 11.67
22.6 , 11.7
22.73 , 11.09
22.95 , 11.19
22.48 , 11.03
22.43 , 10.89
22.33 , 11.21
22.35 , 11.32
22.85 , 11.34
22.77 , 11.69
22.52 , 11.78
22.66 , 11.4
22.77 , 11.75
22.39 , 11.64
22.58 , 11.44
22.46 , 10.79
23.0 , 11.61
22.46 , 11.19
22.43 , 11.41
23.24 , 11.38
22.32 , 11.6
22.53 , 11.03
22.85 , 11.42
22.81 , 11.6
23.01 , 10.91
22.82 , 11.71
23.09 , 11.17
22.34 , 11.15
22.9 , 11.37
23.01 , 11.38
22.5 , 11.15
22.77 , 11.63
23.2 , 11.18
22.95 , 11.41
22.56 , 11.14
23.24 , 11.32
22.84 , 11.54
22.96 , 11.6
22.68 , 11.34
22.95 , 11.52
22.71 , 11.01
23.11 , 11.64
23.14 , 11.4
22.47 , 11.33
23.42 , 11.51
22.99 , 11.03
22.77 , 11.68
23.02 , 11.4
23.26 , 11.61
23.09 , 11.39
23.07 , 11.69
23.05 , 11.13
22.94 , 11.37
23.09 , 11.75
22.98 , 11.33
23.18 , 11.56
22.82 , 11.56
23.06 , 11.53
22.64 , 10.95
22.66 , 11.02
23.28 , 11.69
22.73 , 11.81
22.77 , 11.24
23.6 , 11.13
23.24 , 11.65
23.35 , 11.61
23.15 , 11.83
23.07 , 11.47
23.2 , 11.36
23.07 , 11.75
23.51 , 11.6
23.09 , 11.33
23.03 , 11.36
23.03 , 11.43
23.09 , 11.72
22.8 , 11.35
23.36 , 11.35
23.06 , 11.59
23.15 , 11.22
23.22 , 11.61
22.77 , 11.68
22.77 , 11.63
22.88 , 11.51
23.2 , 11.71
23.2 , 11.35
23.04 , 11.51
23.17 , 11.68
23.34 , 11.77
23.42 , 11.51
23.24 , 11.62
23.45 , 11.13
23.37 , 11.37
23.36 , 11.66
22.81 , 11.44
23.54 , 11.04
23.36 , 11.47
23.17 , 11.69
23.54 , 11.47
23.67 , 11.83
23.38 , 11.68
23.56 , 11.9
23.55 , 11.64
23.38 , 11.65
23.75 , 11.46
23.34 , 11.24
24.01 , 11.38
23.26 , 11.34
23.69 , 11.57
22.9 , 11.51
23.86 , 11.47
23.44 , 12.19
23.36 , 11.43
23.59 , 12.08
23.55 , 11.08
23.41 , 11.43
23.64 , 11.39
23.5 , 11.17
23.16 , 11.5
23.88 , 11.25
23.09 , 11.78
23.59 , 11.69
23.46 , 11.55
23.48 , 11.49
23.96 , 11.39
23.42 , 11.49
23.48 , 11.91
23.5 , 11.59
23.24 , 11.63
23.71 , 11.66
23.16 , 11.34
22.91 , 11.91
23.55 , 11.9
24.06 , 11.75
23.43 , 11.44
23.79 , 11.01
23.95 , 11.86
23.83 , 11.43
23.71 , 11.1
23.39 , 11.39
23.45 , 11.91
23.75 , 10.9
23.93 , 11.63
23.6 , 11.32
24.18 , 11.56
23.74 , 11.11
23.53 , 11.73
23.72 , 11.39
23.62 , 11.11
23.09 , 11.64
23.35 , 11.11
23.79 , 11.74
23.64 , 11.78
23.74 , 10.73
24.14 , 11.24
24.14 , 11.44
23.73 , 11.39
23.51 , 11.66
24.18 , 11.83
23.63 , 11.64
24.04 , 11.65
23.46 , 12.02
23.61 , 11.3
23.84 , 11.57
23.67 , 11.19
23.51 , 11.51
23.36 , 11.8
23.99 , 11.57
23.89 , 11.3
23.71 , 11.74
23.73 , 11.91
24.12 , 11.69
23.81 , 11.29
23.84 , 11.28
23.79 , 11.43
23.75 , 11.8
23.68 , 11.33
24.2 , 11.58
24.04 , 11.36
24.0 , 11.85
23.93 , 11.63
24.24 , 11.67
24.25 , 11.22
23.51 , 11.24
24.06 , 11.35
23.46 , 11.98
24.3 , 11.39
23.81 , 11.35
24.17 , 11.64
24.03 , 11.87
23.8 , 11.23
24.01 , 11.52
24.04 , 11.63
23.64 , 11.93
23.58 , 11.61
24.13 , 11.74
24.1 , 11.32
24.0 , 11.19
24.02 , 11.47
23.6 , 12.08
23.92 , 11.67
24.41 , 11.52
23.99 , 11.26
23.91 , 11.35
24.07 , 11.73
24.16 , 11.91
24.22 , 11.59
23.36 , 11.5
24.2 , 11.17
24.13 , 11.36
24.09 , 11.53
24.09 , 11.52
24.25 , 11.62
24.0 , 11.77
24.19 , 11.63
24.62 , 11.96
24.74 , 11.48
24.3 , 11.66
24.23 , 11.51
24.42 , 11.83
24.77 , 11.41
24.35 , 11.36
24.17 , 10.95
24.77 , 11.15
24.28 , 11.1
24.18 , 11.29
23.74 , 11.29
24.22 , 11.52
23.8 , 11.71
24.21 , 11.27
24.67 , 11.37
24.36 , 11.93
24.32 , 11.52
24.56 , 11.44
24.34 , 11.51
24.24 , 11.74
24.41 , 11.91
24.44 , 11.2
24.45 , 11.48
24.3 , 11.8
24.47 , 11.15
24.88 , 11.52
23.98 , 11.47
24.51 , 11.28
24.18 , 11.11
24.47 , 11.42
24.79 , 11.63
24.48 , 11.4
24.67 , 11.22
24.51 , 11.68
24.25 , 11.26
24.74 , 12.02
24.55 , 12.02
24.58 , 11.51
24.37 , 11.26
24.71 , 11.42
24.33 , 11.65
24.62 , 11.38
24.55 , 11.52
24.54 , 11.53
24.41 , 10.96
24.37 , 11.86
24.45 , 11.61
24.69 , 11.32
24.56 , 11.5
24.64 , 11.72
24.58 , 11.51
24.81 , 11.6
24.21 , 11.88
24.7 , 11.42
24.57 , 11.33
24.63 , 11.2
24.86 , 11.69
24.36 , 11.7
24.26 , 11.44
24.38 , 11.74
24.81 , 11.24
24.69 , 11.7
24.56 , 12.18
24.26 , 11.91
25.04 , 11.49
24.39 , 11.88
24.06 , 11.57
24.33 , 11.57
24.55 , 11.25
24.84 , 11.87
24.37 , 11.74
24.74 , 11.41
24.59 , 11.72
25.01 , 11.51
24.12 , 11.78
24.84 , 11.09
24.62 , 11.58
24.68 , 11.66
24.54 , 11.74
24.09 , 11.67
24.63 , 11.55
24.95 , 11.92
24.54 , 11.56
24.54 , 11.59
24.66 , 11.28
25.09 , 11.67
24.82 , 11.92
24.42 , 11.68
25.24 , 11.5
24.63 , 11.39
25.16 , 11.85
24.94 , 11.82
24.7 , 11.49
25.08 , 11.35
24.93 , 11.58
24.67 , 11.64
24.58 , 11.43
24.41 , 11.27
24.69 , 11.68
24.92 , 11.28
24.86 , 12.15
24.95 , 11.69
24.41 , 11.47
25.23 , 11.23
24.73 , 11.4
24.93 , 11.74
24.53 , 11.76
24.31 , 11.36
25.08 , 11.3
24.78 , 11.46
25.4 , 11.34
25.24 , 12.09
24.91 , 11.39
25.01 , 11.34
24.93 , 11.32
24.65 , 11.19
25.27 , 11.42
24.75 , 11.86
25.0 , 11.51
24.87 , 11.59
24.98 , 11.48
25.03 , 11.79
25.03 , 11.92
25.33 , 11.34
24.85 , 11.27
24.91 , 11.78
25.02 , 11.47
25.14 , 11.05
25.2 , 11.55
25.3 , 11.52
25.39 , 11.86
25.07 , 11.74
24.92 , 11.42
24.88 , 11.55
24.86 , 11.32
25.12 , 11.23
25.33 , 11.37
25.12 , 11.52
25.45 , 11.75
25.14 , 11.45
25.42 , 11.57
24.95 , 11.63
25.38 , 11.59
25.24 , 11.97
25.1 , 11.79
25.64 , 12.03
24.96 , 11.74
25.29 , 12.21
25.59 , 11.86
25.57 , 11.75
25.02 , 12.17
24.86 , 11.8
25.49 , 11.66
25.56 , 11.61
25.52 , 11.67
25.14 , 11.86
25.18 , 11.77
25.07 , 11.67
25.48 , 11.9
25.08 , 11.48
25.35 , 11.36
25.52 , 12.21
25.54 , 11.77
25.17 , 11.76
25.52 , 12.11
25.31 , 11.93
25.31 , 11.55
25.3 , 11.69
25.04 , 11.53
25.8 , 11.17
25.66 , 11.82
25.33 , 11.43
25.73 , 11.54
25.53 , 11.57
25.18 , 11.89
25.64 , 11.39
25.76 , 11.31
25.16 , 11.84
25.38 , 11.63
25.9 , 11.36
25.66 , 11.53
25.54 , 11.57
25.32 , 11.64
25.3 , 11.64
25.3 , 11.56
25.58 , 11.28
25.54 , 11.81
25.59 , 11.87
25.32 , 11.78
25.65 , 10.94
25.58 , 11.86
25.57 , 11.64
25.56 , 11.6
25.34 , 11.46
25.06 , 12.16
25.61 , 11.69
25.78 , 11.77
25.61 , 11.24
25.34 , 12.06
25.75 , 11.81
25.39 , 11.52
25.73 , 11.45
25.97 , 11.45
25.57 , 11.35
25.77 , 11.97
25.75 , 11.64
25.61 , 11.84
25.71 , 12.09
25.65 , 11.55
25.59 , 11.17
25.79 , 11.68
25.34 , 11.35
25.47 , 11.57
25.49 , 11.84
26.06 , 11.49
25.77 , 11.38
26.1 , 11.38
25.58 , 11.65
25.58 , 12.32
25.75 , 11.59
25.55 , 11.63
25.66 , 11.55
26.07 , 11.5
25.93 , 11.5
26.08 , 11.46
25.6 , 11.59
26.16 , 11.55
25.64 , 11.62
25.68 , 11.72
25.7 , 11.74
26.1 , 11.78
26.26 , 11.73
26.35 , 11.98
25.83 , 11.85
25.72 , 11.61
25.89 , 11.46
26.0 , 11.64
26.43 , 11.86
25.88 , 11.49
25.81 , 11.49
25.76 , 11.67
25.62 , 11.59
26.09 , 11.52
25.69 , 11.54
26.19 , 11.48
26.38 , 11.25
25.79 , 11.82
26.34 , 11.62
25.6 , 11.6
25.79 , 11.5
25.93 , 11.52
26.02 , 11.71
25.97 , 11.23
26.0 , 11.02
26.07 , 11.57
25.83 , 12.19
26.48 , 12.01
26.13 , 11.55
26.2 , 12.08
26.07 , 11.64
25.95 , 11.66
26.31 , 11.45
26.38 , 11.71
26.68 , 11.73
26.44 , 11.43
26.74 , 11.7
26.12 , 12.05
26.19 , 11.37
26.31 , 11.82
26.16 , 11.57
25.77 , 12.1
26.07 , 11.77
26.07 , 11.51
26.27 , 11.47
26.44 , 11.29
26.36 , 11.98
26.11 , 11.74
26.43 , 11.58
26.18 , 11.64
26.92 , 11.49
26.21 , 11.58
26.12 , 11.46
26.1 , 11.73
26.56 , 12.1
25.96 , 11.45
26.28 , 11.45
26.1 , 11.64
26.16 , 11.49
26.36 , 11.5
26.25 , 11.78
26.5 , 11.75
26.6 , 11.74
25.97 , 12.06
27.06 , 11.9
26.75 , 11.97
26.25 , 11.86
26.2 , 11.56
26.52 , 11.72
26.22 , 11.35
26.59 , 11.7
26.44 , 11.49
26.22 , 11.69
25.95 , 12.01
26.43 , 11.98
26.67 , 11.57
26.56 , 11.43
26.22 , 12.04
26.32 , 11.52
26.58 , 11.72
26.71 , 11.39
26.41 , 11.44
26.49 , 11.64
26.26 , 11.28
26.16 , 11.94
26.41 , 11.44
26.56 , 11.44
26.75 , 11.93
26.54 , 11.57
26.08 , 11.84
27.05 , 11.77
26.42 , 11.92
26.46 , 11.42
26.54 , 11.87
26.12 , 11.98
26.98 , 11.71
26.47 , 11.37
26.73 , 11.65
26.9 , 12.11
26.92 , 11.77
26.16 , 12.05
26.5 , 11.6
26.9 , 11.84
26.38 , 11.64
26.58 , 11.69
26.36 , 12.1
26.63 , 11.89
26.93 , 12.27
26.86 , 11.55
26.58 , 11.95
27.1 , 11.37
27.18 , 11.59
26.66 , 11.62
26.86 , 11.68
26.71 , 11.5
27.09 , 11.82
26.73 , 12.26
26.91 , 12.08
26.68 , 11.77
26.72 , 11.95
26.84 , 11.32
26.92 , 11.68
26.84 , 11.98
26.72 , 11.9
26.8 , 11.72
26.68 , 11.71
26.74 , 11.94
26.25 , 11.88
26.81 , 11.48
27.03 , 11.73
26.98 , 12.08
26.9 , 11.35
26.46 , 11.73
26.57 , 12.28
26.85 , 11.3
26.34 , 11.61
26.29 , 11.87
26.32 , 11.97
26.78 , 12.03
26.62 , 11.64
27.19 , 11.35
27.09 , 12.11
26.68 , 11.71
27.35 , 12.12
27.35 , 11.73
26.86 , 11.71
26.87 , 11.96
27.18 , 11.88
26.81 , 11.95
27.11 , 11.81
27.3 , 11.66
27.03 , 12.03
26.82 , 11.98
27.2 , 12.13
27.34 , 11.62
27.48 , 11.65
26.74 , 11.69
26.96 , 11.54
27.3 , 11.89
27.21 , 11.42
27.52 , 11.88
27.36 , 11.85
27.18 , 11.96
27.13 , 12.11
26.97 , 11.26
27.02 , 11.77
27.21 , 11.79
27.23 , 11.88
27.09 , 11.91
27.27 , 11.58
26.71 , 11.83
27.27 , 12.04
27.44 , 11.85
27.46 , 11.63
27.06 , 12.11
26.89 , 11.77
26.93 , 11.48
27.72 , 11.34
27.64 , 11.67
27.02 , 11.37
27.27 , 11.93
27.37 , 11.55
27.64 , 11.83
27.37 , 11.93
27.39 , 11.7
27.34 , 11.61
27.33 , 11.55
26.92 , 11.64
27.24 , 11.62
27.21 , 11.65
27.3 , 12.22
27.45 , 12.0
27.55 , 12.0
27.42 , 12.0
27.59 , 11.75
27.26 , 11.79
27.33 , 11.9
27.24 , 11.69
27.41 , 11.91
27.34 , 11.43
27.31 , 12.0
27.32 , 12.1
27.26 , 11.73
27.59 , 12.08
27.32 , 12.16
27.45 , 11.89
27.86 , 12.0
27.37 , 11.78
27.21 , 12.07
27.52 , 12.26
27.74 , 11.8
27.3 , 11.72
27.77 , 11.77
27.75 , 12.1
27.84 , 11.86
27.66 , 11.49
27.57 , 11.81
27.72 , 11.38
27.43 , 12.37
27.55 , 11.69
27.54 , 11.77
27.44 , 11.95
27.6 , 12.09
28.16 , 11.99
27.64 , 12.17
27.22 , 12.25
27.29 , 11.7
27.59 , 11.48
27.42 , 11.85
27.69 , 11.47
26.86 , 11.98
27.19 , 11.9
27.72 , 12.01
27.48 , 11.67
28.38 , 11.79
27.38 , 11.49
27.57 , 12.24
27.82 , 11.6
27.31 , 11.67
27.65 , 11.89
27.79 , 12.09
27.35 , 11.44
27.66 , 11.96
27.55 , 11.89
27.67 , 12.1
27.65 , 11.71
27.84 , 12.07
27.56 , 11.8
27.55 , 11.55
28.33 , 11.68
27.66 , 11.74
27.55 , 11.79
27.73 , 11.92
27.62 , 11.48
27.74 , 12.0
28.09 , 11.81
27.72 , 11.64
28.16 , 11.68
27.67 , 11.82
27.75 , 11.85
27.92 , 12.25
27.95 , 11.93
27.47 , 12.38
27.96 , 12.05
27.76 , 11.81
27.76 , 11.79
27.76 , 12.03
28.13 , 11.82
27.8 , 12.04
27.83 , 11.97
27.73 , 12.18
27.78 , 11.98
28.32 , 11.94
27.85 , 12.02
28.29 , 11.29
27.83 , 11.8
28.15 , 11.47
28.14 , 11.86
28.09 , 11.59
28.27 , 12.48
27.99 , 11.99
27.71 , 11.15
27.96 , 11.79
28.15 , 11.86
27.66 , 11.29
28.27 , 12.09
27.97 , 11.79
28.19 , 11.72
27.7 , 12.16
27.69 , 11.75
28.36 , 11.97
28.31 , 12.22
28.1 , 11.49
27.63 , 11.3
28.25 , 11.5
28.04 , 11.88
28.17 , 11.85
28.41 , 11.94
28.36 , 11.83
28.11 , 11.9
28.23 , 12.05
28.0 , 12.01
28.81 , 11.19
28.29 , 11.83
28.09 , 11.71
27.86 , 11.92
27.98 , 12.25
28.24 , 12.29
28.2 , 11.5
28.28 , 11.91
28.4 , 11.26
28.21 , 12.22
28.22 , 11.35
28.31 , 11.98
28.56 , 12.0
27.97 , 12.16
28.41 , 12.16
28.19 , 12.12
27.72 , 11.53
28.4 , 12.27
28.4 , 11.91
28.23 , 11.76
28.55 , 11.42
28.35 , 12.25
27.87 , 11.31
28.05 , 11.87
28.44 , 11.73
28.51 , 11.74
27.92 , 12.13
28.33 , 11.71
27.92 , 11.24
28.08 , 12.05
28.12 , 11.54
28.16 , 12.02
28.51 , 12.18
28.15 , 12.25
28.78 , 11.99
28.65 , 12.3
28.49 , 11.66
28.53 , 11.97
28.58 , 12.54
28.43 , 11.82
28.74 , 11.89
28.12 , 11.96
28.69 , 11.47
28.87 , 12.37
28.17 , 11.95
28.56 , 12.03
28.54 , 12.06
28.28 , 11.82
28.46 , 12.0
28.98 , 12.11
28.24 , 11.98
28.99 , 12.41
28.94 , 11.92
28.71 , 11.94
28.25 , 11.91
28.44 , 11.57
28.51 , 11.79
28.49 , 12.08
28.29 , 11.91
28.66 , 11.97
28.64 , 11.92
28.18 , 11.37
28.44 , 11.79
28.36 , 11.7
28.5 , 12.33
28.58 , 12.1
28.79 , 11.94
28.87 , 11.76
28.59 , 11.6
28.61 , 12.12
28.42 , 11.88
28.59 , 11.89
28.56 , 11.97
28.36 , 11.93
29.1 , 11.62
28.89 , 11.73
28.55 , 12.36
28.87 , 12.06
29.12 , 12.07
28.69 , 11.33
28.9 , 12.33
28.62 , 11.6
28.3 , 12.06
28.14 , 12.0
28.96 , 11.79
28.49 , 11.84
29.16 , 11.62
28.57 , 12.04
28.62 , 12.24
28.6 , 11.6
28.42 , 11.85
29.08 , 11.91
28.66 , 11.53
28.88 , 11.74
29.41 , 11.61
28.49 , 11.59
28.88 , 12.06
28.9 , 12.21
29.03 , 11.76
29.28 , 11.72
28.92 , 11.93
29.16 , 11.91
28.97 , 11.42
28.87 , 11.95
29.28 , 11.48
28.6 , 12.13
29.5 , 11.96
28.38 , 11.47
28.83 , 11.7
29.06 , 12.19
29.14 , 11.68
28.77 , 11.87
29.06 , 12.06
28.86 , 12.18
29.15 , 11.85
29.03 , 12.32
29.15 , 11.85
28.91 , 12.17
29.1 , 11.96
28.82 , 11.86
29.06 , 12.37
28.7 , 11.96
28.79 , 11.58
29.61 , 11.61
29.35 , 12.19
29.17 , 11.94
29.05 , 12.06
29.17 , 12.07
29.24 , 11.52
28.76 , 11.92
29.08 , 11.59
29.34 , 12.06
29.18 , 12.2
29.27 , 11.91
28.97 , 12.23
29.0 , 11.75
28.9 , 12.11
29.21 , 11.9
29.39 , 11.73
29.36 , 11.81
29.13 , 11.89
29.23 , 12.29
29.03 , 12.2
29.5 , 11.9
29.03 , 11.65
29.18 , 12.67
29.16 , 11.97
28.98 , 12.05
29.29 , 12.19
29.76 , 12.2
29.03 , 11.91
28.92 , 11.84
28.9 , 12.23
28.71 , 12.1
29.3 , 11.56
29.47 , 12.27
29.73 , 11.88
29.48 , 12.0
29.66 , 11.95
29.59 , 11.69
29.14 , 11.68
29.27 , 11.63
29.36 , 11.81
28.98 , 12.01
29.63 , 12.08
29.43 , 11.89
29.31 , 11.55
29.86 , 11.53
29.15 , 11.69
29.11 , 11.99
29.2 , 11.81
29.48 , 11.65
29.12 , 12.07
29.28 , 11.49
29.56 , 11.59
29.42 , 11.96
29.5 , 12.03
29.33 , 11.95
29.02 , 12.03
28.97 , 12.14
29.27 , 12.18
29.45 , 12.09
29.35 , 11.9
29.6 , 12.12
29.39 , 11.27
29.53 , 12.14
29.82 , 11.9
29.78 , 11.06
29.41 , 11.8
30.04 , 11.9
30.18 , 11.97
29.43 , 11.82
29.33 , 12.0
29.59 , 11.71
30.01 , 12.23
29.49 , 12.1
29.53 , 11.84
29.37 , 11.8
30.04 , 12.4
29.56 , 11.89
29.89 , 11.76
29.8 , 11.58
29.72 , 12.16
29.84 , 12.37
29.94 , 11.86
29.29 , 11.38
29.38 , 11.94
29.51 , 12.69
29.78 , 12.09
29.7 , 11.93
29.77 , 12.26
29.7 , 12.22
30.06 , 12.03
29.88 , 12.07
30.01 , 12.21
29.78 , 12.29
30.04 , 12.04
29.43 , 12.43
29.81 , 12.18
29.8 , 11.91
29.46 , 12.0
29.72 , 12.13
29.7 , 11.98
29.98 , 11.99
29.64 , 12.12
29.72 , 11.73
29.54 , 11.77
29.66 , 11.42
29.45 , 11.84
29.72 , 11.95
29.98 , 11.72
30.23 , 12.09
29.23 , 11.98
29.6 , 12.13
30.31 , 11.64
29.9 , 11.72
29.5 , 12.16
30.1 , 11.82
29.79 , 11.68
29.73 , 11.94
29.86 , 12.18
29.96 , 11.99
29.95 , 12.16
30.07 , 11.65
29.88 , 12.11
29.74 , 11.63
29.69 , 11.69
29.9 , 11.96
30.1 , 11.51
30.09 , 12.21
30.65 , 11.93
30.18 , 11.56
30.27 , 12.42
30.07 , 11.85
30.39 , 11.76
30.47 , 11.74
30.14 , 12.1
30.07 , 11.87
29.77 , 12.38
30.15 , 11.81
29.7 , 12.24
30.39 , 12.03
29.93 , 12.2
30.18 , 12.37
30.02 , 11.88
30.04 , 11.72
29.79 , 11.93
30.03 , 12.1
29.71 , 11.99
30.59 , 11.65
29.99 , 11.97
30.25 , 11.9
30.67 , 11.96
30.16 , 12.15
30.46 , 12.23
29.76 , 12.14
29.96 , 12.42
30.26 , 12.22
30.1 , 11.95
30.4 , 12.38
30.71 , 12.08
30.43 , 11.88
30.28 , 12.16
29.88 , 12.01
30.18 , 12.11
30.09 , 12.1
30.16 , 12.07
29.74 , 12.22
30.61 , 12.15
30.22 , 11.99
29.98 , 11.96
29.85 , 12.22
29.96 , 12.29
30.22 , 11.86
30.76 , 12.13
30.24 , 12.11
29.92 , 12.23
30.35 , 11.71
30.23 , 12.28
30.69 , 11.75
30.05 , 12.54
30.05 , 12.42
29.99 , 11.98
30.44 , 12.13
29.97 , 12.29
30.55 , 12.26
30.83 , 11.96
30.69 , 12.37
30.49 , 12.49
30.2 , 12.23
29.94 , 12.13
30.1 , 12.57
30.17 , 12.41
30.27 , 12.92
30.09 , 12.1
30.47 , 11.89
30.32 , 12.09
30.1 , 12.3
30.84 , 12.58
30.53 , 12.48
30.46 , 12.19
30.38 , 12.35
30.5 , 12.6
30.05 , 12.05
30.72 , 12.11
30.66 , 13.11
30.63 , 12.48
30.33 , 12.45
30.6 , 13.17
30.6 , 12.37
30.79 , 12.42
30.71 , 12.5
30.44 , 12.63
30.36 , 12.27
30.38 , 12.47
30.31 , 12.64
30.49 , 12.53
30.33 , 12.52
30.59 , 12.39
30.36 , 12.54
30.49 , 12.33
30.65 , 12.59
30.91 , 12.2
30.12 , 12.56
30.93 , 12.74
30.46 , 12.32
30.54 , 12.39
30.26 , 12.54
30.29 , 12.44
30.29 , 12.48
30.6 , 12.55
30.55 , 12.27
30.12 , 12.52
30.49 , 12.71
30.15 , 12.78
30.47 , 12.29
30.36 , 12.45
30.85 , 12.46
30.6 , 12.35
30.17 , 12.4
30.11 , 12.5
30.47 , 13.03
30.41 , 12.87
30.7 , 12.8
30.59 , 12.57
30.67 , 12.91
30.35 , 12.3
30.41 , 12.26
30.45 , 12.55
30.37 , 12.58
30.87 , 12.65
30.86 , 12.61
30.61 , 12.31
30.9 , 12.73
30.96 , 12.64
30.44 , 13.19
30.32 , 12.17
30.8 , 12.41
30.31 , 12.75
30.41 , 13.14
31.15 , 13.24
30.49 , 12.93
30.47 , 12.57
30.57 , 12.66
30.72 , 12.64
31.0 , 12.37
30.75 , 12.33
30.78 , 13.04
31.05 , 12.9
30.71 , 12.58
30.57 , 12.79
30.49 , 12.42
31.0 , 12.89
30.8 , 12.66
30.86 , 12.67
30.8 , 12.79
30.71 , 12.62
30.88 , 12.59
31.11 , 13.03
30.66 , 12.92
30.94 , 12.82
30.44 , 12.89
30.64 , 12.77
31.26 , 12.84
30.39 , 13.01
31.01 , 12.63
30.74 , 12.67
30.83 , 13.14
31.43 , 12.8
30.81 , 13.21
30.71 , 13.09
30.62 , 13.68
30.58 , 13.06
31.2 , 13.13
31.2 , 13.13
30.81 , 13.08
31.03 , 12.96
31.04 , 12.84
30.61 , 13.27
30.87 , 13.33
31.3 , 12.82
31.25 , 13.04
30.94 , 12.5
30.73 , 12.88
30.7 , 12.65
30.42 , 12.99
30.95 , 13.18
30.5 , 12.57
31.38 , 12.93
30.85 , 13.23
30.6 , 12.93
31.09 , 13.1
31.1 , 12.89
31.27 , 12.63
30.34 , 12.95
30.93 , 13.0
30.38 , 12.68
30.82 , 13.24
31.21 , 13.44
30.61 , 12.9
30.48 , 12.73
30.61 , 13.0
30.72 , 13.12
31.29 , 12.98
30.83 , 13.06
30.9 , 13.0
30.78 , 13.1
30.82 , 13.18
31.0 , 13.34
31.1 , 13.21
30.95 , 12.97
31.12 , 12.88
31.08 , 13.52
30.82 , 13.27
31.15 , 13.11
31.27 , 13.0
30.69 , 13.25
31.13 , 13.2
31.24 , 12.86
30.81 , 13.59
30.95 , 13.41
31.13 , 12.67
30.89 , 13.85
31.08 , 13.35
30.72 , 13.14
30.77 , 13.1
31.09 , 12.99
30.71 , 13.33
31.21 , 13.07
30.89 , 13.42
31.04 , 13.5
31.24 , 13.14
31.34 , 12.75
30.85 , 13.23
31.32 , 13.43
31.23 , 13.02
31.09 , 13.7
31.28 , 13.51
31.14 , 12.95
31.02 , 13.57
30.93 , 13.57
31.25 , 12.83
31.15 , 13.14
31.09 , 13.64
30.79 , 12.88
31.06 , 13.31
31.22 , 13.32
30.94 , 13.24
31.69 , 13.43
31.38 , 13.4
31.23 , 12.93
31.3 , 13.94
30.74 , 13.47
30.87 , 13.5
31.27 , 13.31
30.89 , 13.2
31.53 , 13.27
31.19 , 13.48
31.07 , 13.3
30.84 , 13.87
31.29 , 13.52
31.08 , 13.11
31.42 , 13.25
31.25 , 13.12
31.8 , 13.37
31.33 , 13.62
30.97 , 13.44
30.93 , 13.2
31.47 , 13.7
31.38 , 13.18
31.24 , 13.61
31.17 , 13.35
31.33 , 13.64
31.13 , 13.06
31.15 , 13.4
31.24 , 13.52
31.58 , 13.45
31.4 , 13.3
31.29 , 13.6
31.02 , 13.72
31.11 , 13.41
31.46 , 13.63
31.35 , 13.33
31.81 , 13.47
31.35 , 13.51
31.38 , 13.44
31.2 , 13.25
31.07 , 13.69
31.77 , 13.57
31.4 , 13.47
31.27 , 14.0
31.42 , 13.67
31.63 , 12.83
31.55 , 13.54
31.41 , 13.58
31.56 , 13.71
31.8 , 13.46
31.51 , 13.8
31.27 , 13.53
31.56 , 13.64
31.4 , 13.65
32.09 , 13.49
31.16 , 13.64
30.98 , 13.45
30.96 , 13.91
31.64 , 13.56
30.9 , 13.32
31.19 , 14.36
31.08 , 13.63
31.67 , 13.78
31.37 , 13.5
31.72 , 13.6
31.08 , 13.48
31.33 , 14.02
31.44 , 13.23
31.4 , 13.88
31.26 , 13.54
31.18 , 13.74
31.51 , 13.55
31.54 , 13.82
31.35 , 13.68
31.67 , 13.63
31.12 , 13.85
31.51 , 13.81
31.58 , 14.11
31.19 , 14.21
31.66 , 13.91
31.32 , 13.74
31.52 , 13.85
31.14 , 13.73
31.07 , 14.28
31.4 , 13.59
31.44 , 13.91
31.81 , 13.93
31.15 , 13.68
31.64 , 13.81
31.79 , 13.66
31.52 , 13.29
31.58 , 13.95
31.65 , 13.59
31.6 , 13.81
31.39 , 13.68
31.67 , 13.98
32.11 , 13.59
31.55 , 14.03
31.52 , 14.03
31.17 , 14.27
31.89 , 13.87
31.33 , 13.75
31.46 , 14.2
31.54 , 13.93
31.81 , 13.78
31.51 , 13.32
31.88 , 14.25
31.72 , 13.66
31.81 , 13.82
31.0 , 13.82
31.19 , 13.82
31.41 , 14.12
31.32 , 13.95
31.68 , 13.52
31.73 , 13.75
31.47 , 13.57
31.72 , 13.78
31.69 , 13.93
32.09 , 13.88
31.75 , 14.29
31.63 , 14.25
31.87 , 13.48
32.12 , 13.93
31.47 , 13.9
31.81 , 14.03
32.29 , 13.55
31.86 , 13.85
31.67 , 13.88
31.59 , 14.4
31.83 , 13.99
31.87 , 13.63
31.76 , 13.89
31.56 , 14.36
31.86 , 14.18
31.67 , 14.06
31.81 , 14.19
31.85 , 14.16
31.64 , 14.17
31.94 , 14.18
31.76 , 14.12
31.83 , 14.14
31.84 , 13.95
31.72 , 14.11
31.59 , 13.47
31.84 , 13.99
31.92 , 14.24
31.96 , 14.03
31.92 , 13.68
32.02 , 13.89
31.69 , 14.23
31.73 , 13.89
31.83 , 13.87
32.09 , 13.85
31.88 , 14.4
31.98 , 14.7
32.16 , 14.23
31.62 , 14.3
32.23 , 14.39
32.07 , 14.32
31.9 , 14.26
32.03 , 14.18
32.26 , 13.97
32.26 , 14.05
31.7 , 14.12
31.75 , 14.13
32.12 , 14.5
32.16 , 13.55
32.27 , 14.03
32.08 , 14.53
32.25 , 14.65
32.0 , 13.99
31.77 , 14.71
31.91 , 14.29
31.88 , 14.02
32.38 , 14.59
32.06 , 14.42
31.84 , 14.23
31.89 , 14.51
32.34 , 14.14
31.61 , 14.48
32.55 , 14.04
32.5 , 14.37
32.12 , 13.91
32.01 , 13.94
32.22 , 14.87
32.12 , 14.14
31.92 , 14.29
32.11 , 14.68
32.11 , 14.36
31.83 , 14.11
32.14 , 14.31
32.05 , 14.47
32.49 , 14.13
32.27 , 14.59
31.98 , 14.05
31.81 , 14.41
32.15 , 14.47
32.29 , 14.63
32.46 , 14.8
32.13 , 14.43
31.92 , 14.11
32.14 , 14.14
32.48 , 14.22
32.57 , 14.24
32.12 , 14.69
32.26 , 14.77
31.96 , 14.61
32.07 , 14.56
31.84 , 14.23
32.11 , 14.56
31.93 , 14.23
31.75 , 14.32
32.6 , 14.31
31.73 , 14.13
31.94 , 14.36
32.28 , 14.7
32.09 , 14.64
32.2 , 14.65
32.49 , 14.69
31.82 , 14.68
32.15 , 13.94
32.35 , 14.45
31.94 , 14.05
32.38 , 14.6
32.42 , 14.55
32.75 , 14.37
32.29 , 14.56
32.67 , 14.86
32.14 , 14.85
32.12 , 14.76
31.9 , 14.12
32.54 , 14.68
32.2 , 14.15
32.17 , 14.44
32.49 , 14.62
31.82 , 14.4
32.04 , 14.42
32.02 , 14.89
32.61 , 14.56
32.15 , 14.38
32.33 , 15.17
32.58 , 14.75
32.64 , 14.48
32.23 , 14.75
32.07 , 14.94
32.22 , 14.33
32.6 , 14.58
32.3 , 15.0
32.74 , 14.5
32.68 , 14.31
32.74 , 14.73
32.41 , 15.06
32.51 , 14.25
32.49 , 14.92
32.67 , 15.09
32.33 , 14.4
32.03 , 14.59
32.28 , 14.76
32.84 , 14.6
32.11 , 14.74
32.49 , 14.91
32.79 , 14.86
32.53 , 14.57
32.55 , 15.0
32.37 , 15.17
32.47 , 14.96
32.06 , 15.05
32.45 , 14.65
32.53 , 14.84
32.31 , 14.47
32.59 , 14.97
32.54 , 14.73
32.45 , 14.33
32.38 , 14.63
32.47 , 14.25
32.19 , 14.69
32.06 , 14.48
32.89 , 14.77
32.4 , 14.84
32.27 , 14.86
32.42 , 14.58
32.55 , 15.02
32.55 , 14.53
32.58 , 14.7
32.44 , 14.91
32.67 , 15.08
32.47 , 15.49
32.81 , 15.07
33.01 , 15.18
32.98 , 15.19
32.5 , 15.12
32.88 , 15.11
32.93 , 15.07
32.41 , 14.88
32.38 , 14.61
33.12 , 15.15
32.94 , 14.62
32.83 , 14.83
32.81 , 15.14
32.96 , 14.76
32.96 , 15.22
32.74 , 14.7
32.35 , 14.56
32.26 , 15.18
32.26 , 14.79
32.74 , 14.87
32.79 , 15.3
32.55 , 15.17
32.95 , 15.0
32.94 , 15.0
32.74 , 15.25
32.65 , 14.98
32.85 , 15.29
32.45 , 15.32
32.77 , 15.1
33.07 , 14.82
32.51 , 14.78
32.77 , 15.18
32.37 , 15.18
32.45 , 15.13
33.27 , 15.36
32.76 , 15.32
32.95 , 14.51
32.57 , 15.29
32.91 , 14.84
32.89 , 15.21
32.76 , 15.12
33.26 , 15.31
33.01 , 14.71
32.71 , 15.33
32.86 , 15.09
32.58 , 15.22
32.78 , 14.75
33.45 , 15.11
32.37 , 14.8
32.67 , 15.05
32.62 , 15.14
33.2 , 14.92
33.12 , 15.38
32.57 , 14.83
33.04 , 15.44
33.05 , 15.35
32.7 , 15.37
32.6 , 15.36
33.09 , 15.4
33.21 , 15.38
33.15 , 15.28
33.31 , 15.23
33.26 , 15.08
32.61 , 15.3
32.89 , 15.13
32.72 , 15.46
33.03 , 15.49
32.82 , 15.36
32.68 , 15.11
33.13 , 15.48
32.97 , 15.59
32.75 , 15.63
32.91 , 15.27
32.71 , 15.64
32.71 , 15.65
33.31 , 14.86
32.95 , 15.04
32.85 , 15.32
32.9 , 15.5
33.09 , 14.9
32.68 , 15.01
32.65 , 15.48
32.95 , 15.37
32.47 , 15.26
32.45 , 15.35
32.85 , 15.47
33.14 , 15.58
32.96 , 15.47
32.77 , 15.94
33.06 , 15.12
33.04 , 15.67
32.85 , 15.68
32.96 , 15.73
33.05 , 15.19
33.09 , 15.72
32.58 , 15.18
33.15 , 15.15
32.61 , 15.43
32.94 , 15.36
32.97 , 15.51
32.86 , 15.05
33.01 , 15.37
33.04 , 15.47
32.91 , 15.07
33.21 , 15.83
33.22 , 15.5
33.25 , 15.39
32.75 , 15.0
33.13 , 15.2
32.88 , 15.59
33.36 , 15.85
32.7 , 15.44
32.94 , 15.52
33.12 , 15.63
33.08 , 15.22
32.63 , 15.97
32.99 , 15.7
33.18 , 15.73
33.16 , 15.83
32.91 , 15.67
33.28 , 15.34
32.93 , 15.36
33.49 , 15.45
33.39 , 15.46
33.24 , 15.73
33.24 , 15.46
33.07 , 16.05
33.56 , 15.73
33.06 , 15.7
33.68 , 15.43
33.24 , 15.73
33.13 , 15.57
33.43 , 15.54
33.19 , 15.69
32.91 , 15.64
33.51 , 15.9
32.78 , 15.59
33.69 , 15.39
33.04 , 15.73
33.09 , 15.45
33.08 , 15.71
33.34 , 15.75
32.91 , 15.25
33.47 , 15.65
33.31 , 15.78
33.65 , 15.97
33.16 , 15.88
33.43 , 16.06
33.53 , 16.28
33.87 , 15.79
33.08 , 15.85
33.13 , 15.71
33.58 , 15.57
32.84 , 15.59
33.08 , 15.33
33.49 , 15.88
33.41 , 16.03
33.31 , 16.28
33.41 , 15.99
33.18 , 15.88
33.29 , 15.48
33.43 , 15.55
33.62 , 15.37
32.89 , 16.12
33.54 , 15.71
32.91 , 15.63
33.46 , 16.3
33.24 , 16.24
32.97 , 16.23
33.58 , 15.64
33.76 , 15.85
33.22 , 15.74
33.65 , 15.7
33.25 , 15.8
33.39 , 15.54
33.8 , 16.32
33.42 , 15.99
33.4 , 15.6
33.54 , 15.62
33.08 , 15.74
33.57 , 15.77
33.68 , 16.07
33.72 , 16.25
33.35 , 16.09
33.65 , 16.0
33.36 , 16.05
33.54 , 16.11
33.47 , 15.79
33.14 , 15.91
33.96 , 15.99
33.52 , 15.74
33.61 , 15.97
33.57 , 15.89
33.27 , 15.74
33.38 , 15.72
33.27 , 16.04
33.54 , 15.85
33.51 , 16.26
33.25 , 16.15
33.04 , 16.39
33.69 , 16.54
34.02 , 16.04
33.73 , 16.12
33.09 , 16.25
33.78 , 16.23
33.66 , 15.73
33.43 , 15.09
33.66 , 15.85
33.46 , 16.31
33.61 , 15.33
33.86 , 15.69
33.31 , 15.8
33.93 , 15.73
33.71 , 16.22
33.09 , 16.42
33.45 , 16.49
33.53 , 16.45
34.17 , 15.54
33.35 , 15.94
33.89 , 16.52
33.69 , 16.22
33.86 , 15.87
33.51 , 16.15
34.01 , 15.94
33.84 , 15.93
33.39 , 16.16
33.73 , 16.16
33.5 , 16.0
33.93 , 15.79
33.54 , 15.86
33.73 , 16.48
33.62 , 15.99
33.63 , 16.18
33.6 , 15.93
33.81 , 16.56
33.79 , 16.01
34.07 , 16.2
33.84 , 16.16
33.86 , 15.87
33.74 , 16.16
33.7 , 16.25
34.47 , 15.97
33.69 , 15.89
33.79 , 16.09
34.02 , 16.21
33.75 , 16.25
34.29 , 16.52
33.89 , 16.53
33.74 , 15.85
33.44 , 16.4
33.89 , 16.12
33.57 , 16.49
33.7 , 15.97
34.01 , 16.32
33.51 , 16.68
33.68 , 16.16
33.65 , 16.21
34.22 , 16.22
34.03 , 16.14
34.15 , 16.64
34.06 , 16.76
33.92 , 15.83
33.54 , 16.17
34.07 , 16.37
33.94 , 16.4
33.79 , 16.33
33.74 , 16.36
34.06 , 16.77
34.25 , 16.33
33.78 , 16.27
33.44 , 16.61
34.13 , 16.49
33.92 , 16.56
34.16 , 16.72
33.54 , 17.01
33.76 , 16.76
33.65 , 16.73
34.61 , 16.68
33.95 , 16.83
33.93 , 16.47
33.83 , 16.4
34.0 , 16.27
34.26 , 16.54
33.66 , 16.26
33.96 , 16.37
34.36 , 16.2
33.98 , 16.44
33.95 , 16.63
34.14 , 16.34
33.86 , 16.58
33.99 , 16.36
33.6 , 16.58
33.9 , 16.63
33.86 , 16.49
33.96 , 16.05
34.04 , 16.59
34.01 , 16.55
34.4 , 16.02
33.79 , 16.36
33.85 , 16.41
33.72 , 16.45
34.18 , 16.38
34.23 , 16.77
34.28 , 16.62
33.58 , 16.53
33.45 , 16.18
34.24 , 15.87
34.25 , 16.43
34.26 , 16.93
34.08 , 16.34
34.26 , 16.27
34.12 , 16.59
34.39 , 16.17
34.17 , 17.09
34.08 , 17.1
34.36 , 16.22
34.27 , 16.72
33.96 , 16.58
33.68 , 17.07
34.28 , 16.57
34.37 , 17.03
34.13 , 16.64
34.32 , 16.62
34.62 , 16.93
34.23 , 16.57
33.65 , 16.4
34.73 , 16.67
34.5 , 16.19
33.88 , 16.93
34.48 , 16.34
33.81 , 16.43
34.23 , 16.15
34.64 , 16.44
34.31 , 16.93
34.2 , 16.73
34.12 , 17.23
34.52 , 16.7
34.12 , 16.73
33.68 , 16.62
34.12 , 17.1
34.36 , 16.51
33.9 , 16.93
34.36 , 16.98
34.28 , 16.87
34.29 , 17.26
34.28 , 16.54
34.51 , 16.99
34.21 , 17.15
34.44 , 16.62
34.08 , 17.23
34.54 , 16.52
34.02 , 17.31
35.0 , 17.12
34.3 , 16.75
34.54 , 17.23
34.43 , 16.8
33.97 , 16.52
34.05 , 16.36
34.45 , 16.75
34.8 , 17.14
34.36 , 17.38
34.59 , 16.81
34.38 , 16.71
34.24 , 16.88
34.27 , 16.8
34.33 , 16.93
34.72 , 16.86
34.29 , 17.06
34.45 , 16.63
34.33 , 16.89
34.22 , 17.14
34.5 , 16.79
34.71 , 17.04
34.43 , 17.01
34.64 , 17.13
34.25 , 17.04
34.41 , 16.89
34.36 , 17.25
34.46 , 17.62
34.3 , 17.21
34.74 , 16.89
34.49 , 17.27
34.93 , 16.97
34.43 , 17.09
34.66 , 16.91
34.7 , 17.14
34.5 , 16.78
34.68 , 16.47
34.25 , 16.57
34.41 , 16.98
34.42 , 16.87
34.7 , 16.55
34.13 , 17.13
34.83 , 17.16
34.22 , 16.59
34.67 , 17.14
34.55 , 16.73
33.9 , 17.29
35.0 , 17.3
34.69 , 17.21
34.51 , 17.03
34.58 , 16.89
34.66 , 16.78
34.55 , 17.55
34.95 , 16.9
34.8 , 17.27
34.83 , 17.24
34.52 , 17.43
34.87 , 16.83
34.62 , 17.06
34.34 , 17.17
34.52 , 16.64
35.11 , 17.19
34.58 , 17.22
34.39 , 16.96
35.06 , 17.07
34.2 , 17.27
34.87 , 17.0
34.49 , 17.53
34.88 , 16.88
34.54 , 17.11
34.61 , 16.88
34.61 , 16.94
34.85 , 17.27
34.55 , 17.15
34.56 , 17.46
34.81 , 17.4
34.16 , 17.42
34.67 , 17.14
34.34 , 17.54
35.09 , 17.26
34.67 , 17.08
34.92 , 17.29
34.54 , 17.6
34.85 , 17.35
34.71 , 17.22
34.53 , 17.16
34.6 , 17.52
34.5 , 17.68
35.02 , 17.15
34.55 , 16.88
34.97 , 17.5
35.17 , 17.4
34.87 , 17.25
34.46 , 17.5
34.69 , 17.33
34.59 , 17.47
34.36 , 17.04
35.06 , 17.51
34.55 , 17.43
34.89 , 17.63
35.08 , 17.63
34.67 , 17.87
34.82 , 17.56
34.97 , 17.77
35.09 , 16.98
34.47 , 17.37
34.64 , 17.65
35.22 , 17.75
34.59 , 17.55
35.09 , 17.61
35.09 , 18.11
35.07 , 17.54
35.01 , 17.52
34.77 , 17.45
34.65 , 17.2
34.9 , 17.23
34.73 , 17.3
34.6 , 16.79
35.06 , 17.82
34.95 , 17.3
35.19 , 17.58
34.56 , 17.47
34.93 , 17.28
35.05 , 17.14
34.93 , 17.69
34.45 , 17.66
35.15 , 17.3
34.65 , 17.48
34.94 , 17.48
34.87 , 17.25
34.5 , 17.36
35.19 , 17.74
35.14 , 17.5
34.82 , 17.43
35.01 , 17.21
35.06 , 17.68
34.83 , 17.8
35.16 , 17.01
34.89 , 17.55
34.41 , 17.75
35.24 , 17.73
34.97 , 17.96
35.03 , 17.68
35.13 , 17.9
34.6 , 17.85
35.11 , 17.98
35.08 , 17.61
34.86 , 17.65
34.89 , 17.77
35.05 , 17.46
35.22 , 17.64
34.96 , 18.0
35.17 , 17.77
34.88 , 17.99
35.21 , 17.38
35.0 , 18.0
35.32 , 17.66
35.14 , 17.74
34.51 , 17.88
35.45 , 17.57
35.13 , 17.95
35.17 , 17.98
35.12 , 17.66
34.94 , 17.7
34.79 , 17.43
35.15 , 17.51
35.16 , 17.72
35.09 , 17.89
35.02 , 17.49
35.08 , 17.71
35.48 , 18.02
34.82 , 17.32
34.85 , 17.91
34.7 , 18.0
35.09 , 18.07
35.23 , 17.56
35.07 , 17.85
35.47 , 17.73
35.04 , 17.84
35.0 , 17.94
35.29 , 18.04
34.99 , 18.11
35.91 , 18.18
35.23 , 17.81
34.83 , 17.96
35.73 , 17.98
35.32 , 17.84
34.94 , 18.45
35.15 , 18.27
35.25 , 17.85
35.03 , 17.91
35.3 , 17.79
35.23 , 17.84
35.04 , 17.72
35.93 , 17.57
35.44 , 17.56
35.04 , 18.14
34.92 , 18.1
35.65 , 17.87
35.48 , 18.18
34.77 , 17.83
35.19 , 18.16
35.19 , 17.62
34.97 , 17.96
35.33 , 18.06
35.04 , 18.08
35.29 , 17.72
35.01 , 18.51
35.48 , 17.88
35.48 , 17.8
35.77 , 18.13
34.78 , 17.9
35.29 , 18.03
35.06 , 18.25
35.4 , 18.37
35.42 , 18.38
35.77 , 18.05
35.45 , 18.26
35.5 , 18.01
35.98 , 18.34
35.52 , 17.74
35.13 , 18.0
35.12 , 17.69
35.56 , 18.24
35.27 , 18.06
35.7 , 18.3
35.88 , 18.03
35.34 , 18.29
35.9 , 18.05
35.36 , 18.04
35.73 , 18.4
35.2 , 18.38
35.65 , 18.44
35.34 , 18.11
35.6 , 18.26
35.23 , 18.32
35.63 , 18.08
35.59 , 18.43
35.49 , 18.17
35.23 , 18.14
35.32 , 17.91
35.74 , 18.28
35.59 , 18.22
35.85 , 17.75
35.91 , 18.07
35.3 , 17.99
35.31 , 18.16
35.72 , 17.99
35.74 , 18.08
35.54 , 18.56
35.46 , 17.93
35.57 , 18.32
35.46 , 18.12
35.72 , 18.0
35.53 , 18.04
35.72 , 18.14
35.66 , 18.24
35.56 , 18.04
35.9 , 18.13
35.56 , 17.95
35.61 , 18.06
35.33 , 18.53
35.8 , 18.35
35.66 , 18.43
35.61 , 18.34
35.37 , 18.2
35.58 , 17.66
35.33 , 18.09
36.14 , 17.92
35.17 , 18.49
35.4 , 18.44
35.64 , 18.74
35.65 , 18.55
35.62 , 18.35
35.67 , 18.33
36.02 , 18.75
35.68 , 18.3
35.73 , 18.61
35.86 , 18.39
35.29 , 18.95
36.06 , 18.5
35.78 , 18.72
36.12 , 18.42
35.79 , 18.35
36.2 , 18.31
35.61 , 18.67
35.88 , 18.41
35.94 , 18.5
35.73 , 18.52
35.88 , 18.49
35.87 , 18.48
35.88 , 18.21
36.18 , 18.7
35.84 , 18.61
36.22 , 18.58
35.46 , 18.57
35.28 , 18.43
36.14 , 18.21
35.4 , 18.4
35.89 , 18.97
35.74 , 18.48
35.5 , 19.02
35.77 , 18.62
36.07 , 18.48
35.6 , 18.4
35.8 , 18.73
36.09 , 18.4
35.74 , 18.19
35.85 , 19.07
35.96 , 18.47
36.23 , 18.66
36.14 , 18.96
35.55 , 18.58
35.81 , 18.87
35.84 , 18.61
35.37 , 18.46
35.73 , 18.33
35.92 , 18.52
35.94 , 18.82
35.99 , 18.61
35.98 , 18.33
35.81 , 18.47
36.38 , 18.31
35.82 , 18.76
35.8 , 18.79
35.63 , 18.88
35.98 , 18.1
35.58 , 18.33
35.87 , 18.56
36.02 , 18.81
36.09 , 18.77
35.75 , 18.3
35.65 , 18.76
35.72 , 18.38
35.75 , 18.78
35.64 , 18.64
36.15 , 18.9
35.55 , 18.69
35.84 , 19.31
35.93 , 18.36
35.84 , 18.71
35.88 , 18.9
35.9 , 18.73
36.86 , 18.84
36.22 , 18.74
35.41 , 19.16
35.91 , 18.92
35.67 , 18.78
36.3 , 18.48
36.51 , 19.01
36.14 , 18.7
36.28 , 18.27
36.36 , 18.29
35.93 , 19.11
36.14 , 18.32
35.65 , 18.48
35.94 , 18.59
36.32 , 18.72
36.52 , 19.15
35.78 , 19.14
36.42 , 18.53
36.01 , 18.62
35.85 , 18.82
36.18 , 18.63
35.71 , 19.0
36.45 , 19.13
35.76 , 18.73
36.04 , 18.69
36.39 , 18.64
36.06 , 18.96
36.16 , 18.94
36.11 , 19.01
36.23 , 18.9
36.29 , 19.0
36.34 , 19.02
36.28 , 18.99
35.96 , 18.79
36.1 , 18.75
36.06 , 18.75
36.01 , 19.01
36.93 , 19.41
36.19 , 18.95
36.13 , 18.88
36.35 , 19.05
36.28 , 19.18
36.1 , 19.14
36.26 , 18.72
36.54 , 18.74
36.43 , 18.8
36.06 , 19.26
36.34 , 18.98
36.05 , 18.57
36.13 , 18.96
36.47 , 19.0
36.51 , 18.87
36.49 , 19.22
36.21 , 19.23
36.69 , 18.68
35.95 , 18.86
36.14 , 18.8
36.32 , 18.7
36.74 , 19.03
36.35 , 19.01
36.16 , 19.09
36.27 , 19.15
36.5 , 18.87
35.88 , 18.91
36.38 , 18.58
36.44 , 19.11
36.0 , 19.14
36.57 , 19.07
36.46 , 19.25
36.64 , 19.4
36.17 , 19.06
36.37 , 18.87
36.39 , 19.22
36.45 , 18.67
36.21 , 18.52
36.4 , 19.14
36.58 , 19.37
36.15 , 19.13
36.43 , 19.35
36.68 , 19.12
36.04 , 19.36
36.36 , 18.73
36.46 , 18.97
36.43 , 19.48
36.41 , 18.99
36.53 , 19.13
36.46 , 19.45
36.49 , 19.33
36.43 , 19.24
36.19 , 19.03
36.71 , 19.55
36.19 , 19.4
36.68 , 19.04
36.64 , 19.38
36.77 , 19.68
36.48 , 19.35
36.26 , 19.33
36.5 , 19.21
36.53 , 19.48
36.73 , 19.46
36.95 , 18.93
36.47 , 19.27
36.42 , 19.18
36.18 , 19.22
36.83 , 19.19
36.52 , 19.41
36.53 , 19.08
36.41 , 19.61
36.38 , 19.02
37.02 , 19.37
36.28 , 18.91
36.38 , 19.02
36.53 , 19.57
36.76 , 19.26
36.73 , 19.25
35.95 , 19.54
36.39 , 19.13
36.83 , 19.39
36.81 , 19.62
36.79 , 19.36
37.11 , 19.15
36.85 , 19.86
36.57 , 19.25
36.83 , 19.68
36.76 , 19.26
36.67 , 19.06
36.9 , 19.7
36.6 , 19.58
36.57 , 19.45
36.69 , 19.39
37.38 , 19.37
36.91 , 19.24
36.73 , 19.45
36.47 , 19.67
36.87 , 19.79
36.79 , 19.23
36.89 , 19.56
37.15 , 18.91
36.66 , 19.52
36.96 , 19.21
36.98 , 19.58
36.2 , 20.08
36.19 , 19.26
36.51 , 19.63
36.61 , 19.5
36.54 , 19.65
36.94 , 19.96
36.38 , 19.36
36.6 , 19.44
36.71 , 19.71
36.6 , 19.4
37.07 , 19.9
37.22 , 20.07
36.59 , 19.9
36.95 , 19.56
36.93 , 19.43
36.51 , 19.53
36.41 , 19.5
36.81 , 19.36
36.62 , 19.13
36.52 , 19.59
36.65 , 19.65
36.65 , 19.5
36.41 , 20.04
36.76 , 19.85
36.64 , 19.36
36.9 , 19.54
36.82 , 19.81
36.99 , 19.85
36.9 , 19.19
36.97 , 20.04
36.95 , 19.93
36.98 , 19.81
37.02 , 19.32
36.34 , 19.71
37.03 , 19.83
36.82 , 19.58
36.63 , 19.79
36.98 , 19.89
36.87 , 20.03
36.72 , 20.0
36.71 , 20.08
37.15 , 19.49
37.05 , 19.5
37.38 , 20.01
36.95 , 19.84
36.92 , 19.65
36.67 , 19.74
37.2 , 19.86
37.23 , 20.03
37.09 , 19.56
36.72 , 19.69
36.42 , 19.41
36.99 , 20.13
37.52 , 19.85
37.22 , 19.9
36.76 , 20.05
36.98 , 19.97
36.53 , 19.74
37.24 , 19.78
37.0 , 20.05
37.37 , 20.18
37.05 , 19.72
37.26 , 19.7
36.72 , 19.66
37.02 , 19.69
36.83 , 20.12
36.76 , 19.58
37.06 , 20.04
36.92 , 19.65
37.66 , 19.79
37.73 , 19.72
37.39 , 19.61
37.48 , 20.05
37.15 , 19.78
37.48 , 20.26
37.11 , 19.99
36.94 , 20.11
37.03 , 20.09
36.62 , 20.07
37.37 , 20.01
37.52 , 19.78
37.42 , 20.01
37.16 , 20.1
37.48 , 19.55
37.16 , 19.97
37.35 , 20.0
37.04 , 20.07
37.37 , 19.85
37.21 , 19.99
37.03 , 20.02
37.67 , 19.91
37.33 , 20.17
37.49 , 19.96
36.89 , 20.22
36.69 , 20.12
37.45 , 20.21
37.23 , 20.01
37.09 , 20.29
36.8 , 19.78
37.09 , 20.03
37.35 , 20.02
37.25 , 19.95
37.5 , 20.3
36.82 , 20.36
37.33 , 20.13
37.46 , 20.22
37.3 , 20.22
36.82 , 20.22
37.3 , 19.86
37.13 , 20.27
37.16 , 19.89
37.22 , 20.0
37.31 , 20.44
37.79 , 20.15
37.41 , 19.91
37.47 , 20.29
37.14 , 20.34
37.15 , 20.21
37.38 , 20.2
37.4 , 20.3
37.18 , 20.24
37.5 , 20.44
37.12 , 20.1
37.23 , 19.89
37.45 , 20.67
37.2 , 20.14
37.25 , 20.21
37.15 , 20.7
37.11 , 20.4
37.61 , 20.28
37.73 , 19.83
36.65 , 20.41
37.48 , 20.22
37.44 , 20.07
37.14 , 20.08
37.4 , 20.42
37.88 , 20.22
36.99 , 20.51
37.31 , 20.04
37.58 , 19.84
37.1 , 20.75
37.29 , 20.43
37.75 , 20.01
37.47 , 20.6
37.65 , 20.66
38.06 , 20.83
37.62 , 20.18
37.66 , 20.18
37.01 , 19.99
37.47 , 20.34
37.33 , 20.63
37.44 , 20.18
37.47 , 20.36
37.63 , 20.36
37.71 , 20.27
37.45 , 20.52
37.3 , 20.44
37.54 , 20.64
36.89 , 20.71
37.42 , 20.42
37.86 , 20.54
37.17 , 20.34
37.71 , 20.35
37.62 , 20.64
38.02 , 20.27
37.14 , 20.26
37.43 , 20.69
37.61 , 20.76
37.6 , 20.13
37.65 , 20.3
37.64 , 20.07
37.76 , 20.22
37.47 , 20.69
37.52 , 20.26
37.95 , 20.41
37.83 , 20.47
37.14 , 20.45
37.69 , 20.47
38.01 , 20.1
37.43 , 20.67
37.89 , 20.73
37.38 , 20.61
37.75 , 20.98
38.16 , 20.66
37.79 , 20.73
37.61 , 20.62
37.73 , 20.59
37.81 , 20.56
37.51 , 20.84
37.89 , 20.39
37.81 , 20.37
37.75 , 20.41
37.52 , 20.69
37.45 , 20.78
38.08 , 20.54
37.5 , 20.7
37.63 , 20.24
38.23 , 20.5
38.16 , 20.84
37.87 , 20.73
37.63 , 20.79
37.57 , 20.74
37.5 , 20.65
37.01 , 20.52
37.82 , 20.68
37.81 , 20.79
38.17 , 20.54
36.85 , 20.8
37.8 , 20.68
37.93 , 21.07
37.83 , 20.46
37.95 , 20.52
37.39 , 20.44
37.77 , 20.37
37.68 , 20.82
37.22 , 21.02
38.28 , 20.68
37.77 , 20.67
37.06 , 20.78
37.43 , 20.7
37.54 , 20.53
37.63 , 20.49
37.27 , 21.04
37.55 , 20.98
38.01 , 20.69
37.84 , 20.78
37.96 , 20.87
37.77 , 20.77
38.1 , 20.59
37.44 , 20.28
37.76 , 21.03
38.37 , 20.66
37.9 , 20.6
37.9 , 20.77
38.1 , 21.01
37.99 , 20.84
38.1 , 20.78
38.21 , 21.19
38.1 , 21.26
37.74 , 20.97
37.97 , 20.67
37.99 , 20.82
38.03 , 20.9
38.09 , 20.79
37.92 , 21.1
38.25 , 20.92
37.5 , 21.11
38.1 , 20.63
37.46 , 20.51
37.55 , 21.34
37.84 , 20.87
38.14 , 21.27
38.0 , 20.9
38.22 , 21.25
38.04 , 20.8
37.71 , 21.15
37.75 , 20.8
37.45 , 20.65
38.14 , 20.81
38.19 , 20.92
37.87 , 21.19
38.04 , 20.89
38.39 , 20.74
37.74 , 20.99
38.01 , 20.52
37.95 , 20.93
37.81 , 21.05
37.51 , 21.11
38.29 , 21.56
37.72 , 21.24
37.85 , 20.62
38.05 , 20.82
37.91 , 20.82
38.18 , 20.99
38.17 , 21.1
38.18 , 21.06
37.78 , 21.21
37.99 , 21.07
38.12 , 21.09
37.93 , 20.92
37.87 , 21.0
38.28 , 20.86
38.17 , 21.51
37.76 , 21.1
38.19 , 21.04
37.98 , 21.28
38.1 , 21.16
37.86 , 21.41
38.62 , 21.05
38.25 , 20.99
38.45 , 21.23
38.21 , 21.11
37.92 , 21.19
38.25 , 20.7
38.19 , 20.69
38.55 , 21.19
38.3 , 20.97
38.63 , 21.26
38.21 , 21.13
37.99 , 21.09
38.12 , 20.89
38.47 , 20.8
38.31 , 21.5
38.27 , 21.29
38.11 , 20.95
38.65 , 20.85
38.33 , 20.94
38.37 , 21.38
38.53 , 21.23
38.25 , 21.16
38.25 , 21.22
38.45 , 21.2
38.21 , 21.81
37.97 , 21.28
38.88 , 20.94
38.62 , 21.32
38.54 , 21.44
37.92 , 21.5
38.21 , 20.91
38.41 , 21.04
38.25 , 21.37
37.94 , 21.49
38.5 , 21.33
38.54 , 21.29
38.69 , 21.21
38.37 , 21.49
38.44 , 20.95
38.26 , 21.61
38.21 , 20.97
38.45 , 21.1
38.66 , 21.19
37.76 , 21.05
38.09 , 21.19
38.43 , 21.38
38.59 , 21.17
38.25 , 21.46
38.49 , 21.58
38.01 , 21.43
38.49 , 21.52
38.31 , 21.45
37.97 , 21.15
38.68 , 21.19
38.48 , 21.95
38.01 , 21.17
38.44 , 21.49
38.45 , 21.46
38.12 , 21.35
38.67 , 21.17
38.38 , 21.44
38.66 , 21.28
38.77 , 21.52
38.51 , 21.4
38.29 , 21.17
38.64 , 21.46
38.66 , 21.66
38.25 , 21.51
38.31 , 21.03
38.72 , 21.52
38.5 , 21.79
38.21 , 21.79
38.37 , 21.59
38.51 , 21.31
38.15 , 21.78
38.4 , 21.62
38.4 , 21.59
38.47 , 21.52
38.72 , 21.95
38.28 , 21.4
38.62 , 21.47
38.51 , 21.75
38.54 , 21.31
38.76 , 21.61
38.66 , 21.61
38.1 , 21.88
38.38 , 21.87
38.27 , 21.61
38.64 , 21.45
38.68 , 21.73
38.45 , 21.76
38.61 , 21.77
38.39 , 21.47
38.48 , 21.5
38.5 , 21.76
38.69 , 21.45
38.56 , 21.76
38.42 , 21.56
38.51 , 21.42
38.37 , 21.47
38.79 , 21.57
38.72 , 21.53
38.28 , 21.54
38.85 , 21.7
38.52 , 21.76
38.65 , 21.56
38.51 , 21.77
38.56 , 21.32
38.74 , 21.41
38.24 , 21.37
38.15 , 22.02
38.61 , 21.97
38.76 , 21.65
38.31 , 21.86
38.64 , 21.71
38.36 , 22.07
38.5 , 21.83
38.71 , 22.17
39.12 , 21.88
38.66 , 22.04
38.94 , 21.38
38.75 , 21.62
39.05 , 22.17
38.55 , 21.71
38.54 , 21.93
38.97 , 21.44
38.37 , 21.96
38.82 , 21.62
38.87 , 22.09
39.14 , 21.96
38.63 , 22.04
38.91 , 21.71
39.16 , 22.19
39.34 , 21.88
38.72 , 21.81
38.83 , 21.66
38.47 , 22.29
39.0 , 21.98
39.07 , 21.74
38.75 , 21.84
39.18 , 21.86
38.9 , 21.79
38.95 , 22.05
38.85 , 21.81
39.32 , 21.69
38.68 , 22.09
38.62 , 21.69
38.98 , 22.15
39.43 , 22.41
38.99 , 22.41
38.58 , 21.91
38.52 , 22.29
38.75 , 22.01
38.8 , 22.02
38.82 , 22.14
39.16 , 21.89
38.9 , 21.92
38.72 , 22.38
38.44 , 21.55
38.51 , 22.3
39.08 , 22.26
38.65 , 21.97
39.45 , 21.69
38.45 , 21.67
38.87 , 22.23
39.16 , 21.99
39.04 , 22.02
38.86 , 22.37
38.99 , 22.0
38.98 , 22.09
39.09 , 22.32
38.99 , 22.18
38.92 , 21.93
39.47 , 21.97
39.43 , 21.72
39.43 , 21.81
39.0 , 22.11
39.02 , 22.1
38.85 , 22.3
38.95 , 21.85
39.24 , 22.23
38.87 , 21.8
39.29 , 22.15
39.0 , 21.97
38.77 , 22.47
39.16 , 21.96
39.21 , 22.22
39.1 , 21.73
39.2 , 22.32
38.81 , 22.29
39.03 , 22.22
38.83 , 22.36
39.09 , 22.16
39.17 , 21.93
39.21 , 22.61
39.26 , 22.19
38.89 , 22.25
39.1 , 22.13
38.99 , 22.19
39.28 , 22.24
39.22 , 22.29
38.53 , 22.82
39.32 , 22.2
39.15 , 22.48
39.29 , 22.62
38.8 , 22.29
38.99 , 22.32
39.25 , 22.36
38.94 , 22.44
39.42 , 22.32
39.21 , 22.65
39.42 , 22.17
39.48 , 22.4
38.96 , 22.14
38.75 , 22.11
39.21 , 22.53
39.2 , 22.21
39.14 , 22.16
39.11 , 22.75
39.25 , 22.06
39.21 , 22.17
38.97 , 22.13
39.68 , 22.13
39.05 , 22.31
39.52 , 22.89
39.4 , 22.47
39.17 , 22.33
39.6 , 22.21
39.43 , 22.15
39.25 , 22.34
39.49 , 21.94
38.91 , 22.4
39.32 , 22.59
38.94 , 22.65
39.44 , 22.36
39.64 , 22.28
39.58 , 22.75
39.28 , 22.48
39.21 , 22.49
39.44 , 22.33
39.32 , 22.53
39.02 , 22.47
39.37 , 22.84
39.46 , 22.39
39.32 , 22.62
39.11 , 22.59
39.16 , 22.72
39.62 , 22.29
39.57 , 22.68
39.07 , 22.42
39.36 , 22.73
39.22 , 22.79
39.65 , 22.48
39.32 , 22.58
39.51 , 22.66
39.06 , 22.4
39.04 , 22.82
39.63 , 22.51
39.58 , 22.29
39.42 , 22.67
39.04 , 22.58
39.15 , 22.8
39.41 , 22.48
39.19 , 22.82
39.48 , 22.44
39.31 , 22.39
39.74 , 22.49
39.89 , 22.51
39.24 , 22.54
39.44 , 22.79
40.07 , 23.06
39.64 , 22.28
39.86 , 23.08
39.13 , 22.58
39.6 , 23.16
39.74 , 22.69
38.95 , 22.9
39.21 , 22.51
39.17 , 22.8
40.01 , 22.72
39.75 , 22.5
39.23 , 22.75
39.12 , 22.47
39.56 , 22.44
39.66 , 23.25
39.76 , 23.04
39.35 , 22.65
39.55 , 22.83
39.28 , 22.54
39.82 , 22.88
40.01 , 23.13
39.68 , 22.57
39.42 , 22.51
39.81 , 22.99
39.96 , 22.63
39.91 , 22.62
39.61 , 22.62
39.72 , 22.81
39.63 , 22.22
39.73 , 23.01
39.86 , 22.48
39.12 , 23.11
39.64 , 22.7
39.37 , 22.62
39.36 , 22.62
39.76 , 22.38
40.07 , 23.12
39.22 , 22.86
39.7 , 23.04
38.89 , 23.14
40.04 , 22.69
39.57 , 23.07
39.76 , 23.28
39.39 , 22.53
39.64 , 22.87
39.57 , 23.01
39.53 , 23.0
39.42 , 23.27
39.92 , 22.92
39.51 , 22.8
39.48 , 22.53
39.48 , 23.18
39.64 , 23.14
39.77 , 22.78
39.45 , 22.82
39.75 , 22.73
39.57 , 22.65
40.1 , 22.54
39.87 , 22.63
39.67 , 23.38
39.58 , 23.05
39.49 , 23.39
40.09 , 23.32
39.59 , 22.57
39.47 , 22.59
40.08 , 23.03
39.74 , 22.76
39.9 , 22.91
39.67 , 23.04
39.54 , 22.62
40.08 , 23.43
39.33 , 23.13
39.44 , 22.85
39.73 , 23.24
39.4 , 23.38
39.83 , 23.43
39.62 , 22.48
40.04 , 22.76
40.47 , 23.13
40.11 , 22.78
39.83 , 23.1
39.4 , 22.7
39.91 , 23.19
39.75 , 23.56
40.24 , 22.58
39.73 , 22.78
39.61 , 22.95
39.4 , 23.17
40.22 , 23.43
39.47 , 23.16
40.03 , 22.99
40.35 , 23.27
40.25 , 23.14
40.08 , 23.32
39.67 , 22.69
39.94 , 22.88
40.17 , 22.86
40.06 , 22.81
40.45 , 23.2
39.65 , 23.15
39.99 , 22.53
39.67 , 23.25
39.75 , 23.07
40.34 , 23.48
40.02 , 23.29
40.39 , 23.28
39.6 , 23.24
39.67 , 22.99
40.0 , 23.18
39.97 , 23.4
39.94 , 23.27
40.19 , 23.09
39.95 , 23.14
39.73 , 23.02
40.14 , 23.26
39.66 , 23.42
40.22 , 23.48
40.35 , 23.28
40.19 , 23.21
39.79 , 23.24
40.17 , 23.33
39.9 , 23.09
39.91 , 23.17
39.99 , 23.41
40.04 , 22.74
40.26 , 23.18
40.58 , 23.76
40.34 , 23.25
40.07 , 22.95
40.46 , 23.2
40.36 , 23.42
40.59 , 23.38
40.12 , 23.21
39.69 , 23.45
39.94 , 23.59
40.43 , 23.42
40.71 , 23.45
40.35 , 23.18
40.32 , 23.35
40.52 , 23.36
39.6 , 23.61
40.45 , 23.08
40.16 , 23.49
40.37 , 23.16
39.97 , 23.28
40.06 , 23.26
40.23 , 23.07
40.29 , 23.17
40.06 , 23.26
40.4 , 23.47
40.07 , 23.52
39.95 , 23.49
40.26 , 23.46
39.89 , 23.54
40.36 , 23.55
40.11 , 23.72
40.69 , 23.77
40.31 , 23.89
40.05 , 23.05
40.03 , 23.32
40.1 , 23.45
40.34 , 23.42
40.01 , 23.42
40.39 , 23.26
39.91 , 23.4
40.19 , 24.34
40.35 , 23.37
40.2 , 23.37
40.48 , 24.07
40.41 , 23.4
40.35 , 24.2
40.08 , 23.39
40.19 , 23.45
39.73 , 23.3
40.25 , 23.76
40.07 , 23.29
40.25 , 23.24
39.85 , 23.59
40.43 , 23.48
40.45 , 23.72
40.55 , 23.54
40.48 , 23.46
40.41 , 23.82
40.8 , 23.72
40.25 , 23.48
40.09 , 23.82
40.69 , 23.44
40.27 , 23.6
40.02 , 23.34
40.53 , 23.48
40.55 , 23.75
40.75 , 23.49
40.77 , 23.56
40.42 , 23.99
40.3 , 23.39
40.6 , 23.6
40.04 , 24.01
40.26 , 23.89
40.42 , 23.5
40.47 , 23.36
40.73 , 23.46
40.47 , 24.32
40.4 , 23.72
40.13 , 24.11
40.53 , 23.79
40.11 , 23.64
40.44 , 23.63
40.32 , 23.2
40.22 , 24.29
40.58 , 23.97
40.19 , 24.08
40.38 , 23.68
40.55 , 23.74
40.68 , 23.51
40.55 , 23.49
41.11 , 23.41
40.87 , 24.1
40.48 , 23.76
40.5 , 23.93
40.69 , 23.93
40.74 , 23.9
40.33 , 23.98
40.41 , 23.57
40.65 , 23.78
39.92 , 24.04
40.58 , 23.96
40.26 , 23.8
40.43 , 23.84
40.87 , 23.63
40.5 , 23.77
40.68 , 23.48
40.77 , 23.73
40.96 , 24.18
40.53 , 23.73
40.51 , 23.72
40.86 , 24.38
40.31 , 23.7
40.67 , 23.97
40.75 , 23.6
40.84 , 23.84
40.8 , 23.88
40.3 , 24.16
40.6 , 23.8
40.32 , 23.84
40.97 , 24.25
40.85 , 23.82
40.72 , 24.02
40.53 , 23.88
40.74 , 23.74
40.63 , 23.7
40.54 , 23.86
40.8 , 24.13
40.53 , 24.02
41.08 , 23.46
40.68 , 23.64
41.03 , 24.13
40.85 , 24.1
40.32 , 24.32
40.67 , 23.99
40.37 , 24.05
40.33 , 23.65
41.34 , 23.98
41.33 , 24.41
41.09 , 23.56
41.18 , 24.08
40.63 , 24.59
40.99 , 24.28
40.51 , 24.0
40.95 , 24.06
40.31 , 24.13
40.78 , 24.02
40.88 , 23.97
41.15 , 23.68
40.63 , 24.25
41.06 , 24.52
41.08 , 23.83
41.05 , 24.04
41.18 , 24.38
40.62 , 24.07
40.89 , 23.85
40.47 , 24.05
41.04 , 24.51
40.98 , 24.21
40.76 , 24.51
40.52 , 24.31
41.14 , 24.53
40.67 , 23.94
40.79 , 24.39
41.0 , 24.19
41.12 , 24.19
40.85 , 24.63
40.81 , 24.29
40.73 , 24.34
40.76 , 24.4
40.86 , 24.22
41.5 , 24.4
41.17 , 24.15
40.85 , 24.45
41.15 , 24.36
41.22 , 23.72
40.97 , 24.55
41.12 , 24.56
40.72 , 24.41
40.76 , 23.89
41.41 , 24.46
41.36 , 24.13
40.96 , 24.13
41.3 , 24.17
40.84 , 24.21
40.87 , 24.15
41.46 , 24.04
40.78 , 23.99
41.3 , 24.11
41.2 , 24.69
41.12 , 24.8
40.87 , 24.97
41.25 , 23.99
41.19 , 24.27
41.41 , 24.04
41.28 , 23.99
41.19 , 23.95
40.43 , 24.49
40.75 , 24.68
41.09 , 24.23
41.33 , 24.87
40.96 , 24.23
41.09 , 24.12
40.98 , 24.15
41.47 , 24.14
41.43 , 24.69
41.02 , 24.41
40.86 , 24.83
40.97 , 24.49
40.99 , 24.45
41.27 , 24.57
41.4 , 24.46
41.27 , 24.07
41.03 , 24.0
41.36 , 24.47
40.81 , 24.32
41.24 , 24.85
41.02 , 24.58
40.84 , 25.09
40.86 , 24.7
41.13 , 24.31
41.48 , 25.01
41.42 , 24.53
41.44 , 24.37
41.09 , 24.24
41.08 , 24.46
41.24 , 24.35
41.07 , 23.89
41.6 , 24.77
41.34 , 24.6
40.89 , 24.24
41.12 , 24.44
41.32 , 24.42
40.63 , 24.76
41.09 , 24.69
41.2 , 24.76
41.41 , 24.46
41.31 , 24.62
41.26 , 24.27
41.09 , 24.61
41.18 , 24.09
41.46 , 24.62
41.2 , 24.4
41.08 , 24.63
41.63 , 24.94
41.29 , 24.67
41.34 , 24.84
41.56 , 24.87
41.29 , 24.92
40.82 , 24.39
41.43 , 24.87
41.12 , 24.91
41.26 , 24.64
41.31 , 24.57
41.59 , 24.59
41.16 , 24.89
41.05 , 24.69
41.14 , 24.68
40.96 , 24.6
40.94 , 24.78
41.4 , 24.48
41.0 , 24.51
41.14 , 25.1
41.56 , 24.56
41.57 , 24.82
41.08 , 24.34
41.21 , 24.43
41.2 , 24.61
41.48 , 24.31
41.89 , 24.65
41.15 , 24.57
41.16 , 25.06
41.19 , 24.17
41.22 , 24.93
41.14 , 24.78
41.77 , 25.02
41.14 , 25.0
41.44 , 24.72
41.95 , 24.64
41.62 , 24.72
41.27 , 24.48
41.58 , 24.9
41.89 , 24.63
41.8 , 24.72
41.15 , 24.92
41.7 , 24.79
41.79 , 25.3
41.88 , 24.93
41.29 , 25.3
41.58 , 24.78
41.22 , 25.02
41.97 , 25.03
41.29 , 24.95
41.43 , 25.02
41.98 , 24.49
41.61 , 24.82
41.61 , 24.84
41.3 , 25.28
41.47 , 24.83
41.83 , 25.13
41.82 , 24.77
41.49 , 25.13
41.4 , 24.69
41.33 , 24.8
41.21 , 24.81
41.45 , 25.19
41.32 , 24.93
41.47 , 24.77
41.31 , 24.96
41.76 , 24.99
41.26 , 25.27
41.63 , 24.98
41.25 , 24.91
42.08 , 25.09
41.6 , 25.53
41.93 , 24.95
41.4 , 24.79
41.6 , 24.87
41.8 , 24.84
41.9 , 24.74
41.24 , 25.34
41.41 , 25.11
41.81 , 25.1
41.97 , 25.24
41.68 , 25.07
42.02 , 25.08
41.92 , 25.27
41.54 , 25.23
42.42 , 24.86
41.93 , 24.6
41.64 , 25.0
41.84 , 25.16
41.39 , 24.82
41.7 , 24.96
41.67 , 25.17
41.73 , 25.49
41.82 , 25.23
41.54 , 25.49
42.03 , 25.2
41.71 , 25.27
42.04 , 25.41
41.61 , 25.39
41.77 , 25.01
41.69 , 25.38
42.24 , 25.11
41.66 , 25.22
41.68 , 24.87
42.1 , 24.96
41.72 , 25.23
41.75 , 25.4
41.54 , 24.89
41.88 , 25.2
41.53 , 25.41
41.88 , 24.83
41.89 , 25.38
42.01 , 25.07
41.79 , 25.23
41.97 , 25.07
41.82 , 25.18
41.82 , 25.07
41.95 , 25.51
42.2 , 25.26
41.96 , 25.3
41.97 , 25.03
41.45 , 25.66
42.53 , 25.13
42.11 , 25.38
42.22 , 25.05
41.94 , 25.83
42.46 , 25.06
41.92 , 25.26
42.41 , 25.55
41.73 , 25.48
41.89 , 25.02
41.81 , 25.58
41.41 , 25.74
42.12 , 25.58
41.46 , 25.52
41.73 , 25.0
41.76 , 25.46
41.95 , 26.05
42.25 , 25.76
42.15 , 25.46
42.0 , 26.05
41.9 , 25.13
42.1 , 25.41
42.0 , 25.1
41.8 , 25.4
41.9 , 25.51
42.36 , 25.54
42.12 , 25.36
41.67 , 25.54
42.02 , 25.29
41.83 , 25.65
42.18 , 25.45
42.24 , 25.09
42.01 , 25.82
41.96 , 25.55
41.99 , 25.58
41.8 , 25.13
42.28 , 25.62
42.3 , 25.27
42.13 , 25.47
41.54 , 25.17
42.2 , 25.94
41.96 , 25.95
41.82 , 25.69
42.01 , 25.25
42.31 , 25.38
42.22 , 25.77
41.94 , 25.39
42.08 , 25.54
42.57 , 25.73
41.96 , 25.61
42.08 , 25.55
42.37 , 25.72
42.06 , 25.78
42.39 , 25.74
42.0 , 25.98
42.53 , 25.4
42.38 , 25.8
42.29 , 25.8
42.11 , 25.57
42.95 , 26.36
41.83 , 26.19
42.37 , 25.66
42.42 , 25.99
42.23 , 25.77
42.55 , 25.43
41.84 , 25.79
42.59 , 25.58
42.32 , 25.57
42.21 , 25.65
42.76 , 25.28
42.07 , 25.36
42.31 , 26.22
41.72 , 25.0
42.4 , 25.68
42.22 , 25.73
42.25 , 25.64
42.15 , 25.75
42.12 , 25.63
42.43 , 25.91
42.52 , 26.02
42.36 , 26.21
42.41 , 25.81
41.76 , 26.04
42.4 , 25.73
41.9 , 25.7
42.05 , 25.75
42.38 , 25.76
42.27 , 25.75
42.83 , 25.55
42.47 , 25.58
42.25 , 26.09
42.08 , 25.79
42.05 , 26.18
42.43 , 26.01
42.32 , 26.09
42.03 , 25.97
41.81 , 26.15
42.21 , 25.73
42.7 , 25.84
42.51 , 25.73
42.27 , 26.11
42.22 , 25.73
42.53 , 25.79
42.01 , 25.83
42.81 , 25.7
42.02 , 26.1
42.28 , 25.75
42.94 , 25.93
42.14 , 26.05
42.32 , 26.6
42.52 , 25.83
42.31 , 25.89
42.26 , 26.11
42.94 , 25.45
42.44 , 26.08
42.45 , 26.2
42.7 , 25.98
42.3 , 26.21
42.3 , 25.8
42.41 , 26.01
42.34 , 25.9
42.53 , 26.26
42.31 , 25.76
42.15 , 25.92
42.54 , 26.14
42.39 , 25.68
42.19 , 26.25
42.68 , 26.2
42.75 , 26.03
42.39 , 25.75
42.54 , 25.96
42.25 , 25.87
42.21 , 26.17
42.57 , 26.38
42.56 , 25.99
42.73 , 26.13
42.02 , 26.05
42.21 , 25.73
42.29 , 26.36
43.0 , 25.97
42.71 , 26.28
42.66 , 26.57
42.54 , 25.95
42.25 , 25.88
42.57 , 25.61
42.86 , 25.68
42.26 , 25.96
42.49 , 26.02
42.53 , 26.56
42.5 , 26.3
42.37 , 26.53
42.58 , 26.2
42.33 , 25.92
42.63 , 25.8
42.75 , 26.21
41.89 , 26.21
42.88 , 25.94
42.74 , 26.59
42.64 , 26.15
43.06 , 26.27
43.02 , 25.96
42.64 , 26.33
42.82 , 26.44
42.91 , 26.13
42.61 , 26.13
42.88 , 26.43
42.52 , 26.34
42.62 , 26.08
42.74 , 26.48
42.63 , 26.02
43.19 , 26.85
42.52 , 26.15
42.72 , 26.27
42.66 , 26.22
42.83 , 25.91
42.57 , 26.64
42.67 , 26.55
42.68 , 26.15
42.45 , 26.39
42.83 , 25.57
42.62 , 26.66
43.0 , 26.47
42.56 , 26.39
42.58 , 26.3
42.98 , 26.62
42.38 , 26.6
43.25 , 26.12
42.81 , 26.58
42.8 , 26.57
42.84 , 26.54
43.54 , 26.67
42.78 , 26.18
42.93 , 26.12
42.5 , 26.23
42.88 , 26.27
42.89 , 26.14
43.11 , 26.45
42.81 , 26.17
42.82 , 26.3
42.81 , 26.06
43.03 , 26.43
43.29 , 26.67
42.54 , 26.24
43.0 , 26.51
42.93 , 26.41
43.05 , 26.75
42.59 , 26.44
42.61 , 26.11
42.68 , 26.69
43.27 , 26.86
42.98 , 26.41
42.91 , 26.59
42.81 , 26.46
42.72 , 26.37
42.96 , 26.51
43.07 , 26.81
43.13 , 26.66
42.77 , 26.75
43.5 , 26.43
42.42 , 26.05
43.26 , 26.73
42.99 , 26.49
43.34 , 26.41
43.16 , 26.48
43.19 , 26.87
43.17 , 26.83
42.94 , 26.69
43.18 , 27.05
43.07 , 26.66
42.87 , 26.68
42.61 , 26.51
43.36 , 26.43
42.96 , 26.77
42.84 , 26.68
42.78 , 26.51
43.34 , 26.29
42.57 , 26.21
43.21 , 26.5
43.41 , 26.21
43.14 , 26.08
43.63 , 26.82
42.98 , 26.51
43.07 , 26.12
42.56 , 26.33
42.95 , 26.36
43.44 , 26.11
43.24 , 26.39
43.03 , 26.5
43.15 , 26.79
42.81 , 27.0
42.88 , 26.31
43.07 , 26.91
43.22 , 26.61
43.5 , 26.43
42.93 , 27.13
43.45 , 26.6
43.17 , 26.59
43.22 , 26.71
42.89 , 26.42
43.13 , 26.56
43.04 , 26.64
43.13 , 27.17
43.25 , 26.6
43.28 , 26.45
42.95 , 26.82
42.97 , 26.53
43.58 , 27.2
43.43 , 26.51
42.77 , 26.57
42.89 , 26.58
43.1 , 26.89
43.77 , 26.56
43.16 , 26.42
43.59 , 27.05
43.32 , 26.62
43.2 , 26.9
42.68 , 26.84
43.38 , 26.59
43.56 , 26.71
43.39 , 27.07
43.42 , 26.55
43.35 , 27.01
43.15 , 26.59
43.3 , 27.05
43.64 , 27.23
43.4 , 26.44
43.28 , 26.8
43.65 , 27.08
42.99 , 26.56
43.35 , 26.65
42.87 , 26.49
43.65 , 27.02
43.04 , 26.87
43.19 , 26.72
43.6 , 27.25
43.61 , 26.84
43.66 , 26.58
42.88 , 26.77
43.22 , 27.16
43.08 , 26.98
43.43 , 27.06
43.23 , 26.87
43.15 , 26.94
43.18 , 27.11
43.44 , 26.96
43.42 , 27.02
43.6 , 27.28
42.92 , 27.32
43.49 , 27.23
43.68 , 26.91
43.19 , 27.26
43.87 , 26.9
43.0 , 27.26
43.65 , 27.0
43.15 , 27.5
43.36 , 27.11
43.29 , 27.42
43.53 , 27.37
43.67 , 27.23
43.41 , 26.99
43.3 , 26.99
43.12 , 27.23
43.74 , 27.11
42.79 , 26.89
42.98 , 27.01
43.86 , 26.77
43.35 , 27.1
43.48 , 27.23
43.75 , 27.24
43.42 , 26.75
43.53 , 26.97
43.56 , 27.19
43.31 , 27.14
43.51 , 26.73
43.44 , 27.33
43.04 , 27.15
43.85 , 26.9
43.46 , 26.81
43.94 , 27.24
43.61 , 27.19
43.58 , 27.4
43.61 , 26.81
43.7 , 27.87
43.88 , 27.25
43.64 , 27.1
43.46 , 27.06
43.54 , 27.21
43.58 , 26.9
43.47 , 27.3
43.78 , 27.42
43.44 , 27.4
43.62 , 27.53
43.49 , 27.6
43.59 , 27.3
43.65 , 27.29
43.41 , 27.43
43.53 , 27.58
43.61 , 27.01
43.18 , 27.01
43.85 , 27.3
43.91 , 27.49
43.82 , 27.0
43.7 , 27.06
44.03 , 27.18
43.76 , 27.21
43.78 , 27.71
43.77 , 27.72
43.05 , 27.13
43.4 , 27.4
43.42 , 27.79
43.75 , 27.46
44.33 , 27.17
43.65 , 27.5
43.58 , 27.48
43.38 , 27.47
43.44 , 27.5
43.48 , 27.67
43.58 , 27.51
43.49 , 27.54
43.23 , 26.59
43.56 , 27.66
43.96 , 27.8
43.82 , 27.14
43.78 , 27.56
43.63 , 27.54
43.95 , 27.24
44.21 , 27.22
43.69 , 27.42
43.77 , 27.22
44.16 , 27.46
43.68 , 27.23
43.93 , 27.52
43.67 , 27.55
44.3 , 27.49
43.48 , 27.63
44.23 , 27.46
43.66 , 27.64
43.77 , 27.74
43.95 , 27.57
43.75 , 27.72
43.91 , 27.39
43.97 , 27.39
44.2 , 27.57
43.85 , 27.71
43.73 , 27.45
44.08 , 27.93
44.05 , 27.08
43.88 , 27.81
43.7 , 27.62
43.84 , 27.86
44.13 , 27.78
43.34 , 28.04
43.88 , 27.63
43.61 , 27.43
44.2 , 27.37
43.98 , 27.82
43.87 , 28.0
43.69 , 27.54
44.08 , 27.23
43.83 , 27.71
44.05 , 27.86
43.88 , 27.79
44.28 , 27.72
43.67 , 27.74
44.55 , 27.5
43.81 , 27.81
43.94 , 27.46
44.04 , 28.01
44.07 , 27.97
44.0 , 27.48
44.27 , 27.69
44.31 , 27.93
44.12 , 27.74
43.95 , 27.1
43.97 , 27.64
43.95 , 27.91
43.95 , 27.51
44.23 , 27.46
44.27 , 27.82
44.27 , 28.13
44.41 , 27.89
44.06 , 28.27
44.12 , 27.81
44.0 , 27.63
44.39 , 28.11
44.36 , 27.42
44.27 , 27.41
43.72 , 28.15
44.16 , 28.29
44.52 , 27.42
43.7 , 28.24
43.88 , 27.74
44.26 , 28.12
44.31 , 27.5
44.14 , 27.84
44.49 , 27.7
44.45 , 28.14
44.14 , 27.78
44.48 , 28.28
43.87 , 27.39
44.14 , 28.01
44.08 , 27.47
43.98 , 28.04
43.91 , 28.14
44.24 , 27.85
43.67 , 27.39
44.19 , 28.0
44.38 , 28.28
44.21 , 27.87
44.31 , 28.27
44.14 , 28.28
44.49 , 27.12
44.36 , 28.38
44.24 , 28.25
44.24 , 28.05
44.18 , 27.97
43.89 , 27.66
44.0 , 28.24
44.51 , 28.04
44.45 , 27.7
44.13 , 28.12
44.01 , 27.54
43.75 , 28.36
44.26 , 28.0
44.36 , 28.36
43.95 , 27.76
44.18 , 28.54
43.94 , 27.66
44.29 , 27.86
44.59 , 28.07
44.29 , 28.4
43.85 , 27.67
44.59 , 27.67
44.2 , 27.93
44.79 , 28.12
44.42 , 28.31
44.11 , 28.33
44.44 , 27.47
44.08 , 27.77
44.52 , 28.18
44.7 , 28.26
43.94 , 27.63
44.12 , 28.09
43.9 , 27.76
44.41 , 27.8
44.38 , 28.13
43.95 , 28.28
44.64 , 28.06
44.45 , 28.16
44.51 , 27.69
44.39 , 27.9
44.27 , 27.77
44.32 , 27.82
44.8 , 27.96
44.16 , 28.33
44.73 , 28.07
44.55 , 28.15
44.38 , 28.21
44.62 , 28.23
44.45 , 28.07
44.78 , 28.51
44.23 , 28.23
44.69 , 28.16
44.48 , 28.66
44.55 , 27.92
44.36 , 28.01
44.43 , 28.27
44.56 , 28.15
44.15 , 28.02
44.67 , 28.23
44.48 , 28.2
44.93 , 28.21
44.63 , 28.15
44.71 , 28.01
44.63 , 28.42
44.45 , 28.2
44.68 , 28.83
44.91 , 28.26
44.93 , 28.0
44.6 , 28.61
44.48 , 28.44
44.81 , 28.23
44.8 , 27.72
44.55 , 28.4
44.4 , 28.07
44.52 , 28.36
44.58 , 28.35
43.81 , 28.23
44.73 , 28.45
44.81 , 28.6
45.12 , 28.33
45.58 , 28.53
44.61 , 28.06
44.61 , 28.68
45.08 , 28.51
44.43 , 28.57
44.37 , 28.05
45.05 , 28.24
45.02 , 28.21
44.72 , 28.12
44.89 , 28.78
44.67 , 28.33
44.39 , 28.06
44.99 , 28.29
44.41 , 28.64
44.62 , 28.52
44.4 , 28.55
44.26 , 28.48
44.68 , 28.62
44.43 , 28.48
45.68 , 28.74
44.25 , 28.11
45.0 , 28.38
44.69 , 28.57
44.71 , 28.67
44.47 , 28.66
45.1 , 28.23
44.51 , 28.31
45.19 , 28.13
44.66 , 28.18
44.81 , 28.69
45.04 , 28.28
44.54 , 28.88
44.82 , 28.59
44.25 , 28.45
44.08 , 28.53
44.86 , 28.69
44.76 , 28.81
45.09 , 28.53
44.98 , 28.96
45.32 , 28.2
45.01 , 28.94
45.04 , 28.33
44.89 , 28.6
44.86 , 28.59
44.52 , 28.56
44.91 , 28.81
45.13 , 28.65
44.93 , 28.46
44.84 , 28.64
44.51 , 28.9
44.64 , 29.09
45.23 , 28.65
44.99 , 28.68
44.93 , 28.16
44.84 , 28.37
45.04 , 28.66
44.64 , 28.81
45.2 , 28.66
44.52 , 28.85
45.2 , 28.82
45.48 , 28.5
44.65 , 28.82
44.65 , 28.78
44.91 , 28.91
45.07 , 28.73
44.75 , 28.54
45.1 , 28.79
44.93 , 28.71
44.8 , 28.98
44.82 , 28.97
45.36 , 28.79
44.91 , 28.85
44.68 , 28.4
45.32 , 28.84
44.96 , 29.1
45.09 , 28.43
44.96 , 28.66
45.24 , 28.62
44.97 , 29.01
44.84 , 28.74
45.26 , 28.91
45.14 , 28.76
44.72 , 28.84
45.34 , 28.49
45.01 , 28.97
45.1 , 28.85
45.21 , 29.21
44.87 , 28.72
45.27 , 28.64
44.88 , 29.43
45.35 , 28.57
45.09 , 29.07
45.39 , 29.08
44.86 , 28.73
45.32 , 28.9
44.89 , 29.02
45.18 , 28.66
44.94 , 28.96
45.29 , 28.96
44.93 , 28.41
44.9 , 28.59
45.08 , 28.66
45.2 , 28.57
45.18 , 29.27
45.08 , 28.69
45.19 , 29.43
45.03 , 28.64
45.45 , 28.95
44.79 , 28.78
45.43 , 28.62
44.95 , 29.28
45.03 , 28.64
45.14 , 29.26
44.74 , 29.26
45.23 , 29.1
45.34 , 28.97
44.7 , 28.99
45.35 , 29.55
45.05 , 28.74
45.41 , 28.73
45.11 , 28.85
45.04 , 28.94
45.18 , 28.63
45.01 , 29.18
45.21 , 28.79
45.08 , 29.25
45.33 , 28.48
45.49 , 29.28
45.14 , 29.2
45.35 , 29.68
45.16 , 28.33
45.29 , 29.11
44.58 , 29.04
45.43 , 29.16
45.21 , 28.96
45.17 , 29.27
45.54 , 29.12
45.1 , 29.08
45.0 , 29.1
45.53 , 29.08
45.5 , 28.68
45.9 , 29.24
45.12 , 29.11
45.01 , 29.15
45.1 , 29.51
45.53 , 29.28
45.21 , 28.95
45.13 , 29.52
45.01 , 29.23
45.24 , 29.19
45.48 , 29.4
45.56 , 29.24
45.17 , 28.97
45.23 , 29.31
45.58 , 29.28
45.6 , 29.24
45.16 , 29.01
45.72 , 29.33
45.44 , 29.17
45.51 , 29.3
45.26 , 29.25
45.27 , 29.09
45.44 , 29.0
45.6 , 29.17
45.65 , 29.01
45.2 , 29.75
45.8 , 29.35
45.81 , 29.42
45.56 , 29.38
45.84 , 29.55
45.15 , 29.34
45.03 , 29.22
45.4 , 29.5
45.68 , 29.23
45.48 , 29.62
45.49 , 29.2
45.42 , 29.7
45.51 , 29.4
45.49 , 29.47
45.48 , 29.66
45.86 , 29.44
45.12 , 29.67
45.57 , 29.39
44.97 , 29.54
45.62 , 28.62
45.68 , 30.04
45.92 , 29.49
45.49 , 29.24
45.95 , 29.58
45.39 , 29.09
45.71 , 29.32
46.05 , 29.67
45.61 , 29.58
45.67 , 29.2
45.71 , 29.72
45.45 , 29.35
45.69 , 29.4
45.9 , 29.67
45.86 , 29.53
45.58 , 29.81
45.73 , 29.6
45.96 , 29.3
45.22 , 29.41
45.71 , 29.74
45.57 , 29.39
45.48 , 29.48
45.53 , 29.84
46.28 , 29.48
45.66 , 29.45
45.72 , 29.35
45.62 , 29.37
45.63 , 29.37
45.85 , 29.27
46.02 , 29.58
45.37 , 29.21
45.49 , 29.17
45.67 , 30.08
45.65 , 29.74
45.74 , 29.53
46.15 , 29.7
45.38 , 29.6
45.4 , 29.54
45.75 , 29.92
45.77 , 29.43
45.77 , 29.71
45.55 , 29.58
46.02 , 30.25
45.86 , 29.44
45.97 , 29.46
45.57 , 29.59
45.32 , 30.55
45.84 , 29.66
45.93 , 29.36
45.1 , 29.78
45.95 , 29.64
45.59 , 29.75
45.63 , 29.98
45.77 , 29.86
45.35 , 29.48
45.61 , 29.79
45.57 , 29.53
45.48 , 29.61
45.39 , 29.41
45.94 , 29.88
46.23 , 30.0
46.16 , 29.86
45.65 , 29.51
46.03 , 29.98
45.61 , 29.99
45.87 , 29.85
45.61 , 29.23
45.52 , 29.68
46.05 , 29.69
46.17 , 29.46
46.28 , 29.84
45.73 , 29.66
46.11 , 29.53
45.57 , 29.79
46.04 , 29.74
45.83 , 30.08
45.89 , 29.81
46.34 , 30.23
45.68 , 29.57
45.62 , 29.97
46.07 , 29.75
45.88 , 29.65
45.99 , 30.08
45.59 , 29.68
46.13 , 29.92
45.88 , 29.81
45.28 , 29.55
45.87 , 29.8
45.75 , 29.8
45.95 , 29.58
45.96 , 29.88
45.96 , 29.96
46.16 , 30.4
45.4 , 30.41
46.01 , 30.08
45.92 , 29.99
45.89 , 29.9
46.51 , 30.03
45.75 , 30.22
45.95 , 29.66
45.68 , 30.13
46.02 , 30.11
45.64 , 29.61
45.98 , 30.1
45.92 , 30.28
46.0 , 29.71
46.18 , 30.13
46.16 , 30.05
45.69 , 30.1
45.98 , 29.61
46.06 , 29.96
45.9 , 30.15
45.9 , 29.75
46.41 , 30.09
46.35 , 30.29
46.17 , 30.36
45.6 , 29.97
46.57 , 29.71
45.64 , 29.91
45.97 , 29.88
46.05 , 29.9
46.18 , 30.01
46.28 , 30.0
46.03 , 30.13
45.86 , 30.0
46.26 , 29.96
46.37 , 30.01
46.13 , 30.15
46.19 , 30.1
45.69 , 30.1
46.77 , 29.65
46.02 , 29.97
46.27 , 29.88
46.1 , 30.02
45.81 , 30.12
46.5 , 30.16
46.17 , 30.08
46.07 , 29.75
46.2 , 30.32
45.73 , 29.68
46.26 , 30.58
46.56 , 30.25
45.96 , 30.63
46.23 , 29.97
45.96 , 30.5
46.23 , 30.42
45.98 , 30.31
46.05 , 30.45
45.84 , 30.45
46.03 , 30.13
45.96 , 30.58
46.25 , 30.22
46.08 , 30.12
46.26 , 30.19
46.22 , 30.3
46.55 , 30.4
46.33 , 30.27
46.07 , 30.45
45.99 , 30.11
46.63 , 29.78
46.22 , 30.28
46.4 , 30.51
46.38 , 31.04
46.15 , 30.12
46.11 , 30.39
46.66 , 30.41
46.3 , 30.47
46.53 , 30.66
45.94 , 30.36
46.64 , 30.38
46.07 , 30.5
46.24 , 30.4
46.94 , 30.23
46.27 , 30.5
46.19 , 30.46
46.15 , 30.46
45.88 , 30.86
46.66 , 30.41
46.86 , 30.46
46.41 , 30.18
46.46 , 30.25
46.22 , 29.69
46.5 , 30.51
46.6 , 30.1
46.42 , 29.97
46.64 , 30.29
46.22 , 30.19
46.24 , 30.59
46.21 , 30.13
46.73 , 30.02
46.38 , 30.44
46.38 , 30.64
46.35 , 30.5
46.42 , 30.88
46.59 , 30.78
46.62 , 30.27
46.45 , 30.53
46.41 , 30.07
46.51 , 30.36
46.59 , 30.4
46.62 , 30.23
46.24 , 30.45
46.68 , 30.33
46.35 , 30.26
45.9 , 30.68
46.4 , 30.1
46.64 , 30.56
47.05 , 30.69
46.79 , 30.63
47.0 , 30.6
46.75 , 30.61
46.41 , 30.2
46.87 , 30.73
46.99 , 30.35
45.94 , 30.75
45.98 , 30.49
46.32 , 30.38
46.1 , 30.37
46.21 , 30.59
46.4 , 30.64
46.16 , 31.16
47.0 , 30.7
46.77 , 30.97
46.36 , 30.62
47.09 , 30.02
46.78 , 30.73
46.55 , 30.79
46.74 , 30.52
46.77 , 30.58
46.9 , 30.77
46.49 , 31.16
46.57 , 30.76
46.6 , 30.96
46.48 , 30.48
46.8 , 30.29
46.65 , 30.86
47.11 , 30.32
46.31 , 30.52
46.82 , 30.91
46.57 , 31.02
46.54 , 30.83
46.64 , 31.16
47.07 , 31.02
46.58 , 30.33
46.62 , 30.6
46.55 , 30.56
46.63 , 30.87
47.05 , 31.02
47.14 , 30.23
46.92 , 31.38
47.03 , 30.98
47.0 , 30.75
46.7 , 30.66
46.65 , 30.73
46.61 , 31.18
46.95 , 31.04
47.22 , 30.88
47.05 , 30.64
46.9 , 31.0
46.5 , 31.01
46.83 , 30.71
47.17 , 30.87
46.81 , 31.06
46.68 , 30.49
47.05 , 31.13
46.7 , 30.93
46.85 , 30.94
47.12 , 30.91
47.04 , 31.09
46.78 , 30.98
46.77 , 30.86
47.2 , 30.7
47.07 , 30.86
46.76 , 30.95
46.74 , 30.51
47.16 , 31.11
46.78 , 30.61
46.65 , 31.37
46.67 , 30.76
47.41 , 30.43
46.62 , 30.7
46.77 , 30.42
46.96 , 30.62
46.58 , 31.04
46.69 , 31.07
46.73 , 31.39
46.64 , 31.05
46.66 , 31.34
46.48 , 30.91
46.99 , 30.89
46.92 , 30.87
46.83 , 31.08
47.46 , 31.13
47.09 , 30.86
46.76 , 31.04
46.81 , 31.45
46.99 , 31.44
46.94 , 31.34
46.62 , 31.5
46.69 , 31.11
46.97 , 31.03
47.22 , 30.83
47.15 , 30.67
46.66 , 31.27
47.38 , 30.82
47.18 , 31.0
47.46 , 31.19
47.51 , 31.0
47.54 , 30.95
47.5 , 31.29
46.69 , 31.39
47.12 , 31.35
46.85 , 31.03
46.76 , 31.54
47.08 , 30.53
47.29 , 31.19
47.78 , 31.08
47.23 , 31.05
46.32 , 31.41
46.98 , 31.36
47.13 , 30.59
47.09 , 31.41
47.38 , 31.43
47.0 , 30.87
47.24 , 30.92
47.48 , 31.15
47.34 , 31.3
47.37 , 31.32
47.27 , 31.27
46.96 , 30.81
46.74 , 31.53
46.99 , 31.34
46.69 , 31.14
47.75 , 31.76
47.36 , 31.31
47.37 , 31.8
46.89 , 31.27
47.08 , 30.51
47.24 , 31.54
47.06 , 31.0
47.57 , 31.13
47.16 , 31.16
47.16 , 31.34
47.46 , 31.41
47.79 , 31.01
47.31 , 31.26
47.85 , 30.9
47.23 , 31.57
47.05 , 31.34
47.3 , 31.45
47.32 , 31.04
47.48 , 30.72
47.03 , 31.13
47.24 , 31.4
48.18 , 31.75
47.28 , 31.44
47.66 , 31.52
47.26 , 30.87
46.76 , 31.51
47.6 , 31.36
47.97 , 31.47
47.01 , 31.52
47.04 , 31.73
47.23 , 31.3
47.32 , 31.8
46.96 , 31.75
47.76 , 31.65
47.35 , 31.69
47.22 , 31.23
47.67 , 31.06
47.47 , 31.32
47.28 , 31.45
47.24 , 31.8
47.18 , 31.18
47.03 , 31.48
47.43 , 31.46
47.43 , 31.19
47.49 , 31.71
47.02 , 31.42
47.4 , 31.41
47.2 , 31.34
47.14 , 31.93
47.09 , 31.24
47.02 , 31.56
47.17 , 31.68
47.46 , 31.63
47.63 , 31.53
47.33 , 31.56
47.7 , 31.32
47.38 , 31.98
47.55 , 31.89
47.64 , 31.12
47.36 , 31.23
47.54 , 31.54
47.67 , 31.65
47.38 , 31.88
47.14 , 31.15
47.73 , 31.71
47.67 , 31.36
47.68 , 31.78
47.52 , 31.62
47.46 , 31.73
47.15 , 31.97
47.28 , 31.36
47.84 , 31.62
47.12 , 31.69
47.39 , 31.75
47.22 , 31.63
47.44 , 32.08
47.29 , 31.93
47.79 , 31.76
47.48 , 31.81
47.35 , 31.95
47.12 , 32.05
47.47 , 31.54
47.65 , 32.13
47.57 , 32.23
47.56 , 31.8
47.24 , 31.71
47.57 , 31.56
47.24 , 31.58
47.7 , 31.91
48.07 , 31.21
48.08 , 31.98
47.61 , 32.08
47.71 , 31.33
47.81 , 31.39
47.83 , 31.43
47.2 , 32.01
47.52 , 31.6
48.12 , 31.78
48.07 , 31.72
47.63 , 31.26
47.99 , 31.68
47.93 , 31.63
47.19 , 31.88
47.96 , 31.22
47.37 , 32.14
48.1 , 31.72
47.76 , 31.98
47.81 , 31.54
47.98 , 32.28
47.75 , 31.88
47.56 , 31.99
47.89 , 31.71
47.29 , 31.48
47.87 , 31.9
47.64 , 31.31
47.35 , 32.3
47.49 , 31.62
48.01 , 32.21
47.62 , 31.93
47.87 , 32.02
47.64 , 31.9
47.92 , 32.3
47.88 , 31.45
47.52 , 31.67
47.98 , 32.31
47.91 , 31.61
47.7 , 31.9
48.02 , 31.99
48.0 , 31.82
48.3 , 31.62
47.78 , 32.22
48.02 , 31.66
47.65 , 31.87
48.05 , 32.19
47.44 , 31.9
47.89 , 32.25
48.0 , 32.32
47.73 , 31.81
47.89 , 32.07
48.48 , 32.01
47.82 , 31.73
47.92 , 31.89
48.03 , 31.98
47.66 , 31.78
47.71 , 32.01
47.17 , 31.84
47.86 , 31.69
48.05 , 31.95
48.07 , 32.1
47.8 , 32.38
48.13 , 31.74
47.85 , 31.71
47.76 , 32.03
47.78 , 32.01
48.05 , 32.36
48.08 , 32.33
47.78 , 31.99
48.19 , 31.95
48.07 , 32.13
48.1 , 32.41
47.99 , 31.97
47.76 , 32.58
48.2 , 31.79
47.6 , 31.52
47.98 , 31.97
47.34 , 32.19
47.99 , 32.64
48.02 , 31.78
48.01 , 32.17
47.71 , 31.82
47.84 , 32.15
48.28 , 31.98
48.11 , 32.61
47.77 , 31.9
47.86 , 32.32
47.77 , 32.46
47.87 , 32.03
48.14 , 32.42
47.93 , 32.18
48.27 , 32.67
47.92 , 32.44
48.32 , 32.39
48.11 , 32.3
47.79 , 32.19
47.87 , 32.11
48.13 , 32.76
48.16 , 32.15
48.4 , 32.01
48.32 , 32.06
48.19 , 32.78
48.08 , 32.1
48.07 , 32.43
47.55 , 32.81
47.85 , 32.41
48.28 , 32.09
48.06 , 32.58
48.03 , 32.48
48.12 , 32.3
48.18 , 32.4
48.08 , 32.6
48.17 , 32.36
47.58 , 31.92
48.36 , 32.52
48.25 , 32.66
47.71 , 32.31
48.36 , 32.57
48.46 , 32.56
48.16 , 32.73
48.02 , 32.28
48.63 , 32.31
48.56 , 32.19
48.2 , 32.64
47.79 , 32.37
47.65 , 32.21
48.19 , 32.41
48.48 , 32.16
48.66 , 32.33
47.97 , 32.51
48.42 , 32.65
48.39 , 32.22
47.78 , 32.86
48.3 , 32.55
48.55 , 32.69
47.98 , 32.04
47.8 , 32.08
48.43 , 32.49
48.28 , 32.25
48.31 , 32.38
48.27 , 32.64
48.3 , 32.65
48.25 , 32.84
48.76 , 32.44
48.34 , 32.47
48.2 , 32.81
48.38 , 31.9
48.64 , 32.7
47.96 , 32.57
48.25 , 32.6
48.34 , 33.21
48.61 , 33.1
48.63 , 32.49
48.69 , 32.99
48.25 , 32.7
48.54 , 32.74
48.59 , 32.11
48.65 , 32.86
48.32 , 33.02
48.43 , 33.12
48.48 , 32.75
48.58 , 32.74
48.75 , 32.46
48.23 , 32.43
48.66 , 32.53
48.52 , 32.53
48.21 , 32.52
48.41 , 32.5
48.78 , 32.81
48.63 , 32.71
48.44 , 32.21
48.45 , 32.48
48.65 , 32.65
48.51 , 32.26
48.65 , 32.77
47.88 , 32.57
48.28 , 32.78
49.14 , 32.55
48.91 , 32.95
48.39 , 32.42
48.29 , 32.8
48.47 , 32.9
48.59 , 32.73
48.5 , 32.86
48.36 , 32.73
48.33 , 32.84
48.69 , 32.97
48.51 , 32.55
48.4 , 32.92
48.39 , 32.83
48.63 , 32.99
48.33 , 33.14
48.19 , 33.07
48.66 , 33.11
48.48 , 32.9
48.37 , 32.69
48.17 , 32.87
48.47 , 33.12
49.05 , 32.56
48.94 , 32.94
48.33 , 32.41
48.61 , 32.74
48.89 , 32.71
49.03 , 32.48
48.64 , 32.94
49.05 , 33.08
48.52 , 33.01
48.74 , 32.98
48.51 , 32.74
48.35 , 32.59
48.73 , 33.05
48.5 , 33.11
48.36 , 32.76
48.53 , 32.63
48.39 , 32.98
48.58 , 32.91
48.66 , 32.69
49.0 , 32.85
49.11 , 33.54
49.0 , 32.81
49.74 , 32.94
48.89 , 32.75
48.19 , 32.89
48.83 , 32.97
49.07 , 33.17
48.93 , 33.51
48.67 , 33.15
48.99 , 32.91
48.85 , 33.32
48.38 , 33.07
48.85 , 33.25
48.82 , 33.13
48.93 , 33.44
48.75 , 33.11
48.68 , 33.25
48.63 , 32.64
48.48 , 32.91
48.52 , 32.94
48.8 , 33.09
48.62 , 33.37
49.01 , 33.11
49.05 , 33.04
48.86 , 33.37
48.95 , 33.1
48.45 , 32.99
48.64 , 33.26
48.87 , 33.17
48.43 , 33.21
48.97 , 33.47
49.11 , 32.58
49.31 , 33.64
49.14 , 33.2
48.78 , 32.85
48.84 , 33.47
49.01 , 33.19
48.93 , 32.91
48.4 , 33.25
48.59 , 33.15
49.16 , 33.02
48.63 , 33.18
48.76 , 33.12
48.98 , 33.16
49.11 , 33.6
48.55 , 32.47
48.78 , 32.72
48.63 , 33.51
48.89 , 33.19
48.85 , 33.45
49.33 , 32.81
49.22 , 33.19
48.54 , 32.93
48.98 , 33.3
48.72 , 33.46
48.9 , 33.35
48.65 , 33.21
49.43 , 32.86
49.05 , 33.22
49.17 , 33.42
49.23 , 33.33
48.54 , 33.59
49.53 , 33.06
48.89 , 33.41
48.64 , 33.32
49.09 , 33.3
48.98 , 33.54
48.97 , 33.65
48.94 , 33.13
49.27 , 33.51
48.67 , 33.03
49.01 , 33.53
48.98 , 33.24
49.0 , 33.67
48.57 , 33.22
48.84 , 33.47
49.46 , 33.68
49.13 , 33.3
49.38 , 33.3
48.91 , 33.54
49.28 , 33.62
48.71 , 33.29
49.01 , 33.45
49.14 , 33.09
48.76 , 33.12
48.73 , 33.85
49.14 , 32.92
48.87 , 33.45
49.35 , 33.81
49.34 , 33.17
49.26 , 33.17
49.23 , 33.41
49.52 , 33.27
49.47 , 33.66
48.85 , 33.1
49.22 , 33.57
48.84 , 33.57
48.71 , 33.84
48.95 , 33.58
49.06 , 33.67
49.38 , 33.09
49.31 , 33.53
49.02 , 33.69
49.33 , 33.75
48.72 , 33.6
49.12 , 33.51
49.67 , 33.66
49.54 , 33.36
49.14 , 33.33
49.17 , 33.49
49.53 , 33.37
49.58 , 33.41
49.74 , 33.44
49.1 , 33.63
49.24 , 33.41
49.49 , 33.74
49.56 , 33.25
49.56 , 33.11
49.37 , 33.49
49.11 , 33.71
49.05 , 33.46
49.07 , 33.87
49.59 , 33.62
49.34 , 33.49
49.6 , 33.84
49.18 , 33.38
49.66 , 33.36
49.5 , 33.93
48.95 , 33.74
49.5 , 33.93
49.73 , 33.48
49.49 , 33.79
49.71 , 33.77
49.51 , 33.39
49.48 , 33.7
49.49 , 33.38
49.21 , 33.74
49.21 , 33.98
49.6 , 33.65
49.75 , 33.83
49.54 , 33.82
49.89 , 33.54
49.69 , 33.89
49.22 , 33.92
49.39 , 33.57
49.36 , 33.8
49.3 , 33.55
49.45 , 33.76
49.24 , 33.56
49.18 , 33.62
49.7 , 33.9
49.23 , 33.79
49.4 , 33.87
49.57 , 33.35
49.16 , 33.87
49.4 , 34.01
49.27 , 33.32
50.14 , 34.25
49.38 , 34.19
49.36 , 33.62
49.7 , 33.29
49.21 , 33.49
49.9 , 33.54
49.54 , 33.87
49.58 , 33.94
49.79 , 33.95
49.4 , 33.9
49.62 , 34.01
49.86 , 33.82
49.4 , 33.32
49.7 , 33.83
49.78 , 33.63
49.52 , 33.72
49.33 , 33.6
49.52 , 33.74
49.79 , 34.03
49.75 , 33.82
49.73 , 33.88
49.24 , 33.7
49.56 , 34.1
49.27 , 34.42
49.59 , 33.76
49.65 , 33.84
49.66 , 33.56
49.76 , 34.06
50.22 , 33.93
49.73 , 34.35
49.45 , 34.21
49.71 , 33.84
49.42 , 34.58
49.67 , 34.19
49.77 , 33.5
49.64 , 33.93
50.04 , 34.25
49.36 , 34.01
49.07 , 34.07
49.61 , 34.32
49.95 , 33.77
49.79 , 34.0
49.67 , 34.04
49.66 , 34.36
49.63 , 34.69
49.17 , 33.94
49.65 , 33.88
49.12 , 33.68
49.73 , 33.84
50.27 , 33.99
49.8 , 33.82
49.45 , 34.49
49.45 , 34.09
49.86 , 34.09
49.97 , 34.4
49.72 , 34.33
50.08 , 34.2
50.19 , 33.92
50.18 , 33.95
49.86 , 34.3
50.02 , 34.92
49.76 , 34.45
49.31 , 34.26
49.37 , 33.56
49.53 , 34.43
49.8 , 34.13
49.73 , 33.91
49.57 , 34.21
49.13 , 34.38
49.76 , 34.14
49.67 , 34.49
49.73 , 34.47
49.52 , 34.28
50.0 , 34.3
49.78 , 33.91
50.22 , 33.85
50.26 , 34.76
49.63 , 34.41
50.2 , 33.91
49.68 , 34.67
50.15 , 34.58
49.77 , 34.18
49.69 , 33.73
49.88 , 34.75
49.99 , 34.57
49.83 , 33.99
49.72 , 33.79
49.69 , 33.78
49.93 , 34.7
49.81 , 34.34
49.91 , 34.28
49.84 , 34.4
49.4 , 34.36
49.46 , 34.39
49.58 , 34.4
49.97 , 34.45
49.76 , 34.28
49.95 , 34.18
49.72 , 34.6
49.86 , 34.42
49.86 , 34.16
50.4 , 34.2
50.01 , 34.42
50.12 , 34.52
49.62 , 34.47
49.7 , 34.34
50.18 , 33.87
50.2 , 34.56
49.67 , 34.76
50.28 , 34.26
49.74 , 34.6
49.84 , 33.89
49.85 , 34.51
50.34 , 34.26
49.99 , 34.41
50.0 , 34.39
50.27 , 34.54
50.36 , 34.02
50.33 , 34.24
49.81 , 34.5
50.2 , 34.74
49.81 , 34.55
50.36 , 34.16
50.53 , 34.44
49.61 , 34.34
50.29 , 34.45
50.29 , 34.63
50.04 , 34.12
50.19 , 34.2
50.26 , 34.64
50.1 , 34.64
50.21 , 34.38
49.7 , 34.02
50.11 , 35.02
49.98 , 34.38
49.89 , 34.57
50.11 , 34.57
50.17 , 34.0
49.58 , 34.67
50.24 , 34.37
50.19 , 34.76
49.75 , 34.59
50.08 , 34.47
50.05 , 33.98
50.24 , 34.7
49.99 , 34.6
50.06 , 34.51
50.33 , 34.5
50.83 , 34.75
49.86 , 34.74
50.44 , 34.04
50.4 , 34.46
50.15 , 34.54
49.81 , 34.54
50.21 , 34.59
49.91 , 34.61
50.23 , 34.39
50.5 , 34.72
50.49 , 34.61
50.33 , 35.03
50.38 , 34.64
50.19 , 34.88
50.3 , 34.53
50.13 , 34.88
50.06 , 34.7
50.38 , 34.21
50.55 , 34.64
50.13 , 34.94
50.28 , 34.75
50.49 , 34.94
50.37 , 34.88
50.05 , 34.57
50.55 , 34.71
50.14 , 35.07
50.66 , 34.88
50.33 , 35.13
50.26 , 34.53
50.37 , 34.69
50.44 , 34.6
50.77 , 34.78
50.53 , 35.01
51.09 , 34.7
50.29 , 34.93
50.55 , 34.91
50.49 , 35.15
50.71 , 35.07
49.82 , 34.74
50.18 , 34.68
50.28 , 35.35
50.51 , 34.55
50.48 , 35.07
50.8 , 34.85
50.36 , 34.62
50.4 , 34.81
50.09 , 34.64
50.93 , 35.15
50.06 , 35.25
50.68 , 34.5
50.42 , 34.98
49.83 , 34.74
50.33 , 35.16
50.32 , 34.98
50.59 , 34.61
50.11 , 35.08
50.64 , 35.15
50.46 , 34.73
50.01 , 35.44
50.01 , 34.96
50.53 , 34.5
50.46 , 35.08
50.62 , 34.77
50.33 , 34.89
50.56 , 34.96
49.61 , 34.66
50.34 , 34.88
50.64 , 34.74
50.05 , 34.98
50.64 , 35.17
50.84 , 35.16
50.56 , 35.29
50.73 , 34.53
51.11 , 35.09
50.53 , 34.9
50.46 , 34.74
50.71 , 34.9
50.67 , 34.66
50.82 , 35.23
50.85 , 35.2
50.79 , 35.09
50.73 , 35.32
50.66 , 34.74
50.66 , 35.13
51.14 , 35.17
50.31 , 34.95
50.6 , 35.63
50.83 , 35.02
50.45 , 35.37
50.67 , 35.22
50.51 , 35.13
51.07 , 35.49
50.72 , 34.99
50.59 , 34.77
50.79 , 34.85
50.74 , 35.06
50.83 , 35.43
50.78 , 35.29
50.68 , 34.75
50.74 , 35.46
50.95 , 35.18
51.1 , 34.88
51.0 , 35.26
50.77 , 35.3
51.17 , 34.97
51.03 , 35.3
50.71 , 35.19
50.49 , 35.18
50.93 , 35.38
50.68 , 35.54
50.64 , 35.25
51.07 , 35.06
50.79 , 35.45
51.09 , 35.46
50.39 , 35.62
50.61 , 35.5
50.7 , 35.35
50.44 , 35.74
50.73 , 35.72
50.96 , 35.46
50.38 , 35.12
51.03 , 35.35
50.83 , 35.73
50.87 , 35.2
50.76 , 35.09
50.88 , 35.42
50.76 , 35.27
50.81 , 35.38
51.04 , 35.31
50.69 , 35.15
50.77 , 35.22
50.93 , 35.18
50.77 , 35.74
50.71 , 35.01
50.7 , 35.31
50.85 , 35.52
51.01 , 35.48
50.58 , 35.73
50.73 , 35.3
50.88 , 35.51
50.9 , 35.06
51.17 , 35.14
50.64 , 35.39
50.91 , 35.42
50.72 , 35.26
50.73 , 35.33
51.03 , 35.61
51.17 , 35.65
50.37 , 35.27
50.67 , 35.53
50.65 , 35.53
51.28 , 35.3
50.93 , 35.71
50.74 , 35.35
51.18 , 35.39
51.2 , 35.18
51.09 , 35.58
50.62 , 35.35
50.83 , 35.63
50.84 , 35.52
50.68 , 35.94
51.23 , 35.61
50.9 , 35.56
50.61 , 35.53
50.44 , 35.33
51.03 , 35.97
51.26 , 35.78
51.49 , 35.57
51.23 , 35.47
51.18 , 35.58
50.45 , 35.52
51.46 , 35.31
51.2 , 35.94
51.0 , 35.65
50.93 , 35.36
51.31 , 35.56
50.94 , 35.81
51.25 , 35.79
51.64 , 35.54
51.13 , 35.46
50.99 , 35.82
51.25 , 35.67
51.33 , 35.47
50.98 , 35.71
51.03 , 34.92
51.2 , 35.87
50.99 , 35.21
51.46 , 35.72
51.18 , 35.73
51.17 , 35.49
51.05 , 35.79
50.98 , 35.58
51.29 , 35.65
51.14 , 35.53
51.45 , 35.54
50.77 , 35.35
51.19 , 35.66
51.21 , 35.78
51.36 , 36.1
51.13 , 35.6
50.94 , 36.03
50.52 , 35.7
51.62 , 35.36
51.01 , 35.77
51.4 , 35.98
51.09 , 35.84
51.31 , 35.71
51.29 , 35.65
51.21 , 35.81
51.43 , 35.65
51.24 , 35.83
51.12 , 35.85
51.16 , 35.93
51.22 , 35.9
51.14 , 35.75
50.91 , 35.39
51.66 , 36.2
51.18 , 36.0
50.69 , 35.94
51.21 , 35.55
51.48 , 36.09
51.2 , 35.9
51.31 , 35.53
51.04 , 35.37
51.09 , 35.74
51.12 , 35.63
51.33 , 35.9
51.3 , 35.82
51.23 , 35.69
51.75 , 35.85
51.42 , 36.13
51.0 , 35.82
51.53 , 35.82
51.52 , 36.11
51.37 , 36.22
51.66 , 35.9
51.64 , 36.18
51.32 , 35.62
51.44 , 36.11
51.1 , 35.62
51.5 , 36.14
51.41 , 35.96
51.26 , 35.86
51.79 , 35.52
51.16 , 36.18
51.58 , 35.97
51.33 , 36.06
51.48 , 35.96
51.21 , 35.89
52.19 , 35.9
52.14 , 35.95
51.51 , 36.14
51.25 , 36.09
51.63 , 35.76
51.32 , 35.79
51.67 , 35.93
51.69 , 36.21
51.29 , 35.95
51.05 , 36.37
51.53 , 35.87
51.58 , 36.18
51.61 , 35.78
51.68 , 36.1
51.81 , 36.2
51.09 , 35.98
51.16 , 36.16
51.47 , 36.18
51.91 , 35.71
51.66 , 36.44
51.51 , 36.03
51.59 , 35.86
51.68 , 36.4
51.71 , 35.9
51.69 , 36.07
51.59 , 35.99
52.05 , 35.9
51.52 , 36.55
51.58 , 36.22
51.94 , 36.23
51.88 , 36.22
51.44 , 36.19
51.39 , 36.1
51.68 , 36.04
51.07 , 36.14
51.66 , 36.02
51.55 , 36.04
51.74 , 36.14
51.87 , 36.32
51.35 , 36.23
51.58 , 36.24
51.62 , 35.87
51.5 , 36.69
51.59 , 36.35
51.69 , 36.28
51.62 , 36.19
51.99 , 36.51
51.62 , 36.15
51.24 , 36.78
51.87 , 36.07
51.37 , 35.8
51.38 , 36.34
51.66 , 36.05
52.0 , 36.23
51.35 , 36.27
51.54 , 37.04
51.99 , 36.69
51.86 , 36.56
51.99 , 36.05
51.54 , 36.24
51.58 , 36.44
51.39 , 36.44
51.9 , 36.38
52.27 , 36.17
51.72 , 36.74
51.93 , 35.94
51.66 , 36.37
51.56 , 36.16
51.39 , 36.54
51.66 , 36.62
52.11 , 36.17
51.84 , 36.22
51.54 , 36.51
52.01 , 36.25
51.83 , 36.94
51.82 , 36.55
51.85 , 36.64
51.64 , 36.52
51.84 , 36.04
52.04 , 36.84
51.89 , 36.39
51.95 , 36.16
51.5 , 36.88
51.95 , 36.43
51.87 , 36.43
51.71 , 36.5
52.17 , 36.61
51.96 , 36.55
51.61 , 36.55
51.85 , 36.41
51.58 , 36.07
52.06 , 36.25
51.94 , 37.06
51.96 , 36.24
51.76 , 36.6
52.04 , 36.08
51.95 , 36.54
51.79 , 36.72
51.95 , 36.39
51.93 , 36.09
51.68 , 36.81
52.18 , 36.93
52.21 , 36.27
52.29 , 36.78
51.57 , 36.14
51.97 , 36.07
52.18 , 36.63
51.84 , 36.86
51.86 , 36.74
51.44 , 36.43
51.54 , 36.31
51.9 , 36.7
51.62 , 36.46
52.05 , 36.37
51.47 , 36.6
52.01 , 36.77
52.1 , 36.91
52.08 , 36.16
52.08 , 36.86
52.08 , 36.99
52.1 , 36.58
51.75 , 36.34
52.21 , 36.98
52.07 , 36.57
51.96 , 36.62
52.04 , 36.5
52.08 , 36.77
52.56 , 36.79
52.04 , 36.61
51.83 , 36.73
51.88 , 37.02
51.82 , 36.87
52.48 , 36.45
51.76 , 37.05
52.07 , 37.27
52.11 , 36.48
52.42 , 36.59
52.35 , 37.02
52.53 , 36.81
52.03 , 36.4
51.88 , 36.88
52.42 , 36.43
52.11 , 36.77
51.96 , 36.21
51.89 , 36.93
52.28 , 36.89
52.32 , 36.51
51.73 , 36.55
52.57 , 36.48
52.12 , 36.61
52.39 , 36.5
52.06 , 36.45
52.28 , 36.85
52.11 , 36.76
52.13 , 36.68
52.74 , 37.12
52.39 , 36.9
51.87 , 37.08
52.32 , 36.94
52.29 , 37.2
52.75 , 36.68
52.34 , 36.89
52.17 , 36.85
52.05 , 37.04
52.4 , 37.44
51.8 , 36.92
52.15 , 37.66
52.29 , 36.89
52.02 , 36.6
51.86 , 36.62
52.5 , 37.35
51.62 , 36.9
52.17 , 37.09
51.81 , 36.69
52.4 , 37.24
52.14 , 36.45
52.22 , 37.18
52.19 , 36.83
52.42 , 37.0
51.95 , 37.27
52.45 , 36.79
52.65 , 37.28
53.03 , 37.42
52.36 , 36.82
52.41 , 37.13
52.48 , 36.87
52.0 , 36.76
52.41 , 37.24
52.31 , 37.3
52.44 , 36.92
52.44 , 36.92
52.16 , 36.98
52.38 , 37.22
52.3 , 36.45
52.47 , 37.22
52.28 , 37.05
52.09 , 36.72
52.64 , 37.15
52.57 , 36.97
52.65 , 37.15
52.03 , 36.99
52.34 , 37.13
52.2 , 36.86
52.16 , 37.1
52.62 , 37.3
52.79 , 37.49
52.45 , 36.94
52.37 , 36.94
52.31 , 36.96
52.43 , 36.8
52.3 , 37.68
51.7 , 37.65
52.39 , 37.19
52.39 , 37.09
52.65 , 37.07
52.32 , 37.18
52.35 , 37.17
52.63 , 37.3
52.53 , 36.81
52.62 , 37.51
52.38 , 37.33
52.69 , 37.49
52.71 , 37.29
52.73 , 37.0
52.72 , 37.16
52.32 , 36.85
52.25 , 37.28
52.09 , 37.14
52.37 , 37.24
52.26 , 37.31
52.34 , 37.31
52.75 , 37.0
52.67 , 37.32
52.86 , 36.57
52.74 , 37.12
52.76 , 37.29
52.65 , 37.2
52.69 , 37.87
52.43 , 37.35
52.7 , 37.76
52.56 , 37.48
52.31 , 37.5
52.51 , 36.95
52.59 , 37.47
52.41 , 37.18
52.56 , 37.2
52.75 , 37.12
52.8 , 37.2
53.2 , 37.08
52.89 , 37.17
52.7 , 37.3
52.58 , 37.14
52.76 , 37.64
52.4 , 37.02
53.09 , 37.13
52.43 , 37.49
52.74 , 37.8
52.72 , 37.8
52.83 , 37.48
52.37 , 37.57
52.23 , 37.64
53.19 , 37.58
52.97 , 37.51
52.48 , 37.51
52.34 , 37.67
52.53 , 37.39
52.49 , 37.91
52.74 , 37.61
52.66 , 37.51
52.6 , 37.27
52.61 , 37.81
52.65 , 37.5
53.25 , 37.62
53.01 , 37.47
52.92 , 37.76
52.71 , 37.82
53.08 , 36.98
53.31 , 37.75
53.17 , 38.08
53.03 , 37.6
53.1 , 37.35
52.41 , 37.5
52.97 , 37.38
53.09 , 37.25
52.71 , 38.04
52.74 , 37.81
52.52 , 37.47
53.17 , 37.17
52.77 , 37.23
52.86 , 37.22
52.71 , 37.47
52.58 , 37.64
53.09 , 37.58
52.7 , 38.06
53.21 , 37.52
52.9 , 37.5
52.81 , 37.58
52.86 , 37.18
52.51 , 37.69
52.74 , 37.75
52.57 , 37.93
52.97 , 37.49
52.86 , 37.83
52.81 , 37.69
53.17 , 37.7
53.08 , 37.46
53.04 , 37.69
53.04 , 38.36
53.04 , 37.66
52.79 , 38.01
52.64 , 37.59
53.22 , 37.37
52.72 , 37.65
53.21 , 37.98
53.07 , 37.56
53.32 , 37.96
53.41 , 37.94
52.85 , 37.87
52.77 , 38.23
52.96 , 37.31
52.83 , 37.89
52.99 , 37.97
52.86 , 37.7
53.17 , 37.71
53.09 , 37.56
53.1 , 38.13
53.08 , 38.41
52.74 , 37.48
53.06 , 37.38
52.89 , 37.85
52.83 , 37.79
52.73 , 38.03
53.14 , 37.42
53.32 , 37.71
53.2 , 37.35
52.75 , 38.1
53.33 , 38.04
52.87 , 37.95
53.59 , 37.8
53.25 , 37.78
53.03 , 38.02
52.87 , 38.13
53.37 , 37.85
53.07 , 37.52
53.22 , 38.06
53.1 , 37.76
53.03 , 37.82
53.86 , 37.99
52.84 , 38.19
53.11 , 37.52
53.73 , 37.68
53.08 , 38.0
53.52 , 37.89
53.56 , 37.84
53.07 , 37.81
53.01 , 37.87
53.62 , 37.87
53.29 , 38.03
53.17 , 37.89
53.3 , 37.96
52.66 , 37.85
52.71 , 38.27
53.12 , 37.9
53.52 , 37.75
52.99 , 37.76
53.36 , 38.07
53.18 , 38.19
53.64 , 37.73
53.28 , 37.86
53.21 , 38.1
52.94 , 37.56
53.51 , 37.96
53.47 , 37.84
53.49 , 38.06
53.55 , 37.96
53.02 , 37.78
53.27 , 38.22
53.05 , 38.21
53.43 , 37.79
53.2 , 38.13
53.45 , 38.22
53.21 , 38.05
53.49 , 38.33
53.32 , 38.44
53.46 , 37.95
53.55 , 38.16
53.52 , 38.38
53.59 , 38.35
53.78 , 38.19
53.07 , 37.88
52.8 , 37.7
53.24 , 38.05
53.34 , 38.44
53.5 , 38.52
53.46 , 38.01
53.55 , 38.39
53.09 , 38.16
53.5 , 38.07
53.83 , 38.32
53.62 , 38.16
53.37 , 37.75
53.3 , 38.39
53.29 , 38.18
52.92 , 38.05
53.42 , 38.21
53.27 , 38.16
53.63 , 38.47
53.6 , 38.55
53.18 , 38.45
53.56 , 38.24
53.51 , 38.44
53.24 , 38.76
53.48 , 38.65
53.25 , 38.29
53.42 , 37.94
53.73 , 37.87
53.67 , 38.28
53.62 , 38.11
53.49 , 38.43
53.31 , 38.35
53.56 , 38.12
53.54 , 38.48
53.47 , 37.99
53.37 , 38.18
53.59 , 38.06
53.71 , 38.09
53.64 , 38.03
53.51 , 38.47
53.46 , 38.85
53.47 , 37.95
53.55 , 38.73
53.37 , 38.43
53.62 , 38.57
53.57 , 38.67
53.31 , 38.41
53.3 , 38.34
53.2 , 38.29
53.39 , 38.85
53.63 , 38.96
53.59 , 38.52
53.75 , 38.68
53.42 , 38.35
53.92 , 38.32
53.62 , 38.09
53.29 , 38.35
53.5 , 38.44
53.93 , 38.12
53.61 , 38.32
53.63 , 38.49
53.4 , 38.31
53.11 , 38.94
53.46 , 38.87
53.38 , 38.32
53.32 , 38.71
53.63 , 38.54
53.04 , 38.51
53.74 , 38.4
53.79 , 38.47
54.0 , 38.7
53.39 , 38.41
53.78 , 38.32
53.76 , 38.7
53.58 , 38.6
53.62 , 38.71
53.02 , 38.54
53.7 , 38.43
54.06 , 38.19
53.8 , 38.31
53.38 , 38.51
53.3 , 38.52
54.34 , 38.77
53.84 , 38.22
53.22 , 38.45
53.47 , 38.69
53.45 , 38.49
54.33 , 38.36
53.97 , 38.76
54.39 , 38.3
53.63 , 38.56
53.91 , 38.62
54.13 , 38.74
53.55 , 38.74
54.21 , 38.73
53.78 , 38.93
53.65 , 38.77
54.15 , 38.75
53.86 , 38.96
54.25 , 38.8
54.42 , 38.57
53.5 , 38.76
53.87 , 38.92
54.4 , 38.88
53.91 , 38.94
53.49 , 38.7
53.84 , 39.04
54.05 , 38.83
53.96 , 38.58
53.63 , 38.71
53.88 , 38.88
54.1 , 38.71
53.94 , 38.46
54.19 , 38.29
53.84 , 38.67
53.77 , 39.0
54.0 , 39.28
53.93 , 38.47
54.26 , 38.73
54.07 , 39.2
54.34 , 39.02
53.78 , 38.97
54.07 , 38.41
53.78 , 38.86
54.18 , 38.73
53.93 , 38.18
54.5 , 38.5
54.05 , 39.27
53.68 , 39.12
53.77 , 38.78
53.66 , 38.83
54.03 , 38.98
54.23 , 38.89
53.7 , 38.82
53.58 , 38.51
53.92 , 39.06
53.84 , 38.88
54.17 , 38.85
53.89 , 39.08
54.1 , 39.09
53.78 , 38.91
54.16 , 38.75
54.18 , 39.15
53.82 , 39.09
54.1 , 39.28
53.64 , 38.89
54.26 , 39.23
54.12 , 38.98
53.97 , 39.37
54.24 , 39.17
54.21 , 38.78
54.47 , 39.09
54.27 , 38.73
54.42 , 39.21
54.41 , 38.83
53.57 , 38.92
54.15 , 38.77
54.03 , 38.64
54.13 , 38.86
53.9 , 39.11
53.91 , 39.29
54.04 , 38.97
54.07 , 39.49
54.22 , 39.14
54.1 , 38.95
53.69 , 39.05
54.53 , 39.12
54.29 , 39.21
54.29 , 38.76
54.34 , 39.06
54.25 , 39.23
54.26 , 38.97
53.95 , 38.81
54.72 , 39.42
54.65 , 38.63
54.1 , 39.08
54.06 , 39.27
53.95 , 38.93
54.42 , 38.83
54.01 , 39.07
54.41 , 39.17
54.22 , 39.05
54.23 , 39.26
54.71 , 38.79
54.3 , 38.78
54.69 , 38.66
54.26 , 39.37
54.37 , 39.19
54.23 , 39.13
53.9 , 39.23
54.14 , 39.58
54.35 , 39.34
54.28 , 39.41
54.23 , 39.02
54.26 , 39.11
54.38 , 39.4
54.42 , 39.05
54.4 , 39.3
54.2 , 39.17
54.28 , 39.13
54.11 , 39.64
54.28 , 39.21
54.0 , 38.95
54.08 , 39.5
54.31 , 39.56
54.23 , 39.2
54.25 , 39.75
54.22 , 39.43
54.09 , 39.69
54.36 , 39.38
54.69 , 39.05
54.42 , 39.62
54.54 , 39.32
54.22 , 39.7
54.64 , 39.01
54.46 , 39.42
54.53 , 39.58
54.54 , 39.03
54.3 , 39.06
54.3 , 38.95
54.58 , 39.03
54.13 , 39.45
54.57 , 39.49
54.47 , 38.99
54.71 , 39.53
54.73 , 39.25
54.38 , 39.16
54.72 , 39.17
54.57 , 39.76
53.87 , 39.55
54.48 , 39.64
54.4 , 39.46
54.19 , 39.2
55.22 , 39.58
54.39 , 39.32
54.68 , 39.47
54.39 , 39.22
54.46 , 39.9
54.79 , 39.16
54.79 , 39.03
54.24 , 39.23
54.58 , 39.64
54.09 , 39.47
54.55 , 39.66
54.33 , 39.52
54.82 , 39.66
54.49 , 39.45
55.04 , 39.2
54.45 , 39.59
54.84 , 39.64
54.68 , 39.63
54.35 , 39.72
54.25 , 39.28
54.44 , 39.6
54.16 , 39.28
54.37 , 39.54
54.32 , 39.18
54.91 , 39.68
54.57 , 39.44
54.82 , 39.53
54.32 , 39.44
54.71 , 39.76
54.95 , 39.66
55.08 , 39.38
54.48 , 39.99
54.59 , 39.93
54.12 , 39.83
54.77 , 40.15
55.03 , 39.38
54.47 , 39.34
55.27 , 39.88
54.72 , 39.97
54.95 , 39.16
54.94 , 39.36
54.96 , 39.7
54.63 , 39.5
54.75 , 39.95
54.79 , 39.58
55.08 , 39.65
54.62 , 39.32
54.51 , 39.53
54.48 , 40.07
54.52 , 40.2
54.8 , 40.09
54.86 , 39.39
54.82 , 39.44
54.49 , 40.21
55.11 , 40.26
54.76 , 39.58
54.74 , 39.7
55.11 , 40.0
54.83 , 39.83
54.08 , 39.48
54.4 , 39.92
54.89 , 39.88
54.88 , 39.78
54.92 , 39.84
54.96 , 39.71
54.85 , 39.8
54.39 , 39.88
54.48 , 39.62
54.85 , 40.19
54.7 , 39.89
55.13 , 39.8
55.35 , 39.62
54.97 , 39.76
55.15 , 40.17
54.96 , 39.82
55.02 , 39.74
54.44 , 39.7
54.64 , 39.77
55.31 , 39.94
54.72 , 39.78
55.16 , 39.91
55.42 , 40.3
54.98 , 39.91
54.78 , 39.31
54.8 , 39.98
54.81 , 40.29
54.88 , 40.09
55.09 , 39.82
54.78 , 39.96
54.98 , 40.05
54.52 , 39.78
55.39 , 40.0
54.42 , 39.67
55.11 , 39.86
55.13 , 40.15
54.48 , 39.64
55.06 , 39.63
55.06 , 39.88
55.07 , 39.74
54.39 , 40.16
54.99 , 39.99
55.0 , 40.12
54.74 , 39.92
54.79 , 40.03
55.16 , 39.53
55.33 , 40.12
55.15 , 40.06
54.78 , 39.94
54.71 , 40.1
55.46 , 39.83
54.92 , 40.08
54.96 , 40.16
55.28 , 40.42
55.03 , 39.86
55.07 , 39.86
55.45 , 40.14
54.58 , 39.75
54.98 , 40.18
55.16 , 39.91
54.7 , 39.83
55.18 , 40.08
55.13 , 40.42
54.79 , 40.55
55.16 , 39.91
55.1 , 39.93
55.12 , 40.01
55.62 , 40.13
54.64 , 40.46
55.44 , 40.61
55.03 , 39.78
54.8 , 40.29
55.17 , 40.19
55.11 , 39.9
55.17 , 40.01
55.16 , 40.48
55.04 , 40.91
55.06 , 40.05
54.87 , 40.34
55.28 , 40.36
54.89 , 40.22
54.94 , 40.5
54.97 , 40.16
55.19 , 39.86
54.74 , 40.35
54.98 , 40.49
54.91 , 40.8
54.97 , 39.88
55.08 , 39.98
54.9 , 40.44
54.86 , 39.96
55.22 , 40.6
54.99 , 40.35
55.05 , 40.12
55.09 , 40.44
55.38 , 40.38
55.54 , 40.14
55.08 , 40.32
54.46 , 40.33
55.02 , 40.02
55.02 , 40.5
54.99 , 40.39
54.71 , 40.31
54.67 , 40.32
55.26 , 40.31
55.35 , 40.23
54.75 , 40.33
55.28 , 40.81
55.05 , 40.5
55.06 , 40.4
54.99 , 41.0
55.0 , 40.25
54.75 , 40.36
55.23 , 40.24
55.35 , 40.61
54.94 , 40.41
54.86 , 40.67
54.94 , 40.75
55.06 , 40.95
55.01 , 40.39
55.06 , 40.71
55.14 , 41.05
55.33 , 40.52
54.8 , 40.2
54.69 , 40.09
55.08 , 40.7
54.59 , 40.79
54.74 , 40.47
54.92 , 40.88
54.93 , 40.34
55.24 , 40.55
54.55 , 41.21
55.26 , 40.14
54.58 , 40.77
54.88 , 40.71
54.9 , 40.75
54.57 , 40.45
54.83 , 40.5
54.7 , 40.54
54.74 , 41.04
55.18 , 40.83
54.39 , 40.64
54.69 , 40.73
54.99 , 40.57
54.79 , 40.88
55.42 , 41.02
54.73 , 40.74
54.68 , 40.96
54.61 , 40.68
54.69 , 40.81
54.76 , 40.93
55.54 , 40.49
55.21 , 40.56
55.05 , 40.43
55.09 , 40.43
55.4 , 41.51
54.66 , 40.88
54.74 , 40.62
54.74 , 40.73
54.81 , 41.35
55.02 , 41.02
55.11 , 40.52
54.8 , 40.77
55.38 , 40.7
54.92 , 40.57
55.07 , 41.07
54.66 , 40.76
55.08 , 41.22
54.74 , 40.69
55.13 , 41.18
55.15 , 40.71
54.88 , 41.16
55.3 , 40.86
55.32 , 40.85
54.99 , 40.85
54.58 , 40.56
55.01 , 40.86
54.9 , 40.96
55.21 , 41.34
54.78 , 40.86
55.1 , 40.58
54.94 , 41.44
54.98 , 41.02
54.64 , 41.2
55.27 , 40.77
55.14 , 40.84
54.63 , 41.46
55.15 , 40.83
54.59 , 40.91
54.6 , 40.96
54.95 , 40.88
55.48 , 40.95
55.14 , 41.44
55.11 , 40.93
55.16 , 41.0
54.73 , 41.31
55.14 , 41.79
55.11 , 41.4
54.76 , 41.29
55.08 , 41.42
55.22 , 40.7
54.61 , 41.23
54.76 , 41.35
55.15 , 41.12
54.92 , 41.35
55.05 , 40.67
55.53 , 41.24
54.92 , 40.98
55.05 , 41.26
55.28 , 41.19
55.1 , 41.27
55.06 , 41.34
55.17 , 41.57
55.46 , 41.53
54.43 , 41.35
55.22 , 41.59
54.72 , 41.1
54.73 , 41.31
55.39 , 41.34
55.08 , 41.55
54.82 , 41.33
54.84 , 41.23
55.21 , 41.28
55.03 , 41.27
54.91 , 41.34
55.01 , 40.95
55.06 , 41.07
55.31 , 41.43
55.34 , 40.84
54.89 , 41.14
55.18 , 41.55
55.01 , 41.61
55.25 , 41.5
54.87 , 41.52
55.12 , 41.0
55.37 , 41.39
54.96 , 41.34
54.74 , 41.09
55.23 , 41.19
55.03 , 41.49
55.11 , 40.9
55.18 , 41.52
55.11 , 41.28
54.79 , 41.43
54.57 , 41.67
55.18 , 41.52
54.6 , 41.57
54.9 , 41.48
54.89 , 41.65
54.86 , 41.41
55.12 , 42.12
55.15 , 42.12
55.03 , 41.63
54.96 , 41.61
55.17 , 41.53
54.74 , 41.64
55.49 , 41.33
54.66 , 41.91
55.24 , 41.25
54.65 , 41.93
55.19 , 41.82
54.83 , 41.8
55.06 , 41.09
55.2 , 42.13
55.11 , 41.74
54.78 , 42.2
55.37 , 41.37
55.15 , 41.71
55.52 , 42.06
54.95 , 41.82
54.91 , 41.69
54.47 , 41.57
54.98 , 41.5
54.67 , 41.62
54.99 , 41.52
55.01 , 41.72
54.87 , 41.59
55.2 , 41.91
54.94 , 41.81
54.83 , 41.38
55.33 , 41.49
55.1 , 42.25
55.17 , 41.98
55.06 , 41.67
55.07 , 41.97
54.83 , 42.06
54.52 , 41.61
55.17 , 41.92
55.07 , 41.79
54.74 , 41.86
54.81 , 42.04
54.84 , 42.0
55.71 , 41.92
55.16 , 41.4
54.87 , 41.6
54.59 , 41.69
54.65 , 42.21
54.79 , 42.04
54.91 , 42.08
55.17 , 42.08
54.74 , 42.15
55.23 , 42.45
55.52 , 41.9
54.78 , 41.97
54.74 , 41.94
55.09 , 41.62
55.2 , 41.75
55.27 , 42.08
55.13 , 41.53
55.06 , 41.83
54.75 , 41.78
55.0 , 41.91
55.13 , 42.26
54.81 , 42.52
54.97 , 41.58
54.77 , 42.29
54.89 , 41.84
54.89 , 42.23
55.1 , 41.7
54.85 , 41.92
54.85 , 42.43
55.01 , 42.19
54.5 , 41.8
55.17 , 42.04
55.03 , 42.15
54.8 , 42.28
55.14 , 42.09
55.23 , 41.7
55.35 , 41.54
54.74 , 42.44
55.22 , 42.12
55.4 , 42.12
54.85 , 42.34
54.75 , 42.22
54.86 , 41.93
55.18 , 42.33
55.19 , 42.32
54.98 , 42.18
54.92 , 41.6
55.14 , 42.5
55.13 , 42.23
54.98 , 42.25
55.23 , 42.23
54.7 , 42.47
54.9 , 42.01
54.75 , 42.28
55.13 , 42.43
54.63 , 42.66
55.44 , 42.2
54.45 , 42.44
55.12 , 42.3
54.97 , 42.51
55.21 , 41.59
54.59 , 42.57
54.76 , 42.7
54.72 , 42.37
54.88 , 42.27
54.59 , 42.07
54.86 , 42.19
54.93 , 42.43
55.38 , 42.48
55.0 , 42.26
54.86 , 42.79
54.94 , 42.02
54.87 , 42.19
55.04 , 42.65
55.15 , 42.31
54.83 , 42.52
54.68 , 42.23
55.35 , 42.33
54.91 , 42.44
54.58 , 42.14
55.34 , 41.96
55.14 , 42.49
55.05 , 41.98
54.91 , 42.31
55.03 , 42.27
55.35 , 42.32
54.64 , 42.72
55.09 , 42.63
55.14 , 42.51
55.49 , 42.82
54.75 , 42.6
55.13 , 42.56
54.93 , 42.83
55.04 , 42.28
55.03 , 42.55
54.95 , 42.69
54.84 , 42.28
55.18 , 42.99
54.94 , 42.56
54.9 , 42.68
55.19 , 42.32
54.96 , 42.47
55.05 , 42.68
54.65 , 42.49
54.85 , 42.36
54.91 , 42.68
55.27 , 42.42
54.95 , 42.46
54.48 , 42.2
54.63 , 42.47
54.96 , 42.67
55.24 , 42.75
55.03 , 42.28
55.27 , 43.03
55.34 , 42.99
54.83 , 42.53
55.1 , 42.88
55.05 , 42.64
55.12 , 42.41
55.02 , 42.47
54.94 , 42.64
54.88 , 42.7
55.71 , 42.88
54.82 , 42.59
55.32 , 42.82
55.16 , 42.96
55.35 , 42.56
54.72 , 42.52
55.0 , 42.79
54.74 , 42.51
54.93 , 42.83
55.23 , 42.75
54.99 , 42.98
54.88 , 42.98
54.77 , 42.91
55.13 , 43.23
55.05 , 42.78
55.24 , 42.79
55.14 , 43.17
54.95 , 42.73
54.98 , 43.24
55.09 , 43.09
55.03 , 42.82
55.3 , 42.19
55.02 , 43.28
54.69 , 43.01
54.31 , 43.27
55.07 , 42.75
55.27 , 42.75
54.91 , 42.78
55.08 , 42.77
55.27 , 43.05
55.09 , 42.55
55.06 , 43.28
54.94 , 42.95
55.06 , 43.17
55.42 , 42.97
54.87 , 43.02
54.54 , 43.1
54.8 , 42.29
54.72 , 43.19
54.71 , 43.24
54.62 , 43.17
55.36 , 43.02
55.06 , 43.09
54.33 , 43.29
54.64 , 42.91
55.29 , 42.98
54.73 , 42.9
55.23 , 43.19
54.5 , 43.14
55.22 , 43.17
54.74 , 43.03
54.75 , 43.09
55.08 , 43.48
54.92 , 43.12
54.63 , 43.18
55.42 , 42.85
54.9 , 42.76
54.64 , 43.17
54.88 , 42.77
55.06 , 43.15
55.12 , 43.14
54.88 , 43.13
54.84 , 43.26
55.11 , 43.21
55.28 , 42.68
54.71 , 43.21
55.15 , 43.66
54.92 , 42.76
55.09 , 43.8
54.92 , 43.57
55.18 , 42.98
55.57 , 43.02
55.03 , 43.15
54.87 , 43.38
54.98 , 43.29
54.87 , 43.2
54.83 , 43.24
54.6 , 43.47
55.0 , 43.4
55.52 , 43.05
55.04 , 43.22
55.0 , 42.87
55.45 , 43.45
54.95 , 43.62
55.0 , 43.59
55.46 , 42.99
54.89 , 43.12
55.09 , 43.44
55.15 , 43.72
54.84 , 43.27
55.29 , 43.67
54.76 , 43.47
54.71 , 43.51
55.04 , 43.65
54.9 , 43.33
54.55 , 44.0
55.29 , 43.21
54.91 , 43.33
54.69 , 43.61
55.12 , 43.18
55.45 , 43.78
54.9 , 43.55
54.7 , 43.29
55.2 , 43.45
54.73 , 43.8
54.82 , 43.45
55.28 , 43.37
55.11 , 43.54
54.93 , 43.69
55.67 , 43.39
54.47 , 43.98
55.0 , 43.04
55.02 , 43.55
55.06 , 43.89
54.44 , 43.78
55.26 , 43.55
54.8 , 43.51
55.13 , 43.48
54.48 , 44.03
54.98 , 43.78
54.62 , 43.54
55.11 , 43.48
54.92 , 43.87
55.45 , 43.55
54.4 , 43.73
54.95 , 43.99
55.02 , 43.44
55.09 , 43.68
55.04 , 43.83
54.92 , 43.65
55.09 , 43.77
55.28 , 43.21
55.29 , 43.58
54.9 , 44.22
55.03 , 43.56
54.93 , 43.87
54.61 , 43.58
54.94 , 43.97
54.85 , 44.02
55.42 , 43.78
55.09 , 43.88
54.79 , 43.81
55.12 , 43.93
54.72 , 44.03
54.68 , 43.71
54.61 , 43.79
55.07 , 43.89
55.06 , 43.86
55.17 , 43.99
55.23 , 43.84
55.06 , 43.68
55.5 , 44.49
55.25 , 43.67
54.52 , 43.94
54.45 , 44.15
55.09 , 44.28
55.56 , 44.07
54.5 , 44.1
55.16 , 44.18
54.71 , 44.09
54.63 , 43.83
55.09 , 43.57
54.95 , 44.12
54.93 , 43.99
55.0 , 43.95
54.89 , 43.86
54.84 , 43.76
55.26 , 44.24
54.88 , 44.21
55.23 , 43.88
54.69 , 44.39
54.72 , 44.14
54.97 , 44.0
54.71 , 44.2
55.18 , 44.48
54.75 , 44.16
55.22 , 43.77
54.33 , 43.93
55.13 , 44.41
54.71 , 44.08
54.76 , 43.38
54.91 , 44.15
55.23 , 44.39
54.91 , 43.8
54.73 , 44.6
55.17 , 44.12
55.06 , 44.03
54.51 , 44.51
55.3 , 44.01
55.14 , 44.2
54.95 , 44.15
54.88 , 43.82
54.64 , 43.82
55.04 , 44.32
54.94 , 44.1
55.03 , 44.42
54.63 , 44.72
54.62 , 44.25
55.06 , 44.09
55.02 , 44.1
55.53 , 44.07
54.98 , 44.42
55.09 , 44.14
55.15 , 44.29
55.21 , 44.44
55.01 , 44.14
54.65 , 43.83
54.92 , 44.41
54.96 , 44.79
54.81 , 44.57
54.75 , 44.19
55.17 , 44.26
55.09 , 44.16
54.91 , 44.54
54.89 , 44.3
54.95 , 44.62
54.83 , 44.34
55.15 , 44.24
54.84 , 44.32
55.28 , 44.67
55.07 , 44.73
55.03 , 44.59
54.97 , 44.15
55.18 , 44.07
55.05 , 44.15
54.86 , 44.75
54.85 , 44.55
55.17 , 44.46
54.8 , 44.54
54.98 , 44.13
55.13 , 44.52
55.21 , 44.51
55.09 , 44.11
54.88 , 44.24
55.27 , 44.96
55.14 , 44.33
54.9 , 44.47
54.93 , 44.55
55.09 , 44.6
54.68 , 44.4
54.44 , 44.83
55.46 , 44.83
55.16 , 44.39
55.13 , 44.5
55.13 , 44.63
54.85 , 44.38
55.17 , 44.33
55.25 , 44.51
55.04 , 44.87
54.94 , 44.86
55.16 , 44.13
55.42 , 44.31
54.97 , 44.54
55.05 , 44.82
55.13 , 44.47
54.54 , 44.29
54.94 , 45.08
54.8 , 44.63
54.62 , 45.03
54.8 , 44.92
55.22 , 44.71
54.86 , 44.65
55.0 , 44.57
54.71 , 45.58
55.11 , 44.49
55.51 , 44.61
55.04 , 44.75
55.5 , 44.85
55.03 , 44.76
54.63 , 44.57
55.32 , 44.08
54.72 , 44.78
54.82 , 45.21
55.11 , 44.85
55.2 , 45.15
55.07 , 44.56
55.0 , 45.1
55.17 , 44.88
55.39 , 45.29
54.45 , 45.13
55.12 , 45.05
54.27 , 44.79
55.43 , 45.46
55.39 , 44.44
54.94 , 45.19
55.21 , 44.53
54.84 , 44.68
54.96 , 45.27
54.87 , 44.93
55.08 , 44.84
54.62 , 45.03
55.37 , 44.91
55.33 , 45.32
54.68 , 45.19
55.31 , 44.77
55.02 , 45.08
55.28 , 45.04
55.08 , 45.44
55.06 , 44.89
54.93 , 44.95
55.13 , 45.27
54.87 , 45.13
54.91 , 45.19
54.81 , 45.23
55.5 , 45.0
55.06 , 44.97
55.23 , 44.61
55.51 , 44.88
55.0 , 45.09
55.08 , 44.99
54.9 , 44.91
55.09 , 44.82
55.07 , 45.25
55.13 , 45.3
55.02 , 45.14
55.27 , 44.99
54.98 , 44.88
55.26 , 45.54
54.64 , 45.29
55.09 , 45.36
55.15 , 45.31
55.55 , 44.56
54.87 , 45.51
55.07 , 45.39
55.15 , 45.51
54.9 , 45.48
55.03 , 45.59
55.02 , 45.4
54.81 , 45.53
54.79 , 45.67
55.48 , 45.61
55.01 , 44.71
54.46 , 45.24
55.44 , 44.94
55.16 , 45.06
54.78 , 44.89
54.89 , 45.23
54.7 , 44.57
54.84 , 45.29
54.82 , 45.41
54.79 , 45.13
54.65 , 45.53
54.96 , 45.19
55.24 , 45.83
54.91 , 45.23
55.39 , 45.08
54.75 , 45.2
54.8 , 45.62
54.36 , 45.41
55.14 , 45.15
55.05 , 45.58
54.93 , 45.04
55.06 , 45.64
54.76 , 45.31
55.16 , 45.51
54.51 , 45.63
54.89 , 45.15
55.38 , 45.21
54.89 , 45.48
55.29 , 45.7
54.79 , 45.66
54.74 , 45.83
54.67 , 44.94
55.05 , 45.09
55.46 , 45.37
55.49 , 45.13
55.25 , 45.44
55.04 , 45.25
55.1 , 45.56
55.73 , 45.51
55.15 , 45.42
55.27 , 45.43
55.05 , 45.52
55.03 , 45.62
55.0 , 45.22
55.23 , 45.44
54.76 , 45.33
55.02 , 45.62
55.24 , 45.44
54.82 , 45.74
55.29 , 45.87
54.47 , 45.75
55.02 , 45.59
54.95 , 46.1
55.08 , 45.86
54.65 , 45.54
55.18 , 45.89
55.29 , 45.64
55.41 , 45.57
54.83 , 45.6
55.38 , 45.58
54.67 , 45.71
54.82 , 45.97
55.03 , 45.76
55.08 , 45.26
54.68 , 45.66
54.77 , 45.85
55.07 , 45.63
55.08 , 45.73
54.6 , 45.79
55.21 , 45.57
54.82 , 45.71
55.18 , 45.82
54.82 , 45.75
54.87 , 45.4
54.59 , 45.62
55.32 , 46.09
54.74 , 46.35
54.84 , 45.49
54.54 , 45.44
55.26 , 45.88
55.03 , 45.55
55.23 , 45.58
54.43 , 45.75
55.03 , 46.17
54.73 , 46.28
55.48 , 45.73
55.13 , 45.6
55.02 , 45.69
54.29 , 45.91
55.13 , 46.02
55.37 , 46.11
54.54 , 46.01
55.03 , 45.9
55.06 , 45.7
54.87 , 45.61
55.19 , 45.61
55.08 , 46.1
54.9 , 46.13
54.95 , 46.17
55.09 , 46.22
55.0 , 46.0
54.79 , 46.12
55.31 , 46.06
55.23 , 45.84
54.72 , 45.73
54.73 , 45.98
54.73 , 45.9
55.04 , 45.96
54.75 , 46.09
55.07 , 45.72
55.55 , 46.35
55.14 , 45.77
54.83 , 46.29
55.51 , 45.94
54.61 , 46.39
54.89 , 46.32
54.8 , 46.03
54.89 , 45.8
55.23 , 45.75
54.97 , 46.25
54.87 , 46.03
55.0 , 46.36
54.81 , 46.18
55.31 , 46.12
54.67 , 46.19
54.31 , 46.13
55.09 , 46.33
55.1 , 45.92
55.21 , 46.39
55.05 , 46.19
54.92 , 45.93
55.01 , 46.04
55.24 , 46.48
54.96 , 46.68
55.11 , 46.79
55.27 , 46.62
54.58 , 46.2
55.45 , 46.13
54.61 , 45.99
54.94 , 46.07
54.83 , 45.81
54.89 , 46.06
55.12 , 46.7
55.03 , 46.5
54.99 , 46.32
54.75 , 46.27
55.2 , 46.14
55.17 , 45.94
55.15 , 46.32
55.12 , 46.18
54.96 , 46.43
55.54 , 46.19
55.16 , 46.95
55.07 , 46.41
55.37 , 46.04
54.7 , 46.18
55.54 , 46.13
54.98 , 46.2
55.12 , 46.43
54.82 , 46.34
55.2 , 46.38
54.85 , 46.15
55.59 , 45.84
54.96 , 46.43
54.89 , 46.59
54.49 , 46.39
54.71 , 46.47
54.93 , 46.54
54.56 , 46.47
54.96 , 46.39
54.86 , 46.35
55.41 , 46.71
54.99 , 46.59
55.24 , 46.39
54.69 , 46.65
54.91 , 46.69
55.07 , 46.15
55.29 , 46.44
55.3 , 46.55
55.32 , 46.49
54.73 , 46.39
55.11 , 47.16
54.98 , 46.17
55.12 , 46.71
55.05 , 46.7
54.85 , 46.57
54.86 , 46.34
54.94 , 46.41
54.67 , 46.83
54.49 , 46.34
55.27 , 46.78
54.98 , 46.91
55.31 , 46.25
54.91 , 46.64
54.8 , 46.31
55.01 , 46.19
54.83 , 46.56
54.96 , 46.86
54.95 , 46.88
55.23 , 46.91
54.71 , 46.44
54.92 , 47.07
55.3 , 46.89
54.74 , 46.72
54.91 , 46.89
55.28 , 46.32
54.71 , 46.73
54.33 , 46.63
54.95 , 46.71
55.14 , 46.56
55.4 , 46.93
54.86 , 46.85
55.07 , 46.82
54.79 , 47.12
55.07 , 46.67
55.04 , 47.01
54.96 , 46.45
54.67 , 46.94
55.02 , 46.97
54.88 , 46.61
55.4 , 46.93
54.94 , 47.21
54.75 , 47.19
54.47 , 47.06
54.9 , 46.78
55.33 , 46.93
55.24 , 47.04
55.25 , 47.44
54.97 , 47.18
55.14 , 46.82
54.92 , 46.94
54.98 , 47.47
54.89 , 47.14
55.12 , 46.78
54.74 , 46.98
54.91 , 47.12
54.97 , 47.24
54.64 , 47.17
54.95 , 47.19
54.94 , 47.19
55.03 , 46.97
55.12 , 46.84
55.07 , 47.0
54.89 , 46.74
54.38 , 46.94
55.54 , 46.87
55.05 , 47.25
55.22 , 46.89
54.89 , 46.78
54.68 , 46.87
55.12 , 46.82
55.17 , 47.13
55.29 , 46.51
54.75 , 46.97
54.87 , 47.41
54.74 , 47.12
55.18 , 47.23
54.89 , 46.92
54.97 , 46.92
55.19 , 46.85
55.32 , 47.63
54.57 , 47.56
54.42 , 47.68
55.24 , 46.98
55.18 , 46.82
54.9 , 46.97
55.4 , 47.03
54.84 , 46.82
54.99 , 47.32
55.21 , 47.16
55.1 , 47.74
54.94 , 47.15
54.93 , 47.3
55.11 , 47.21
54.93 , 47.62
54.86 , 47.18
54.81 , 47.42
54.97 , 47.25
54.65 , 47.33
54.9 , 46.96
54.84 , 47.14
54.78 , 47.68
54.86 , 47.65
54.52 , 46.98
55.26 , 47.54
55.13 , 47.67
55.15 , 47.63
54.92 , 47.49
54.92 , 47.13
54.69 , 47.18
55.36 , 47.71
54.76 , 47.29
55.09 , 47.4
54.73 , 47.6
54.89 , 47.18
54.64 , 47.57
55.0 , 46.91
55.11 , 47.24
54.78 , 47.23
54.41 , 47.57
55.29 , 47.32
55.01 , 47.42
55.1 , 47.93
55.41 , 47.29
55.51 , 47.32
55.09 , 47.5
55.32 , 46.89
54.85 , 47.7
54.84 , 47.31
54.93 , 47.36
55.12 , 47.03
55.36 , 47.86
55.38 , 47.37
55.14 , 47.36
55.31 , 47.44
55.11 , 48.26
54.95 , 47.72
55.18 , 47.53
54.86 , 47.69
54.89 , 47.5
54.75 , 47.65
55.15 , 47.68
54.65 , 47.23
55.03 , 47.57
55.11 , 47.86
55.16 , 47.45
54.79 , 47.72
55.09 , 47.86
55.13 , 47.82
54.37 , 47.71
54.34 , 47.43
54.66 , 47.32
55.06 , 47.31
55.47 , 47.6
55.0 , 47.7
55.14 , 47.56
55.49 , 47.49
55.34 , 47.51
54.75 , 47.89
55.59 , 47.38
55.15 , 47.3
54.4 , 47.85
55.06 , 47.63
55.08 , 47.76
54.93 , 47.8
54.87 , 47.76
55.2 , 47.23
55.03 , 48.23
55.32 , 48.12
55.39 , 48.01
54.77 , 47.2
54.8 , 47.78
55.09 , 48.02
54.76 , 47.84
54.29 , 48.11
55.1 , 47.85
54.97 , 48.1
54.81 , 47.92
54.85 , 48.04
55.28 , 47.53
54.67 , 47.81
54.85 , 47.97
55.04 , 47.76
55.3 , 48.08
54.84 , 47.88
55.13 , 48.28
55.14 , 47.73
54.91 , 48.22
55.1 , 48.2
54.85 , 47.78
55.02 , 48.04
55.14 , 47.84
55.35 , 47.97
54.69 , 47.95
54.9 , 48.48
54.82 , 47.73
55.09 , 48.12
54.93 , 47.91
54.91 , 48.22
55.08 , 47.99
54.42 , 47.85
54.52 , 48.0
54.75 , 47.86
54.85 , 48.21
55.3 , 47.96
54.74 , 48.22
55.07 , 47.7
54.66 , 48.38
55.06 , 47.79
55.23 , 48.09
55.29 , 48.3
54.64 , 47.58
54.93 , 47.79
55.1 , 48.41
55.1 , 48.36
55.03 , 48.56
55.6 , 47.9
54.91 , 48.58
54.81 , 47.84
55.08 , 48.58
55.09 , 48.53
54.6 , 48.26
54.71 , 48.6
54.98 , 48.57
54.94 , 48.48
55.14 , 48.04
55.09 , 48.1
55.04 , 48.34
55.06 , 48.54
55.22 , 48.26
54.76 , 48.61
54.63 , 48.4
54.98 , 47.99
54.72 , 48.12
55.26 , 48.38
55.31 , 48.21
54.89 , 48.31
55.2 , 48.61
54.93 , 48.63
55.25 , 48.81
55.06 , 48.21
55.04 , 48.57
55.16 , 48.3
54.64 , 47.97
55.14 , 48.28
55.31 , 48.14
55.01 , 48.77
55.12 , 48.34
55.28 , 48.99
55.14 , 48.34
55.09 , 48.07
55.29 , 47.73
54.76 , 48.59
55.1 , 48.42
54.62 , 48.26
54.97 , 48.64
54.96 , 48.01
55.33 , 48.75
55.16 , 48.07
54.99 , 48.47
54.87 , 48.23
55.01 , 48.57
55.11 , 48.72
55.15 , 48.31
54.67 , 48.23
54.93 , 48.51
54.94 , 48.83
55.01 , 48.38
55.08 , 48.06
54.77 , 48.41
54.99 , 48.32
55.26 , 48.65
54.96 , 48.81
55.52 , 48.61
54.97 , 48.58
54.56 , 48.4
55.03 , 48.71
55.2 , 48.68
55.09 , 48.48
54.93 , 48.61
55.27 , 48.44
54.82 , 48.67
54.84 , 48.59
54.95 , 48.81
54.79 , 48.43
55.05 , 48.47
55.09 , 48.37
55.46 , 48.81
54.13 , 48.42
54.92 , 48.95
55.33 , 48.65
54.37 , 48.52
55.1 , 48.75
54.89 , 48.84
54.6 , 49.11
55.12 , 48.66
55.46 , 48.26
55.26 , 48.98
55.36 , 48.75
55.18 , 48.66
55.1 , 48.76
55.09 , 48.88
55.17 , 49.09
54.83 , 48.48
54.98 , 48.54
55.22 , 48.79
54.87 , 49.13
55.19 , 49.21
55.01 , 48.8
54.91 , 49.19
55.19 , 48.9
55.17 , 49.13
55.44 , 48.77
55.15 , 48.89
54.92 , 48.69
55.27 , 48.64
54.97 , 49.03
54.99 , 48.79
55.16 , 48.84
55.52 , 49.15
55.07 , 49.05
55.35 , 48.38
54.78 , 49.03
55.05 , 49.18
55.18 , 49.0
55.25 , 48.77
55.1 , 49.09
55.19 , 48.94
55.01 , 49.44
55.36 , 49.05
54.84 , 49.15
54.95 , 49.43
55.19 , 48.83
55.37 , 49.14
55.24 , 49.25
55.2 , 49.02
54.76 , 48.55
55.41 , 48.92
55.14 , 49.33
55.15 , 49.29
55.18 , 49.33
55.06 , 48.87
54.53 , 48.81
55.25 , 48.9
54.91 , 48.91
54.63 , 49.35
55.17 , 48.97
54.82 , 49.38
55.03 , 49.15
54.98 , 49.34
54.89 , 48.91
54.84 , 49.19
54.86 , 48.93
54.77 , 49.12
55.16 , 49.34
55.13 , 49.56
54.71 , 49.15
54.58 , 49.25
55.02 , 48.67
55.13 , 48.93
54.98 , 49.13
55.12 , 49.72
54.92 , 49.74
54.75 , 49.0
55.34 , 49.04
55.34 , 48.9
55.16 , 49.46
54.52 , 49.38
54.9 , 49.27
54.99 , 49.52
55.29 , 49.39
54.99 , 49.42
54.41 , 49.51
54.78 , 49.38
55.05 , 49.53
54.73 , 49.59
55.51 , 49.6
54.6 , 49.43
54.53 , 49.55
55.07 , 49.11
54.96 , 49.48
54.72 , 49.38
54.91 , 49.07
55.0 , 49.44
55.08 , 49.67
55.27 , 49.43
54.59 , 49.28
55.16 , 49.99
54.82 , 49.67
54.93 , 49.13
55.39 , 49.61
54.85 , 49.27
55.03 , 50.18
54.9 , 49.57
54.68 , 49.25
55.07 , 49.66
55.12 , 49.65
55.03 , 49.5
54.88 , 49.68
55.19 , 49.46
55.25 , 49.64
55.0 , 49.25
54.8 , 49.35
55.22 , 49.35
55.16 , 49.58
54.97 , 49.54
55.29 , 49.68
55.32 , 49.35
54.42 , 49.45
54.96 , 49.25
54.76 , 49.5
54.84 , 49.76
54.81 , 49.35
54.84 , 49.26
54.9 , 49.73
54.82 , 49.9
54.83 , 49.62
54.76 , 49.83
55.14 , 49.64
54.76 , 50.11
55.1 , 49.96
54.55 , 49.54
55.29 , 49.53
54.45 , 49.74
55.14 , 49.91
54.82 , 49.57
54.88 , 49.66
55.13 , 49.71
55.0 , 49.65
55.07 , 49.63
54.76 , 49.66
54.79 , 49.7
55.35 , 49.62
55.02 , 49.78
54.8 , 49.58
55.31 , 49.68
54.9 , 49.84
54.94 , 49.6
55.48 , 49.7
55.08 , 49.68
54.85 , 49.77
54.95 , 49.61
55.02 , 49.77
55.3 , 50.3
54.79 , 49.72
55.18 , 49.88
54.89 , 50.14
54.92 , 49.77
55.0 , 49.86
55.21 , 49.73
54.91 , 49.53
54.76 , 50.24
55.39 , 49.57
55.04 , 49.7
54.99 , 49.65
54.99 , 49.85
54.83 , 49.82
54.6 , 49.86
55.04 , 50.16
55.0 , 49.72
54.84 , 49.82
54.89 , 49.64
54.77 , 49.98
54.73 , 50.32
55.05 , 49.8
54.88 , 50.2
54.85 , 49.38
55.3 , 50.34
55.12 , 50.45
54.85 , 49.81
55.14 , 49.92
54.85 , 50.03
54.78 , 50.22
54.78 , 49.76
55.07 , 50.14
54.9 , 50.24
54.96 , 50.45
54.95 , 49.73
55.02 , 49.82
54.89 , 50.1
55.07 , 49.89
55.05 , 50.21
55.15 , 50.29
55.61 , 49.9
55.2 , 50.08
55.04 , 50.3
55.07 , 50.49
54.8 , 50.18
55.13 , 49.92
55.35 , 49.82
54.76 , 50.13
55.25 , 50.13
54.87 , 50.36
54.67 , 50.24
54.88 , 50.01
55.39 , 50.45
54.96 , 50.24
54.88 , 49.84
54.8 , 50.27
54.56 , 50.64
54.71 , 50.23
55.22 , 50.22
55.14 , 50.66
54.82 , 50.24
55.39 , 50.21
55.32 , 50.46
55.13 , 50.39
54.5 , 50.39
55.1 , 50.39
54.99 , 50.21
54.57 , 50.52
55.08 , 50.64
55.18 , 50.46
55.06 , 50.57
54.89 , 50.49
55.09 , 50.05
55.31 , 50.59
55.06 , 50.52
55.2 , 50.1
55.5 , 50.85
55.02 , 50.51
54.84 , 50.39
54.79 , 50.5
55.14 , 50.29
54.53 , 50.48
54.9 , 50.06
54.79 , 50.58
54.79 , 50.15
54.98 , 50.84
55.1 , 50.51
54.95 , 50.55
55.22 , 50.68
54.86 , 50.39
55.22 , 50.56
55.37 , 50.83
54.95 , 50.41
54.82 , 50.6
54.95 , 50.94
55.2 , 50.14
55.03 , 50.27
55.06 , 50.16
55.18 , 50.5
55.22 , 50.28
54.66 , 50.52
55.11 , 50.6
55.07 , 50.42
55.01 , 50.52
55.1 , 50.58
54.6 , 50.58
55.48 , 50.31
55.23 , 50.44
55.01 , 50.48
54.72 , 50.34
54.89 , 50.94
55.49 , 50.43
54.4 , 50.68
55.09 , 50.24
55.31 , 50.17
55.07 , 50.53
55.2 , 50.64
55.18 , 50.93
55.03 , 51.02
54.94 , 50.87
54.93 , 51.11
54.61 , 50.39
54.8 , 50.95
55.18 , 51.12
55.1 , 50.33
54.68 , 50.74
55.08 , 50.92
54.98 , 50.7
55.09 , 50.66
54.83 , 50.98
54.95 , 50.78
54.53 , 51.13
54.87 , 50.97
54.97 , 51.05
54.88 , 50.86
55.05 , 50.85
54.74 , 50.83
54.88 , 50.49
54.78 , 50.95
55.9 , 50.82
54.7 , 50.61
55.4 , 50.89
55.47 , 50.94
55.16 , 51.5
55.24 , 51.09
54.74 , 51.35
54.79 , 50.52
55.2 , 51.06
55.49 , 50.91
54.94 , 51.28
55.25 , 51.01
55.34 , 51.1
54.72 , 50.82
55.22 , 50.82
54.92 , 51.39
55.03 , 51.64
55.18 , 51.05
54.77 , 50.87
54.63 , 51.16
55.29 , 51.23
55.26 , 51.2
55.38 , 51.33
54.8 , 51.16
54.7 , 50.68
54.8 , 50.9
55.13 , 50.58
55.0 , 50.85
54.73 , 50.8
55.49 , 51.12
54.71 , 50.08
54.96 , 51.48
55.49 , 50.76
55.24 , 51.14
55.34 , 51.3
54.61 , 51.14
55.12 , 51.51
54.91 , 51.19
54.7 , 51.32
54.77 , 50.74
55.12 , 51.21
54.81 , 51.14
55.07 , 50.66
54.86 , 51.8
55.35 , 51.27
54.84 , 50.7
54.82 , 51.18
54.62 , 51.23
54.95 , 51.05
54.94 , 51.38
54.86 , 51.51
55.63 , 51.25
54.67 , 50.92
54.84 , 51.02
54.85 , 51.61
55.41 , 51.2
55.24 , 51.72
55.13 , 51.15
54.88 , 51.24
54.83 , 51.46
55.34 , 51.47
54.81 , 51.11
54.96 , 51.04
54.56 , 51.52
54.66 , 51.61
54.9 , 51.22
54.87 , 51.61
54.77 , 51.24
54.73 , 51.38
54.5 , 51.38
55.27 , 51.66
54.25 , 51.71
54.95 , 51.67
55.24 , 51.31
54.87 , 51.66
55.43 , 51.04
54.96 , 51.57
55.12 , 51.69
54.66 , 51.87
54.5 , 51.82
55.11 , 51.83
54.83 , 51.41
54.64 , 51.64
55.08 , 51.21
54.93 , 51.59
54.77 , 51.16
55.51 , 51.71
54.93 , 51.95
54.73 , 51.55
54.6 , 51.91
55.24 , 51.84
55.06 , 51.51
54.98 , 51.58
54.71 , 51.32
55.05 , 51.27
54.78 , 51.84
54.67 , 51.64
55.34 , 51.68
54.96 , 51.35
55.11 , 51.77
55.25 , 51.65
55.16 , 51.95
55.14 , 51.35
54.71 , 51.69
54.98 , 52.03
55.3 , 51.34
54.91 , 51.49
54.77 , 51.24
55.01 , 51.86
55.09 , 51.33
55.16 , 51.85
54.98 , 51.73
55.25 , 51.65
54.9 , 51.56
54.76 , 52.14
54.83 , 51.4
54.54 , 51.56
55.5 , 51.8
55.24 , 51.36
55.34 , 51.93
55.15 , 51.71
54.93 , 51.68
55.12 , 51.85
55.61 , 51.69
55.17 , 51.82
54.83 , 51.88
55.01 , 51.92
54.73 , 52.04
54.86 , 51.78
54.66 , 51.66
54.6 , 52.12
55.16 , 51.79
54.88 , 51.85
54.99 , 51.63
54.89 , 51.78
55.04 , 52.11
55.22 , 51.53
55.38 , 52.05
55.24 , 52.31
55.09 , 52.04
54.9 , 51.82
54.97 , 52.15
54.65 , 51.88
55.0 , 52.12
55.19 , 51.38
54.86 , 51.36
54.85 , 52.15
55.1 , 52.12
55.01 , 51.58
55.48 , 52.19
55.47 , 51.91
54.98 , 51.98
55.07 , 52.08
55.22 , 52.19
55.16 , 52.07
55.3 , 52.25
54.66 , 52.38
54.96 , 52.48
55.04 , 52.19
54.86 , 51.92
54.98 , 51.73
55.48 , 52.36
55.22 , 52.03
54.91 , 51.93
54.72 , 52.59
54.82 , 52.2
55.13 , 51.48
54.99 , 52.35
55.33 , 52.53
54.67 , 52.69
55.15 , 51.75
54.72 , 52.41
55.17 , 52.2
55.29 , 52.1
55.3 , 52.3
54.92 , 52.54
55.27 , 51.76
55.54 , 52.54
55.01 , 52.14
54.87 , 52.09
54.89 , 52.18
55.21 , 51.77
54.86 , 52.35
55.12 , 51.92
55.17 , 52.01
55.2 , 52.34
54.82 , 52.44
55.25 , 52.38
55.06 , 52.17
55.17 , 52.08
54.71 , 52.44
55.1 , 52.23
55.19 , 52.28
55.14 , 52.41
55.24 , 52.59
55.05 , 52.29
55.21 , 52.11
54.96 , 52.42
54.83 , 52.16
54.92 , 52.49
54.97 , 52.34
55.01 , 52.31
55.29 , 51.88
55.4 , 52.42
54.88 , 52.64
54.94 , 52.39
55.17 , 52.35
55.11 , 52.42
54.93 , 52.43
55.39 , 52.28
55.25 , 52.75
54.52 , 52.55
55.05 , 51.96
54.97 , 52.66
54.91 , 52.72
55.13 , 52.66
55.05 , 52.71
55.15 , 51.66
54.9 , 52.52
55.19 , 52.25
54.93 , 52.77
54.94 , 52.56
54.86 , 52.56
54.72 , 52.62
55.11 , 52.56
55.22 , 52.2
54.55 , 52.63
54.67 , 52.68
55.36 , 52.42
54.75 , 52.83
55.05 , 52.05
55.24 , 52.69
55.07 , 52.51
55.38 , 52.57
55.5 , 52.58
54.76 , 52.62
55.25 , 52.56
54.98 , 52.78
54.63 , 52.33
55.31 , 52.47
54.82 , 52.33
55.21 , 52.37
54.74 , 52.57
54.86 , 52.74
54.96 , 53.19
55.35 , 52.47
55.27 , 52.96
55.1 , 52.74
55.38 , 52.53
55.41 , 52.98
55.29 , 52.61
54.79 , 52.67
54.75 , 52.61
55.23 , 52.59
55.28 , 52.5
54.73 , 52.58
55.36 , 52.8
55.09 , 52.77
54.98 , 52.64
54.97 , 52.43
55.31 , 53.06
54.6 , 52.72
54.93 , 52.71
55.09 , 52.74
54.75 , 52.46
55.03 , 52.26
54.75 , 53.49
54.84 , 53.05
54.96 , 52.67
55.07 , 53.04
55.3 , 52.56
55.22 , 52.81
54.88 , 53.04
55.13 , 53.13
55.15 , 52.95
55.18 , 52.89
54.47 , 52.97
55.08 , 52.52
54.96 , 53.05
54.8 , 53.53
55.27 , 52.66
55.05 , 52.88
54.93 , 53.13
55.47 , 52.85
55.08 , 53.02
55.22 , 52.9
55.12 , 53.43
54.88 , 53.28
54.61 , 52.87
55.08 , 53.14
54.98 , 52.8
54.7 , 52.69
54.89 , 52.8
54.38 , 53.41
55.14 , 53.23
54.99 , 53.19
54.87 , 53.24
55.55 , 53.54
54.94 , 53.17
55.21 , 52.92
54.85 , 52.77
54.86 , 53.46
54.89 , 53.98
55.45 , 53.01
55.24 , 53.1
55.07 , 53.02
55.23 , 52.86
54.83 , 53.4
55.46 , 53.19
54.63 , 52.7
54.77 , 53.23
55.08 , 53.22
55.43 , 53.02
54.97 , 53.1
54.97 , 53.09
55.08 , 53.06
54.57 , 53.13
55.07 , 53.31
54.93 , 53.33
54.9 , 53.0
54.42 , 53.31
54.57 , 52.94
55.13 , 53.64
55.1 , 53.62
54.7 , 53.21
54.86 , 53.32
55.16 , 52.98
55.01 , 53.25
55.18 , 53.87
54.92 , 53.25
55.43 , 52.93
54.87 , 53.08
54.95 , 53.43
54.44 , 54.02
54.83 , 53.22
54.7 , 53.48
55.35 , 53.99
54.68 , 53.86
54.78 , 53.49
54.68 , 53.39
55.4 , 53.56
55.3 , 53.32
55.08 , 53.46
55.02 , 53.39
54.53 , 53.56
54.81 , 53.51
54.66 , 53.4
54.93 , 53.99
55.11 , 53.51
54.76 , 53.35
55.06 , 53.32
54.87 , 53.28
54.97 , 53.83
55.2 , 53.2
55.29 , 53.95
54.74 , 53.14
54.9 , 53.83
55.39 , 53.54
54.79 , 53.36
54.69 , 53.71
55.07 , 53.41
55.23 , 53.52
54.74 , 53.49
55.07 , 53.29
54.96 , 53.67
54.51 , 53.34
55.15 , 53.55
54.72 , 53.1
55.1 , 53.56
54.93 , 53.12
55.19 , 53.67
54.94 , 53.68
55.11 , 53.31
54.73 , 53.42
54.83 , 53.79
55.3 , 53.7
55.16 , 53.78
55.11 , 53.46
55.17 , 53.95
54.53 , 53.82
55.1 , 53.79
54.76 , 53.7
55.11 , 54.03
55.34 , 53.31
55.41 , 53.97
55.35 , 54.15
54.99 , 53.97
54.67 , 53.64
55.12 , 53.77
55.13 , 53.51
54.74 , 53.99
55.07 , 53.65
55.3 , 54.09
55.0 , 54.3
55.07 , 53.59
55.51 , 53.5
54.96 , 53.91
54.86 , 54.15
55.03 , 54.12
55.0 , 53.7
54.95 , 54.07
55.2 , 53.98
55.46 , 53.96
54.94 , 54.37
55.18 , 54.26
54.91 , 54.04
55.36 , 53.94
55.0 , 54.22
54.88 , 53.93
54.94 , 53.86
54.72 , 54.26
54.62 , 54.09
54.88 , 53.8
54.55 , 53.76
55.03 , 53.49
55.06 , 53.57
55.12 , 54.12
55.38 , 54.25
54.78 , 54.2
54.91 , 53.65
55.27 , 53.96
55.06 , 54.14
54.81 , 54.28
55.16 , 53.8
54.82 , 53.82
55.07 , 53.77
55.58 , 54.28
54.97 , 54.21
55.03 , 54.18
54.62 , 54.06
54.97 , 54.01
54.89 , 54.25
54.66 , 54.55
54.76 , 54.51
54.96 , 53.71
54.69 , 54.35
55.29 , 53.68
54.82 , 54.36
54.9 , 53.9
55.32 , 54.16
54.61 , 53.82
55.12 , 53.93
55.42 , 53.95
55.08 , 54.31
55.14 , 54.13
54.77 , 54.21
54.13 , 54.56
55.22 , 54.47
55.24 , 54.01
54.92 , 54.63
55.17 , 54.13
55.36 , 53.68
55.06 , 54.55
55.09 , 54.19
55.4 , 53.99
55.07 , 54.48
54.69 , 54.0
55.21 , 54.2
55.02 , 54.02
54.47 , 54.73
55.25 , 54.31
54.65 , 54.47
55.41 , 54.51
54.94 , 54.24
54.91 , 54.27
55.05 , 54.42
54.83 , 54.61
54.75 , 53.82
54.89 , 54.01
55.01 , 54.35
55.1 , 54.68
55.25 , 54.56
55.25 , 54.45
54.77 , 53.83
55.32 , 54.59
54.97 , 54.21
54.63 , 54.4
55.06 , 54.4
55.12 , 54.34
54.71 , 54.67
54.84 , 54.15
54.98 , 54.66
55.03 , 55.01
54.66 , 54.91
55.16 , 54.76
55.1 , 54.58
55.17 , 54.67
55.26 , 54.48
55.05 , 54.59
54.83 , 54.5
54.94 , 54.05
54.86 , 54.46
54.8 , 54.71
55.07 , 54.33
55.07 , 54.96
54.67 , 54.3
55.13 , 54.37
54.95 , 54.48
54.95 , 54.62
55.01 , 54.85
55.03 , 54.41
55.24 , 54.53
55.06 , 54.5
54.92 , 54.83
55.33 , 54.41
54.79 , 54.77
54.62 , 54.33
55.1 , 54.6
54.85 , 54.75
54.48 , 55.03
54.85 , 54.73
55.09 , 54.76
55.21 , 54.61
55.66 , 54.48
54.88 , 54.31
54.89 , 54.6
55.18 , 54.74
55.15 , 54.88
55.32 , 54.59
54.98 , 54.95
54.96 , 54.83
54.9 , 54.52
54.89 , 54.85
55.06 , 54.96
55.22 , 54.63
54.87 , 54.55
54.59 , 54.79
55.02 , 54.75
55.16 , 54.61
54.59 , 55.01
55.11 , 54.42
55.08 , 55.16
55.28 , 54.98
54.86 , 54.58
54.85 , 54.77
54.88 , 54.8
55.33 , 55.13
54.87 , 55.0
55.05 , 54.47
55.14 , 54.63
54.89 , 54.97
54.7 , 54.73
54.94 , 55.14
55.14 , 54.86
55.0 , 55.03
55.4 , 55.07
55.02 , 55.18
55.14 , 54.87
54.83 , 55.21
54.74 , 54.73
55.05 , 54.83
55.04 , 55.0
54.94 , 55.25
55.25 , 55.45
54.71 , 55.17
54.9 , 54.89
54.78 , 54.92
54.75 , 54.68
54.85 , 55.13
55.06 , 55.48
55.0 , 54.94
54.5 , 55.43
55.04 , 55.42
54.96 , 54.66
55.3 , 55.36
55.39 , 55.34
54.65 , 54.9
54.94 , 55.5
54.82 , 55.34
55.91 , 55.4
55.14 , 55.43
54.95 , 55.25
54.98 , 55.03
54.68 , 55.46
54.89 , 55.5
55.32 , 55.29
54.77 , 55.0
54.94 , 54.71
54.85 , 55.02
55.41 , 54.96
55.26 , 54.86
54.99 , 55.05
55.23 , 55.13
55.09 , 55.22
55.04 , 55.27
55.11 , 55.41
55.15 , 55.43
55.06 , 55.31
54.76 , 55.42
54.86 , 55.2
55.08 , 55.13
54.69 , 55.28
55.03 , 54.99
55.1 , 54.94
54.56 , 55.28
55.31 , 55.08
55.02 , 55.37
55.52 , 55.09
54.53 , 55.64
55.2 , 55.29
54.91 , 55.06
55.11 , 55.36
54.99 , 55.04
54.91 , 55.43
55.1 , 55.46
54.85 , 55.07
55.01 , 55.65
55.0 , 55.1
54.9 , 55.7
54.9 , 55.05
55.28 , 55.91
54.76 , 55.82
54.92 , 55.18
55.08 , 55.94
54.93 , 55.29
54.9 , 55.37
55.26 , 55.11
54.84 , 55.06
55.22 , 55.35
54.69 , 55.68
54.79 , 55.74
54.95 , 54.89
55.35 , 55.08
55.09 , 55.38
55.2 , 55.42
55.01 , 55.34
54.76 , 55.59
54.93 , 55.31
55.05 , 55.49
55.14 , 55.83
54.71 , 55.64
54.99 , 55.81
55.39 , 55.47
54.57 , 56.1
55.19 , 55.54
54.87 , 55.75
55.28 , 55.56
55.44 , 55.64
55.29 , 55.52
55.2 , 55.13
55.26 , 55.92
55.22 , 55.32
54.8 , 56.22
54.94 , 55.91
55.12 , 55.68
54.98 , 55.72
55.12 , 55.8
55.61 , 55.04
54.86 , 55.59
55.0 , 55.35
54.82 , 55.27
54.55 , 56.01
54.78 , 55.67
54.77 , 56.27
55.2 , 56.18
54.99 , 55.73
55.08 , 55.64
55.18 , 56.06
55.13 , 55.53
55.29 , 55.42
54.86 , 56.19
55.04 , 55.49
54.8 , 55.55
55.23 , 55.96
55.01 , 55.72
54.97 , 56.09
55.16 , 56.25
54.89 , 55.99
55.07 , 55.46
55.37 , 56.08
55.12 , 55.88
54.61 , 55.74
55.06 , 56.45
55.27 , 55.52
55.0 , 56.1
54.88 , 55.55
54.8 , 55.42
55.09 , 55.79
55.33 , 55.92
55.0 , 55.81
54.93 , 56.39
55.19 , 55.65
55.18 , 55.85
54.89 , 56.01
55.3 , 55.81
55.02 , 55.78
54.79 , 55.29
55.37 , 55.97
54.44 , 56.07
54.9 , 56.12
54.95 , 56.33
55.34 , 56.04
54.56 , 55.34
55.02 , 56.14
54.93 , 56.18
55.01 , 56.07
54.97 , 56.21
54.62 , 56.2
54.8 , 55.79
55.14 , 56.28
54.88 , 55.64
55.27 , 56.32
55.47 , 55.89
54.84 , 56.67
55.34 , 55.85
55.01 , 55.59
55.01 , 56.35
54.82 , 56.31
55.17 , 56.32
55.2 , 55.53
54.92 , 55.88
55.18 , 56.56
55.17 , 56.88
55.15 , 55.65
54.95 , 56.2
55.1 , 56.39
54.7 , 56.17
55.14 , 56.09
54.87 , 55.98
54.24 , 56.17
54.77 , 56.43
54.62 , 56.53
54.87 , 56.45
55.29 , 56.31
54.87 , 56.71
55.04 , 55.88
55.24 , 55.97
54.81 , 56.19
55.06 , 56.3
54.68 , 55.97
55.14 , 56.58
54.84 , 56.81
54.97 , 56.19
54.8 , 56.69
55.07 , 56.16
54.76 , 55.99
55.03 , 56.19
55.16 , 56.75
54.66 , 56.68
55.22 , 56.08
54.86 , 56.25
55.18 , 56.05
55.35 , 56.74
55.19 , 56.24
55.37 , 56.46
55.37 , 56.53
55.0 , 56.43
55.25 , 56.68
54.94 , 56.98
55.05 , 56.6
55.22 , 56.89
54.76 , 55.96
54.88 , 56.22
55.25 , 56.62
55.02 , 56.17
55.09 , 56.5
54.96 , 56.36
55.1 , 56.54
55.21 , 56.6
55.32 , 57.04
55.38 , 56.78
54.81 , 56.51
55.42 , 56.86
55.06 , 56.56
54.67 , 56.48
54.86 , 56.57
54.94 , 56.86
55.07 , 56.47
54.55 , 56.63
55.02 , 56.42
55.24 , 56.83
55.17 , 56.46
54.75 , 57.16
55.22 , 56.38
55.08 , 56.23
54.33 , 56.8
55.15 , 56.45
55.4 , 56.84
54.87 , 56.66
54.71 , 56.52
55.1 , 56.87
55.08 , 56.57
54.6 , 56.42
55.29 , 56.88
54.77 , 56.72
54.82 , 56.53
55.1 , 56.98
54.85 , 56.95
55.04 , 56.57
55.4 , 56.61
55.11 , 56.66
55.24 , 56.71
54.9 , 56.96
55.14 , 56.66
55.18 , 57.11
54.84 , 56.27
54.76 , 56.62
55.43 , 56.56
54.77 , 56.85
54.69 , 56.69
55.29 , 56.75
54.91 , 56.96
54.95 , 56.48
55.26 , 56.47
54.79 , 56.5
54.84 , 56.85
55.41 , 56.8
55.49 , 56.86
54.67 , 57.06
55.31 , 56.55
54.93 , 56.64
55.27 , 56.76
54.71 , 56.83
55.28 , 57.13
55.05 , 56.68
55.19 , 57.17
54.84 , 56.85
55.14 , 57.16
55.15 , 57.2
55.3 , 57.11
55.13 , 56.61
55.0 , 56.72
54.99 , 57.15
55.03 , 56.77
55.35 , 57.34
55.06 , 57.23
54.65 , 56.94
55.41 , 57.42
55.25 , 56.56
55.13 , 56.72
55.02 , 57.33
55.05 , 57.2
55.0 , 56.66
54.8 , 56.98
54.77 , 57.28
55.06 , 56.92
55.34 , 57.56
55.32 , 57.25
55.38 , 57.22
54.81 , 57.24
54.95 , 57.16
54.49 , 57.08
55.5 , 57.14
54.88 , 57.03
55.02 , 57.75
55.09 , 57.51
54.9 , 57.31
54.74 , 57.6
54.95 , 57.11
55.05 , 57.74
54.75 , 57.37
54.78 , 57.28
54.75 , 57.55
55.45 , 57.11
54.52 , 56.86
54.71 , 57.41
54.97 , 57.12
54.9 , 57.37
55.24 , 57.4
55.06 , 57.37
54.78 , 57.04
54.91 , 57.24
55.05 , 57.11
55.02 , 57.33
55.18 , 57.45
55.11 , 57.37
54.61 , 57.17
55.02 , 57.35
54.74 , 57.71
55.29 , 57.24
55.35 , 56.91
55.28 , 57.41
54.89 , 57.12
55.09 , 57.17
55.0 , 57.25
55.29 , 56.89
55.16 , 57.39
55.21 , 57.63
54.3 , 57.41
54.77 , 57.37
54.99 , 57.59
55.23 , 57.2
55.52 , 57.5
55.11 , 57.32
54.9 , 57.87
54.74 , 57.67
55.27 , 57.69
55.08 , 57.49
54.59 , 57.24
55.04 , 57.61
55.23 , 57.71
55.14 , 57.51
55.4 , 57.6
55.14 , 57.99
54.95 , 57.34
55.19 , 57.54
55.27 , 57.31
54.85 , 57.72
55.07 , 57.41
55.22 , 57.53
55.01 , 57.72
55.38 , 57.83
54.74 , 57.3
54.99 , 57.19
54.98 , 57.6
55.14 , 57.53
54.81 , 57.54
54.95 , 58.2
55.66 , 57.48
55.2 , 57.71
55.09 , 57.71
54.77 , 57.68
54.95 , 57.65
54.84 , 57.89
54.97 , 57.37
55.18 , 57.74
54.86 , 57.57
54.99 , 58.05
55.25 , 57.4
54.79 , 57.3
55.09 , 57.67
54.86 , 57.84
54.95 , 58.31
55.23 , 57.81
55.5 , 57.72
54.67 , 57.19
55.62 , 57.8
55.28 , 57.82
54.89 , 57.75
55.01 , 57.26
54.6 , 57.61
55.04 , 57.98
55.19 , 58.22
54.9 , 57.35
55.07 , 57.84
55.38 , 57.9
55.09 , 57.71
54.89 , 58.25
54.9 , 57.34
55.0 , 57.85
54.74 , 57.52
54.91 , 57.39
54.97 , 57.83
54.82 , 57.68
54.82 , 57.89
55.06 , 57.74
54.71 , 58.31
54.77 , 57.87
54.62 , 58.15
55.02 , 57.97
55.36 , 58.02
55.39 , 58.06
55.53 , 58.11
54.69 , 58.3
55.06 , 57.77
55.04 , 58.09
54.98 , 58.21
54.88 , 57.77
54.66 , 57.93
54.97 , 57.95
55.12 , 58.12
54.85 , 57.95
55.11 , 57.89
54.82 , 58.27
54.86 , 57.75
55.13 , 58.18
55.33 , 57.87
54.99 , 57.9
54.95 , 58.35
55.13 , 57.39
55.07 , 58.29
55.38 , 58.21
54.95 , 58.14
54.36 , 58.25
55.1 , 57.72
54.63 , 57.95
55.5 , 58.49
55.27 , 57.92
54.51 , 58.04
55.34 , 58.47
54.78 , 58.17
54.9 , 58.01
55.04 , 58.12
54.99 , 58.38
54.98 , 57.72
55.04 , 58.36
54.69 , 58.36
55.33 , 58.28
54.88 , 58.44
55.19 , 58.45
55.69 , 57.96
55.22 , 58.08
54.79 , 58.72
55.32 , 58.09
54.94 , 58.37
54.99 , 58.52
55.02 , 58.24
54.7 , 58.0
54.75 , 57.88
54.54 , 58.38
55.35 , 58.43
55.58 , 57.98
55.4 , 58.39
54.61 , 58.23
54.87 , 58.1
54.52 , 58.4
55.21 , 58.63
55.35 , 58.25
55.38 , 58.23
55.46 , 58.54
55.09 , 58.92
54.54 , 58.51
55.05 , 58.54
55.39 , 58.73
54.92 , 58.68
55.57 , 58.6
54.82 , 58.03
55.04 , 58.08
55.1 , 58.28
54.68 , 58.38
55.26 , 58.89
54.89 , 58.4
54.7 , 58.34
54.94 , 59.02
54.69 , 57.78
55.0 , 58.94
55.07 , 58.72
55.03 , 58.5
54.86 , 58.39
54.68 , 58.99
54.69 , 58.68
55.4 , 58.84
54.82 , 58.56
54.79 , 58.47
55.0 , 58.83
55.19 , 58.49
55.1 , 59.01
55.13 , 58.76
55.07 , 58.67
54.62 , 58.74
54.83 , 58.35
55.14 , 58.95
55.08 , 58.62
54.95 , 58.5
54.97 , 58.81
55.05 , 59.15
54.55 , 58.51
54.45 , 58.95
55.14 , 58.51
54.72 , 58.8
55.32 , 58.89
54.95 , 58.75
54.9 , 58.97
55.02 , 58.91
54.95 , 59.22
55.13 , 58.64
55.08 , 58.34
54.53 , 58.89
55.1 , 59.02
54.85 , 58.95
54.78 , 58.8
54.71 , 58.99
55.39 , 58.64
55.08 , 58.9
54.6 , 58.64
54.7 , 58.77
54.93 , 58.66
55.14 , 58.59
55.24 , 59.03
54.75 , 58.38
54.84 , 59.07
55.01 , 58.72
54.98 , 58.37
54.59 , 58.58
55.08 , 58.83
54.96 , 58.67
55.18 , 58.67
54.92 , 58.88
54.96 , 58.49
54.8 , 59.02
55.07 , 58.83
55.05 , 58.59
55.06 , 58.92
54.78 , 59.26
55.2 , 59.05
55.08 , 59.13
54.93 , 58.91
55.24 , 59.12
54.79 , 58.95
54.88 , 58.66
54.65 , 58.68
54.65 , 58.87
55.27 , 58.7
54.77 , 58.97
55.12 , 59.1
54.58 , 59.42
54.96 , 59.3
54.83 , 58.91
55.28 , 59.04
55.11 , 59.28
54.67 , 59.67
55.11 , 59.02
54.91 , 59.17
55.19 , 59.21
55.07 , 58.82
54.89 , 59.31
55.14 , 58.75
55.24 , 59.25
54.68 , 59.19
54.45 , 58.65
54.82 , 59.06
54.94 , 59.16
54.97 , 59.33
54.98 , 59.16
55.09 , 59.31
55.22 , 59.68
55.12 , 59.15
54.89 , 59.44
55.03 , 58.94
54.48 , 59.11
55.03 , 59.15
55.07 , 59.18
54.77 , 59.01
54.74 , 59.3
55.34 , 59.08
54.66 , 59.23
55.33 , 59.27
54.96 , 59.17
55.01 , 58.98
54.97 , 59.4
54.83 , 59.21
55.33 , 59.59
54.7 , 58.89
55.08 , 59.51
55.21 , 59.31
55.1 , 59.56
55.14 , 59.63
54.57 , 59.6
55.11 , 59.2
54.59 , 59.51
54.97 , 59.44
54.82 , 59.52
55.23 , 59.29
55.16 , 59.36
55.13 , 59.51
55.46 , 59.19
55.49 , 59.12
54.88 , 59.24
55.1 , 59.71
55.27 , 59.2
55.02 , 59.65
55.19 , 59.45
55.26 , 59.4
54.85 , 59.14
55.29 , 59.43
54.88 , 59.19
55.19 , 59.73
55.14 , 59.78
54.93 , 59.45
54.85 , 59.61
54.71 , 59.76
55.1 , 59.56
55.36 , 59.43
55.38 , 59.52
54.98 , 59.74
54.83 , 59.55
55.43 , 59.88
54.76 , 59.54
55.28 , 59.52
54.72 , 59.78
54.76 , 59.65
55.23 , 58.58
54.8 , 59.9
55.2 , 59.83
55.1 , 59.56
55.25 , 59.57
55.01 , 59.65
54.87 , 59.31
55.03 , 59.89
54.88 , 60.09
54.94 , 59.25
54.73 , 59.17
55.48 , 59.79
55.16 , 59.47
55.17 , 59.68
54.98 , 59.43
54.98 , 59.56
55.3 , 59.42
54.92 , 59.91
55.1 , 59.69
55.42 , 59.89
54.79 , 59.26
54.73 , 59.75
55.07 , 59.38
55.13 , 59.75
54.76 , 59.57
55.06 , 60.02
55.54 , 59.59
54.89 , 59.65
55.22 , 59.54
54.9 , 59.87
55.05 , 59.69
55.23 , 60.01
55.17 , 59.65
54.87 , 60.1
55.05 , 59.45
54.59 , 59.61
55.16 , 59.6
54.94 , 59.6
54.96 , 59.84
54.63 , 59.37
55.21 , 59.86
54.86 , 59.33
55.56 , 59.91
54.97 , 60.15
54.79 , 60.01
54.96 , 59.8
55.11 , 59.83
55.47 , 59.65
54.57 , 59.71
54.99 , 60.07
54.95 , 59.83
54.97 , 59.89
54.4 , 60.09
54.91 , 60.29
54.89 , 60.25
54.43 , 60.34
55.16 , 59.8
55.0 , 60.11
54.69 , 59.9
55.16 , 60.22
55.07 , 59.99
54.76 , 60.29
55.01 , 60.01
55.25 , 60.56
54.95 , 60.21
55.02 , 60.25
55.05 , 60.04
54.7 , 60.43
55.27 , 59.76
54.68 , 60.1
55.0 , 60.06
54.89 , 59.83
54.83 , 59.82
54.95 , 59.93
54.72 , 60.22
55.17 , 60.19
54.93 , 59.94
54.94 , 60.25
54.84 , 59.93
54.97 , 60.24
54.69 , 60.11
54.76 , 59.72
54.94 , 59.9
54.86 , 59.94
55.17 , 60.27
55.1 , 59.91
55.27 , 60.02
55.22 , 60.09
54.51 , 60.66
55.06 , 60.6
55.21 , 60.08
54.49 , 59.95
55.28 , 60.47
55.31 , 60.1
54.91 , 60.21
54.9 , 60.39
54.99 , 60.24
55.02 , 60.49
55.07 , 60.42
55.33 , 60.15
54.85 , 60.43
55.64 , 60.33
55.42 , 60.65
55.36 , 60.47
55.17 , 59.95
55.16 , 60.62
55.3 , 60.09
55.12 , 60.57
55.01 , 60.18
55.13 , 60.37
54.73 , 60.57
54.54 , 60.42
54.85 , 60.4
54.79 , 60.67
54.93 , 60.18
55.12 , 60.23
55.3 , 60.81
54.61 , 60.37
54.58 , 61.18
55.18 , 60.58
54.53 , 60.22
54.86 , 60.78
55.62 , 60.3
54.72 , 60.51
54.74 , 60.43
54.67 , 60.46
55.22 , 60.65
55.05 , 60.64
54.56 , 60.83
54.6 , 60.89
55.01 , 60.53
55.24 , 60.43
54.94 , 60.49
55.11 , 60.88
54.91 , 60.6
55.0 , 60.73
55.04 , 60.58
55.2 , 60.67
55.2 , 61.0
54.25 , 60.83
55.24 , 60.66
54.95 , 60.64
54.99 , 60.81
54.97 , 60.85
54.88 , 60.87
55.03 , 60.75
54.77 , 60.5
54.77 , 60.75
55.31 , 61.09
54.64 , 61.36
55.23 , 60.46
54.9 , 60.74
54.71 , 60.54
54.97 , 60.64
55.39 , 60.51
55.23 , 60.52
54.42 , 60.88
54.8 , 60.78
55.48 , 60.85
55.08 , 60.32
55.13 , 60.81
55.02 , 60.44
55.16 , 61.24
55.41 , 61.03
54.78 , 60.9
54.76 , 60.44
54.92 , 60.93
54.85 , 60.68
55.17 , 60.97
55.04 , 60.97
55.44 , 60.81
55.29 , 60.77
54.83 , 60.95
55.01 , 61.28
54.95 , 60.76
55.05 , 61.17
55.0 , 60.63
54.91 , 60.99
55.0 , 61.31
55.14 , 60.4
55.03 , 60.85
55.05 , 61.2
54.88 , 60.98
55.02 , 61.03
55.06 , 60.7
55.03 , 61.27
55.56 , 60.66
55.27 , 60.61
54.8 , 60.87
54.98 , 61.15
55.22 , 61.25
55.1 , 61.28
55.03 , 61.35
55.28 , 61.06
54.95 , 61.15
54.65 , 60.75
55.01 , 60.72
55.12 , 60.46
54.87 , 61.34
54.67 , 61.33
54.56 , 60.88
54.77 , 61.17
54.53 , 60.94
54.59 , 61.28
55.32 , 60.99
54.81 , 61.1
55.39 , 60.95
55.37 , 61.3
55.22 , 61.12
55.12 , 61.04
55.41 , 60.9
55.17 , 61.08
54.94 , 61.15
54.81 , 61.02
55.19 , 61.04
55.31 , 61.21
54.81 , 61.64
54.95 , 60.77
55.3 , 61.21
54.55 , 61.37
54.84 , 61.32
55.32 , 60.88
55.02 , 61.32
54.75 , 61.02
54.62 , 60.39
55.28 , 61.43
54.98 , 61.21
54.74 , 60.77
55.24 , 61.43
55.12 , 60.97
55.17 , 61.15
54.62 , 61.34
54.74 , 61.18
55.15 , 61.37
55.31 , 61.61
54.85 , 61.34
55.18 , 61.55
54.56 , 61.41
55.05 , 61.29
54.91 , 61.62
55.12 , 61.17
55.08 , 61.55
55.09 , 61.43
54.86 , 61.49
55.24 , 61.51
55.1 , 61.89
54.39 , 61.42
54.84 , 61.73
55.29 , 61.42
55.14 , 61.45
54.56 , 61.04
55.04 , 61.3
55.39 , 61.05
55.13 , 61.65
55.08 , 61.18
54.85 , 61.14
55.13 , 61.53
55.27 , 61.51
55.23 , 61.58
55.12 , 61.33
55.19 , 61.39
55.18 , 61.46
55.21 , 61.64
54.84 , 61.72
54.83 , 61.76
54.85 , 61.53
55.18 , 61.72
55.22 , 61.74
54.94 , 62.02
54.99 , 61.44
55.02 , 62.1
55.31 , 61.6
55.01 , 61.49
55.16 , 61.46
54.86 , 61.7
54.86 , 61.18
54.88 , 61.45
54.79 , 61.82
55.4 , 61.58
55.09 , 61.96
55.43 , 61.59
54.76 , 61.75
55.18 , 61.67
54.74 , 61.28
54.71 , 61.82
55.44 , 61.92
54.98 , 61.74
55.12 , 61.9
55.12 , 62.0
55.13 , 61.64
55.12 , 61.9
55.32 , 61.9
55.21 , 62.13
55.32 , 61.16
55.08 , 61.81
54.84 , 61.9
55.37 , 61.83
55.15 , 62.0
55.27 , 62.23
54.83 , 61.8
54.75 , 61.48
55.19 , 61.76
55.12 , 61.44
55.02 , 61.49
54.77 , 61.83
54.93 , 62.01
55.0 , 61.5
55.0 , 61.82
54.87 , 61.87
54.63 , 61.76
54.91 , 62.01
54.69 , 61.65
54.94 , 62.01
54.73 , 62.17
55.14 , 62.16
54.91 , 62.0
55.41 , 62.09
54.81 , 61.86
54.73 , 61.85
54.9 , 61.36
54.83 , 61.55
55.18 , 61.96
55.47 , 62.09
55.31 , 61.97
54.81 , 61.73
54.97 , 61.85
55.23 , 62.02
55.16 , 61.66
54.91 , 62.15
55.38 , 61.71
54.83 , 62.37
55.22 , 62.2
55.11 , 62.17
55.16 , 62.42
55.17 , 61.88
55.04 , 62.14
54.92 , 62.21
54.67 , 62.33
55.4 , 62.06
55.16 , 61.99
54.96 , 62.23
54.6 , 62.22
54.63 , 61.65
54.95 , 62.19
54.94 , 62.32
54.94 , 61.99
55.32 , 62.18
55.1 , 62.03
55.04 , 61.85
54.7 , 62.22
54.63 , 62.15
55.01 , 62.1
55.07 , 62.34
54.88 , 62.14
54.82 , 62.38
54.9 , 62.08
55.25 , 62.3
54.72 , 62.53
54.91 , 62.69
55.25 , 62.46
54.6 , 62.35
54.82 , 62.83
55.22 , 62.4
55.59 , 62.69
54.62 , 62.33
54.81 , 61.77
55.64 , 62.46
54.51 , 62.35
54.9 , 62.39
54.87 , 62.07
55.32 , 62.66
54.97 , 62.39
55.58 , 62.52
55.27 , 62.17
54.93 , 62.02
55.7 , 62.57
54.75 , 62.06
55.11 , 62.79
55.49 , 62.2
55.19 , 62.3
54.49 , 62.15
54.74 , 62.33
55.06 , 62.46
55.04 , 62.99
54.34 , 62.62
55.34 , 63.01
54.51 , 62.7
55.28 , 62.42
54.8 , 62.31
55.03 , 62.57
55.06 , 62.83
55.08 , 62.09
55.25 , 62.48
55.21 , 62.33
54.75 , 62.52
54.91 , 62.35
55.39 , 62.38
54.84 , 62.55
55.07 , 62.6
55.08 , 62.83
54.64 , 62.58
55.31 , 62.44
54.82 , 62.77
55.3 , 62.75
54.97 , 62.82
55.03 , 62.27
55.15 , 62.91
55.22 , 62.11
55.18 , 62.64
54.99 , 62.79
54.93 , 62.79
54.9 , 62.63
54.72 , 62.43
55.16 , 63.04
55.03 , 62.77
54.88 , 62.6
55.06 , 62.55
54.78 , 62.89
55.13 , 62.55
54.96 , 62.67
55.02 , 63.0
55.04 , 62.89
55.57 , 62.71
55.28 , 62.44
55.29 , 62.33
54.92 , 62.39
55.22 , 62.78
54.83 , 62.53
54.89 , 62.88
54.98 , 62.33
55.13 , 62.39
55.21 , 62.47
54.79 , 63.03
55.19 , 62.65
55.19 , 63.11
54.8 , 62.79
54.79 , 62.31
54.98 , 62.8
54.99 , 62.29
54.98 , 62.88
54.76 , 62.8
55.33 , 62.86
54.81 , 62.65
54.8 , 62.66
55.1 , 62.3
55.16 , 62.62
54.46 , 62.72
55.26 , 63.35
54.89 , 63.16
55.27 , 63.05
55.13 , 62.66
54.73 , 62.68
54.83 , 62.78
55.17 , 62.92
54.86 , 63.21
54.87 , 63.45
54.87 , 62.37
54.87 , 63.08
54.55 , 62.82
54.75 , 62.98
55.24 , 63.17
54.87 , 63.17
55.12 , 62.76
55.1 , 63.0
55.24 , 62.78
54.96 , 63.11
55.11 , 63.27
54.94 , 62.84
55.65 , 63.29
55.08 , 62.78
55.03 , 63.16
54.84 , 63.47
55.63 , 62.88
54.74 , 63.09
55.09 , 63.31
55.02 , 62.88
54.8 , 62.84
55.06 , 63.72
54.98 , 63.18
55.56 , 63.1
55.55 , 63.16
55.13 , 62.86
55.06 , 63.09
55.42 , 63.12
55.28 , 62.86
54.8 , 63.5
55.35 , 63.3
55.0 , 62.92
54.85 , 63.25
54.86 , 63.31
55.21 , 63.25
55.51 , 63.51
55.08 , 63.34
55.11 , 63.24
54.9 , 63.26
55.37 , 62.98
55.18 , 63.47
54.95 , 62.96
55.26 , 63.77
55.23 , 63.1
55.03 , 63.14
54.79 , 62.84
55.11 , 63.48
55.19 , 63.23
55.05 , 62.95
54.76 , 62.92
55.04 , 63.14
54.77 , 63.59
55.03 , 63.65
54.98 , 63.26
55.26 , 63.22
55.0 , 63.47
54.47 , 63.17
54.96 , 63.55
55.04 , 63.47
54.97 , 63.21
55.32 , 63.38
54.99 , 63.17
55.09 , 63.2
55.05 , 63.19
55.03 , 63.46
55.24 , 63.57
54.54 , 63.5
55.22 , 63.52
55.28 , 63.67
55.16 , 63.82
54.86 , 63.86
54.72 , 63.08
55.03 , 63.78
54.62 , 63.44
54.64 , 63.54
54.91 , 63.79
54.91 , 63.72
54.9 , 63.22
55.19 , 63.39
54.99 , 63.83
54.51 , 63.73
55.23 , 63.22
55.2 , 63.77
54.48 , 63.72
55.2 , 63.26
54.53 , 63.93
54.95 , 63.27
55.12 , 63.2
55.07 , 63.72
54.76 , 63.32
54.91 , 63.74
54.82 , 63.16
54.47 , 63.54
54.69 , 63.69
55.04 , 63.57
55.14 , 63.94
55.13 , 63.48
55.2 , 63.8
54.97 , 63.55
54.95 , 63.59
55.03 , 63.7
54.6 , 63.7
54.48 , 63.82
54.77 , 63.6
55.57 , 63.78
55.18 , 63.57
54.88 , 63.42
54.71 , 63.91
54.74 , 63.95
54.92 , 63.93
55.18 , 63.98
54.96 , 63.88
55.42 , 63.84
54.98 , 64.03
54.93 , 63.92
54.87 , 63.59
55.28 , 63.91
54.85 , 63.97
55.09 , 64.21
55.15 , 63.37
54.99 , 63.85
55.11 , 63.57
54.9 , 63.77
54.73 , 63.87
55.29 , 63.74
54.83 , 63.84
54.66 , 64.02
55.27 , 63.78
54.97 , 64.07
55.13 , 63.9
54.86 , 63.76
55.16 , 64.06
55.14 , 63.83
54.82 , 64.26
55.08 , 64.11
54.85 , 64.05
54.72 , 64.36
54.55 , 64.06
54.77 , 64.44
54.88 , 63.78
54.79 , 63.68
55.32 , 63.64
54.99 , 64.04
55.12 , 64.02
54.72 , 64.09
54.97 , 63.95
55.17 , 64.05
54.72 , 64.05
55.08 , 64.11
55.07 , 64.31
55.02 , 63.82
54.53 , 64.35
55.1 , 63.93
54.78 , 64.54
55.34 , 64.14
55.16 , 64.35
55.49 , 64.43
55.29 , 64.25
55.28 , 64.02
55.27 , 64.17
54.86 , 64.33
55.28 , 64.16
54.74 , 64.09
55.1 , 64.21
55.17 , 64.51
54.8 , 64.3
55.41 , 63.88
55.04 , 64.0
55.32 , 64.37
55.1 , 64.46
54.82 , 64.19
54.69 , 64.24
54.66 , 64.31
54.95 , 64.06
55.13 , 64.12
55.1 , 64.13
54.72 , 64.46
54.77 , 64.17
55.04 , 64.21
55.16 , 64.27
55.27 , 64.49
55.02 , 64.06
54.74 , 63.67
55.02 , 64.44
55.0 , 64.32
55.24 , 64.26
54.95 , 64.04
55.19 , 65.0
54.97 , 64.32
55.1 , 64.39
54.88 , 64.3
55.19 , 64.44
54.97 , 64.17
55.02 , 63.88
55.17 , 64.25
55.28 , 63.98
55.29 , 64.11
54.92 , 64.57
54.95 , 64.7
54.86 , 64.68
55.22 , 64.89
55.31 , 64.74
54.88 , 64.15
55.26 , 64.78
55.21 , 65.09
54.88 , 64.43
54.85 , 64.9
54.93 , 64.39
55.04 , 64.82
54.64 , 64.21
55.1 , 65.15
54.35 , 64.46
55.31 , 64.53
54.86 , 64.64
55.12 , 64.4
54.5 , 64.5
54.78 , 64.48
54.85 , 64.71
54.94 , 64.52
54.44 , 63.81
55.39 , 65.04
54.97 , 64.34
55.02 , 64.6
55.02 , 64.52
54.99 , 64.63
55.09 , 64.43
55.42 , 64.97
55.1 , 64.84
55.13 , 64.67
55.12 , 64.39
55.04 , 64.73
55.38 , 64.51
55.03 , 64.8
55.09 , 65.22
54.72 , 65.0
54.71 , 64.68
54.92 , 64.8
55.26 , 64.68
55.3 , 64.81
54.84 , 64.32
55.14 , 64.82
54.71 , 65.11
54.74 , 64.87
55.33 , 65.1
54.93 , 64.57
55.11 , 64.68
55.18 , 65.1
55.11 , 64.79
55.07 , 64.72
55.01 , 64.98
55.22 , 64.86
55.08 , 65.12
55.03 , 64.89
54.82 , 64.77
54.97 , 64.49
55.1 , 64.93
54.83 , 65.18
55.04 , 65.21
54.79 , 64.79
55.26 , 65.05
55.4 , 64.7
55.49 , 64.93
55.09 , 64.43
55.18 , 65.06
54.9 , 64.79
55.15 , 64.74
55.23 , 64.96
55.23 , 64.89
54.94 , 65.21
54.97 , 64.65
55.08 , 64.89
55.34 , 64.96
54.93 , 64.73
55.05 , 65.5
54.79 , 65.15
55.0 , 64.83
55.2 , 65.26
55.25 , 65.17
54.53 , 64.97
55.15 , 65.0
55.26 , 64.89
55.19 , 65.26
54.92 , 65.33
55.0 , 65.02
55.41 , 64.87
55.01 , 65.29
54.99 , 64.89
54.83 , 65.28
54.8 , 65.09
54.9 , 65.54
54.65 , 65.39
55.36 , 65.08
55.12 , 65.03
55.3 , 65.02
55.01 , 65.75
55.09 , 64.73
55.11 , 65.15
54.69 , 65.54
54.86 , 65.13
55.36 , 65.17
55.23 , 65.21
54.94 , 65.27
55.11 , 64.79
54.61 , 65.19
54.98 , 65.25
55.06 , 65.12
55.29 , 65.72
55.32 , 65.0
55.27 , 65.57
54.52 , 65.12
54.19 , 65.41
55.14 , 64.94
55.19 , 65.36
54.93 , 65.36
54.98 , 65.2
54.89 , 64.71
55.1 , 65.11
54.99 , 65.2
54.97 , 65.42
54.9 , 65.77
54.91 , 64.93
55.1 , 65.39
55.21 , 65.32
55.44 , 65.08
54.86 , 65.7
55.12 , 65.63
54.93 , 65.26
54.83 , 64.91
55.18 , 65.31
54.71 , 66.0
54.88 , 65.3
55.38 , 65.27
54.9 , 65.49
55.02 , 65.84
55.06 , 65.83
54.99 , 65.42
55.25 , 65.48
54.93 , 65.35
54.98 , 65.64
54.77 , 65.57
54.98 , 65.83
54.93 , 65.54
55.24 , 65.26
54.97 , 65.86
54.66 , 64.74
55.2 , 65.43
55.12 , 65.32
55.32 , 65.67
54.78 , 65.49
55.15 , 65.89
54.68 , 65.65
54.65 , 65.59
54.93 , 66.45
55.43 , 65.74
54.73 , 65.22
55.59 , 65.58
54.89 , 65.56
54.82 , 65.32
55.46 , 66.01
54.8 , 65.86
55.37 , 65.33
54.77 , 65.86
54.81 , 65.72
54.96 , 65.65
55.13 , 65.8
54.83 , 65.24
54.54 , 65.64
55.68 , 65.3
54.97 , 65.44
54.43 , 65.28
54.65 , 65.67
54.87 , 65.88
55.2 , 65.62
54.99 , 65.55
55.35 , 65.95
54.61 , 65.83
55.14 , 66.1
55.03 , 66.0
55.05 , 65.73
55.15 , 65.88
55.32 , 65.27
54.87 , 65.92
55.07 , 65.81
55.13 , 65.86
55.16 , 65.71
54.48 , 66.13
54.9 , 65.77
54.97 , 65.57
55.06 , 65.72
55.43 , 65.78
55.27 , 65.94
54.83 , 65.88
55.24 , 65.57
55.32 , 65.93
54.81 , 65.9
54.9 , 65.88
55.24 , 65.64
55.24 , 65.32
54.74 , 65.47
54.73 , 65.8
54.87 , 65.85
55.13 , 65.79
54.47 , 65.77
55.27 , 65.77
54.93 , 65.93
54.86 , 65.79
54.93 , 65.93
55.13 , 66.02
55.06 , 65.57
54.77 , 65.94
55.2 , 65.98
54.86 , 65.83
54.92 , 66.23
55.49 , 66.11
54.72 , 66.02
54.67 , 65.94
55.05 , 66.28
55.07 , 65.84
55.13 , 66.13
55.36 , 65.95
54.88 , 65.96
55.45 , 65.92
55.28 , 65.8
54.99 , 66.04
55.16 , 66.05
55.05 , 65.85
54.85 , 66.6
55.0 , 66.44
54.91 , 65.85
54.72 , 66.14
55.29 , 66.09
55.38 , 66.21
55.27 , 66.12
55.21 , 65.98
54.9 , 66.3
55.18 , 66.05
55.21 , 66.29
54.73 , 66.38
55.36 , 66.01
54.87 , 65.97
55.14 , 65.8
54.83 , 66.46
54.64 , 66.11
54.71 , 66.1
54.91 , 66.08
55.26 , 66.46
54.74 , 66.26
55.43 , 66.61
55.38 , 66.05
54.93 , 65.93
55.38 , 66.07
54.92 , 66.27
55.08 , 66.29
54.96 , 66.53
55.08 , 66.43
54.95 , 66.25
55.1 , 66.18
55.14 , 66.37
55.27 , 66.34
54.97 , 66.08
54.69 , 66.35
54.86 , 66.53
54.72 , 66.39
54.96 , 66.84
54.78 , 66.4
54.6 , 66.51
54.9 , 66.33
55.14 , 65.99
54.86 , 66.37
55.03 , 66.87
54.72 , 66.57
55.08 , 66.51
54.92 , 66.44
55.03 , 66.56
55.23 , 66.61
55.43 , 66.33
55.05 , 66.17
55.11 , 66.69
54.51 , 66.44
55.42 , 66.76
54.77 , 66.45
55.01 , 66.43
54.94 , 66.56
54.94 , 66.77
54.52 , 66.71
55.17 , 66.46
55.1 , 66.41
54.99 , 66.29
55.13 , 66.81
55.36 , 66.66
54.73 , 66.44
54.9 , 66.66
54.86 , 66.57
55.07 , 66.27
54.56 , 66.55
55.28 , 66.2
55.07 , 66.44
55.15 , 66.98
54.95 , 66.34
55.06 , 66.8
55.21 , 66.25
54.97 , 66.32
54.52 , 66.62
55.37 , 66.78
54.76 , 66.35
54.89 , 66.67
54.93 , 66.55
55.08 , 66.88
54.85 , 66.86
54.75 , 66.95
54.81 , 67.02
55.12 , 66.49
55.19 , 66.55
54.94 , 66.63
54.92 , 67.05
55.0 , 66.52
55.25 , 66.35
55.06 , 66.85
55.31 , 66.82
54.94 , 67.02
55.06 , 66.91
54.97 , 66.46
55.24 , 67.04
55.0 , 66.61
55.33 , 67.16
54.94 , 66.64
54.72 , 66.84
54.94 , 66.38
54.77 , 66.68
54.96 , 67.11
55.22 , 66.59
55.06 , 66.6
55.08 , 66.64
55.09 , 66.54
55.1 , 67.41
54.95 , 67.21
54.97 , 66.9
54.67 , 66.6
54.73 , 67.31
55.11 , 66.9
54.92 , 66.84
54.98 , 67.17
54.86 , 67.01
54.58 , 66.79
54.86 , 67.2
55.35 , 66.84
55.03 , 67.68
55.33 , 67.14
55.23 , 66.91
55.18 , 66.68
55.05 , 66.74
54.87 , 66.49
55.04 , 67.45
55.27 , 67.22
55.34 , 66.94
55.04 , 67.08
54.4 , 67.23
55.3 , 67.04
54.79 , 67.33
54.99 , 66.84
55.32 , 67.17
54.73 , 67.18
55.2 , 67.57
55.56 , 66.87
55.09 , 67.29
55.4 , 67.19
55.23 , 67.32
55.02 , 67.25
54.72 , 66.93
54.97 , 67.02
54.9 , 67.03
54.57 , 67.02
55.35 , 67.38
55.0 , 67.64
54.94 , 67.32
54.89 , 66.96
54.84 , 67.11
54.29 , 67.17
54.73 , 67.39
55.31 , 67.02
55.03 , 67.63
55.26 , 67.68
55.05 , 66.87
54.93 , 67.07
54.85 , 67.34
55.1 , 67.27
54.91 , 67.5
54.9 , 67.15
55.03 , 67.44
55.15 , 68.09
55.45 , 67.71
55.1 , 67.13
55.41 , 67.15
55.21 , 68.02
54.88 , 67.72
55.12 , 67.77
54.88 , 67.81
55.14 , 67.36
55.16 , 67.16
55.45 , 67.54
54.94 , 67.46
54.96 , 67.08
54.77 , 67.38
54.77 , 67.77
54.81 , 67.01
54.96 , 67.9
55.0 , 67.6
55.17 , 67.35
54.82 , 66.94
55.2 , 67.4
55.05 , 67.52
55.12 , 67.31
55.14 , 67.95
54.47 , 67.52
54.85 , 67.42
55.02 , 67.53
54.89 , 67.39
55.08 , 67.76
54.81 , 67.43
55.1 , 67.35
55.07 , 67.8
55.23 , 67.48
55.26 , 67.07
54.97 , 67.76
55.09 , 67.82
54.86 , 67.85
55.3 , 67.75
54.51 , 67.38
55.01 , 67.68
55.1 , 67.71
55.53 , 67.8
55.1 , 67.58
55.14 , 67.72
55.66 , 68.16
54.72 , 67.53
54.59 , 67.65
55.13 , 67.68
55.25 , 67.41
55.58 , 67.75
54.88 , 67.53
55.15 , 67.59
55.56 , 67.64
55.2 , 67.77
54.93 , 68.1
55.06 , 67.46
55.03 , 67.55
54.82 , 67.96
54.82 , 67.81
54.57 , 67.44
54.94 , 67.61
54.9 , 67.97
54.41 , 68.27
54.73 , 68.06
55.27 , 67.86
54.87 , 67.81
54.95 , 67.67
54.94 , 67.64
54.8 , 68.04
54.89 , 67.74
55.03 , 68.0
54.79 , 68.07
55.18 , 68.05
55.53 , 67.39
54.57 , 67.73
55.04 , 67.91
54.96 , 68.31
54.83 , 67.93
55.15 , 67.98
55.03 , 68.05
55.2 , 68.06
54.97 , 67.57
55.07 , 67.55
54.91 , 68.01
54.87 , 68.05
55.05 , 67.71
54.7 , 68.43
55.02 , 68.51
55.46 , 68.06
54.91 , 67.95
54.9 , 68.02
55.0 , 67.83
55.34 , 67.72
54.74 , 68.17
54.69 , 67.67
54.76 , 67.87
55.03 , 68.24
54.34 , 68.1
55.13 , 68.09
54.48 , 68.25
54.7 , 67.71
54.89 , 68.28
54.8 , 68.02
54.45 , 68.09
54.81 , 68.15
54.92 , 68.37
55.0 , 67.81
55.11 , 67.72
54.89 , 68.35
55.34 , 68.3
54.54 , 68.54
55.13 , 68.56
55.06 , 68.34
55.06 , 68.32
55.11 , 68.11
54.83 , 68.56
55.28 , 68.07
54.83 , 68.34
55.11 , 68.31
54.69 , 68.43
54.81 , 68.27
54.83 , 68.44
55.02 , 68.03
55.08 , 68.14
54.97 , 68.06
54.91 , 68.28
54.7 , 68.12
54.82 , 68.54
54.86 , 68.18
54.84 , 68.13
55.45 , 67.98
55.16 , 68.2
54.87 , 68.17
55.06 , 68.31
55.25 , 68.41
55.01 , 67.63
54.85 , 68.51
55.07 , 68.76
55.28 , 68.0
54.87 , 68.35
54.88 , 67.91
55.49 , 68.62
54.54 , 68.24
54.94 , 68.54
54.93 , 68.6
55.21 , 68.45
55.56 , 68.72
55.16 , 68.64
54.76 , 68.52
54.76 , 68.56
55.0 , 68.5
54.73 , 68.21
54.82 , 68.39
54.73 , 68.12
54.73 , 68.92
55.04 , 68.13
55.26 , 69.24
55.09 , 68.65
55.21 , 68.55
54.69 , 68.55
55.21 , 68.48
54.9 , 68.67
54.79 , 68.66
55.53 , 68.48
55.04 , 68.79
55.28 , 68.59
54.92 , 68.59
55.23 , 68.76
55.55 , 68.8
55.12 , 68.3
54.56 , 68.62
54.77 , 68.78
55.33 , 68.6
54.76 , 68.38
55.0 , 68.62
55.03 , 68.65
55.06 , 68.74
55.15 , 68.64
55.3 , 69.18
55.02 , 68.53
55.29 , 68.84
54.96 , 68.49
55.03 , 68.95
54.72 , 68.73
55.2 , 68.84
54.72 , 68.85
55.18 , 68.44
54.57 , 69.22
55.13 , 68.83
55.11 , 68.64
54.78 , 68.25
55.14 , 68.49
54.81 , 69.37
55.21 , 68.84
54.96 , 68.9
54.75 , 68.47
54.91 , 69.1
55.24 , 68.87
55.02 , 68.52
55.19 , 68.95
54.79 , 69.28
55.52 , 68.41
54.82 , 69.06
54.96 , 68.81
54.71 , 69.14
54.86 , 69.09
54.84 , 69.06
55.02 , 69.12
55.17 , 68.74
54.73 , 68.61
55.04 , 69.11
55.07 , 68.77
54.93 , 69.26
54.75 , 68.87
55.22 , 68.55
55.14 , 69.13
55.01 , 68.56
54.84 , 69.23
54.63 , 68.83
54.79 , 68.64
54.63 , 68.79
54.85 , 69.08
55.08 , 69.02
54.79 , 69.1
54.95 , 69.42
54.92 , 68.8
54.96 , 69.26
54.58 , 69.4
54.76 , 69.01
54.9 , 69.11
54.71 , 69.04
55.23 , 68.93
54.99 , 69.38
54.56 , 69.0
55.15 , 69.03
54.97 , 68.95
55.19 , 69.07
54.91 , 68.86
55.15 , 69.38
54.86 , 68.74
54.8 , 69.55
55.31 , 69.7
54.96 , 68.72
54.98 , 69.25
54.9 , 69.02
54.87 , 69.05
55.51 , 69.34
54.99 , 69.06
55.37 , 69.38
55.15 , 69.08
55.07 , 69.19
54.67 , 69.19
54.9 , 69.38
55.22 , 69.0
54.89 , 69.46
55.49 , 68.94
55.27 , 69.08
55.03 , 69.58
54.93 , 69.08
54.67 , 69.39
54.81 , 69.48
54.81 , 69.12
54.98 , 69.12
54.75 , 69.1
55.12 , 69.7
55.26 , 69.53
54.9 , 69.21
55.07 , 69.41
54.71 , 69.39
54.88 , 69.36
54.86 , 69.01
54.77 , 68.94
54.89 , 69.23
54.76 , 69.45
54.67 , 69.19
54.51 , 69.44
55.17 , 69.36
55.02 , 69.46
55.04 , 69.54
55.39 , 69.69
55.27 , 69.52
55.11 , 69.76
54.85 , 69.63
54.6 , 69.74
54.83 , 69.44
55.05 , 69.63
55.51 , 69.89
55.02 , 69.3
54.54 , 69.22
54.98 , 69.63
54.48 , 69.6
54.64 , 69.75
55.51 , 69.7
54.86 , 69.48
55.1 , 69.78
55.09 , 69.26
55.67 , 69.63
54.99 , 70.0
55.05 , 69.79
55.25 , 69.74
55.05 , 69.71
55.57 , 69.82
54.98 , 69.41
55.03 , 69.61
54.88 , 69.17
54.85 , 70.06
55.11 , 69.65
54.75 , 69.57
54.61 , 69.51
55.24 , 69.35
54.71 , 69.4
54.43 , 69.12
54.72 , 69.26
55.02 , 69.44
55.03 , 69.67
55.01 , 69.59
55.05 , 69.81
55.2 , 69.65
54.76 , 69.88
55.04 , 70.19
54.76 , 69.14
55.16 , 69.98
54.79 , 69.85
55.42 , 69.46
55.08 , 69.95
55.25 , 69.82
54.87 , 70.53
54.82 , 70.13
55.05 , 70.01
54.96 , 69.95
55.07 , 69.95
54.87 , 69.74
55.01 , 69.76
54.74 , 69.95
54.84 , 69.67
54.78 , 69.97
55.04 , 70.07
55.05 , 69.44
55.03 , 70.12
54.91 , 69.73
54.84 , 70.17
54.8 , 69.76
54.75 , 69.83
55.4 , 69.75
54.73 , 69.58
55.24 , 70.37
54.81 , 70.2
55.14 , 69.62
54.98 , 69.67
55.1 , 70.28
54.88 , 70.13
54.3 , 69.78
55.12 , 70.31
54.67 , 70.09
54.74 , 69.97
55.15 , 70.17
54.97 , 69.79
55.0 , 70.11
54.9 , 69.92
54.54 , 69.99
55.53 , 70.19
55.02 , 69.83
55.49 , 69.94
54.75 , 70.01
54.98 , 70.03
54.71 , 69.77
54.89 , 70.02
55.05 , 69.64
55.07 , 70.32
54.93 , 69.46
54.98 , 70.1
55.1 , 70.22
54.88 , 70.37
54.65 , 69.93
54.87 , 70.26
54.11 , 70.46
54.92 , 69.96
55.11 , 70.09
55.06 , 70.4
55.58 , 70.42
55.17 , 69.83
54.65 , 70.46
54.86 , 70.08
55.01 , 70.21
54.89 , 70.31
54.58 , 70.12
55.1 , 70.33
55.16 , 70.04
54.96 , 69.86
55.4 , 70.09
54.4 , 69.99
54.96 , 70.44
55.33 , 70.42
54.72 , 70.64
54.51 , 70.58
54.42 , 70.51
54.57 , 70.07
55.14 , 70.29
54.87 , 70.46
54.67 , 70.14
54.45 , 70.52
54.88 , 70.06
54.46 , 70.13
55.08 , 69.95
54.84 , 69.98
54.75 , 70.22
54.69 , 69.93
55.07 , 70.15
54.5 , 70.2
54.69 , 70.33
54.3 , 70.24
54.7 , 70.29
55.09 , 69.92
54.86 , 70.41
54.94 , 70.05
55.02 , 70.75
54.68 , 70.73
54.4 , 70.3
54.79 , 70.16
54.29 , 70.13
54.92 , 70.1
54.67 , 69.98
54.95 , 70.27
54.85 , 70.45
54.69 , 70.18
54.85 , 70.57
54.7 , 70.23
54.36 , 70.74
54.93 , 69.87
54.25 , 70.43
54.66 , 70.55
54.75 , 70.13
54.86 , 70.99
54.91 , 70.07
54.84 , 70.35
54.72 , 70.38
54.6 , 70.53
54.41 , 70.56
54.7 , 70.66
54.57 , 70.55
54.43 , 70.37
54.63 , 70.7
54.39 , 69.97
54.72 , 70.99
54.2 , 70.6
54.28 , 70.38
54.58 , 70.23
54.71 , 70.8
55.01 , 70.77
54.89 , 70.28
54.45 , 70.87
54.66 , 70.52
54.57 , 70.49
54.69 , 70.36
54.63 , 70.6
54.85 , 70.35
54.77 , 70.89
54.31 , 70.48
54.45 , 70.76
54.55 , 70.67
54.7 , 70.18
54.54 , 70.35
54.56 , 70.82
54.65 , 70.24
54.61 , 70.94
54.7 , 70.76
54.45 , 70.92
54.58 , 70.45
54.65 , 70.45
54.88 , 70.42
54.77 , 70.29
54.87 , 70.87
54.48 , 70.73
54.51 , 70.66
54.64 , 70.58
54.4 , 71.13
54.28 , 71.23
54.31 , 70.67
54.34 , 70.65
54.46 , 70.26
53.83 , 71.17
54.0 , 70.71
53.98 , 70.81
54.33 , 70.75
54.76 , 70.79
54.47 , 71.11
54.38 , 71.14
54.68 , 71.01
54.66 , 71.2
54.35 , 70.71
54.92 , 70.42
54.64 , 70.5
54.23 , 71.06
54.53 , 70.76
54.67 , 71.08
54.29 , 70.83
54.33 , 70.83
54.02 , 70.97
54.26 , 70.91
54.59 , 70.96
54.4 , 70.72
54.73 , 70.92
54.27 , 70.58
54.97 , 70.74
54.3 , 71.08
53.97 , 71.07
54.63 , 70.09
54.78 , 70.9
54.02 , 71.14
54.55 , 70.93
54.3 , 70.64
53.86 , 70.9
54.21 , 70.7
54.09 , 70.91
54.27 , 71.14
54.66 , 70.59
54.21 , 70.63
54.31 , 71.31
54.58 , 71.02
54.47 , 70.83
54.59 , 71.48
53.95 , 71.08
54.09 , 71.08
54.74 , 71.42
54.06 , 70.55
54.44 , 71.0
54.19 , 70.88
54.28 , 71.13
54.28 , 70.98
53.66 , 71.23
54.32 , 71.42
54.21 , 70.92
54.03 , 70.85
53.85 , 71.01
54.67 , 70.56
53.89 , 70.93
54.27 , 71.23
54.26 , 70.55
54.5 , 71.52
54.69 , 71.22
54.86 , 71.16
54.28 , 71.08
54.26 , 70.94
54.5 , 71.45
54.34 , 71.11
54.62 , 70.94
53.97 , 71.07
54.15 , 71.01
54.48 , 71.2
54.22 , 71.2
54.42 , 71.28
54.15 , 71.4
54.33 , 71.35
54.0 , 71.29
53.51 , 71.59
54.06 , 71.03
54.34 , 71.35
54.43 , 71.28
53.94 , 70.76
53.96 , 71.34
54.07 , 70.98
53.5 , 70.74
54.28 , 70.75
54.07 , 71.0
53.92 , 70.7
54.01 , 71.05
53.9 , 71.18
53.87 , 71.23
53.83 , 71.28
54.19 , 70.75
53.69 , 71.24
53.72 , 70.99
54.45 , 71.41
53.92 , 71.31
54.31 , 71.66
53.93 , 71.15
53.71 , 70.84
54.45 , 71.59
54.3 , 71.65
54.05 , 71.38
53.82 , 71.41
53.72 , 71.29
54.25 , 71.6
54.11 , 71.49
54.5 , 71.49
53.98 , 71.42
54.12 , 71.14
54.71 , 71.19
53.79 , 71.31
54.12 , 71.34
54.25 , 71.54
53.68 , 71.59
53.81 , 71.49
53.92 , 71.62
54.05 , 71.01
54.1 , 71.04
53.65 , 71.67
53.86 , 71.57
54.06 , 71.33
54.14 , 71.62
53.75 , 71.5
53.66 , 71.3
53.93 , 71.6
53.62 , 71.4
53.85 , 71.62
53.54 , 71.39
54.08 , 71.79
53.48 , 71.21
54.49 , 71.61
53.55 , 71.45
54.09 , 71.29
54.35 , 71.18
53.94 , 71.97
54.16 , 71.39
54.05 , 71.8
54.07 , 71.53
53.57 , 71.82
53.58 , 71.1
54.15 , 71.58
53.69 , 71.86
54.09 , 71.46
53.87 , 71.49
53.79 , 71.4
53.32 , 71.11
53.94 , 71.39
53.56 , 71.94
53.67 , 71.47
53.78 , 72.03
53.74 , 71.63
53.04 , 71.2
53.43 , 71.57
53.82 , 71.72
53.85 , 71.62
53.25 , 71.7
53.91 , 71.48
53.69 , 72.01
53.43 , 71.52
54.16 , 71.77
53.65 , 71.95
53.87 , 71.87
53.68 , 71.72
53.51 , 71.67
53.72 , 72.14
53.73 , 71.6
53.86 , 71.8
53.54 , 71.73
53.5 , 71.66
53.48 , 71.69
53.91 , 71.95
53.64 , 71.74
53.31 , 71.87
53.6 , 71.94
53.63 , 71.94
53.79 , 71.54
53.53 , 71.98
53.31 , 71.95
53.65 , 71.59
53.05 , 71.78
53.8 , 71.12
53.71 , 71.82
53.76 , 71.36
53.52 , 71.44
53.52 , 71.67
53.45 , 71.42
53.98 , 71.75
53.7 , 72.14
53.5 , 72.06
53.57 , 71.74
53.71 , 72.22
53.32 , 71.76
53.58 , 71.76
53.73 , 71.89
53.67 , 71.83
53.58 , 71.9
53.41 , 71.53
53.56 , 72.11
53.35 , 71.94
53.86 , 71.59
53.45 , 71.39
53.83 , 71.72
53.19 , 71.87
53.45 , 71.65
53.9 , 71.73
53.63 , 72.08
53.45 , 71.48
53.6 , 72.24
53.43 , 72.61
53.87 , 71.67
53.37 , 72.29
53.45 , 72.33
53.32 , 71.85
53.51 , 72.55
53.72 , 72.29
53.52 , 72.1
53.54 , 72.16
54.0 , 72.16
53.5 , 72.45
53.58 , 71.87
53.64 , 71.98
53.76 , 72.16
52.91 , 72.05
53.26 , 72.14
53.4 , 72.37
53.82 , 71.7
53.49 , 72.25
53.21 , 71.88
53.2 , 71.99
53.13 , 72.22
53.47 , 72.38
53.71 , 72.05
53.41 , 72.08
53.23 , 72.27
53.33 , 72.09
53.14 , 71.94
53.32 , 71.88
53.52 , 72.46
53.56 , 72.01
53.49 , 72.12
53.14 , 72.42
53.5 , 72.09
53.65 , 72.31
53.67 , 72.51
53.19 , 72.27
53.12 , 71.59
53.75 , 72.2
53.52 , 72.08
53.22 , 72.5
53.87 , 72.29
53.49 , 71.97
53.39 , 72.09
53.19 , 71.97
53.22 , 72.29
53.26 , 72.62
52.88 , 72.33
53.07 , 72.51
53.34 , 72.23
53.58 , 72.04
53.27 , 72.16
53.67 , 72.3
53.44 , 72.07
53.35 , 72.45
53.57 , 72.67
53.35 , 72.32
53.38 , 72.25
53.66 , 72.14
53.17 , 72.65
53.25 , 72.35
53.62 , 72.52
53.76 , 72.25
52.84 , 72.4
53.36 , 72.27
53.53 , 72.1
53.22 , 71.82
53.24 , 71.9
53.38 , 72.31
53.36 , 72.2
53.05 , 72.43
52.79 , 72.21
53.04 , 72.35
53.33 , 72.46
53.44 , 72.68
53.5 , 72.13
52.52 , 72.36
53.44 , 72.49
53.04 , 72.43
52.98 , 72.31
53.15 , 72.09
53.14 , 72.17
52.93 , 72.46
53.38 , 72.83
53.41 , 72.42
53.28 , 72.41
53.04 , 72.36
53.27 , 72.6
52.83 , 72.04
53.28 , 72.75
53.21 , 72.7
53.46 , 72.33
53.37 , 72.61
52.85 , 72.05
52.79 , 72.71
53.41 , 72.44
52.93 , 72.8
53.01 , 72.01
53.15 , 72.32
53.11 , 72.89
52.81 , 72.53
53.07 , 72.88
53.45 , 72.55
53.22 , 72.75
52.8 , 72.51
52.79 , 72.44
52.88 , 71.91
53.01 , 72.87
53.13 , 72.69
52.75 , 72.65
53.08 , 72.87
52.99 , 72.86
53.0 , 72.75
53.03 , 72.87
53.35 , 73.08
53.1 , 72.63
52.63 , 72.1
53.03 , 72.62
52.62 , 72.25
52.97 , 72.97
53.16 , 72.44
52.91 , 72.96
52.92 , 73.09
52.55 , 72.8
53.39 , 72.65
53.33 , 72.81
52.46 , 72.41
53.14 , 72.63
53.09 , 72.4
53.2 , 73.31
52.74 , 72.82
53.3 , 72.75
52.96 , 72.61
52.71 , 72.51
52.82 , 73.01
53.06 , 72.97
52.57 , 72.84
53.27 , 72.49
52.89 , 72.51
52.73 , 72.75
52.77 , 72.43
53.34 , 72.77
52.89 , 73.12
52.42 , 72.77
52.9 , 72.29
53.04 , 72.99
52.69 , 72.74
53.2 , 72.74
52.83 , 72.86
52.57 , 72.84
53.05 , 73.18
52.71 , 73.45
52.56 , 72.9
52.84 , 72.76
53.03 , 73.04
52.57 , 72.69
53.04 , 72.88
52.88 , 73.12
52.95 , 73.04
52.82 , 72.84
52.83 , 73.28
52.73 , 73.3
52.57 , 73.1
52.63 , 72.89
52.9 , 72.85
52.5 , 73.04
52.39 , 72.98
53.03 , 73.25
52.92 , 73.2
52.85 , 73.14
52.95 , 73.12
53.25 , 72.91
52.63 , 73.11
52.64 , 73.19
52.59 , 72.99
53.06 , 72.58
52.52 , 73.24
52.6 , 73.33
52.66 , 73.1
52.45 , 73.19
52.81 , 73.19
53.21 , 73.28
53.17 , 72.71
52.83 , 73.0
52.76 , 73.39
52.56 , 73.13
52.54 , 73.72
52.35 , 72.91
52.72 , 73.47
53.06 , 72.58
52.56 , 72.67
52.55 , 73.12
52.86 , 73.55
52.91 , 72.73
52.72 , 73.37
52.81 , 73.04
52.66 , 73.33
52.25 , 73.14
52.73 , 73.01
52.33 , 73.13
52.8 , 73.41
52.7 , 73.56
52.81 , 73.16
52.22 , 73.47
52.41 , 73.19
52.32 , 73.3
53.01 , 73.11
52.14 , 73.23
52.37 , 73.06
52.51 , 72.97
52.84 , 73.36
52.2 , 73.04
52.4 , 73.02
52.96 , 73.2
52.97 , 73.0
52.96 , 73.12
52.3 , 73.38
52.51 , 73.38
51.99 , 72.89
52.52 , 73.17
52.63 , 73.06
52.39 , 73.31
52.54 , 73.13
52.9 , 73.26
52.68 , 73.18
52.53 , 73.37
52.7 , 73.16
52.74 , 73.05
52.39 , 73.57
52.41 , 73.12
52.55 , 73.16
52.22 , 73.1
52.29 , 73.29
52.59 , 73.14
52.05 , 73.22
52.29 , 73.36
52.59 , 73.58
52.9 , 73.4
52.31 , 72.7
52.03 , 72.96
52.4 , 73.35
52.34 , 73.71
52.36 , 73.26
52.45 , 73.77
52.73 , 73.54
52.85 , 73.14
52.13 , 73.44
52.21 , 73.02
52.19 , 73.28
52.55 , 73.69
52.44 , 73.59
52.4 , 73.24
52.22 , 73.47
52.11 , 73.67
52.07 , 73.34
52.65 , 73.71
52.01 , 73.48
52.46 , 73.86
52.58 , 73.52
52.59 , 73.55
52.39 , 73.35
52.27 , 73.35
52.54 , 73.55
52.39 , 73.67
52.53 , 73.73
52.12 , 73.53
52.48 , 73.84
52.41 , 73.48
52.62 , 73.54
52.08 , 73.46
52.44 , 73.51
52.37 , 73.64
52.44 , 73.78
52.45 , 73.34
52.27 , 73.86
51.9 , 73.56
52.06 , 73.29
52.07 , 73.13
52.18 , 73.7
52.54 , 73.31
52.35 , 73.57
51.88 , 73.58
52.19 , 73.74
52.23 , 73.64
52.21 , 73.63
52.56 , 73.98
52.16 , 73.26
52.46 , 73.52
52.17 , 73.84
52.26 , 73.56
52.19 , 73.48
52.16 , 73.76
52.36 , 73.27
52.03 , 74.06
52.6 , 73.76
51.96 , 73.75
52.23 , 73.76
52.76 , 73.99
52.65 , 73.81
51.85 , 73.41
51.94 , 73.43
52.25 , 74.05
52.42 , 74.11
52.59 , 74.33
52.23 , 73.96
52.2 , 73.82
52.43 , 73.34
52.37 , 73.82
52.26 , 73.39
52.3 , 74.23
52.46 , 74.05
51.84 , 73.48
52.36 , 73.97
52.28 , 73.9
51.77 , 73.43
51.96 , 73.68
52.11 , 74.03
52.19 , 73.86
51.54 , 73.76
52.35 , 73.9
52.01 , 74.19
52.05 , 74.14
52.41 , 73.94
52.08 , 73.73
52.25 , 73.95
51.97 , 73.98
52.11 , 73.7
51.82 , 73.45
52.16 , 74.09
51.78 , 73.9
52.01 , 73.86
52.23 , 74.23
52.44 , 74.26
52.4 , 73.95
52.06 , 74.31
52.0 , 73.71
51.89 , 74.22
51.79 , 73.94
52.4 , 73.64
51.97 , 74.1
51.89 , 73.47
51.77 , 73.95
51.63 , 73.75
52.05 , 74.24
52.39 , 73.86
51.59 , 73.8
52.0 , 74.3
51.96 , 73.86
51.62 , 74.03
52.15 , 74.19
51.65 , 73.82
51.73 , 74.15
51.6 , 73.9
51.66 , 74.03
52.0 , 73.97
51.88 , 73.88
52.02 , 73.64
52.03 , 73.95
51.61 , 73.9
51.75 , 74.16
52.27 , 74.16
52.11 , 74.42
52.46 , 74.28
51.71 , 73.76
51.55 , 74.44
51.92 , 74.45
52.23 , 73.94
51.68 , 73.87
51.48 , 74.25
51.56 , 74.33
51.64 , 74.2
51.53 , 74.27
52.0 , 74.54
52.04 , 74.42
51.71 , 74.13
52.08 , 73.86
51.91 , 74.12
52.07 , 74.34
52.03 , 73.88
51.75 , 74.17
52.2 , 74.06
51.8 , 74.37
51.73 , 73.76
51.81 , 73.82
51.86 , 74.07
51.89 , 74.41
51.87 , 74.32
51.86 , 74.46
52.05 , 74.56
51.98 , 74.03
52.08 , 74.25
51.63 , 74.3
52.16 , 74.17
51.97 , 74.62
51.75 , 74.13
51.81 , 74.32
51.67 , 74.45
51.73 , 74.59
51.71 , 73.86
52.15 , 74.07
51.91 , 74.62
51.5 , 74.24
51.59 , 74.77
51.68 , 74.04
51.49 , 74.4
51.81 , 74.17
51.66 , 74.03
51.98 , 74.85
51.88 , 74.47
51.81 , 74.32
51.63 , 74.33
51.6 , 74.57
51.72 , 73.76
51.65 , 74.34
51.42 , 74.26
51.6 , 74.62
51.46 , 74.26
51.66 , 74.43
51.91 , 74.39
51.92 , 75.09
51.9 , 74.5
51.57 , 74.07
51.83 , 74.38
51.65 , 74.47
51.59 , 74.74
51.69 , 74.26
51.51 , 74.44
51.78 , 74.45
51.63 , 74.27
51.2 , 74.43
51.65 , 74.06
51.56 , 74.37
51.75 , 74.56
52.0 , 74.25
51.58 , 74.62
52.15 , 74.59
51.11 , 74.42
51.69 , 73.96
51.4 , 74.84
51.34 , 74.6
51.72 , 74.53
51.9 , 74.36
51.32 , 74.97
51.57 , 74.32
51.44 , 74.73
51.96 , 74.53
51.64 , 74.51
51.39 , 74.85
50.97 , 74.56
51.64 , 74.5
51.73 , 74.63
51.83 , 74.8
51.75 , 74.88
51.81 , 74.33
51.32 , 74.69
51.41 , 74.68
51.81 , 74.5
51.37 , 74.44
51.3 , 74.64
51.25 , 74.91
51.44 , 74.54
51.52 , 74.75
51.29 , 74.82
51.35 , 74.8
51.38 , 74.63
51.22 , 74.98
51.31 , 75.01
51.39 , 74.48
51.38 , 74.66
51.24 , 74.41
51.71 , 74.97
51.5 , 74.25
51.61 , 74.73
51.29 , 74.63
51.31 , 74.77
51.53 , 74.72
51.28 , 75.18
51.43 , 74.96
51.45 , 75.08
51.58 , 74.57
51.74 , 74.86
51.46 , 75.21
51.56 , 74.8
51.28 , 75.04
50.98 , 74.64
51.49 , 74.86
51.09 , 74.8
51.27 , 74.82
51.43 , 74.95
51.72 , 74.85
51.27 , 74.97
51.24 , 74.88
51.69 , 74.71
51.36 , 74.8
51.55 , 75.35
51.71 , 74.81
51.35 , 74.97
51.43 , 75.0
51.21 , 75.07
50.78 , 75.14
51.25 , 74.83
51.49 , 74.85
51.5 , 74.97
51.53 , 74.98
51.1 , 75.21
51.03 , 75.17
50.98 , 75.17
50.85 , 74.97
51.09 , 75.04
51.25 , 75.08
51.0 , 74.76
51.53 , 75.2
51.72 , 75.1
51.63 , 74.89
51.54 , 74.93
51.12 , 74.79
51.25 , 75.02
51.31 , 75.07
50.87 , 75.3
51.23 , 74.74
51.06 , 75.09
50.88 , 75.17
51.39 , 75.11
50.78 , 75.18
51.2 , 74.78
50.58 , 75.01
51.42 , 75.26
51.8 , 74.72
50.99 , 75.19
51.08 , 75.17
50.98 , 75.3
51.55 , 75.39
51.31 , 75.0
51.46 , 75.63
50.81 , 74.99
51.76 , 74.68
50.93 , 75.39
51.12 , 75.31
51.29 , 75.52
50.8 , 75.52
51.03 , 75.64
51.08 , 75.08
51.34 , 75.05
51.76 , 74.91
50.64 , 75.4
51.14 , 75.15
50.95 , 75.29
51.06 , 74.93
50.96 , 75.19
51.04 , 75.5
51.34 , 74.98
51.33 , 74.93
50.71 , 75.32
50.89 , 75.05
50.99 , 75.07
51.47 , 75.28
51.33 , 74.79
51.38 , 75.23
51.18 , 75.22
50.88 , 75.63
50.96 , 75.47
51.29 , 75.49
51.2 , 75.49
50.72 , 75.49
51.12 , 75.35
51.08 , 75.4
50.68 , 75.14
50.97 , 75.28
51.11 , 75.07
51.39 , 75.22
50.66 , 75.39
50.75 , 75.47
51.26 , 75.19
51.0 , 75.96
50.85 , 75.37
51.15 , 75.26
50.9 , 75.31
50.87 , 75.42
51.07 , 75.39
50.7 , 75.68
50.76 , 74.92
51.2 , 75.34
51.04 , 75.72
50.92 , 75.03
50.69 , 75.44
51.15 , 75.44
50.87 , 75.84
50.47 , 75.19
50.78 , 75.28
50.8 , 75.66
50.77 , 75.49
51.17 , 75.64
50.96 , 75.36
50.73 , 74.9
50.51 , 75.15
51.22 , 75.62
50.72 , 75.68
50.61 , 75.26
50.73 , 75.43
50.87 , 75.21
50.87 , 75.65
50.98 , 75.65
50.65 , 75.64
50.69 , 75.85
50.99 , 75.58
50.72 , 75.19
51.17 , 75.25
51.04 , 75.56
50.62 , 75.63
50.72 , 75.46
50.59 , 75.28
50.8 , 75.84
50.6 , 75.61
50.64 , 75.31
50.86 , 75.2
50.89 , 75.71
50.83 , 75.25
51.16 , 75.26
50.94 , 75.61
50.64 , 75.93
50.65 , 75.43
51.16 , 75.61
50.74 , 75.17
51.0 , 75.49
50.6 , 76.04
50.86 , 75.78
51.26 , 75.48
50.41 , 75.86
50.89 , 76.11
50.4 , 75.99
50.9 , 75.81
51.07 , 75.57
50.82 , 75.46
50.74 , 75.61
50.68 , 75.55
50.78 , 75.45
50.88 , 76.12
50.56 , 76.06
50.43 , 76.38
50.51 , 75.76
50.5 , 75.97
50.69 , 75.65
50.01 , 75.35
50.29 , 75.35
50.45 , 75.9
50.94 , 75.23
51.03 , 76.26
51.04 , 75.6
50.44 , 75.75
50.87 , 75.61
51.03 , 75.56
50.52 , 76.38
50.51 , 75.51
50.68 , 75.62
50.66 , 75.91
50.69 , 76.05
50.31 , 75.6
50.42 , 75.91
50.54 , 75.14
50.26 , 75.7
50.38 , 75.41
50.65 , 75.6
50.53 , 75.6
50.92 , 76.38
50.14 , 76.33
50.71 , 76.12
50.72 , 75.85
50.56 , 76.06
50.77 , 75.7
50.5 , 76.0
49.59 , 75.78
50.93 , 76.11
50.4 , 76.41
50.45 , 76.49
50.23 , 75.58
50.3 , 76.43
50.92 , 76.55
50.84 , 76.53
51.04 , 76.05
50.37 , 76.16
50.12 , 75.66
50.71 , 75.74
50.17 , 75.86
50.28 , 75.84
50.19 , 76.05
50.39 , 75.86
50.63 , 76.09
50.81 , 75.9
50.28 , 75.54
50.38 , 75.56
50.46 , 76.11
50.36 , 76.24
50.48 , 75.87
50.26 , 75.72
50.76 , 76.24
50.29 , 75.99
50.48 , 75.77
50.46 , 76.14
49.96 , 75.89
50.84 , 75.78
50.05 , 76.35
50.47 , 76.64
49.99 , 76.49
50.33 , 76.23
50.25 , 76.31
50.49 , 76.16
50.39 , 76.18
50.31 , 76.24
49.9 , 76.32
50.49 , 76.18
50.79 , 76.32
50.38 , 76.14
50.81 , 76.14
50.02 , 75.93
50.34 , 76.29
50.27 , 75.64
50.61 , 76.41
50.21 , 76.38
50.1 , 76.46
50.56 , 76.18
50.07 , 76.16
50.43 , 76.28
50.22 , 76.35
50.38 , 76.77
50.82 , 76.29
49.85 , 76.68
50.22 , 76.18
50.68 , 76.27
50.25 , 76.25
50.49 , 76.33
50.22 , 76.16
50.68 , 76.19
50.18 , 76.39
50.21 , 76.48
50.41 , 76.06
50.99 , 76.32
50.24 , 76.5
50.32 , 76.77
50.46 , 76.19
50.02 , 76.35
50.43 , 76.3
50.6 , 76.63
50.35 , 76.56
49.93 , 76.47
50.1 , 76.48
50.11 , 76.61
50.21 , 76.26
50.59 , 75.83
50.2 , 76.41
50.34 , 76.59
50.38 , 76.39
50.15 , 76.62
50.1 , 76.33
49.86 , 76.56
50.25 , 76.46
50.27 , 76.72
50.11 , 76.38
50.47 , 75.99
50.34 , 76.55
50.55 , 76.35
50.45 , 76.61
49.66 , 76.63
49.82 , 76.59
50.03 , 76.59
50.34 , 76.39
50.28 , 76.83
50.27 , 76.62
50.21 , 76.47
50.05 , 76.64
49.6 , 76.39
50.32 , 76.82
50.26 , 76.35
50.24 , 77.1
49.97 , 76.65
50.26 , 76.6
50.49 , 76.23
50.1 , 76.49
49.99 , 76.41
50.2 , 76.6
49.53 , 76.72
50.19 , 76.84
49.87 , 76.73
50.46 , 76.19
50.27 , 76.62
50.16 , 76.64
50.04 , 76.35
50.01 , 76.62
50.06 , 76.52
49.83 , 76.53
50.07 , 76.82
49.91 , 76.95
50.09 , 76.54
49.86 , 76.58
49.6 , 76.33
49.77 , 76.62
50.08 , 76.65
49.86 , 76.72
49.85 , 76.63
49.9 , 77.06
49.93 , 76.94
50.01 , 76.45
49.97 , 77.11
49.86 , 76.48
50.08 , 77.19
49.93 , 76.68
50.34 , 76.75
49.79 , 76.35
49.82 , 76.92
49.74 , 77.0
49.97 , 76.44
49.43 , 76.54
50.04 , 76.27
49.97 , 76.66
50.25 , 76.53
50.1 , 77.01
50.0 , 76.94
49.88 , 76.98
49.51 , 76.77
50.12 , 75.95
50.17 , 76.82
49.87 , 76.91
49.61 , 77.09
50.16 , 76.91
49.54 , 76.75
49.44 , 76.75
50.1 , 76.7
49.88 , 76.49
50.12 , 76.86
49.75 , 76.5
49.62 , 76.87
50.08 , 77.06
49.7 , 77.0
50.04 , 76.85
49.26 , 77.4
49.79 , 77.03
50.1 , 77.35
49.82 , 76.84
49.81 , 77.04
49.24 , 76.67
50.29 , 77.02
49.71 , 76.62
49.77 , 77.33
49.18 , 76.87
49.82 , 77.11
49.64 , 77.0
49.54 , 77.24
49.33 , 76.76
49.82 , 76.54
49.89 , 77.15
49.63 , 76.6
49.64 , 76.99
49.39 , 76.95
49.18 , 76.91
50.0 , 77.17
49.56 , 76.72
49.83 , 76.99
49.47 , 76.99
49.79 , 77.06
49.66 , 77.44
49.63 , 77.04
49.33 , 77.0
49.88 , 77.02
49.32 , 76.8
49.45 , 77.16
49.35 , 76.98
49.65 , 77.21
49.55 , 77.28
49.68 , 77.24
49.46 , 77.34
49.45 , 76.88
49.44 , 77.41
50.13 , 76.92
49.75 , 76.7
49.41 , 76.87
49.95 , 76.91
49.71 , 77.14
49.65 , 77.2
49.42 , 76.96
49.4 , 77.48
49.79 , 76.98
49.74 , 77.69
49.82 , 77.24
49.61 , 77.23
49.55 , 76.97
49.28 , 77.24
49.61 , 77.26
49.88 , 77.1
49.66 , 77.06
49.46 , 77.41
49.4 , 77.88
49.47 , 77.23
49.37 , 77.17
49.38 , 77.18
49.38 , 77.35
49.67 , 76.9
49.68 , 77.37
49.54 , 76.97
49.74 , 77.17
49.74 , 77.23
49.57 , 77.68
49.25 , 77.41
49.32 , 77.29
49.3 , 77.09
50.09 , 77.24
49.15 , 77.26
49.31 , 77.13
49.11 , 77.52
49.49 , 77.55
49.03 , 77.68
49.18 , 77.58
50.06 , 77.01
49.31 , 77.52
49.84 , 77.5
49.48 , 77.26
49.96 , 77.18
49.3 , 77.02
49.28 , 77.7
49.27 , 77.32
49.41 , 77.68
49.34 , 77.62
49.62 , 77.39
49.81 , 77.43
49.42 , 77.61
49.5 , 77.66
49.67 , 77.56
49.05 , 77.36
49.55 , 77.35
49.64 , 77.31
49.36 , 77.52
49.16 , 77.55
49.25 , 77.58
49.25 , 77.57
49.2 , 77.08
49.34 , 77.28
49.32 , 77.15
48.8 , 77.48
49.51 , 77.03
49.3 , 77.56
49.35 , 77.99
49.14 , 77.64
48.87 , 77.68
49.26 , 77.51
49.34 , 77.87
49.92 , 77.58
49.63 , 76.87
49.56 , 77.45
49.37 , 77.48
49.55 , 77.74
49.38 , 77.96
49.33 , 76.91
48.94 , 77.68
49.33 , 77.58
49.43 , 77.66
49.14 , 77.62
49.25 , 77.59
49.04 , 77.25
49.3 , 77.87
49.0 , 77.34
48.89 , 77.64
49.1 , 77.5
49.86 , 77.87
49.38 , 77.65
49.39 , 77.9
49.12 , 77.9
49.33 , 77.51
49.58 , 77.78
49.64 , 77.55
48.71 , 77.8
48.98 , 77.89
48.85 , 77.56
49.17 , 77.73
49.42 , 78.2
49.31 , 78.02
49.26 , 77.84
49.27 , 77.9
49.64 , 77.45
49.57 , 77.4
48.93 , 77.84
48.95 , 77.15
49.36 , 77.57
48.76 , 78.22
48.72 , 77.5
48.95 , 78.13
49.23 , 77.73
49.24 , 78.13
49.27 , 78.12
48.83 , 77.66
49.04 , 77.69
49.21 , 78.0
49.14 , 78.16
49.11 , 77.82
49.12 , 77.6
48.85 , 77.15
48.85 , 78.06
49.77 , 77.47
49.19 , 78.0
49.07 , 78.29
48.89 , 78.17
49.04 , 77.96
48.8 , 77.88
48.96 , 77.75
49.0 , 77.86
49.3 , 77.95
49.39 , 77.79
49.21 , 77.49
49.11 , 77.43
49.12 , 78.26
48.99 , 78.21
49.42 , 78.0
49.28 , 77.85
49.01 , 77.68
48.86 , 78.13
49.37 , 77.67
49.0 , 78.01
48.99 , 77.79
48.81 , 77.77
48.57 , 77.87
49.16 , 78.05
49.13 , 78.44
49.16 , 78.29
48.99 , 77.82
49.2 , 77.94
49.17 , 78.01
49.25 , 77.74
48.79 , 78.02
48.89 , 78.12
49.15 , 77.85
49.04 , 78.14
48.72 , 78.29
48.89 , 78.01
49.03 , 77.96
49.18 , 77.81
49.27 , 78.33
49.11 , 78.46
49.31 , 77.89
49.31 , 78.18
49.2 , 78.18
48.89 , 78.26
49.21 , 78.64
48.92 , 78.11
49.08 , 78.16
48.77 , 78.37
48.71 , 78.16
48.7 , 77.76
49.14 , 78.62
48.97 , 77.83
49.15 , 77.97
48.79 , 77.97
48.75 , 78.23
48.48 , 78.1
48.82 , 78.08
49.01 , 77.79
48.76 , 77.94
48.57 , 78.47
48.87 , 78.61
49.1 , 78.21
49.43 , 78.08
48.84 , 78.28
48.86 , 78.24
48.79 , 78.18
49.02 , 77.96
49.09 , 77.8
48.87 , 78.68
48.56 , 78.04
48.49 , 78.55
48.82 , 78.33
48.61 , 77.72
48.88 , 78.4
48.89 , 78.48
48.67 , 78.3
48.8 , 78.52
48.46 , 78.76
48.61 , 78.57
48.8 , 78.18
48.63 , 78.51
48.9 , 78.59
49.16 , 78.49
48.81 , 78.5
48.71 , 78.24
48.86 , 78.63
49.13 , 78.18
48.82 , 78.13
48.69 , 78.13
48.69 , 78.27
48.8 , 78.22
48.93 , 77.96
48.75 , 78.88
49.18 , 78.72
49.0 , 78.64
48.13 , 78.19
48.72 , 78.34
48.53 , 78.91
48.89 , 78.5
48.79 , 78.78
48.51 , 78.86
48.67 , 78.97
48.61 , 78.51
48.39 , 78.8
48.98 , 78.42
48.8 , 78.17
48.69 , 78.53
48.45 , 78.72
48.31 , 78.48
48.89 , 78.4
48.78 , 78.31
48.93 , 78.11
48.39 , 78.38
48.49 , 78.3
48.59 , 78.63
48.88 , 78.68
47.98 , 78.4
48.69 , 78.26
48.9 , 78.83
48.37 , 78.61
48.31 , 78.43
48.33 , 78.76
48.88 , 78.75
48.86 , 78.86
48.47 , 78.64
48.3 , 79.08
48.48 , 78.58
48.55 , 78.37
48.82 , 78.66
48.84 , 78.69
48.03 , 78.88
48.78 , 78.87
48.77 , 78.62
48.43 , 79.0
49.16 , 78.95
48.3 , 78.22
48.37 , 78.4
48.69 , 79.36
48.78 , 78.63
48.74 , 78.4
48.43 , 78.23
48.82 , 78.83
48.59 , 78.85
48.47 , 79.13
48.19 , 78.68
48.12 , 78.76
48.6 , 78.72
48.74 , 78.25
48.81 , 78.77
48.37 , 79.29
48.28 , 79.0
48.26 , 78.78
48.16 , 78.5
48.47 , 78.67
48.33 , 78.72
48.44 , 78.78
48.75 , 79.0
48.11 , 78.95
48.8 , 79.07
48.65 , 78.9
48.27 , 79.24
48.17 , 79.13
48.52 , 78.95
48.62 , 78.38
48.47 , 79.15
48.63 , 79.1
48.4 , 78.35
48.34 , 78.9
48.52 , 78.91
48.22 , 79.04
48.47 , 78.74
48.33 , 78.88
48.43 , 78.61
48.54 , 78.9
48.11 , 78.96
49.01 , 79.01
48.42 , 79.34
48.34 , 79.26
48.34 , 78.31
48.73 , 78.9
48.41 , 78.36
48.01 , 79.08
48.43 , 79.17
48.26 , 79.01
48.52 , 78.9
48.4 , 78.7
48.17 , 78.94
48.18 , 78.79
48.74 , 79.1
48.49 , 78.64
48.2 , 78.32
48.21 , 78.91
48.32 , 79.23
47.87 , 79.29
47.78 , 78.94
48.2 , 78.63
47.97 , 79.21
48.44 , 79.06
48.37 , 79.5
48.48 , 78.81
48.11 , 78.94
48.17 , 78.77
48.11 , 78.69
47.93 , 79.0
47.86 , 79.28
48.59 , 78.86
47.93 , 79.37
48.15 , 79.06
48.22 , 79.21
48.33 , 79.38
48.32 , 79.18
48.11 , 79.4
47.84 , 78.88
48.43 , 79.23
48.14 , 79.34
48.46 , 79.75
47.96 , 78.98
48.2 , 79.4
48.06 , 78.92
48.05 , 79.24
48.06 , 78.78
47.74 , 79.24
47.73 , 79.47
48.44 , 79.0
47.94 , 79.24
48.17 , 78.93
47.78 , 78.99
48.21 , 79.28
48.03 , 79.17
48.19 , 79.27
48.14 , 79.07
48.39 , 79.1
48.02 , 78.99
48.3 , 79.73
48.25 , 79.14
48.06 , 79.24
48.0 , 79.17
48.13 , 79.48
48.18 , 79.31
48.26 , 79.47
47.99 , 79.46
48.12 , 79.31
48.44 , 79.51
48.4 , 78.76
48.18 , 79.18
48.03 , 79.66
48.44 , 79.25
47.56 , 79.73
48.21 , 79.73
47.84 , 79.46
47.82 , 79.31
48.05 , 79.07
48.48 , 78.98
48.4 , 79.5
47.99 , 79.5
47.78 , 79.32
47.8 , 79.23
47.85 , 79.53
47.77 , 79.44
48.4 , 79.05
48.16 , 79.43
47.95 , 79.25
47.98 , 79.56
48.18 , 79.44
48.16 , 79.08
47.88 , 79.44
47.76 , 79.36
47.67 , 79.51
47.91 , 79.38
47.96 , 79.86
47.9 , 79.88
47.81 , 80.03
47.93 , 79.23
47.9 , 79.44
48.26 , 79.56
47.95 , 79.73
47.66 , 79.71
47.9 , 79.69
47.75 , 79.98
47.99 , 79.4
48.0 , 79.75
47.6 , 79.52
47.72 , 79.11
48.21 , 79.6
47.95 , 79.6
48.25 , 79.41
47.88 , 79.54
47.4 , 79.8
47.76 , 79.25
47.82 , 79.68
47.79 , 79.47
47.35 , 79.92
47.32 , 79.48
47.86 , 80.07
47.67 , 79.75
47.96 , 79.21
47.64 , 79.67
47.88 , 79.35
47.39 , 79.53
47.7 , 79.45
47.17 , 79.98
47.36 , 80.04
47.76 , 79.77
47.84 , 79.95
47.38 , 79.81
47.84 , 79.98
48.07 , 79.15
47.88 , 79.78
47.4 , 79.82
47.7 , 79.69
47.38 , 79.79
47.55 , 80.06
47.67 , 79.77
47.85 , 80.12
47.63 , 80.06
47.81 , 79.75
47.46 , 79.68
47.86 , 79.54
48.36 , 80.0
47.73 , 79.98
48.12 , 79.82
47.72 , 79.65
47.54 , 79.78
47.99 , 80.21
47.36 , 79.88
47.77 , 79.64
47.71 , 79.62
47.93 , 79.37
47.9 , 79.87
47.65 , 79.99
47.87 , 79.89
47.69 , 79.79
47.91 , 80.02
47.47 , 79.9
47.76 , 80.03
47.89 , 79.36
47.61 , 79.6
47.64 , 79.79
47.96 , 80.14
47.43 , 79.57
47.5 , 79.4
48.14 , 79.96
47.32 , 79.79
47.3 , 79.91
47.47 , 79.92
47.51 , 80.03
47.55 , 79.96
47.54 , 80.04
47.5 , 79.7
48.01 , 80.11
47.63 , 79.92
47.36 , 79.76
47.05 , 79.87
46.93 , 80.22
47.55 , 79.6
47.38 , 79.97
47.31 , 79.86
47.74 , 79.98
47.71 , 80.33
47.49 , 79.79
47.28 , 79.87
47.62 , 80.0
47.75 , 79.96
47.08 , 80.15
47.75 , 80.8
47.42 , 79.87
47.18 , 80.62
46.88 , 79.9
47.29 , 79.87
47.24 , 80.27
47.67 , 80.17
46.72 , 79.83
47.58 , 79.79
47.69 , 79.93
47.75 , 80.04
47.56 , 80.07
47.85 , 80.16
47.34 , 80.23
47.49 , 80.17
47.08 , 80.37
47.3 , 80.54
47.45 , 80.03
47.38 , 80.48
47.28 , 79.9
47.1 , 80.13
47.29 , 80.26
47.41 , 79.93
47.59 , 80.3
47.85 , 80.24
47.44 , 79.74
47.38 , 80.3
47.14 , 80.05
47.12 , 79.92
47.32 , 80.31
47.42 , 80.58
47.54 , 79.91
47.43 , 80.21
47.65 , 80.59
47.45 , 81.01
47.47 , 80.17
46.94 , 79.84
46.99 , 80.43
47.6 , 80.36
46.97 , 80.02
47.39 , 80.14
46.86 , 80.34
47.25 , 80.44
47.09 , 80.49
47.68 , 80.27
47.45 , 80.72
47.47 , 80.31
47.28 , 80.32
46.99 , 80.16
46.92 , 80.83
47.56 , 80.35
47.38 , 80.15
47.14 , 80.28
47.66 , 80.17
47.54 , 80.51
47.19 , 80.56
47.37 , 80.22
47.1 , 80.42
46.98 , 80.45
47.35 , 80.4
47.39 , 80.45
47.5 , 80.09
47.17 , 80.42
47.06 , 80.3
47.21 , 80.12
47.25 , 80.3
46.74 , 80.46
47.18 , 80.25
47.49 , 80.3
46.91 , 80.38
46.85 , 80.62
46.91 , 80.03
47.36 , 80.29
47.46 , 80.75
47.21 , 80.63
46.91 , 80.46
46.56 , 80.67
47.1 , 80.23
46.99 , 80.71
47.02 , 80.34
47.26 , 80.61
47.04 , 80.87
46.86 , 80.6
46.51 , 80.26
47.09 , 80.27
47.5 , 80.85
47.23 , 80.21
46.86 , 80.41
46.9 , 80.11
47.15 , 80.74
46.77 , 80.67
47.34 , 80.74
47.28 , 80.24
46.82 , 80.24
47.17 , 80.46
46.83 , 80.37
46.48 , 80.63
47.13 , 80.84
46.71 , 80.87
47.04 , 81.14
47.34 , 80.07
46.24 , 80.87
47.21 , 80.05
46.72 , 81.11
47.53 , 81.2
47.33 , 81.07
46.81 , 80.68
46.8 , 81.0
46.9 , 81.21
47.87 , 80.66
46.57 , 80.6
47.18 , 80.8
46.55 , 80.87
47.02 , 80.66
46.85 , 80.7
47.0 , 81.1
46.84 , 80.84
47.17 , 80.99
47.07 , 80.74
46.76 , 80.67
46.71 , 80.39
46.9 , 80.55
47.05 , 80.76
46.91 , 80.57
46.75 , 80.86
47.22 , 80.74
46.66 , 80.94
47.08 , 80.77
46.83 , 81.1
46.37 , 80.56
46.95 , 81.0
46.97 , 81.25
46.7 , 80.73
46.47 , 80.46
46.48 , 80.25
46.58 , 81.01
47.28 , 80.6
47.19 , 80.78
46.9 , 80.87
47.05 , 80.68
46.98 , 81.21
46.55 , 81.22
47.02 , 81.05
46.64 , 80.84
46.82 , 80.9
46.47 , 80.73
46.99 , 80.84
47.19 , 81.05
46.72 , 80.65
46.74 , 80.92
46.71 , 80.64
46.56 , 81.02
46.91 , 80.75
46.88 , 81.38
46.65 , 81.03
46.56 , 80.71
47.05 , 80.96
46.51 , 80.91
46.94 , 80.83
47.14 , 80.96
46.58 , 80.87
46.63 , 80.97
46.73 , 80.68
46.67 , 81.04
46.38 , 81.17
46.69 , 81.24
46.71 , 80.83
46.37 , 81.02
46.55 , 80.97
46.98 , 81.53
46.93 , 80.98
46.39 , 81.25
46.74 , 81.25
46.67 , 81.06
46.38 , 81.16
47.01 , 80.94
46.31 , 81.13
47.1 , 80.91
47.0 , 81.0
46.75 , 81.4
46.31 , 80.98
46.82 , 81.17
46.45 , 81.32
46.77 , 81.29
46.85 , 81.0
46.78 , 81.02
46.47 , 81.08
46.53 , 81.32
46.45 , 81.34
46.74 , 81.5
46.25 , 81.7
46.97 , 80.93
46.93 , 81.13
46.54 , 81.0
46.48 , 81.14
46.37 , 81.07
46.27 , 80.98
46.74 , 81.08
45.81 , 81.29
47.24 , 81.53
46.79 , 81.51
46.35 , 81.39
46.76 , 81.08
46.79 , 80.98
46.7 , 81.48
47.1 , 80.7
46.98 , 81.05
46.85 , 81.16
47.01 , 81.59
46.29 , 81.02
46.49 , 81.59
46.36 , 81.41
46.44 , 81.16
46.29 , 80.8
46.62 , 81.11
46.56 , 81.29
46.28 , 81.15
46.78 , 81.25
46.58 , 81.13
46.83 , 81.13
46.54 , 81.55
46.28 , 81.6
46.1 , 81.48
47.0 , 81.62
46.33 , 81.05
46.46 , 81.05
46.25 , 81.12
46.95 , 81.21
46.41 , 81.37
46.17 , 81.38
46.25 , 81.55
46.74 , 81.44
46.3 , 81.46
46.96 , 81.15
46.56 , 81.39
46.24 , 81.49
46.43 , 81.55
46.32 , 81.46
46.01 , 81.52
46.96 , 81.66
46.63 , 81.56
46.65 , 81.53
46.55 , 81.81
46.33 , 81.27
46.28 , 81.75
46.19 , 81.21
46.51 , 81.74
46.49 , 81.36
46.33 , 82.01
46.66 , 81.49
46.56 , 81.18
46.55 , 81.09
46.29 , 81.59
46.69 , 81.58
46.15 , 81.76
46.45 , 81.77
46.45 , 81.58
46.34 , 81.9
46.52 , 81.26
46.45 , 81.56
46.27 , 81.25
46.26 , 81.48
46.46 , 81.42
46.66 , 81.63
46.64 , 81.62
46.55 , 81.48
46.45 , 81.71
46.57 , 81.6
46.48 , 81.75
46.2 , 81.68
46.31 , 81.97
46.43 , 81.65
46.47 , 81.62
46.76 , 81.78
46.33 , 81.73
45.96 , 81.72
46.18 , 81.39
46.26 , 81.34
46.35 , 81.59
46.23 , 81.81
46.41 , 81.63
46.3 , 81.32
46.24 , 81.78
46.47 , 81.61
46.18 , 81.71
46.35 , 81.38
46.23 , 81.82
46.1 , 81.44
45.81 , 81.99
45.96 , 81.73
46.18 , 81.65
46.04 , 81.75
46.56 , 81.8
46.21 , 81.73
46.14 , 81.84
46.39 , 81.75
45.81 , 81.56
45.75 , 81.61
45.83 , 81.61
46.39 , 81.61
46.53 , 81.95
45.95 , 81.25
46.4 , 81.68
46.73 , 81.68
45.92 , 81.74
46.07 , 81.77
45.81 , 82.11
46.13 , 81.87
46.31 , 82.03
46.01 , 81.95
45.74 , 81.83
45.9 , 81.93
45.96 , 82.02
45.88 , 81.32
46.08 , 82.05
46.17 , 82.11
46.46 , 82.05
45.42 , 81.82
45.63 , 82.03
45.73 , 81.85
46.57 , 82.11
45.99 , 81.91
45.91 , 81.96
45.88 , 81.95
45.96 , 82.17
46.14 , 81.75
45.98 , 82.22
46.31 , 82.05
45.74 , 81.51
45.93 , 81.77
46.25 , 81.83
46.23 , 82.34
45.72 , 81.75
46.41 , 81.59
46.12 , 82.03
46.06 , 81.92
45.87 , 82.19
46.16 , 82.14
45.9 , 81.92
45.99 , 82.21
45.54 , 81.92
45.95 , 82.37
46.25 , 82.08
45.8 , 82.28
46.08 , 82.19
45.71 , 82.53
46.29 , 81.59
46.36 , 82.14
45.72 , 81.98
46.14 , 82.38
45.88 , 82.21
45.53 , 82.01
46.01 , 82.2
45.4 , 81.83
45.85 , 82.43
45.99 , 82.53
45.94 , 82.4
46.14 , 82.66
45.76 , 82.02
45.79 , 81.8
46.15 , 81.97
45.63 , 82.06
45.73 , 82.44
45.76 , 82.7
45.42 , 82.35
46.06 , 82.32
45.59 , 82.1
45.38 , 82.08
45.8 , 82.47
46.01 , 81.99
46.05 , 82.29
45.81 , 82.32
46.06 , 82.19
45.53 , 82.51
46.19 , 82.43
45.92 , 82.07
45.98 , 82.19
45.45 , 82.37
45.99 , 82.31
45.57 , 82.45
46.31 , 82.13
45.69 , 82.08
46.08 , 82.16
45.8 , 82.43
46.28 , 82.49
46.32 , 82.43
46.11 , 82.24
46.28 , 82.39
45.47 , 82.53
46.16 , 82.27
45.49 , 82.57
45.31 , 82.43
45.85 , 82.7
45.78 , 82.25
45.56 , 82.55
45.51 , 82.44
45.49 , 82.22
45.45 , 82.66
45.51 , 82.45
46.05 , 82.5
45.8 , 82.02
45.83 , 82.44
45.66 , 82.62
45.47 , 82.37
45.8 , 82.71
45.99 , 82.48
45.21 , 82.08
45.74 , 82.33
45.43 , 82.56
45.8 , 82.58
46.03 , 83.0
45.32 , 82.61
45.77 , 82.55
45.73 , 82.77
45.86 , 82.0
45.57 , 82.25
45.65 , 82.35
45.91 , 82.72
45.26 , 82.48
45.83 , 82.33
45.67 , 82.7
44.91 , 82.96
45.86 , 82.87
46.06 , 82.52
45.65 , 82.44
45.25 , 82.33
45.17 , 82.74
46.17 , 82.44
45.43 , 82.47
45.62 , 82.61
45.67 , 82.66
45.78 , 81.87
45.48 , 82.63
45.39 , 82.4
45.5 , 82.29
46.04 , 82.53
45.36 , 82.88
45.39 , 82.61
46.02 , 82.41
45.78 , 82.76
45.28 , 82.72
45.39 , 82.7
45.35 , 82.5
45.57 , 83.0
45.38 , 82.54
45.48 , 82.47
45.59 , 82.82
44.96 , 82.82
45.22 , 82.5
45.66 , 82.66
45.94 , 83.23
45.45 , 82.83
45.38 , 82.18
45.68 , 82.63
45.76 , 82.79
45.64 , 82.74
45.41 , 82.68
45.06 , 82.85
45.63 , 83.3
45.3 , 82.12
45.19 , 83.06
45.41 , 82.94
45.79 , 82.8
45.43 , 82.4
44.92 , 82.91
45.47 , 83.21
45.41 , 82.82
45.88 , 82.78
45.35 , 82.42
44.85 , 83.07
45.66 , 83.1
45.34 , 82.43
45.12 , 82.79
45.32 , 82.76
45.07 , 82.81
45.22 , 82.34
45.81 , 83.11
45.18 , 83.05
45.3 , 83.14
45.62 , 82.94
45.3 , 82.96
45.47 , 83.23
45.12 , 83.07
45.41 , 83.36
45.18 , 83.42
45.18 , 82.66
45.23 , 83.1
45.86 , 83.08
45.17 , 83.18
45.99 , 82.91
45.0 , 83.18
44.84 , 83.06
45.16 , 82.73
45.32 , 83.08
45.28 , 83.29
45.34 , 82.88
45.31 , 83.5
45.47 , 82.8
45.55 , 82.79
45.61 , 83.1
45.57 , 83.27
45.09 , 83.09
45.24 , 83.37
44.83 , 82.95
45.27 , 82.99
45.66 , 83.27
45.09 , 82.82
45.27 , 82.66
45.2 , 83.04
45.45 , 82.81
45.09 , 83.21
44.97 , 83.49
45.69 , 83.03
44.89 , 83.23
44.68 , 82.79
45.4 , 82.79
45.76 , 83.04
45.43 , 83.23
45.02 , 82.73
45.3 , 82.95
45.08 , 82.86
44.74 , 83.26
45.35 , 83.22
45.34 , 83.03
45.13 , 83.13
44.63 , 83.22
45.33 , 83.03
45.06 , 83.62
44.96 , 83.44
45.17 , 83.23
45.33 , 83.44
45.3 , 82.85
45.32 , 83.37
45.53 , 83.05
45.28 , 83.25
45.48 , 83.19
44.96 , 83.12
45.21 , 83.86
45.1 , 82.72
45.15 , 83.76
45.24 , 83.38
44.69 , 83.33
45.19 , 82.77
44.82 , 82.74
44.42 , 83.5
44.8 , 83.26
45.38 , 83.07
45.15 , 83.5
44.79 , 82.94
45.06 , 83.2
44.94 , 82.95
45.2 , 83.96
44.84 , 83.07
44.96 , 82.79
44.91 , 83.37
44.94 , 83.49
44.55 , 83.21
44.66 , 83.09
45.04 , 83.17
45.01 , 83.59
45.18 , 83.12
44.66 , 83.23
45.33 , 83.52
45.07 , 83.41
44.74 , 83.23
45.1 , 83.49
44.53 , 83.74
45.03 , 83.57
44.64 , 83.51
44.95 , 83.15
44.48 , 83.5
44.76 , 83.53
45.07 , 82.85
44.71 , 83.42
44.91 , 83.54
45.08 , 83.0
44.63 , 83.76
45.08 , 83.55
44.83 , 83.65
44.69 , 83.09
45.17 , 83.27
44.66 , 83.52
44.99 , 83.47
45.35 , 83.27
45.06 , 83.26
44.83 , 83.97
44.77 , 83.32
44.73 , 83.27
44.98 , 83.71
44.56 , 83.28
45.43 , 83.91
44.74 , 83.88
44.75 , 83.3
44.72 , 83.56
44.73 , 83.72
44.74 , 83.5
44.98 , 83.28
44.82 , 83.46
44.96 , 83.62
44.96 , 84.06
44.74 , 83.66
44.52 , 83.55
45.08 , 83.15
44.83 , 83.43
44.97 , 83.16
45.25 , 83.59
45.26 , 83.57
44.69 , 83.77
44.57 , 83.09
45.08 , 83.73
44.35 , 83.46
44.74 , 83.34
44.63 , 83.81
44.49 , 83.95
44.69 , 83.71
44.37 , 83.39
44.91 , 83.58
44.8 , 83.66
44.6 , 83.47
44.4 , 83.97
44.96 , 83.58
44.45 , 83.92
44.85 , 84.0
44.87 , 83.86
44.76 , 83.73
44.76 , 83.38
44.81 , 83.93
44.38 , 83.74
45.08 , 83.92
44.82 , 83.81
44.86 , 83.27
44.2 , 83.7
44.77 , 84.22
45.13 , 84.07
44.79 , 83.35
44.9 , 83.72
44.63 , 83.39
44.84 , 84.1
44.55 , 84.25
44.63 , 83.7
44.46 , 83.66
44.17 , 83.81
44.63 , 84.03
44.72 , 83.89
44.59 , 84.22
44.99 , 84.0
44.54 , 84.05
44.86 , 83.67
44.8 , 83.88
44.89 , 83.56
44.56 , 83.61
44.33 , 83.47
44.24 , 83.9
44.97 , 84.14
44.65 , 84.1
44.73 , 84.23
44.59 , 83.79
44.21 , 83.88
44.57 , 83.84
44.52 , 84.08
44.44 , 84.01
44.67 , 83.54
44.8 , 83.81
44.65 , 83.95
44.25 , 83.79
44.47 , 84.18
44.59 , 84.47
44.69 , 84.47
44.24 , 84.29
44.65 , 83.94
44.62 , 84.35
44.18 , 83.78
44.55 , 83.86
44.75 , 84.27
44.99 , 83.77
44.67 , 84.41
44.42 , 84.24
44.52 , 83.95
44.82 , 84.11
44.95 , 83.62
44.53 , 83.98
44.03 , 83.41
44.35 , 83.66
44.02 , 83.89
44.54 , 84.03
44.25 , 83.94
44.41 , 84.62
44.66 , 83.89
44.35 , 84.33
44.62 , 83.61
44.44 , 84.53
44.31 , 83.93
44.31 , 84.44
44.07 , 84.44
44.16 , 84.17
44.92 , 84.13
44.18 , 83.91
44.45 , 83.99
44.59 , 83.73
44.35 , 83.8
44.76 , 84.12
44.4 , 84.22
44.45 , 84.42
44.21 , 84.38
44.5 , 84.2
44.23 , 83.55
43.92 , 84.1
43.99 , 84.01
44.4 , 83.95
44.66 , 84.01
44.02 , 84.34
44.36 , 84.25
44.01 , 84.27
44.39 , 83.97
43.93 , 84.33
44.77 , 84.15
44.4 , 84.24
44.31 , 84.09
44.41 , 83.88
44.18 , 84.26
44.42 , 84.26
44.26 , 84.55
44.46 , 84.18
44.69 , 84.64
44.3 , 84.26
44.19 , 84.63
44.03 , 84.04
44.07 , 84.2
44.36 , 84.51
44.53 , 84.81
44.05 , 84.44
43.98 , 84.1
44.2 , 84.33
44.08 , 84.3
44.08 , 84.58
43.98 , 84.47
44.48 , 84.6
44.46 , 84.11
43.9 , 84.39
44.03 , 84.56
44.19 , 84.56
44.01 , 85.04
44.29 , 84.29
43.82 , 84.41
43.77 , 84.52
44.22 , 84.39
44.27 , 84.23
43.73 , 84.26
43.44 , 84.15
44.0 , 84.28
44.2 , 84.03
44.26 , 84.52
43.97 , 84.2
44.17 , 84.67
44.25 , 84.94
44.31 , 84.46
44.23 , 84.23
44.25 , 84.97
44.07 , 84.75
43.85 , 84.69
44.32 , 84.42
44.5 , 84.47
43.87 , 84.84
44.14 , 84.83
44.01 , 84.79
43.58 , 84.35
44.5 , 84.45
44.42 , 84.62
44.34 , 84.3
43.98 , 84.28
43.98 , 84.38
43.75 , 84.57
43.8 , 84.64
44.23 , 84.51
44.01 , 85.27
43.87 , 85.0
44.32 , 84.14
43.83 , 84.79
43.8 , 84.49
44.18 , 85.03
44.22 , 84.68
43.8 , 84.88
44.19 , 84.92
43.81 , 84.82
43.78 , 84.35
43.96 , 84.48
43.85 , 84.47
43.83 , 84.89
44.36 , 85.18
44.28 , 84.74
43.77 , 84.64
43.99 , 84.53
43.78 , 85.14
43.7 , 84.6
43.72 , 84.62
44.16 , 85.1
43.39 , 84.81
43.88 , 84.89
43.55 , 84.55
44.2 , 84.93
43.9 , 84.45
44.04 , 84.71
43.84 , 84.85
43.66 , 85.07
43.81 , 84.96
43.87 , 84.71
43.62 , 84.73
43.63 , 85.04
44.18 , 84.92
44.22 , 84.99
43.76 , 84.68
44.17 , 84.57
43.86 , 84.71
43.57 , 84.77
43.64 , 84.54
43.77 , 84.71
43.91 , 84.63
43.48 , 84.57
43.68 , 84.74
43.81 , 85.1
44.02 , 85.32
43.69 , 85.23
44.11 , 84.53
43.92 , 84.94
43.77 , 85.3
43.92 , 84.65
44.07 , 85.0
43.83 , 85.08
43.74 , 85.03
44.01 , 84.97
43.5 , 85.26
44.22 , 84.75
43.72 , 85.01
43.56 , 84.69
43.98 , 84.77
43.88 , 85.61
43.97 , 85.18
43.86 , 84.75
43.98 , 84.56
43.63 , 85.01
43.49 , 85.21
43.66 , 85.06
43.77 , 85.2
43.59 , 85.02
44.2 , 85.19
43.57 , 84.77
43.72 , 84.97
44.02 , 85.25
43.71 , 85.27
43.86 , 85.36
43.61 , 84.99
43.4 , 84.73
43.7 , 85.35
43.57 , 85.32
43.91 , 84.89
43.92 , 85.05
44.05 , 85.35
43.98 , 85.19
43.26 , 85.45
43.55 , 85.04
43.66 , 84.68
43.88 , 85.44
43.6 , 85.3
43.72 , 84.75
43.32 , 85.17
43.5 , 84.99
43.64 , 85.58
43.52 , 85.11
43.42 , 85.13
43.89 , 85.12
43.65 , 85.38
44.13 , 85.6
43.15 , 85.22
43.8 , 85.14
43.5 , 85.14
43.44 , 85.45
43.58 , 85.06
43.35 , 85.25
43.55 , 85.29
43.28 , 85.91
43.36 , 85.19
43.38 , 85.5
43.66 , 85.54
43.18 , 85.6
43.6 , 85.2
43.51 , 85.48
43.54 , 85.1
43.71 , 85.09
43.81 , 85.24
43.73 , 85.05
43.38 , 85.06
43.33 , 85.36
43.28 , 85.59
42.92 , 85.83
43.21 , 85.3
43.45 , 85.68
43.26 , 85.62
43.48 , 85.19
43.77 , 85.26
43.26 , 85.79
43.73 , 85.42
43.85 , 85.41
43.28 , 85.18
43.01 , 85.6
43.37 , 85.37
43.77 , 85.76
43.64 , 85.45
43.45 , 85.55
43.15 , 85.15
43.51 , 84.99
43.57 , 85.57
43.65 , 85.76
43.42 , 85.65
43.67 , 85.54
43.47 , 85.34
43.63 , 85.97
43.54 , 85.59
43.06 , 85.05
43.61 , 85.98
43.27 , 85.71
43.51 , 85.37
43.4 , 85.7
43.14 , 85.18
43.38 , 85.3
43.44 , 85.23
42.94 , 85.57
43.39 , 85.53
43.75 , 85.51
43.31 , 85.34
43.15 , 85.79
43.62 , 85.29
42.85 , 85.84
43.66 , 85.61
43.79 , 85.42
42.93 , 85.86
43.35 , 85.54
43.77 , 85.73
43.15 , 85.5
43.42 , 85.5
43.35 , 85.25
43.38 , 85.68
43.29 , 85.93
43.51 , 86.03
42.98 , 85.84
42.94 , 85.68
43.2 , 85.83
43.33 , 85.94
43.05 , 85.45
43.57 , 85.49
43.25 , 85.6
43.31 , 85.65
43.41 , 85.92
42.96 , 85.8
42.98 , 85.79
43.06 , 85.6
43.89 , 85.77
43.27 , 85.64
42.85 , 85.32
42.85 , 86.0
42.95 , 85.86
43.44 , 85.03
43.19 , 85.79
42.9 , 86.22
43.43 , 85.75
43.63 , 85.96
43.31 , 85.31
43.19 , 85.79
42.93 , 85.57
42.85 , 85.9
43.26 , 85.49
43.01 , 85.58
43.13 , 86.33
43.11 , 85.97
43.29 , 85.68
42.44 , 85.78
43.06 , 85.69
42.84 , 85.92
43.03 , 85.42
43.05 , 85.9
43.44 , 85.68
43.01 , 86.51
43.08 , 85.7
43.26 , 85.57
43.43 , 86.11
43.36 , 86.27
43.04 , 85.94
43.52 , 85.83
42.5 , 85.61
42.83 , 85.8
43.03 , 85.94
43.26 , 86.01
42.68 , 85.79
43.25 , 85.87
42.9 , 86.44
43.0 , 85.85
42.67 , 85.9
42.92 , 85.79
42.81 , 86.18
42.96 , 86.0
42.96 , 86.01
42.98 , 85.8
42.81 , 85.81
43.38 , 85.78
42.75 , 85.83
42.96 , 86.23
43.21 , 85.93
43.01 , 86.38
43.36 , 86.01
42.42 , 86.35
43.0 , 86.55
42.47 , 86.19
43.22 , 86.47
43.21 , 85.77
42.91 , 85.93
42.84 , 86.14
42.93 , 86.05
42.85 , 86.31
42.88 , 86.26
43.15 , 86.04
42.98 , 85.91
43.28 , 85.92
42.56 , 86.25
42.42 , 86.34
42.96 , 86.32
42.69 , 86.09
42.95 , 86.05
43.61 , 85.81
42.73 , 86.22
43.03 , 85.96
43.06 , 85.83
42.93 , 86.43
42.62 , 86.21
42.87 , 85.96
42.79 , 86.15
42.8 , 86.43
42.71 , 86.34
42.71 , 86.36
43.25 , 86.01
42.66 , 86.23
42.58 , 86.15
42.97 , 86.08
43.04 , 86.35
42.88 , 86.45
42.9 , 85.92
42.43 , 85.53
42.87 , 86.24
42.91 , 86.24
42.53 , 86.16
42.73 , 86.58
42.74 , 86.12
42.85 , 85.97
42.69 , 86.3
42.6 , 85.84
42.67 , 86.38
43.19 , 86.3
42.85 , 86.32
42.6 , 86.42
42.82 , 86.44
42.69 , 86.19
42.88 , 86.56
42.67 , 86.39
42.62 , 86.58
42.61 , 86.65
42.88 , 86.53
43.35 , 86.6
43.09 , 86.54
42.21 , 86.63
42.05 , 86.43
42.98 , 86.1
42.55 , 86.51
42.53 , 86.45
43.3 , 87.01
42.69 , 85.83
42.86 , 86.54
42.81 , 85.95
42.63 , 86.4
42.76 , 86.48
43.02 , 86.68
42.25 , 86.44
42.54 , 86.7
42.59 , 86.09
42.32 , 86.69
43.2 , 86.05
42.62 , 86.68
42.63 , 86.26
42.92 , 86.41
43.01 , 85.87
42.69 , 86.69
42.55 , 86.46
42.42 , 86.3
42.83 , 86.86
42.35 , 87.05
42.38 , 86.74
42.86 , 86.57
42.66 , 86.77
42.76 , 86.55
43.06 , 86.92
42.94 , 86.39
43.0 , 86.85
42.63 , 86.38
42.72 , 86.29
42.61 , 86.4
42.63 , 86.71
42.88 , 86.62
42.39 , 86.28
42.19 , 86.68
42.5 , 86.92
42.44 , 86.05
42.5 , 86.37
42.22 , 86.6
42.72 , 86.51
42.31 , 86.75
42.55 , 86.33
42.54 , 86.59
42.19 , 86.73
42.38 , 86.56
42.74 , 86.84
42.16 , 86.76
42.76 , 87.12
42.6 , 86.71
42.44 , 86.79
42.4 , 87.22
42.39 , 87.09
42.5 , 87.09
42.43 , 87.06
42.14 , 86.69
42.19 , 86.82
42.47 , 86.49
42.36 , 86.4
42.66 , 86.71
42.65 , 87.14
42.34 , 86.86
42.4 , 86.63
42.29 , 86.97
42.33 , 86.7
42.24 , 87.04
42.36 , 86.98
42.16 , 86.97
42.55 , 86.76
42.12 , 86.45
43.07 , 86.23
42.53 , 86.65
42.14 , 87.18
41.98 , 86.93
42.29 , 86.72
41.95 , 87.19
42.41 , 86.62
42.51 , 86.72
42.62 , 86.62
42.51 , 86.79
42.26 , 86.93
42.12 , 87.27
42.53 , 87.31
42.55 , 86.94
42.46 , 87.22
42.12 , 86.78
41.8 , 86.53
42.25 , 86.69
42.36 , 86.83
41.96 , 87.03
42.12 , 87.05
42.74 , 86.75
42.08 , 87.32
41.97 , 86.83
41.99 , 86.65
42.26 , 86.91
42.22 , 87.28
41.85 , 86.83
42.56 , 87.4
42.57 , 86.52
42.83 , 87.08
42.24 , 87.17
41.92 , 86.88
42.51 , 86.74
42.31 , 86.98
41.93 , 87.08
41.98 , 87.01
42.51 , 87.15
42.33 , 87.12
42.29 , 87.12
41.68 , 86.84
42.33 , 86.86
41.9 , 87.05
42.28 , 87.08
42.62 , 86.76
42.21 , 86.73
42.28 , 87.09
41.86 , 87.49
42.24 , 86.7
41.7 , 86.73
42.19 , 86.9
42.06 , 87.0
42.03 , 87.01
42.19 , 87.12
42.44 , 87.05
41.63 , 86.54
42.18 , 87.2
41.9 , 87.18
41.84 , 87.36
42.8 , 86.97
42.43 , 87.22
42.05 , 87.34
41.91 , 86.93
42.07 , 86.81
42.26 , 86.83
41.91 , 87.19
41.86 , 87.32
42.03 , 87.1
41.69 , 86.99
41.73 , 86.74
42.33 , 87.5
42.1 , 86.81
42.33 , 87.5
41.72 , 87.14
41.83 , 87.84
42.2 , 87.43
42.24 , 86.99
42.08 , 87.48
42.4 , 87.48
41.69 , 86.78
42.23 , 87.48
41.65 , 87.15
41.78 , 86.91
42.45 , 87.75
41.94 , 87.63
42.01 , 86.93
42.14 , 87.86
41.75 , 87.16
41.9 , 86.96
41.82 , 87.45
41.8 , 87.34
42.19 , 87.61
41.82 , 87.3
42.3 , 87.14
41.84 , 87.85
41.91 , 87.32
41.69 , 87.15
41.76 , 87.2
41.59 , 87.5
42.03 , 87.31
41.55 , 87.56
42.18 , 87.47
41.62 , 87.6
41.76 , 87.24
42.03 , 87.78
42.2 , 87.5
42.08 , 87.73
42.73 , 87.52
42.05 , 87.4
42.06 , 87.56
42.21 , 87.49
41.78 , 86.99
41.88 , 87.13
41.77 , 87.21
41.39 , 87.49
41.77 , 87.74
41.99 , 87.97
42.11 , 87.52
41.98 , 87.39
41.62 , 87.8
41.38 , 87.47
42.06 , 87.52
41.97 , 87.43
41.61 , 87.77
42.09 , 87.1
41.65 , 87.56
41.77 , 87.23
41.87 , 87.76
42.48 , 87.17
41.87 , 87.54
41.73 , 87.74
41.82 , 87.84
41.54 , 87.85
41.41 , 87.58
41.58 , 88.15
41.72 , 87.59
41.79 , 88.15
42.09 , 87.69
41.88 , 88.07
41.82 , 87.45
42.38 , 87.59
41.82 , 87.92
41.6 , 87.24
41.8 , 87.5
41.9 , 87.92
41.94 , 87.98
41.83 , 87.48
41.51 , 87.46
42.04 , 87.39
41.69 , 88.12
41.65 , 87.38
41.45 , 87.4
41.57 , 87.34
41.3 , 87.31
41.92 , 87.8
41.56 , 87.56
41.39 , 87.69
42.05 , 87.59
42.01 , 87.1
41.34 , 87.6
41.37 , 87.33
40.9 , 87.64
41.73 , 87.88
41.62 , 88.34
41.7 , 88.0
42.05 , 87.78
41.88 , 87.28
41.84 , 87.88
41.98 , 88.02
41.52 , 87.93
41.61 , 87.45
41.48 , 87.92
41.49 , 87.34
41.95 , 87.84
41.82 , 87.6
41.66 , 87.97
40.85 , 87.77
41.85 , 87.56
41.19 , 88.1
42.06 , 87.36
41.73 , 87.47
41.61 , 87.74
41.71 , 87.85
41.7 , 87.89
41.67 , 88.25
41.08 , 88.02
41.6 , 88.1
41.86 , 87.57
41.61 , 87.56
41.59 , 88.16
41.17 , 87.8
41.54 , 87.75
41.52 , 87.54
41.47 , 87.89
41.35 , 87.97
41.25 , 88.07
41.64 , 88.07
41.46 , 88.34
41.39 , 88.28
41.48 , 87.68
41.88 , 87.57
42.03 , 87.87
41.16 , 87.45
41.82 , 88.08
41.81 , 87.42
41.2 , 88.32
41.63 , 87.83
41.93 , 87.71
41.39 , 88.25
41.61 , 87.79
41.16 , 87.73
41.44 , 88.3
41.64 , 87.82
41.14 , 87.95
41.46 , 87.88
41.67 , 88.0
41.44 , 87.58
41.23 , 88.06
41.48 , 88.05
41.34 , 87.89
41.5 , 87.96
41.35 , 87.92
41.3 , 88.48
41.05 , 88.1
41.27 , 88.05
41.31 , 88.08
40.85 , 88.04
41.34 , 88.21
41.58 , 87.51
40.94 , 88.32
41.16 , 88.35
41.76 , 88.63
41.13 , 87.88
41.9 , 87.92
41.2 , 88.62
41.48 , 88.35
41.57 , 88.04
41.54 , 88.38
41.45 , 88.36
41.23 , 88.15
41.55 , 87.78
41.22 , 88.23
41.6 , 88.13
41.36 , 87.94
41.68 , 88.72
41.48 , 88.06
40.98 , 88.27
41.4 , 88.26
40.97 , 88.24
41.59 , 88.02
41.56 , 88.54
41.3 , 88.34
41.0 , 88.54
41.57 , 88.68
40.86 , 88.44
41.22 , 88.24
40.78 , 88.65
41.45 , 88.7
41.24 , 88.7
41.44 , 88.51
41.21 , 88.55
41.59 , 88.74
41.34 , 88.4
40.96 , 88.39
41.67 , 88.61
41.09 , 88.22
41.77 , 88.46
41.34 , 88.43
41.61 , 88.08
41.39 , 88.45
41.11 , 88.4
41.22 , 88.39
41.08 , 88.44
41.27 , 88.27
41.05 , 88.39
41.15 , 88.59
41.27 , 88.5
41.44 , 88.91
41.18 , 88.12
41.14 , 88.38
41.17 , 88.23
41.38 , 88.13
41.23 , 88.89
41.09 , 88.42
41.26 , 88.57
41.03 , 88.2
41.41 , 88.6
40.99 , 88.5
40.77 , 88.45
41.33 , 88.63
40.91 , 88.41
41.55 , 88.62
41.2 , 88.85
41.17 , 88.68
41.63 , 89.06
41.45 , 88.62
40.6 , 89.0
41.28 , 88.59
40.66 , 88.35
41.07 , 88.9
41.25 , 88.67
41.24 , 88.49
41.02 , 88.84
41.46 , 88.58
41.25 , 88.35
41.3 , 88.87
41.08 , 88.75
41.44 , 88.66
41.21 , 89.04
40.84 , 88.37
40.86 , 88.61
40.44 , 88.8
40.97 , 89.14
41.22 , 88.44
40.78 , 88.69
40.73 , 88.45
40.85 , 88.74
40.65 , 88.73
40.9 , 88.81
41.38 , 88.8
40.62 , 88.86
40.72 , 88.88
41.0 , 88.05
41.3 , 88.69
41.44 , 89.01
40.77 , 88.59
41.61 , 88.79
40.91 , 89.13
41.16 , 88.42
40.88 , 88.82
40.67 , 89.04
41.33 , 88.99
40.66 , 88.56
40.9 , 88.37
40.88 , 89.14
40.96 , 88.44
40.78 , 88.65
40.73 , 88.49
40.92 , 88.82
40.45 , 88.71
41.08 , 88.91
40.68 , 88.63
40.64 , 88.77
40.74 , 88.94
40.27 , 88.52
40.77 , 88.85
40.72 , 88.98
40.66 , 88.79
41.41 , 88.54
40.39 , 88.55
40.9 , 88.78
40.73 , 88.56
40.34 , 89.32
41.09 , 88.84
40.79 , 89.11
41.0 , 89.12
40.85 , 88.89
40.78 , 88.81
40.54 , 89.11
40.5 , 89.1
40.77 , 89.01
41.24 , 89.0
40.14 , 89.26
40.68 , 89.18
40.81 , 89.02
41.33 , 89.0
40.75 , 88.94
40.66 , 88.84
40.35 , 88.99
40.65 , 89.39
40.84 , 88.86
40.81 , 89.15
40.94 , 88.73
40.65 , 89.02
41.1 , 88.98
40.71 , 89.03
40.62 , 88.81
40.59 , 88.84
40.58 , 88.87
40.56 , 88.75
41.09 , 88.62
40.58 , 89.31
40.64 , 88.76
40.59 , 88.86
40.7 , 88.96
40.4 , 89.09
40.49 , 89.31
40.95 , 88.88
40.4 , 89.38
41.06 , 88.87
40.52 , 88.66
40.46 , 89.29
40.75 , 89.29
40.99 , 89.86
40.34 , 89.39
40.6 , 89.26
40.45 , 88.78
40.85 , 89.06
40.78 , 89.57
40.92 , 89.27
40.65 , 89.26
40.69 , 89.57
40.15 , 89.61
40.27 , 89.09
40.39 , 89.09
40.74 , 89.89
40.66 , 88.77
40.28 , 89.21
40.49 , 89.34
40.52 , 89.37
40.56 , 89.46
40.77 , 89.73
41.01 , 89.03
40.54 , 88.98
40.61 , 89.23
39.9 , 89.31
40.81 , 89.41
40.41 , 89.13
40.17 , 89.19
40.34 , 89.35
40.66 , 89.21
40.05 , 89.4
40.85 , 89.41
40.9 , 89.22
40.04 , 88.95
40.38 , 89.16
40.52 , 89.18
40.79 , 89.27
40.42 , 89.29
40.2 , 89.5
40.74 , 89.15
40.14 , 89.69
40.46 , 89.34
40.26 , 89.08
40.53 , 89.55
40.03 , 89.35
40.61 , 88.98
40.59 , 88.99
40.33 , 89.41
40.22 , 89.44
40.42 , 89.8
40.46 , 89.72
40.78 , 89.21
40.55 , 89.76
40.17 , 89.32
40.16 , 89.18
40.36 , 89.69
40.25 , 89.12
40.72 , 89.3
40.31 , 89.46
40.39 , 89.43
40.52 , 89.35
40.46 , 89.58
40.33 , 89.67
40.47 , 89.27
40.45 , 89.3
40.68 , 89.45
40.25 , 89.38
40.74 , 89.64
40.34 , 89.51
40.26 , 89.56
40.25 , 89.36
40.39 , 89.64
40.24 , 89.83
40.64 , 89.74
40.23 , 90.09
40.14 , 89.36
40.55 , 89.75
40.14 , 89.51
40.35 , 89.72
40.38 , 90.04
40.2 , 88.99
40.54 , 89.8
40.45 , 89.45
40.26 , 89.35
40.35 , 89.57
40.56 , 89.67
40.14 , 89.39
40.59 , 90.09
40.37 , 89.98
39.93 , 89.87
40.12 , 89.87
40.23 , 89.89
40.15 , 89.83
40.59 , 89.64
39.87 , 90.1
40.21 , 89.59
39.83 , 89.8
40.18 , 89.52
39.96 , 89.49
40.34 , 89.26
40.13 , 89.92
40.41 , 89.81
40.36 , 89.69
40.26 , 89.67
39.88 , 89.97
40.52 , 90.07
40.3 , 89.75
40.12 , 89.73
40.57 , 89.59
40.17 , 89.89
40.01 , 89.95
40.57 , 89.6
40.05 , 89.89
40.09 , 89.88
40.28 , 89.5
40.08 , 89.75
39.86 , 89.96
40.46 , 90.0
39.99 , 89.76
40.65 , 90.15
40.3 , 89.57
40.27 , 89.87
39.89 , 90.02
40.53 , 89.15
40.23 , 90.2
40.54 , 89.82
40.17 , 89.83
40.16 , 89.96
40.13 , 90.01
39.73 , 90.29
39.45 , 90.46
39.92 , 90.09
39.72 , 89.55
39.93 , 89.89
39.51 , 89.77
40.06 , 90.06
39.93 , 89.92
40.0 , 89.96
40.11 , 89.49
39.79 , 90.19
39.94 , 90.24
39.85 , 90.09
40.14 , 89.89
39.68 , 90.16
39.64 , 89.77
40.07 , 90.21
40.13 , 90.13
39.7 , 90.06
39.8 , 90.39
39.58 , 90.1
40.17 , 89.97
40.13 , 89.86
39.84 , 90.27
40.17 , 89.86
40.15 , 89.89
39.68 , 89.77
40.18 , 90.0
39.91 , 90.01
40.07 , 89.74
40.2 , 89.56
40.33 , 90.3
39.81 , 89.99
39.97 , 89.97
40.06 , 90.68
39.79 , 89.86
39.82 , 89.46
40.38 , 89.93
40.41 , 89.98
39.74 , 89.62
39.9 , 89.83
40.39 , 89.85
40.16 , 89.55
40.47 , 89.83
39.79 , 90.37
39.93 , 89.86
39.87 , 90.15
39.59 , 89.85
39.69 , 89.9
40.61 , 90.15
40.06 , 89.88
40.56 , 89.23
39.94 , 89.55
39.98 , 89.8
40.28 , 89.56
40.09 , 89.68
40.06 , 89.98
40.38 , 89.84
39.87 , 89.9
39.9 , 89.45
40.09 , 89.51
40.37 , 89.78
40.49 , 90.01
39.99 , 89.56
40.18 , 89.85
40.28 , 89.7
40.15 , 89.43
40.78 , 90.27
40.31 , 89.3
39.91 , 89.8
40.11 , 89.53
40.01 , 89.55
39.82 , 89.6
39.99 , 89.45
39.91 , 89.6
40.41 , 89.76
39.6 , 89.56
39.78 , 89.87
39.59 , 89.55
40.2 , 89.52
40.22 , 89.22
40.07 , 89.48
40.49 , 89.87
39.87 , 89.36
39.84 , 89.63
40.19 , 89.28
40.32 , 89.4
39.86 , 89.64
40.25 , 89.76
40.2 , 89.45
39.34 , 89.76
40.08 , 89.04
39.81 , 89.88
40.24 , 89.13
39.82 , 89.5
39.75 , 89.0
40.49 , 89.67
40.14 , 89.27
39.85 , 89.86
39.94 , 89.3
40.36 , 89.07
40.05 , 89.28
40.04 , 89.12
40.72 , 89.72
40.43 , 89.42
40.32 , 89.15
40.13 , 89.53
40.2 , 89.21
39.97 , 88.95
40.39 , 89.58
40.24 , 89.59
40.13 , 89.43
39.92 , 89.44
40.07 , 89.2
40.22 , 89.22
39.82 , 88.77
40.41 , 89.32
40.13 , 89.35
40.03 , 89.49
40.24 , 89.45
40.23 , 89.01
40.15 , 89.71
40.17 , 89.16
40.01 , 89.33
40.26 , 89.68
39.93 , 89.33
40.27 , 89.71
39.99 , 89.36
40.18 , 88.96
40.25 , 89.39
40.21 , 89.48
40.41 , 89.19
40.23 , 89.26
40.52 , 88.91
40.02 , 89.07
40.4 , 88.65
40.33 , 89.35
39.96 , 88.91
40.18 , 89.09
39.85 , 89.13
40.54 , 89.17
39.79 , 88.59
39.93 , 89.2
40.08 , 88.62
40.2 , 89.27
40.04 , 89.55
40.14 , 88.96
40.17 , 88.98
40.14 , 88.66
40.31 , 88.96
39.97 , 89.24
39.86 , 89.28
39.62 , 88.81
39.86 , 88.76
39.84 , 89.08
40.36 , 88.69
40.61 , 88.91
40.39 , 88.84
40.23 , 89.56
40.13 , 89.26
40.16 , 89.21
39.61 , 89.08
39.62 , 88.7
40.38 , 89.0
40.07 , 89.08
39.97 , 88.59
40.17 , 88.51
39.95 , 88.81
40.29 , 88.56
39.71 , 89.21
40.07 , 88.42
40.32 , 88.38
39.75 , 88.66
40.48 , 88.73
40.24 , 88.96
40.18 , 89.43
40.06 , 88.82
39.43 , 88.81
40.69 , 88.54
40.41 , 88.94
40.31 , 88.35
40.0 , 88.69
40.4 , 88.87
39.99 , 89.19
40.31 , 88.82
39.98 , 88.87
39.75 , 89.11
39.88 , 89.01
39.88 , 89.27
39.98 , 88.82
39.84 , 88.98
39.75 , 88.99
40.64 , 88.7
40.65 , 88.05
39.92 , 88.79
40.17 , 88.79
40.06 , 89.15
40.31 , 88.65
40.4 , 88.85
40.61 , 88.49
40.42 , 88.3
39.52 , 88.71
40.13 , 88.27
39.85 , 88.73
40.19 , 88.6
40.27 , 88.42
40.43 , 88.43
40.11 , 88.52
40.06 , 88.29
40.2 , 88.46
39.78 , 88.89
40.33 , 88.6
39.95 , 88.12
40.39 , 88.85
40.19 , 88.64
40.4 , 88.7
40.25 , 88.23
40.21 , 88.51
40.41 , 88.95
39.97 , 88.21
40.3 , 88.9
40.12 , 88.29
39.82 , 88.08
39.9 , 88.34
40.09 , 88.32
40.38 , 88.72
39.38 , 88.46
39.87 , 88.27
40.28 , 88.77
40.45 , 88.32
40.18 , 88.4
39.99 , 88.69
40.04 , 88.24
39.81 , 88.53
40.35 , 88.54
40.63 , 88.62
40.39 , 88.48
40.35 , 88.31
40.46 , 88.58
39.58 , 88.69
40.15 , 88.55
40.08 , 88.44
40.19 , 88.49
40.67 , 88.23
39.81 , 88.15
40.18 , 87.92
39.94 , 88.68
40.53 , 88.28
40.05 , 88.16
40.19 , 88.16
40.12 , 88.48
40.39 , 87.96
40.24 , 88.31
40.18 , 88.26
39.97 , 88.36
39.68 , 88.26
40.38 , 88.55
39.98 , 87.95
40.24 , 88.08
39.67 , 87.97
39.9 , 88.25
40.43 , 88.19
40.44 , 88.46
40.51 , 88.67
40.43 , 88.02
40.14 , 88.16
39.87 , 88.34
40.02 , 88.07
40.27 , 88.07
40.36 , 88.01
40.52 , 88.08
39.98 , 88.25
40.42 , 87.93
40.25 , 88.26
39.81 , 88.39
40.54 , 87.58
40.11 , 88.17
39.93 , 88.0
40.04 , 88.16
40.47 , 87.91
40.5 , 88.49
40.27 , 88.04
40.56 , 88.13
40.5 , 88.14
39.81 , 87.95
39.84 , 87.66
39.48 , 88.02
40.09 , 87.62
40.22 , 88.14
40.24 , 87.94
40.25 , 87.82
40.47 , 87.87
39.64 , 87.7
40.6 , 87.83
40.13 , 87.6
39.87 , 88.02
39.95 , 87.87
40.33 , 87.96
40.17 , 88.04
40.34 , 88.31
39.91 , 87.58
40.19 , 87.89
40.21 , 88.07
40.42 , 87.85
40.06 , 87.9
40.44 , 87.73
39.91 , 87.88
39.56 , 87.87
40.12 , 87.73
40.66 , 87.93
39.86 , 87.68
40.1 , 88.18
40.13 , 87.87
40.32 , 87.73
39.96 , 87.97
40.04 , 87.92
40.24 , 87.29
39.88 , 88.1
40.12 , 87.8
39.9 , 87.29
40.14 , 87.83
40.45 , 87.73
40.61 , 87.15
40.07 , 88.05
40.63 , 88.55
40.18 , 87.64
39.85 , 87.66
39.84 , 88.01
39.93 , 87.85
40.63 , 87.77
40.02 , 88.12
40.46 , 88.13
40.68 , 87.64
40.25 , 87.57
40.55 , 87.75
40.13 , 87.5
39.88 , 87.53
40.1 , 87.08
39.85 , 87.63
40.04 , 87.78
40.23 , 87.66
39.99 , 87.54
39.85 , 87.57
40.42 , 87.24
39.89 , 87.55
39.82 , 87.76
40.18 , 87.59
40.15 , 87.38
40.11 , 87.42
40.35 , 87.6
39.97 , 87.67
40.48 , 87.15
40.32 , 87.56
40.11 , 86.84
40.43 , 87.13
39.85 , 87.39
40.29 , 87.05
40.04 , 87.19
40.07 , 87.5
40.7 , 87.39
39.86 , 87.19
40.08 , 87.49
40.06 , 87.66
40.3 , 87.0
40.35 , 87.57
40.33 , 87.31
40.48 , 87.38
39.88 , 87.34
39.76 , 87.42
40.26 , 87.11
40.52 , 87.61
40.16 , 87.47
40.41 , 87.38
40.18 , 87.62
40.32 , 87.63
40.07 , 87.57
39.97 , 87.83
40.45 , 86.98
40.13 , 87.77
40.28 , 87.92
40.41 , 87.11
40.46 , 87.13
40.58 , 87.36
40.23 , 87.62
39.93 , 87.07
40.55 , 87.39
39.7 , 87.13
40.59 , 86.85
40.44 , 87.39
40.56 , 87.06
40.31 , 87.29
40.75 , 87.45
39.96 , 87.68
39.84 , 87.14
40.34 , 87.22
39.99 , 87.21
40.18 , 86.97
40.64 , 87.18
40.71 , 87.34
40.06 , 87.39
40.4 , 87.2
40.84 , 87.48
40.08 , 86.83
40.48 , 87.47
40.02 , 87.2
40.27 , 87.01
40.54 , 86.92
40.58 , 87.67
40.2 , 87.02
40.3 , 87.59
39.97 , 87.01
40.36 , 87.14
40.55 , 86.97
40.35 , 86.76
40.48 , 86.99
40.27 , 87.37
40.56 , 86.93
40.28 , 87.32
40.76 , 87.37
40.73 , 86.81
40.19 , 87.03
39.77 , 86.77
40.25 , 87.19
40.56 , 86.72
40.06 , 86.5
40.27 , 87.19
40.33 , 86.61
40.52 , 86.86
40.32 , 86.95
40.84 , 87.12
40.33 , 86.61
40.19 , 87.36
40.23 , 86.92
40.46 , 86.9
40.34 , 87.53
40.22 , 86.72
40.6 , 87.3
40.03 , 87.22
40.5 , 86.18
40.05 , 86.87
40.38 , 86.79
40.57 , 86.84
40.3 , 86.87
40.02 , 87.06
40.47 , 86.67
40.53 , 86.83
40.42 , 86.87
40.15 , 86.78
40.3 , 87.15
40.56 , 87.12
40.23 , 87.07
40.33 , 86.87
40.3 , 86.81
40.46 , 87.1
40.06 , 86.71
40.43 , 86.92
40.58 , 86.33
40.52 , 87.02
40.21 , 86.7
40.8 , 86.42
40.22 , 86.91
40.25 , 86.89
40.95 , 86.68
40.68 , 86.71
40.39 , 86.62
39.94 , 86.57
40.63 , 86.77
40.32 , 87.25
40.68 , 87.01
40.19 , 86.94
40.73 , 86.64
40.01 , 86.71
40.34 , 86.48
39.89 , 86.75
40.0 , 87.09
40.43 , 86.38
40.33 , 86.75
40.2 , 86.92
40.59 , 86.83
41.01 , 86.88
40.53 , 86.59
40.94 , 87.2
40.83 , 86.82
40.32 , 86.3
40.4 , 86.38
40.41 , 86.51
40.27 , 86.69
40.34 , 86.62
40.43 , 86.69
40.84 , 86.87
40.14 , 86.69
40.34 , 86.74
40.41 , 86.51
40.65 , 86.61
40.69 , 86.52
40.83 , 86.45
40.52 , 86.43
40.33 , 86.16
40.4 , 86.8
40.48 , 86.73
40.84 , 86.48
40.32 , 86.46
40.3 , 86.04
40.81 , 86.63
40.25 , 86.28
40.47 , 86.37
40.29 , 86.13
40.29 , 86.42
40.35 , 86.35
40.52 , 86.57
40.83 , 86.76
40.73 , 86.83
40.87 , 86.59
39.79 , 86.05
40.69 , 86.69
40.67 , 86.39
40.57 , 86.29
40.42 , 86.1
41.13 , 86.43
40.57 , 86.26
40.54 , 86.93
40.19 , 86.12
40.57 , 86.5
40.47 , 86.5
40.54 , 86.5
40.34 , 86.03
41.08 , 86.36
41.06 , 86.16
40.44 , 86.12
41.12 , 86.45
40.92 , 86.43
40.28 , 86.24
40.74 , 86.52
40.27 , 85.71
40.03 , 86.15
40.84 , 86.57
40.58 , 86.01
40.61 , 86.33
40.55 , 86.07
40.88 , 86.24
40.66 , 86.15
41.02 , 86.65
40.53 , 86.22
40.94 , 86.03
40.75 , 86.35
40.42 , 85.64
40.36 , 85.37
40.7 , 85.98
40.47 , 85.97
40.6 , 85.59
40.24 , 85.93
40.33 , 85.69
40.6 , 86.02
40.29 , 85.96
40.53 , 86.01
40.45 , 85.71
40.7 , 86.03
40.78 , 85.97
40.35 , 85.95
40.76 , 86.09
40.87 , 85.99
40.46 , 86.27
40.21 , 86.32
40.92 , 86.06
41.02 , 85.57
40.67 , 86.33
40.55 , 85.86
40.38 , 86.12
40.32 , 85.86
40.59 , 85.73
40.6 , 85.9
40.55 , 85.97
40.44 , 85.73
40.68 , 86.32
40.51 , 85.95
40.91 , 85.8
40.56 , 86.29
40.59 , 86.0
40.81 , 85.95
40.41 , 85.58
41.07 , 85.26
40.7 , 85.81
40.67 , 85.7
41.03 , 85.96
41.12 , 86.08
40.5 , 85.99
41.11 , 86.14
40.82 , 85.67
40.58 , 86.06
40.92 , 86.19
40.92 , 85.77
40.55 , 85.84
40.45 , 86.12
40.64 , 85.72
40.66 , 85.66
40.7 , 85.85
40.47 , 85.15
40.4 , 86.06
40.59 , 85.54
40.32 , 86.17
40.81 , 85.95
40.74 , 85.79
40.51 , 85.93
40.95 , 85.6
41.13 , 85.27
40.58 , 85.73
41.21 , 85.53
40.35 , 85.81
40.39 , 86.12
40.59 , 85.38
41.01 , 85.51
40.82 , 85.8
40.86 , 85.42
40.71 , 85.51
40.94 , 85.54
40.21 , 86.28
40.62 , 85.57
40.47 , 85.75
40.49 , 85.34
40.58 , 85.51
41.03 , 85.42
40.65 , 85.16
40.65 , 85.61
40.86 , 85.43
40.65 , 85.61
40.98 , 85.45
40.85 , 85.39
40.46 , 85.57
40.72 , 85.16
40.47 , 85.49
41.09 , 85.52
40.18 , 85.6
40.42 , 85.58
40.49 , 85.61
40.59 , 85.49
40.87 , 85.3
40.43 , 85.24
41.02 , 85.79
41.06 , 85.23
40.84 , 85.2
40.73 , 85.69
40.83 , 85.8
41.22 , 84.83
40.27 , 85.04
40.73 , 85.25
40.9 , 85.52
41.02 , 85.25
40.8 , 85.28
40.7 , 85.37
40.82 , 85.52
40.3 , 85.75
41.05 , 85.46
40.79 , 85.41
40.62 , 85.37
40.71 , 85.39
40.78 , 85.59
41.04 , 85.62
40.73 , 85.13
40.82 , 85.05
40.89 , 85.33
40.58 , 85.63
41.34 , 85.17
40.85 , 85.22
40.84 , 85.03
41.11 , 85.56
40.85 , 85.34
40.83 , 84.89
40.71 , 85.48
40.37 , 85.06
40.75 , 85.18
41.21 , 85.15
40.91 , 84.93
41.15 , 85.55
41.13 , 85.21
40.89 , 85.38
40.64 , 85.34
41.16 , 85.12
41.24 , 85.18
41.16 , 85.37
40.89 , 84.92
41.3 , 85.35
40.52 , 85.12
40.97 , 84.89
40.6 , 85.34
40.55 , 85.3
40.87 , 85.32
40.93 , 84.81
40.92 , 85.22
40.92 , 85.16
40.84 , 84.59
40.91 , 84.97
41.05 , 84.71
40.58 , 84.88
40.49 , 85.59
40.97 , 84.5
41.22 , 84.62
41.31 , 84.81
40.46 , 84.99
40.79 , 84.83
41.12 , 85.26
40.59 , 84.83
40.53 , 84.95
40.78 , 84.95
40.93 , 84.98
40.67 , 85.11
41.06 , 85.3
41.01 , 84.55
41.14 , 84.67
41.07 , 85.14
40.91 , 84.95
40.84 , 84.58
40.5 , 84.84
40.99 , 84.62
40.84 , 84.82
40.87 , 84.84
40.71 , 85.17
40.76 , 84.84
41.08 , 84.66
41.04 , 84.95
40.59 , 84.57
41.25 , 84.74
40.97 , 84.96
41.17 , 84.85
40.95 , 84.57
41.09 , 84.88
40.9 , 84.74
40.96 , 84.64
40.7 , 84.79
40.5 , 84.96
40.58 , 85.05
40.64 , 84.85
41.23 , 84.93
40.94 , 84.99
40.8 , 84.49
40.88 , 84.15
41.23 , 84.6
41.34 , 84.89
40.88 , 84.84
40.89 , 85.1
41.06 , 84.76
40.95 , 84.89
41.04 , 84.6
41.4 , 85.2
41.16 , 84.97
41.04 , 84.94
41.38 , 84.52
40.94 , 84.64
40.96 , 84.81
40.62 , 84.8
41.43 , 84.78
40.88 , 84.49
40.89 , 85.1
40.83 , 84.76
41.03 , 84.69
41.32 , 84.27
41.14 , 84.88
40.49 , 84.87
41.1 , 84.63
40.78 , 84.12
40.81 , 84.42
41.0 , 84.76
41.26 , 84.42
41.24 , 84.28
41.29 , 84.33
41.1 , 84.47
41.33 , 84.12
40.88 , 84.23
41.28 , 84.95
40.97 , 84.42
41.0 , 84.46
41.32 , 84.73
41.57 , 84.64
40.68 , 84.75
40.45 , 84.5
41.29 , 84.55
41.27 , 84.43
40.91 , 84.37
41.35 , 84.38
41.29 , 84.35
41.31 , 84.28
41.39 , 84.88
40.84 , 84.82
41.11 , 84.24
40.79 , 84.45
41.02 , 84.46
41.45 , 84.63
41.27 , 84.11
40.94 , 84.94
41.27 , 84.53
41.23 , 84.62
41.53 , 84.76
40.86 , 83.81
41.21 , 84.27
40.93 , 84.36
41.0 , 84.24
40.95 , 83.91
41.05 , 84.55
40.93 , 84.05
41.61 , 84.32
40.71 , 84.2
40.9 , 84.37
41.17 , 84.69
40.73 , 84.68
41.1 , 84.44
40.73 , 84.3
40.96 , 84.32
41.1 , 84.39
41.68 , 83.91
40.9 , 84.51
41.38 , 84.3
41.44 , 84.48
41.26 , 84.31
41.03 , 84.62
41.15 , 84.29
40.98 , 83.5
40.9 , 84.66
41.23 , 84.29
41.31 , 84.25
41.25 , 83.98
41.28 , 84.54
41.39 , 84.4
41.21 , 83.93
41.29 , 84.25
41.01 , 84.36
41.31 , 84.51
41.59 , 83.62
41.13 , 84.11
41.47 , 84.01
41.13 , 84.43
41.27 , 83.83
41.52 , 83.86
41.36 , 84.32
41.04 , 84.18
41.41 , 83.97
41.09 , 84.63
41.05 , 84.35
41.15 , 84.19
41.25 , 84.01
41.53 , 83.63
40.89 , 84.05
41.84 , 84.33
41.2 , 83.85
41.37 , 83.85
40.88 , 84.16
41.7 , 84.03
41.24 , 84.13
41.34 , 83.88
41.61 , 84.46
41.66 , 84.24
40.81 , 83.69
41.44 , 83.93
41.42 , 84.25
41.14 , 84.05
41.56 , 83.81
41.43 , 83.78
40.69 , 84.41
41.25 , 83.82
40.85 , 83.95
41.35 , 84.2
41.38 , 83.69
41.16 , 83.81
41.39 , 84.58
41.34 , 83.93
41.15 , 84.18
41.11 , 84.33
41.17 , 83.69
41.72 , 83.39
41.34 , 84.44
41.0 , 83.72
41.6 , 83.43
40.86 , 83.57
40.96 , 83.79
41.59 , 83.5
41.53 , 83.95
41.25 , 83.91
41.68 , 83.84
41.61 , 83.46
41.34 , 83.39
41.21 , 84.18
41.34 , 83.87
41.07 , 84.13
41.85 , 83.65
41.37 , 84.23
41.18 , 83.7
41.41 , 83.58
41.26 , 83.78
41.42 , 84.36
41.58 , 83.95
41.26 , 83.76
41.51 , 83.8
41.95 , 83.96
41.64 , 83.9
41.21 , 83.31
41.97 , 83.77
41.58 , 83.77
41.72 , 83.45
41.54 , 83.96
41.32 , 83.91
41.37 , 83.97
41.53 , 83.57
41.6 , 83.8
41.15 , 83.56
41.69 , 83.89
41.54 , 83.7
41.51 , 83.71
41.22 , 83.58
41.36 , 83.69
41.38 , 83.96
41.17 , 83.7
41.38 , 83.73
41.33 , 83.67
41.1 , 83.63
41.34 , 83.16
41.49 , 83.85
41.08 , 83.93
41.64 , 83.16
41.39 , 83.89
41.56 , 83.47
41.54 , 83.74
41.62 , 83.54
41.87 , 83.49
41.71 , 83.1
41.6 , 83.53
41.87 , 83.73
41.55 , 83.51
41.32 , 83.57
41.39 , 83.14
41.45 , 83.42
41.6 , 83.17
41.7 , 83.4
41.25 , 83.34
41.82 , 83.66
41.56 , 83.68
41.3 , 83.32
41.19 , 83.63
41.66 , 83.4
41.8 , 83.41
41.73 , 83.88
41.77 , 83.4
41.86 , 83.39
41.29 , 83.55
41.42 , 83.27
41.28 , 83.37
41.99 , 83.4
41.72 , 83.64
41.44 , 83.61
41.52 , 82.67
41.94 , 83.25
41.85 , 83.32
41.99 , 83.35
41.65 , 83.39
41.4 , 82.94
41.53 , 83.13
41.18 , 83.31
40.96 , 83.15
42.01 , 83.26
41.53 , 83.28
41.36 , 83.51
41.78 , 83.53
41.36 , 83.1
41.78 , 83.69
41.47 , 83.18
41.68 , 83.71
41.7 , 83.09
41.44 , 83.02
41.76 , 83.3
41.68 , 83.46
41.98 , 82.86
41.93 , 83.09
41.78 , 83.43
41.91 , 83.37
41.84 , 83.29
41.54 , 83.05
41.5 , 83.34
41.69 , 83.42
41.83 , 82.91
42.19 , 83.45
42.04 , 83.28
41.62 , 83.18
41.71 , 83.12
41.24 , 82.93
42.03 , 82.9
41.98 , 82.75
41.22 , 82.95
41.73 , 83.0
41.79 , 83.0
41.73 , 83.13
41.92 , 82.89
41.74 , 83.08
42.36 , 82.9
42.25 , 83.22
42.14 , 83.08
42.04 , 82.94
41.91 , 82.89
41.54 , 83.44
41.53 , 83.05
42.02 , 82.73
41.6 , 83.32
41.69 , 83.13
42.02 , 83.23
41.47 , 82.54
42.01 , 82.81
42.18 , 83.14
41.63 , 82.57
41.67 , 83.18
41.8 , 83.39
42.06 , 83.19
41.74 , 82.95
41.98 , 82.94
41.82 , 83.11
41.87 , 83.32
41.6 , 83.13
41.85 , 82.93
42.15 , 82.62
41.78 , 82.89
41.91 , 83.11
41.8 , 83.11
42.08 , 82.88
41.69 , 82.75
41.47 , 82.79
41.3 , 82.83
41.77 , 83.07
41.72 , 82.55
41.77 , 82.81
41.28 , 82.77
41.99 , 82.87
41.67 , 82.55
41.74 , 82.68
42.02 , 82.39
42.19 , 82.77
41.93 , 82.85
41.7 , 82.39
42.03 , 83.11
41.94 , 82.65
41.75 , 82.59
41.51 , 82.91
41.82 , 82.64
41.86 , 82.52
41.69 , 82.57
42.11 , 82.89
41.77 , 82.16
41.83 , 82.95
42.14 , 82.63
41.94 , 82.64
41.97 , 82.73
42.25 , 82.83
42.08 , 82.8
41.91 , 82.13
41.9 , 82.72
42.05 , 82.8
42.3 , 82.68
42.4 , 82.67
41.73 , 82.98
41.82 , 82.59
42.07 , 83.02
42.27 , 82.51
41.88 , 83.15
41.84 , 82.98
41.31 , 82.78
42.26 , 82.55
42.34 , 82.48
41.82 , 82.89
42.13 , 82.42
41.92 , 82.85
41.83 , 82.13
42.0 , 82.25
41.92 , 82.67
41.98 , 82.91
41.99 , 82.62
42.23 , 82.22
42.12 , 82.21
42.02 , 82.87
42.07 , 82.73
42.12 , 82.2
42.14 , 82.48
41.88 , 82.85
41.92 , 82.26
42.35 , 82.37
41.97 , 82.73
41.84 , 82.04
42.01 , 82.16
42.47 , 82.13
42.24 , 82.41
41.96 , 82.17
41.93 , 82.48
41.81 , 82.37
42.05 , 82.52
41.74 , 82.45
42.35 , 82.13
42.42 , 82.37
42.11 , 82.74
42.25 , 82.6
42.53 , 82.34
42.16 , 82.3
41.98 , 82.13
42.04 , 82.7
41.75 , 82.19
41.49 , 82.54
41.58 , 82.21
42.02 , 82.33
42.24 , 82.69
42.14 , 82.41
42.16 , 82.56
41.86 , 82.53
42.16 , 82.17
41.99 , 82.44
42.59 , 82.38
42.27 , 82.51
42.33 , 82.27
42.12 , 82.35
42.3 , 81.77
42.08 , 82.57
42.3 , 82.53
41.98 , 82.02
42.03 , 82.51
41.95 , 82.38
42.14 , 82.18
42.16 , 82.02
42.36 , 82.29
42.18 , 82.16
42.07 , 82.25
41.73 , 82.54
42.61 , 82.0
42.38 , 82.37
42.17 , 82.11
42.24 , 82.35
42.51 , 82.13
42.11 , 82.28
42.57 , 82.0
42.4 , 82.22
42.36 , 82.14
41.88 , 82.41
42.49 , 82.11
42.41 , 82.36
42.25 , 81.95
42.61 , 82.38
42.36 , 82.64
42.11 , 82.26
42.39 , 82.3
42.46 , 82.08
42.31 , 82.32
42.36 , 82.28
41.85 , 82.22
42.45 , 82.56
42.74 , 81.78
42.37 , 82.36
41.99 , 81.89
42.44 , 82.02
42.7 , 82.22
42.11 , 82.06
42.44 , 82.38
42.12 , 82.15
42.32 , 82.15
42.33 , 81.98
41.99 , 82.47
42.36 , 81.85
42.54 , 81.53
41.93 , 82.2
42.9 , 82.21
42.32 , 81.85
42.23 , 82.01
42.21 , 81.6
42.4 , 82.05
42.34 , 82.23
42.55 , 81.89
42.19 , 82.34
42.7 , 81.86
42.57 , 81.92
42.79 , 81.77
42.63 , 81.33
42.36 , 81.85
42.5 , 82.1
41.8 , 81.42
42.48 , 81.65
42.41 , 81.7
42.75 , 81.95
42.33 , 82.42
42.63 , 82.22
42.44 , 82.0
42.42 , 81.5
42.69 , 81.89
42.3 , 81.8
42.64 , 81.46
42.75 , 82.23
42.33 , 81.85
42.46 , 81.9
42.71 , 81.96
42.6 , 82.03
42.59 , 81.75
42.59 , 81.75
42.39 , 81.25
42.71 , 81.66
42.67 , 82.0
42.47 , 81.83
42.89 , 81.77
42.4 , 81.84
42.67 , 81.59
42.81 , 81.58
42.49 , 81.39
42.44 , 81.44
42.31 , 81.74
42.7 , 81.59
42.92 , 81.48
42.59 , 81.57
42.61 , 81.73
42.45 , 81.85
42.68 , 81.89
42.28 , 81.25
42.76 , 81.77
42.75 , 81.42
42.56 , 81.87
42.09 , 81.69
42.58 , 81.73
42.69 , 81.97
42.67 , 81.32
42.97 , 81.89
42.87 , 81.7
43.13 , 81.49
42.37 , 81.69
42.75 , 81.6
42.8 , 81.81
42.64 , 81.2
42.5 , 81.86
43.0 , 81.62
42.75 , 81.35
42.58 , 81.42
42.64 , 81.57
42.32 , 81.33
43.19 , 81.55
42.33 , 81.19
42.52 , 81.57
42.44 , 81.78
42.63 , 81.92
42.67 , 81.56
42.51 , 81.26
43.01 , 81.12
42.82 , 81.21
42.61 , 81.42
42.45 , 81.67
42.7 , 81.83
42.58 , 81.08
42.37 , 81.75
42.85 , 81.48
42.4 , 81.54
42.84 , 81.0
42.24 , 81.38
42.45 , 81.21
42.41 , 81.41
42.66 , 81.31
42.81 , 81.29
43.01 , 81.49
42.77 , 81.55
42.31 , 81.24
42.32 , 81.83
42.72 , 81.57
42.73 , 81.49
42.69 , 81.26
42.71 , 81.52
42.6 , 81.08
42.81 , 81.41
42.27 , 81.39
42.93 , 81.06
42.61 , 81.11
42.77 , 81.37
42.97 , 81.05
42.85 , 81.43
42.75 , 81.18
43.04 , 81.24
43.22 , 81.55
42.87 , 81.61
42.84 , 81.42
42.89 , 81.3
42.39 , 81.06
43.03 , 81.19
42.42 , 81.53
42.68 , 81.43
42.96 , 81.39
42.72 , 81.1
43.15 , 81.15
43.02 , 80.83
42.57 , 80.98
42.95 , 80.98
43.28 , 81.6
42.79 , 81.12
43.32 , 80.97
42.58 , 81.52
42.96 , 81.44
43.08 , 81.15
43.12 , 81.23
42.91 , 80.89
42.87 , 80.9
43.22 , 81.54
42.79 , 80.71
42.97 , 81.5
43.17 , 81.42
43.55 , 81.59
42.84 , 81.04
42.94 , 81.38
42.6 , 81.09
42.83 , 81.12
43.05 , 81.01
43.24 , 81.07
43.31 , 81.06
42.84 , 81.02
43.24 , 81.15
42.55 , 81.08
42.71 , 80.95
43.42 , 81.19
43.37 , 80.61
42.9 , 81.27
42.95 , 81.19
43.44 , 81.12
42.72 , 81.14
43.02 , 81.06
42.86 , 81.13
43.06 , 81.2
42.79 , 81.61
42.69 , 80.85
43.04 , 80.92
43.53 , 81.17
43.07 , 80.85
43.38 , 80.87
43.35 , 81.21
43.16 , 81.08
43.01 , 80.72
42.9 , 81.11
43.09 , 80.86
42.76 , 81.13
42.66 , 80.91
43.04 , 80.96
43.01 , 80.17
43.23 , 80.56
42.83 , 81.1
43.09 , 81.13
43.29 , 81.04
43.16 , 80.97
43.05 , 80.6
43.32 , 81.07
42.99 , 80.93
43.18 , 80.84
43.65 , 81.01
43.43 , 80.75
43.32 , 80.76
42.87 , 80.88
43.01 , 80.88
43.42 , 81.16
43.32 , 80.95
43.24 , 81.25
43.44 , 80.75
43.19 , 81.09
43.53 , 81.32
42.87 , 80.79
43.06 , 80.59
43.08 , 80.84
43.35 , 81.11
43.04 , 80.47
43.25 , 80.3
43.25 , 80.89
43.09 , 81.42
43.3 , 80.59
43.35 , 80.8
43.61 , 80.54
43.17 , 80.61
43.36 , 80.35
43.62 , 80.91
42.85 , 81.11
43.4 , 80.64
43.36 , 80.62
43.11 , 80.36
43.45 , 80.64
43.55 , 80.81
43.43 , 81.1
43.07 , 80.2
43.58 , 81.17
43.08 , 80.7
43.39 , 80.68
43.51 , 80.12
43.3 , 80.32
43.4 , 80.59
43.35 , 80.8
43.65 , 80.09
43.1 , 80.28
43.39 , 80.72
43.48 , 80.49
43.18 , 80.71
43.53 , 80.56
43.68 , 80.76
43.47 , 80.41
43.71 , 80.88
43.45 , 80.25
42.88 , 80.6
43.48 , 80.48
43.61 , 80.74
43.65 , 80.85
43.78 , 80.65
43.75 , 80.89
43.21 , 80.86
43.66 , 80.48
43.31 , 80.52
43.15 , 80.82
43.55 , 80.65
43.4 , 80.8
43.74 , 80.4
43.29 , 80.33
43.25 , 80.36
43.31 , 80.46
43.12 , 80.18
43.15 , 80.07
43.1 , 80.17
43.63 , 80.58
43.36 , 80.36
43.76 , 80.37
43.75 , 80.42
43.42 , 80.63
43.71 , 81.07
43.5 , 80.18
43.51 , 80.37
43.28 , 80.41
43.82 , 80.69
43.38 , 80.32
43.83 , 80.46
43.09 , 80.49
43.39 , 80.75
43.9 , 80.52
43.36 , 80.66
43.63 , 79.97
43.37 , 80.74
43.61 , 80.7
43.41 , 80.01
43.4 , 80.2
43.3 , 80.69
43.82 , 80.33
43.15 , 80.04
43.6 , 80.25
43.32 , 80.3
43.32 , 80.57
43.47 , 79.97
43.65 , 80.86
44.09 , 80.31
43.74 , 80.84
43.31 , 79.5
43.28 , 80.02
43.7 , 80.01
43.31 , 80.45
43.59 , 80.04
43.61 , 80.26
43.98 , 80.53
43.21 , 80.36
43.37 , 79.95
43.6 , 80.49
43.23 , 80.41
43.48 , 80.51
43.61 , 80.66
43.43 , 79.91
43.27 , 79.93
43.79 , 79.92
43.61 , 80.19
43.92 , 80.13
43.89 , 80.13
43.64 , 80.02
43.94 , 80.52
44.11 , 80.22
44.42 , 79.89
43.78 , 80.22
43.97 , 80.15
43.6 , 79.65
43.8 , 80.14
44.09 , 80.01
44.01 , 79.99
43.6 , 80.41
43.68 , 80.13
43.95 , 80.33
43.61 , 80.42
43.25 , 79.84
43.86 , 80.27
43.54 , 80.27
43.84 , 80.07
43.6 , 80.09
44.15 , 80.09
43.36 , 79.69
43.67 , 79.8
43.8 , 79.76
43.66 , 79.89
43.73 , 80.24
44.14 , 79.72
43.57 , 79.88
44.05 , 79.57
43.36 , 80.35
44.39 , 80.08
43.9 , 79.65
44.06 , 79.64
43.74 , 80.3
43.56 , 79.86
44.27 , 80.12
43.62 , 80.42
44.09 , 79.99
43.89 , 80.14
43.94 , 79.39
43.98 , 79.61
43.85 , 79.69
44.08 , 79.64
44.05 , 79.73
43.84 , 80.12
43.92 , 79.91
43.28 , 80.08
43.76 , 80.06
43.62 , 80.01
43.72 , 79.81
43.98 , 80.23
43.87 , 79.91
44.27 , 80.12
44.23 , 79.59
43.8 , 80.0
44.19 , 80.23
43.56 , 80.04
44.34 , 80.03
44.33 , 79.87
43.77 , 79.84
44.22 , 79.41
44.18 , 80.13
44.44 , 80.2
44.14 , 80.24
44.44 , 79.71
43.61 , 79.65
43.89 , 80.0
43.63 , 79.88
44.31 , 79.95
43.56 , 79.55
43.84 , 80.1
44.29 , 79.93
44.32 , 80.26
44.16 , 79.94
43.97 , 79.73
44.29 , 79.44
44.21 , 80.36
44.31 , 80.03
44.11 , 80.06
44.28 , 79.57
44.15 , 80.1
44.52 , 79.75
44.28 , 79.82
44.05 , 79.89
44.33 , 79.8
44.28 , 79.74
44.31 , 79.34
44.32 , 79.97
44.06 , 80.13
44.05 , 79.92
44.37 , 79.66
44.32 , 79.88
44.08 , 79.87
44.2 , 78.92
44.63 , 79.52
44.46 , 79.79
44.07 , 80.29
44.13 , 79.85
44.13 , 79.99
44.24 , 79.91
44.14 , 79.51
44.1 , 79.77
44.06 , 79.96
43.89 , 79.41
44.07 , 79.91
44.25 , 79.69
44.35 , 79.17
44.11 , 79.13
43.86 , 79.59
44.31 , 79.46
44.31 , 79.32
44.67 , 79.84
44.42 , 79.5
44.8 , 79.62
44.17 , 79.94
44.11 , 79.29
44.26 , 79.52
44.24 , 79.6
44.34 , 79.3
44.1 , 79.78
44.39 , 79.63
44.32 , 79.38
44.19 , 79.62
44.46 , 79.24
44.06 , 79.19
44.41 , 79.07
44.0 , 79.33
44.18 , 79.75
44.24 , 79.4
44.21 , 79.58
44.5 , 79.9
44.42 , 79.17
44.66 , 79.47
44.25 , 79.43
44.38 , 79.47
44.89 , 79.9
44.46 , 79.3
44.42 , 79.18
44.45 , 79.32
44.33 , 79.1
44.4 , 79.37
44.07 , 79.73
43.84 , 79.6
44.39 , 79.36
44.46 , 79.46
44.39 , 79.49
44.58 , 79.19
44.4 , 79.53
44.13 , 79.2
44.73 , 79.09
44.73 , 79.54
44.52 , 79.35
44.33 , 79.45
44.84 , 79.68
44.23 , 79.21
44.49 , 79.94
44.74 , 79.15
44.71 , 79.47
44.48 , 79.59
44.45 , 79.28
44.66 , 79.32
44.71 , 79.24
44.16 , 79.14
44.91 , 78.98
44.34 , 79.01
44.64 , 79.14
45.12 , 79.17
44.2 , 79.52
44.18 , 79.46
45.14 , 78.92
44.94 , 79.16
44.7 , 79.02
44.44 , 79.42
44.92 , 79.02
44.87 , 79.42
44.2 , 79.47
44.26 , 78.92
44.89 , 78.86
44.74 , 79.56
44.57 , 79.51
44.56 , 79.26
44.76 , 79.3
44.6 , 79.26
44.16 , 79.17
44.5 , 79.24
44.53 , 79.26
44.6 , 79.48
44.8 , 79.03
44.56 , 79.25
44.74 , 79.54
44.45 , 79.05
44.49 , 79.31
44.71 , 78.96
44.91 , 79.13
44.75 , 79.08
44.58 , 79.21
44.63 , 79.05
44.38 , 78.49
44.89 , 79.17
44.88 , 79.23
44.19 , 78.63
44.72 , 79.05
45.2 , 79.15
45.0 , 79.45
44.72 , 79.43
44.64 , 79.33
44.87 , 79.03
44.77 , 78.68
44.78 , 79.03
44.85 , 78.84
44.83 , 79.15
45.16 , 79.08
44.33 , 79.51
44.4 , 78.84
44.42 , 78.7
44.78 , 78.9
44.45 , 78.49
44.99 , 79.02
44.86 , 78.89
45.12 , 78.9
44.45 , 78.81
44.49 , 79.42
44.63 , 79.2
44.76 , 78.59
45.24 , 79.44
44.95 , 78.66
45.02 , 79.08
44.99 , 78.94
44.98 , 79.23
44.98 , 78.7
45.19 , 78.76
45.53 , 78.81
44.82 , 79.06
45.31 , 79.37
44.88 , 79.1
44.67 , 78.83
45.14 , 79.16
44.95 , 78.76
45.21 , 79.0
45.1 , 78.99
44.36 , 78.93
44.7 , 78.72
45.01 , 79.11
44.93 , 79.23
45.17 , 79.02
44.54 , 78.98
45.15 , 78.84
44.93 , 78.75
44.96 , 79.08
44.39 , 79.23
45.26 , 79.03
44.84 , 78.77
44.68 , 79.01
44.17 , 78.8
44.89 , 78.74
45.13 , 79.04
44.62 , 79.06
45.45 , 78.77
44.85 , 78.63
45.06 , 78.74
44.81 , 79.09
44.73 , 79.36
45.62 , 78.75
44.89 , 79.23
45.35 , 78.52
45.03 , 78.95
45.06 , 78.83
45.29 , 78.92
45.69 , 78.66
45.53 , 79.04
45.18 , 78.72
44.76 , 78.87
44.69 , 78.93
45.03 , 78.39
45.04 , 78.92
45.07 , 78.74
45.19 , 78.59
45.18 , 78.86
44.83 , 77.96
45.16 , 78.67
45.56 , 78.73
44.88 , 78.39
45.04 , 78.84
45.61 , 78.85
45.11 , 78.38
45.12 , 78.99
45.31 , 78.37
45.03 , 78.64
45.29 , 79.29
45.45 , 78.61
44.89 , 78.6
45.0 , 78.56
44.95 , 78.43
45.49 , 78.91
45.15 , 78.49
45.39 , 78.58
45.12 , 78.7
45.21 , 78.64
45.26 , 78.73
45.31 , 78.87
45.01 , 78.78
45.19 , 78.96
44.92 , 78.38
45.4 , 78.56
45.24 , 78.04
45.0 , 78.63
45.33 , 78.46
45.37 , 78.78
45.01 , 78.39
45.78 , 79.01
45.38 , 78.59
45.47 , 78.8
45.32 , 78.54
45.32 , 78.84
45.5 , 78.38
45.21 , 78.6
45.34 , 78.24
45.23 , 78.49
45.44 , 78.68
45.19 , 78.5
45.44 , 78.43
45.12 , 78.7
45.35 , 78.93
45.38 , 78.77
45.0 , 78.79
45.3 , 78.32
45.76 , 78.73
45.34 , 78.51
45.52 , 78.32
45.33 , 78.89
45.61 , 78.12
45.73 , 77.78
45.54 , 78.48
45.43 , 78.34
45.34 , 78.47
45.35 , 77.95
45.78 , 78.42
45.77 , 78.59
45.61 , 78.35
45.71 , 78.28
45.16 , 78.13
45.0 , 78.23
45.02 , 78.02
45.9 , 78.17
45.69 , 78.15
45.42 , 77.74
45.55 , 78.34
44.99 , 78.45
45.85 , 78.65
45.52 , 78.77
45.7 , 78.37
45.76 , 78.27
44.93 , 78.51
45.28 , 78.6
45.26 , 78.39
45.84 , 78.26
45.52 , 79.09
45.44 , 78.47
45.82 , 78.59
45.64 , 77.89
46.29 , 78.51
45.85 , 78.15
45.97 , 78.42
45.84 , 78.47
45.36 , 78.23
45.63 , 77.85
45.1 , 78.41
45.35 , 78.29
46.22 , 78.55
45.76 , 78.13
45.81 , 78.04
45.84 , 78.12
45.64 , 78.15
45.62 , 78.31
45.86 , 78.33
46.06 , 77.79
45.66 , 78.12
45.79 , 78.58
45.82 , 78.56
45.74 , 78.18
46.29 , 78.08
45.73 , 78.01
45.78 , 77.77
45.74 , 77.95
45.54 , 78.52
45.29 , 78.22
46.11 , 77.7
46.05 , 78.84
45.93 , 78.01
45.71 , 78.4
46.21 , 78.4
45.63 , 78.09
45.87 , 78.24
45.52 , 78.08
45.83 , 78.64
45.69 , 78.36
45.73 , 77.92
45.64 , 77.84
46.11 , 78.44
45.71 , 77.89
46.0 , 77.97
46.04 , 78.06
45.76 , 78.19
46.17 , 78.84
45.94 , 78.23
46.18 , 77.87
45.65 , 78.21
45.92 , 77.94
46.03 , 77.88
46.09 , 78.22
45.89 , 78.25
45.84 , 78.29
45.89 , 78.0
45.77 , 78.04
45.67 , 77.75
46.27 , 77.84
45.87 , 77.92
46.37 , 78.32
46.1 , 78.35
46.16 , 77.28
46.12 , 78.06
45.73 , 77.86
46.02 , 78.1
45.57 , 78.12
46.09 , 77.81
46.06 , 77.94
45.68 , 78.08
46.28 , 78.06
46.59 , 78.38
45.35 , 78.19
46.22 , 77.65
45.96 , 77.92
46.05 , 77.99
46.4 , 77.6
45.7 , 78.64
46.0 , 77.59
46.24 , 78.07
46.03 , 78.27
46.18 , 77.84
46.5 , 78.23
46.19 , 78.12
46.31 , 78.44
45.9 , 78.28
46.29 , 78.02
46.12 , 77.87
46.36 , 77.85
46.31 , 78.0
45.96 , 78.48
46.24 , 77.94
45.94 , 77.73
46.22 , 77.9
46.22 , 78.32
46.53 , 78.09
46.53 , 77.69
46.03 , 78.25
45.98 , 78.36
46.76 , 78.04
46.17 , 78.03
46.5 , 78.34
46.14 , 78.02
45.97 , 78.2
46.07 , 78.1
46.12 , 77.79
45.91 , 78.19
46.28 , 77.94
46.38 , 77.66
46.18 , 78.08
46.35 , 77.73
45.98 , 78.39
46.24 , 77.68
46.29 , 77.92
46.61 , 77.61
46.14 , 78.04
46.19 , 77.78
45.61 , 77.73
46.1 , 78.16
46.09 , 77.43
46.24 , 78.08
46.27 , 78.05
46.06 , 77.81
46.43 , 77.77
46.19 , 78.1
46.05 , 77.53
46.45 , 78.49
46.68 , 77.62
46.62 , 78.34
46.48 , 77.76
46.22 , 77.8
46.62 , 77.65
46.74 , 77.91
46.26 , 78.07
46.68 , 77.74
46.99 , 77.53
46.42 , 77.33
46.11 , 77.66
46.75 , 77.93
47.03 , 77.76
46.31 , 77.78
46.58 , 77.53
46.47 , 77.68
46.78 , 77.21
46.85 , 77.96
46.7 , 77.77
46.63 , 77.62
46.62 , 77.51
46.67 , 77.36
46.45 , 77.31
46.33 , 77.58
46.29 , 77.71
46.43 , 77.89
46.19 , 77.55
46.71 , 77.53
46.01 , 78.05
46.89 , 77.71
46.32 , 77.79
46.51 , 78.0
46.7 , 77.67
46.23 , 77.82
46.62 , 78.0
46.59 , 77.52
46.79 , 77.59
46.85 , 77.71
46.64 , 77.47
46.51 , 77.28
46.64 , 77.37
46.29 , 77.34
47.08 , 77.39
46.78 , 77.75
46.53 , 77.45
46.5 , 77.38
46.51 , 77.84
46.9 , 77.7
46.28 , 77.52
46.57 , 77.7
46.47 , 77.15
46.48 , 77.73
46.99 , 77.79
46.71 , 77.5
46.99 , 77.61
46.56 , 77.56
46.91 , 77.23
47.28 , 77.33
46.79 , 77.5
47.33 , 77.54
46.44 , 77.25
46.54 , 77.47
47.02 , 77.43
46.67 , 76.99
47.03 , 77.79
46.37 , 77.2
46.55 , 77.42
46.59 , 77.65
46.81 , 77.74
46.56 , 77.59
47.13 , 77.22
46.7 , 77.37
46.92 , 77.39
46.75 , 77.44
46.71 , 77.63
47.13 , 77.41
47.04 , 77.62
46.66 , 77.35
47.04 , 77.53
46.9 , 77.61
46.62 , 77.53
46.87 , 77.27
47.6 , 77.22
46.82 , 77.54
46.51 , 77.7
47.01 , 77.2
46.65 , 77.07
46.56 , 77.29
46.91 , 77.61
46.91 , 77.22
46.64 , 77.58
46.79 , 77.22
47.05 , 77.75
46.96 , 77.4
47.04 , 77.4
47.17 , 77.27
47.01 , 77.47
47.03 , 77.14
47.37 , 77.02
47.09 , 77.43
47.09 , 77.14
47.1 , 76.8
47.05 , 77.19
47.03 , 77.34
47.33 , 76.83
47.41 , 76.95
46.59 , 77.01
47.42 , 77.53
47.54 , 77.46
46.81 , 77.37
47.09 , 77.64
47.34 , 77.84
46.72 , 77.28
47.12 , 77.17
46.86 , 77.68
46.85 , 77.4
47.25 , 77.44
47.53 , 77.22
47.41 , 77.59
47.2 , 77.55
47.43 , 77.69
47.06 , 77.11
47.12 , 77.18
47.01 , 77.03
47.05 , 76.73
46.72 , 76.78
46.87 , 77.21
46.91 , 77.24
46.74 , 77.08
47.51 , 77.67
47.38 , 76.98
47.51 , 77.01
47.26 , 77.33
47.62 , 77.32
47.18 , 77.25
47.15 , 77.09
47.03 , 77.25
47.35 , 77.03
47.11 , 76.95
47.17 , 77.47
47.39 , 77.26
47.19 , 77.06
47.19 , 77.33
46.99 , 77.27
47.77 , 76.83
46.98 , 77.19
47.8 , 76.99
47.3 , 76.97
47.45 , 77.11
47.41 , 77.18
47.43 , 77.1
47.09 , 77.36
47.6 , 77.05
47.01 , 77.34
47.26 , 77.29
47.4 , 77.2
47.37 , 76.99
46.75 , 77.29
47.3 , 77.09
47.37 , 76.79
47.55 , 76.98
47.52 , 77.02
47.43 , 76.84
47.17 , 77.41
47.05 , 76.82
47.34 , 77.52
47.94 , 76.92
47.47 , 77.01
47.45 , 76.72
47.16 , 76.82
47.75 , 77.4
47.19 , 77.23
47.16 , 76.94
47.19 , 77.25
47.47 , 76.66
47.4 , 77.16
47.16 , 76.79
47.52 , 77.32
47.77 , 77.34
47.3 , 76.86
47.27 , 77.32
47.55 , 77.19
47.27 , 77.15
47.39 , 77.32
47.59 , 77.19
47.39 , 76.99
47.49 , 77.45
47.76 , 76.91
47.34 , 77.25
47.34 , 77.1
47.57 , 77.45
47.57 , 77.08
47.01 , 76.75
47.3 , 77.04
47.61 , 76.67
47.39 , 77.45
47.7 , 76.87
47.45 , 77.35
47.75 , 76.93
47.55 , 76.69
47.73 , 77.04
48.27 , 76.83
47.51 , 76.95
47.88 , 77.05
48.06 , 76.98
47.86 , 77.03
47.53 , 77.18
48.52 , 77.09
47.82 , 76.87
47.47 , 77.07
47.8 , 77.02
47.75 , 76.86
47.43 , 77.01
47.19 , 77.43
47.98 , 76.83
47.73 , 77.17
47.93 , 77.01
48.02 , 77.42
47.8 , 77.23
47.58 , 76.75
47.69 , 77.19
47.65 , 76.95
47.66 , 76.82
47.47 , 77.04
47.95 , 77.23
47.64 , 76.6
48.12 , 76.67
47.45 , 77.22
47.66 , 76.96
48.04 , 77.0
47.89 , 76.51
47.83 , 76.76
47.83 , 76.46
47.96 , 76.61
47.62 , 76.75
48.09 , 76.66
47.98 , 76.78
47.79 , 77.08
47.91 , 77.05
48.15 , 77.35
48.17 , 76.99
48.0 , 77.09
48.23 , 76.85
47.91 , 76.64
47.67 , 76.91
47.47 , 76.81
47.78 , 76.25
48.12 , 76.61
48.13 , 77.14
48.42 , 76.62
47.93 , 77.03
47.76 , 77.14
47.76 , 76.58
48.24 , 77.02
47.55 , 76.68
47.83 , 76.82
48.0 , 76.69
47.96 , 76.8
48.29 , 76.92
48.02 , 76.76
47.92 , 76.62
48.09 , 76.44
48.15 , 76.51
47.8 , 76.67
48.08 , 77.16
48.2 , 76.97
48.06 , 76.59
48.18 , 76.79
47.94 , 76.72
47.82 , 76.15
48.31 , 76.46
48.32 , 77.25
48.0 , 76.63
47.97 , 76.55
48.31 , 76.89
48.16 , 76.92
48.38 , 76.78
48.58 , 76.74
48.14 , 76.98
48.27 , 77.07
47.96 , 76.77
48.03 , 76.82
48.57 , 76.8
47.92 , 77.17
48.28 , 76.47
48.41 , 76.45
48.13 , 76.96
48.14 , 76.27
48.18 , 76.54
48.03 , 76.47
48.18 , 76.47
48.06 , 76.73
48.7 , 77.0
47.8 , 77.04
48.01 , 76.65
48.78 , 76.24
47.77 , 76.73
48.62 , 76.55
48.39 , 76.17
48.28 , 76.87
48.45 , 76.81
48.76 , 76.39
48.13 , 76.66
48.05 , 76.6
47.73 , 76.56
47.72 , 76.6
48.05 , 76.63
47.89 , 76.15
48.21 , 76.58
48.74 , 76.53
48.24 , 76.87
48.1 , 76.71
48.67 , 76.41
48.42 , 76.36
48.48 , 76.13
47.86 , 77.02
48.65 , 76.64
48.05 , 76.5
48.26 , 76.05
48.24 , 76.72
48.15 , 77.03
47.86 , 76.73
48.35 , 76.61
48.44 , 76.85
47.99 , 76.21
48.36 , 76.62
48.4 , 76.89
48.52 , 76.53
48.7 , 76.99
47.85 , 77.02
48.49 , 76.44
48.58 , 76.76
48.42 , 76.58
48.16 , 76.36
48.14 , 76.64
48.62 , 76.83
48.28 , 76.97
48.38 , 76.54
48.66 , 76.35
48.6 , 76.7
48.46 , 76.63
48.55 , 76.63
48.93 , 76.26
48.76 , 76.33
48.47 , 76.94
48.4 , 76.98
48.49 , 76.5
48.77 , 76.52
48.69 , 76.2
48.92 , 76.7
48.68 , 76.5
48.41 , 76.71
48.31 , 76.57
48.55 , 76.17
48.68 , 76.31
48.52 , 76.57
48.74 , 76.53
48.82 , 76.23
48.68 , 76.91
48.96 , 76.81
48.71 , 76.1
48.61 , 76.43
48.52 , 76.19
48.78 , 76.24
48.8 , 76.22
48.72 , 76.34
48.56 , 76.31
48.93 , 76.21
48.23 , 76.16
48.34 , 76.58
48.84 , 76.41
49.21 , 76.61
48.53 , 76.41
48.68 , 76.68
48.63 , 76.14
49.04 , 76.78
49.05 , 76.42
48.93 , 76.27
48.75 , 76.21
49.25 , 76.09
49.16 , 76.09
49.2 , 76.3
48.25 , 76.62
48.84 , 76.69
48.58 , 76.35
48.79 , 76.71
48.95 , 76.48
48.93 , 76.66
49.23 , 76.35
49.25 , 76.02
48.61 , 76.47
48.71 , 76.23
48.95 , 76.69
49.01 , 75.91
48.98 , 76.29
48.84 , 76.27
49.24 , 76.82
48.91 , 76.69
48.8 , 76.26
48.78 , 76.68
48.42 , 76.34
48.73 , 76.33
48.97 , 76.19
48.76 , 75.82
48.67 , 76.46
49.37 , 76.76
48.71 , 76.35
49.06 , 76.45
48.84 , 76.44
49.28 , 76.19
48.95 , 76.13
48.82 , 75.81
49.23 , 75.97
48.75 , 76.09
49.14 , 76.35
49.25 , 76.37
49.19 , 76.36
49.02 , 76.49
49.25 , 76.14
49.2 , 76.66
49.11 , 76.11
49.06 , 76.88
48.97 , 76.38
49.36 , 76.34
49.07 , 76.24
49.38 , 76.35
49.08 , 76.5
48.94 , 76.76
49.52 , 76.24
49.05 , 75.75
49.36 , 75.75
49.16 , 75.91
48.97 , 76.27
49.09 , 76.66
49.01 , 76.67
49.35 , 76.1
49.41 , 76.61
49.01 , 76.1
49.43 , 76.27
48.76 , 75.97
49.01 , 76.1
49.05 , 75.9
49.34 , 76.63
49.31 , 76.15
49.25 , 76.36
49.95 , 75.45
48.92 , 76.35
49.2 , 75.9
49.81 , 75.95
49.37 , 76.0
49.18 , 76.32
49.08 , 76.31
49.31 , 75.72
48.85 , 76.72
49.28 , 76.04
49.29 , 75.78
49.09 , 75.9
49.97 , 76.15
49.03 , 76.33
49.52 , 75.78
49.5 , 76.08
49.38 , 76.42
49.25 , 75.94
49.17 , 76.39
49.39 , 76.22
49.5 , 76.2
49.26 , 76.15
49.53 , 75.86
48.92 , 76.64
49.67 , 75.94
49.0 , 75.82
49.3 , 76.12
49.79 , 76.21
49.24 , 76.03
49.14 , 75.89
49.76 , 75.52
49.65 , 75.91
49.93 , 75.97
49.81 , 76.17
49.46 , 75.83
49.58 , 75.63
49.74 , 75.85
49.18 , 76.01
49.59 , 76.15
49.19 , 75.63
49.6 , 75.91
49.09 , 76.15
49.69 , 76.58
49.47 , 75.89
50.08 , 76.09
49.37 , 76.26
49.94 , 76.39
49.39 , 76.26
49.75 , 76.23
49.75 , 76.06
50.02 , 76.26
49.55 , 76.06
49.14 , 76.0
49.43 , 75.94
49.63 , 75.82
49.59 , 75.98
49.44 , 75.85
49.49 , 76.01
49.68 , 75.84
49.95 , 76.14
49.06 , 75.93
49.44 , 76.04
48.87 , 75.95
49.93 , 75.97
49.89 , 75.57
50.39 , 76.03
49.74 , 75.83
49.68 , 75.98
49.7 , 75.84
50.12 , 75.91
49.76 , 75.82
49.89 , 75.52
50.21 , 75.88
49.52 , 76.28
49.63 , 75.9
49.72 , 75.78
50.38 , 75.9
49.48 , 76.19
50.29 , 75.85
50.18 , 75.96
49.89 , 75.68
50.12 , 76.08
50.04 , 76.23
49.98 , 75.44
49.88 , 75.76
50.08 , 76.1
49.41 , 76.29
49.97 , 76.13
50.08 , 76.07
49.83 , 76.05
49.83 , 75.66
50.32 , 76.03
49.44 , 75.49
50.0 , 75.84
49.9 , 75.66
49.88 , 76.42
50.02 , 75.9
49.96 , 75.55
50.24 , 76.32
49.94 , 75.98
49.86 , 76.22
50.08 , 75.98
49.63 , 75.79
49.88 , 75.67
49.92 , 76.05
49.97 , 75.53
49.99 , 75.89
50.06 , 75.89
49.69 , 76.12
49.97 , 75.82
50.81 , 76.04
50.28 , 75.86
50.13 , 76.25
49.91 , 75.71
50.24 , 76.03
49.83 , 75.71
49.65 , 75.68
49.91 , 76.01
49.91 , 76.46
49.7 , 75.5
49.81 , 75.91
50.28 , 75.93
50.43 , 75.81
50.24 , 75.94
50.21 , 75.51
50.29 , 75.68
50.08 , 75.89
49.94 , 75.9
50.51 , 75.73
50.07 , 75.9
49.73 , 76.13
50.6 , 75.99
50.07 , 75.62
50.48 , 75.85
50.46 , 75.85
49.95 , 75.95
50.32 , 75.84
49.84 , 75.65
50.19 , 75.54
50.45 , 75.91
50.32 , 75.81
50.55 , 76.04
50.03 , 75.93
49.96 , 76.16
50.12 , 75.71
50.37 , 75.7
50.55 , 76.0
50.09 , 75.9
50.34 , 76.12
50.46 , 75.7
50.46 , 76.4
50.53 , 76.11
50.31 , 75.94
49.69 , 75.52
50.15 , 75.9
50.37 , 75.92
50.38 , 76.12
50.21 , 75.75
50.48 , 75.61
50.86 , 75.89
50.1 , 75.3
50.27 , 75.4
50.09 , 75.58
50.78 , 76.04
50.19 , 76.04
50.28 , 75.8
50.06 , 75.54
50.91 , 75.75
50.67 , 75.68
50.59 , 75.81
50.45 , 75.83
50.42 , 76.04
50.64 , 75.5
50.15 , 75.9
50.21 , 75.6
50.67 , 75.45
50.28 , 75.86
50.7 , 75.36
50.7 , 76.07
51.06 , 75.52
50.49 , 75.81
51.11 , 75.53
50.63 , 76.29
50.58 , 75.82
50.31 , 75.56
49.89 , 75.36
50.82 , 75.94
50.62 , 75.71
50.51 , 75.73
51.05 , 75.38
50.47 , 75.84
50.45 , 76.03
51.09 , 75.49
50.71 , 75.74
50.87 , 75.69
50.31 , 75.69
50.38 , 75.48
50.24 , 75.37
50.31 , 75.23
50.54 , 75.42
50.42 , 75.84
50.52 , 75.7
50.73 , 75.54
50.61 , 75.2
50.38 , 75.97
50.99 , 75.75
50.89 , 76.01
50.82 , 75.31
50.4 , 75.25
51.27 , 75.52
50.45 , 75.49
51.15 , 75.69
51.16 , 75.3
50.98 , 75.51
50.78 , 76.13
50.94 , 75.91
50.88 , 75.85
51.08 , 75.37
50.48 , 75.55
51.29 , 75.78
50.87 , 75.65
50.64 , 75.68
51.35 , 75.44
51.15 , 76.02
50.55 , 75.6
51.04 , 75.66
50.67 , 75.22
50.56 , 75.53
50.89 , 75.64
50.99 , 75.66
51.0 , 75.6
50.62 , 75.69
50.66 , 75.26
51.59 , 75.55
50.49 , 75.41
50.84 , 75.18
50.82 , 75.85
50.85 , 75.85
50.87 , 75.47
50.59 , 75.4
51.43 , 75.23
51.26 , 75.87
51.07 , 75.59
50.78 , 75.93
50.75 , 75.35
51.04 , 75.52
50.62 , 76.5
51.15 , 75.64
51.13 , 75.66
51.09 , 75.81
51.16 , 75.23
51.33 , 75.38
51.19 , 75.59
50.94 , 75.24
50.86 , 75.6
51.06 , 75.59
51.17 , 75.69
50.82 , 75.44
50.97 , 75.48
51.34 , 75.24
51.24 , 75.79
50.89 , 76.04
51.34 , 75.55
50.7 , 75.99
51.03 , 75.3
51.27 , 75.32
50.66 , 75.93
51.28 , 75.51
51.16 , 75.3
50.47 , 75.49
50.7 , 75.53
50.93 , 75.35
51.19 , 75.72
51.29 , 75.47
50.96 , 75.26
51.2 , 75.43
50.77 , 75.25
50.93 , 76.48
50.93 , 75.24
51.16 , 75.33
51.01 , 75.51
50.76 , 75.96
51.08 , 75.86
51.33 , 75.26
51.5 , 75.5
51.4 , 75.19
50.86 , 75.83
50.93 , 75.35
51.26 , 75.42
51.27 , 75.88
51.37 , 75.44
50.86 , 75.82
51.44 , 75.58
51.48 , 75.19
51.16 , 75.92
51.6 , 75.68
51.38 , 75.84
51.49 , 74.99
51.94 , 75.73
51.68 , 75.69
51.51 , 75.26
51.46 , 75.62
51.2 , 75.64
52.04 , 75.58
51.21 , 75.14
51.48 , 75.41
51.66 , 75.45
51.52 , 75.37
51.62 , 75.14
52.0 , 75.83
51.56 , 75.49
51.4 , 75.57
51.32 , 74.75
51.57 , 75.47
51.27 , 75.17
51.24 , 75.68
51.17 , 75.63
51.63 , 75.78
51.41 , 75.62
51.66 , 75.57
51.51 , 75.45
51.64 , 75.45
51.08 , 75.54
51.44 , 75.62
51.49 , 75.33
51.62 , 75.7
51.61 , 75.31
51.78 , 75.59
52.02 , 75.37
51.36 , 75.5
51.23 , 75.6
51.71 , 75.08
52.21 , 75.32
51.39 , 75.55
51.24 , 75.29
51.72 , 75.86
51.84 , 75.94
51.79 , 75.1
51.48 , 75.49
51.45 , 75.81
52.11 , 75.25
51.43 , 75.64
51.66 , 75.33
51.53 , 75.52
52.07 , 75.06
52.03 , 75.69
51.66 , 75.86
51.53 , 75.72
51.72 , 75.49
51.42 , 75.5
51.81 , 75.44
51.61 , 75.18
51.73 , 75.38
51.85 , 75.41
51.93 , 75.61
52.17 , 75.2
52.04 , 75.4
51.97 , 75.24
51.84 , 75.64
51.9 , 75.16
51.97 , 75.42
51.52 , 75.39
51.74 , 75.49
51.6 , 75.71
52.16 , 75.18
51.44 , 75.12
51.87 , 75.35
52.12 , 75.41
51.39 , 75.46
51.96 , 76.03
51.61 , 75.54
51.59 , 75.23
51.94 , 75.12
51.85 , 75.27
51.97 , 75.59
51.77 , 75.15
51.98 , 75.5
52.2 , 75.25
51.99 , 75.5
51.79 , 74.88
51.72 , 75.28
51.83 , 75.78
51.83 , 75.5
52.11 , 75.35
51.56 , 75.1
51.79 , 75.72
51.81 , 75.22
52.25 , 75.07
51.9 , 75.1
51.63 , 75.27
52.02 , 75.49
52.38 , 74.77
52.5 , 75.62
51.89 , 75.45
52.19 , 75.34
51.7 , 75.62
52.23 , 75.22
51.91 , 75.27
51.69 , 75.66
51.65 , 75.59
51.74 , 75.28
51.96 , 75.13
52.77 , 75.17
52.11 , 75.17
51.94 , 75.08
52.0 , 75.05
52.24 , 75.15
51.77 , 75.38
51.71 , 75.62
51.98 , 75.53
52.01 , 75.71
52.16 , 75.33
52.16 , 75.04
52.53 , 75.49
51.86 , 75.62
52.21 , 75.14
52.52 , 75.33
51.95 , 75.48
51.91 , 75.55
52.0 , 74.88
52.41 , 75.19
52.17 , 75.54
52.36 , 75.16
52.06 , 75.26
52.36 , 75.36
52.14 , 75.04
52.29 , 75.59
52.79 , 75.2
52.44 , 74.82
51.98 , 75.21
52.37 , 75.67
52.29 , 75.17
52.0 , 75.5
52.17 , 75.25
52.29 , 75.83
52.16 , 75.5
52.57 , 75.76
52.06 , 75.3
51.81 , 75.6
52.63 , 75.1
52.51 , 75.08
51.9 , 75.25
52.38 , 75.3
52.77 , 75.24
51.79 , 75.15
52.23 , 75.07
52.91 , 75.14
52.22 , 75.0
52.31 , 75.26
52.28 , 74.95
51.97 , 75.31
52.44 , 75.14
52.74 , 75.28
52.71 , 75.05
52.19 , 75.6
52.69 , 75.35
52.41 , 74.72
52.72 , 75.13
52.01 , 75.38
52.29 , 75.03
52.46 , 75.53
52.19 , 75.19
52.72 , 75.08
52.36 , 74.98
52.2 , 75.45
52.44 , 75.5
52.77 , 75.52
52.42 , 75.53
52.26 , 75.5
52.32 , 75.22
52.28 , 75.3
52.89 , 75.77
52.84 , 75.13
52.88 , 75.09
52.88 , 75.07
52.83 , 74.87
52.17 , 75.48
52.54 , 75.29
52.44 , 75.66
52.47 , 75.0
52.89 , 75.05
52.51 , 75.81
52.63 , 75.45
52.56 , 75.1
52.31 , 75.23
52.56 , 75.59
53.16 , 75.28
52.17 , 74.95
52.67 , 75.1
52.74 , 75.44
52.75 , 75.46
52.87 , 75.28
52.49 , 75.08
52.67 , 75.21
52.84 , 74.74
52.73 , 75.4
52.83 , 75.0
53.05 , 75.16
52.87 , 75.24
53.06 , 75.12
52.74 , 75.24
52.66 , 75.28
53.06 , 75.16
52.79 , 75.15
52.61 , 75.09
52.95 , 75.26
53.1 , 75.42
52.4 , 75.14
52.75 , 75.21
53.24 , 75.08
52.88 , 74.88
53.16 , 75.16
53.01 , 75.08
52.99 , 75.21
52.36 , 75.27
52.73 , 75.23
52.83 , 75.37
52.95 , 75.62
52.71 , 75.03
52.72 , 75.19
52.53 , 74.59
52.91 , 75.35
52.8 , 74.91
53.22 , 75.19
52.84 , 74.97
53.03 , 75.18
52.99 , 75.1
53.02 , 74.94
52.87 , 74.81
52.97 , 74.96
52.71 , 75.19
53.09 , 75.24
53.32 , 75.19
52.64 , 75.61
53.13 , 74.87
53.21 , 74.97
53.26 , 75.32
52.92 , 75.35
53.29 , 75.1
52.96 , 75.2
52.99 , 75.08
53.27 , 75.14
53.04 , 74.98
53.22 , 75.07
53.28 , 75.06
53.21 , 75.22
52.57 , 75.41
53.51 , 75.64
53.07 , 75.2
53.08 , 74.91
53.12 , 74.83
53.18 , 74.8
52.63 , 75.19
53.04 , 75.09
53.13 , 75.29
52.67 , 75.52
53.25 , 74.91
52.88 , 74.98
52.89 , 74.5
53.45 , 75.01
53.1 , 74.97
53.16 , 75.39
53.48 , 75.39
53.11 , 75.59
53.51 , 75.0
53.24 , 74.34
53.59 , 74.84
53.28 , 75.47
53.3 , 75.39
53.52 , 74.89
53.04 , 75.11
53.03 , 75.12
53.75 , 74.84
53.29 , 75.09
53.39 , 75.07
53.42 , 74.88
53.25 , 74.82
53.34 , 75.46
53.21 , 75.35
53.45 , 75.23
53.53 , 75.2
53.54 , 75.26
53.06 , 75.2
53.16 , 74.95
53.62 , 75.33
53.52 , 75.09
53.47 , 75.46
53.39 , 75.22
53.36 , 75.07
53.36 , 74.94
52.86 , 74.83
53.2 , 74.75
53.76 , 75.28
53.31 , 75.27
53.71 , 75.47
53.44 , 75.33
53.59 , 75.25
53.2 , 75.34
53.5 , 74.47
53.95 , 75.55
53.54 , 75.23
53.35 , 75.35
53.81 , 75.03
52.96 , 74.82
53.72 , 75.07
53.82 , 75.38
53.73 , 74.97
53.85 , 74.96
53.54 , 75.18
53.48 , 75.29
53.14 , 75.17
53.57 , 75.14
53.41 , 75.49
54.16 , 75.38
53.8 , 75.54
53.38 , 75.41
53.69 , 75.4
53.69 , 75.26
53.91 , 75.29
53.92 , 74.93
53.56 , 74.91
53.8 , 74.82
53.64 , 75.36
53.64 , 75.21
53.76 , 75.37
53.45 , 74.94
53.78 , 75.07
53.57 , 75.37
53.98 , 74.93
53.7 , 74.74
53.74 , 75.33
53.61 , 74.62
53.52 , 75.07
53.86 , 75.35
54.01 , 75.29
53.97 , 75.2
54.08 , 75.53
54.05 , 75.29
53.68 , 74.69
53.98 , 75.06
53.46 , 75.02
53.69 , 75.24
53.79 , 74.64
54.04 , 74.56
54.05 , 74.96
53.83 , 75.44
53.97 , 75.08
53.73 , 75.13
53.72 , 75.2
53.91 , 75.85
53.72 , 74.71
54.21 , 75.11
53.8 , 75.02
53.77 , 75.12
53.86 , 75.08
53.84 , 75.11
53.77 , 74.96
54.12 , 74.62
53.86 , 75.03
54.12 , 74.98
53.78 , 75.23
54.19 , 75.09
54.14 , 74.85
54.11 , 75.18
53.59 , 75.21
53.98 , 75.89
54.05 , 74.71
54.51 , 75.07
53.85 , 74.7
53.81 , 74.89
54.38 , 74.89
53.7 , 74.84
53.84 , 75.04
54.01 , 75.22
54.68 , 75.18
54.08 , 75.42
53.76 , 75.08
54.24 , 74.89
54.12 , 75.23
54.25 , 75.06
53.77 , 75.22
54.45 , 75.27
54.03 , 74.63
53.71 , 74.92
54.44 , 75.0
54.19 , 75.53
53.91 , 75.24
54.32 , 74.76
54.54 , 75.04
54.16 , 75.07
54.4 , 75.14
54.6 , 75.02
54.28 , 74.73
54.29 , 75.16
54.45 , 75.16
54.29 , 75.12
53.75 , 74.86
54.21 , 74.82
53.94 , 75.43
54.57 , 75.18
54.04 , 75.38
54.22 , 75.47
54.37 , 75.21
54.34 , 75.22
54.42 , 75.26
54.47 , 75.03
54.09 , 75.22
54.17 , 74.93
54.48 , 74.75
54.35 , 74.82
54.46 , 74.73
54.5 , 74.52
54.6 , 75.27
54.16 , 74.53
54.18 , 74.88
54.42 , 75.23
53.83 , 74.85
54.15 , 75.07
54.26 , 75.42
54.33 , 74.78
54.46 , 75.38
54.55 , 74.74
54.11 , 74.93
54.55 , 75.29
54.57 , 75.0
54.42 , 74.83
54.92 , 75.0
53.8 , 75.13
54.82 , 75.33
54.4 , 75.14
54.59 , 75.28
54.52 , 75.36
54.36 , 75.09
54.6 , 75.0
54.32 , 75.06
54.65 , 75.3
54.79 , 74.86
54.79 , 74.88
54.58 , 75.06
54.26 , 75.0
54.39 , 75.31
54.51 , 75.05
54.42 , 75.15
55.34 , 74.88
54.39 , 75.34
54.71 , 74.64
54.81 , 74.76
55.0 , 74.99
54.2 , 75.1
54.93 , 75.2
54.71 , 75.39
54.46 , 74.87
54.58 , 75.1
54.88 , 75.02
54.86 , 75.44
55.02 , 74.89
54.87 , 74.56
54.75 , 74.81
54.8 , 74.84
54.5 , 74.89
54.74 , 75.45
54.93 , 74.95
54.72 , 74.63
54.77 , 74.88
54.97 , 74.97
54.61 , 75.59
54.77 , 74.79
55.2 , 74.96
54.51 , 75.18
55.0 , 74.93
54.99 , 74.88
55.02 , 75.62
54.8 , 74.97
55.27 , 74.4
54.83 , 75.43
54.67 , 75.04
55.2 , 75.24
54.76 , 75.19
55.17 , 75.0
54.21 , 75.01
55.13 , 75.17
55.07 , 75.08
55.04 , 74.79
55.17 , 75.46
54.73 , 74.41
54.51 , 74.99
55.03 , 74.99
54.71 , 75.38
54.99 , 75.18
55.07 , 74.69
54.89 , 74.95
55.52 , 74.84
55.21 , 75.3
55.3 , 75.02
54.83 , 74.95
54.75 , 75.29
54.82 , 75.15
55.1 , 74.7
55.14 , 74.66
54.84 , 75.0
55.06 , 74.9
54.87 , 75.39
55.38 , 75.31
55.15 , 74.6
55.24 , 75.06
55.13 , 74.9
55.02 , 75.13
54.98 , 74.94
55.07 , 75.28
55.09 , 74.82
54.72 , 74.97
55.26 , 75.36
55.16 , 74.88
54.8 , 75.06
54.91 , 75.15
54.98 , 75.26
54.91 , 74.55
55.22 , 75.04
55.04 , 74.88
55.18 , 74.84
55.48 , 74.74
55.09 , 75.2
54.95 , 74.93
55.51 , 74.94
54.81 , 74.97
54.86 , 75.23
55.07 , 74.83
55.27 , 75.08
55.27 , 74.98
55.54 , 75.42
55.09 , 75.44
55.56 , 74.57
55.2 , 75.13
54.89 , 75.23
55.02 , 74.69
55.01 , 74.96
55.16 , 75.12
54.85 , 75.1
55.1 , 74.52
55.35 , 75.27
55.54 , 74.43
55.81 , 75.36
55.24 , 75.1
55.14 , 75.11
55.62 , 74.98
55.09 , 74.71
55.27 , 74.8
55.52 , 74.74
55.56 , 75.51
55.58 , 74.75
55.52 , 74.76
55.36 , 75.23
55.72 , 75.4
55.32 , 75.53
55.19 , 75.35
55.67 , 74.95
55.41 , 75.14
55.49 , 75.11
54.95 , 75.24
55.42 , 75.21
55.43 , 75.13
55.36 , 75.04
55.45 , 74.86
55.4 , 75.15
55.46 , 75.21
55.16 , 75.19
55.22 , 74.99
55.63 , 75.3
55.42 , 74.97
55.57 , 75.12
56.03 , 75.11
55.64 , 75.32
55.36 , 74.74
55.57 , 75.02
55.68 , 75.43
55.54 , 75.0
55.21 , 74.75
55.27 , 74.67
55.54 , 75.21
55.53 , 74.8
55.23 , 75.23
55.62 , 74.73
55.87 , 75.0
55.2 , 74.86
55.54 , 74.98
55.29 , 75.2
55.82 , 75.21
55.48 , 74.97
56.2 , 75.13
55.75 , 74.76
55.72 , 75.09
55.39 , 74.92
55.72 , 75.09
55.79 , 74.91
56.09 , 74.79
55.48 , 74.67
56.13 , 75.04
55.78 , 74.64
55.56 , 74.94
55.57 , 75.24
55.64 , 75.08
56.09 , 75.03
56.17 , 75.04
55.51 , 74.61
55.62 , 75.38
55.95 , 75.22
56.13 , 74.56
55.52 , 75.12
55.77 , 75.22
55.85 , 75.11
56.0 , 75.36
56.02 , 75.09
55.62 , 74.87
55.98 , 75.07
55.61 , 74.7
55.99 , 75.29
56.02 , 75.55
55.42 , 75.1
55.86 , 75.08
55.74 , 74.73
56.09 , 74.91
55.54 , 75.23
56.07 , 75.03
56.01 , 75.04
55.78 , 74.18
55.89 , 74.91
55.78 , 75.42
55.82 , 75.29
55.78 , 75.27
55.66 , 74.77
56.3 , 75.12
56.09 , 75.18
55.84 , 74.86
55.77 , 75.3
56.15 , 75.11
55.95 , 74.75
56.35 , 75.13
55.93 , 75.36
56.06 , 74.81
56.39 , 74.97
55.91 , 75.18
56.07 , 74.55
56.03 , 74.79
56.02 , 75.44
56.2 , 74.9
55.9 , 75.14
56.14 , 75.34
56.01 , 74.79
56.48 , 74.94
56.16 , 75.23
56.12 , 75.19
55.91 , 74.93
56.57 , 75.01
55.96 , 75.06
56.23 , 74.66
55.93 , 74.65
56.24 , 75.56
56.34 , 75.12
56.2 , 75.3
56.31 , 75.55
56.09 , 75.25
56.26 , 75.51
56.59 , 75.37
56.47 , 75.19
55.62 , 74.72
56.35 , 75.25
56.48 , 75.11
55.94 , 75.07
56.3 , 75.01
55.97 , 75.39
56.43 , 75.32
56.23 , 75.3
56.06 , 75.22
56.1 , 75.15
56.34 , 75.27
56.38 , 74.76
56.14 , 75.18
56.44 , 74.59
56.52 , 75.19
56.64 , 75.16
56.42 , 75.31
56.18 , 75.22
55.96 , 75.21
56.06 , 75.44
56.05 , 75.12
56.15 , 74.65
56.53 , 75.09
56.26 , 75.32
55.98 , 74.99
56.23 , 75.64
56.79 , 75.57
56.39 , 75.53
56.29 , 74.96
56.63 , 75.26
55.99 , 75.33
57.11 , 75.43
56.73 , 75.02
56.8 , 74.93
56.36 , 74.91
56.7 , 75.13
56.63 , 75.01
56.45 , 75.6
56.5 , 74.78
56.57 , 75.37
55.89 , 75.07
56.31 , 75.09
56.47 , 74.84
56.8 , 74.57
56.06 , 75.49
56.44 , 75.3
57.07 , 75.56
56.46 , 74.43
56.63 , 75.57
57.16 , 75.12
56.14 , 75.29
56.82 , 75.1
56.77 , 75.4
56.6 , 74.79
56.09 , 74.93
56.73 , 75.05
56.34 , 75.15
56.98 , 74.91
56.33 , 75.0
56.6 , 75.38
56.16 , 75.49
56.02 , 75.07
56.3 , 75.13
57.01 , 75.06
56.67 , 75.15
56.91 , 75.17
56.09 , 75.76
56.81 , 74.71
56.21 , 75.48
56.57 , 75.63
56.73 , 75.29
56.94 , 75.47
56.87 , 75.52
56.66 , 75.4
56.79 , 75.53
57.3 , 75.46
57.07 , 75.04
56.57 , 75.69
56.91 , 75.07
56.9 , 75.33
56.56 , 75.27
57.19 , 75.57
56.57 , 75.18
56.81 , 75.41
56.99 , 75.08
56.86 , 75.43
56.73 , 75.28
56.68 , 75.07
56.78 , 75.49
56.68 , 75.32
56.79 , 75.2
56.7 , 74.99
57.06 , 75.14
56.88 , 75.16
57.29 , 75.51
56.84 , 75.11
56.5 , 75.24
56.45 , 75.09
57.31 , 75.5
57.1 , 74.95
57.23 , 75.81
56.75 , 75.19
56.66 , 74.63
57.01 , 74.81
56.98 , 75.58
57.31 , 75.19
57.31 , 75.15
56.4 , 74.87
57.12 , 75.45
57.19 , 75.56
56.61 , 75.58
57.06 , 75.16
56.81 , 75.15
57.35 , 75.21
57.13 , 75.36
57.37 , 75.36
56.97 , 74.81
57.15 , 75.47
56.88 , 75.08
57.54 , 75.33
56.95 , 75.2
57.65 , 74.74
57.45 , 75.07
57.26 , 75.54
57.57 , 75.34
56.95 , 74.9
57.24 , 75.18
57.61 , 75.17
57.28 , 74.97
57.13 , 74.93
57.44 , 75.15
57.48 , 75.06
57.15 , 74.85
57.5 , 74.93
57.6 , 75.49
57.66 , 75.21
57.31 , 75.34
57.02 , 75.3
56.98 , 75.52
57.52 , 75.45
56.89 , 75.02
57.48 , 74.87
57.47 , 75.28
57.88 , 74.79
56.93 , 75.15
57.3 , 75.57
57.27 , 75.44
57.64 , 75.57
57.05 , 75.09
57.52 , 75.31
57.18 , 74.93
56.98 , 75.63
57.22 , 75.51
57.35 , 75.21
57.58 , 75.47
57.31 , 75.26
57.37 , 75.03
57.42 , 74.94
57.22 , 75.49
57.55 , 75.19
57.53 , 75.39
57.3 , 75.59
57.58 , 74.97
57.65 , 75.3
57.16 , 75.47
57.78 , 74.59
56.95 , 75.27
57.91 , 75.41
57.29 , 74.98
57.4 , 75.29
57.36 , 75.55
57.77 , 75.43
56.94 , 75.69
57.67 , 74.81
57.17 , 74.85
57.37 , 75.15
57.49 , 75.34
57.54 , 74.87
57.45 , 75.12
57.73 , 75.21
57.58 , 75.25
57.44 , 74.88
58.02 , 74.89
57.6 , 75.64
57.86 , 75.47
57.67 , 75.45
57.49 , 75.26
58.02 , 75.5
57.6 , 75.28
57.62 , 75.63
57.57 , 75.06
57.37 , 75.42
57.38 , 74.81
57.61 , 74.95
57.28 , 75.18
57.57 , 75.44
58.21 , 75.06
57.87 , 75.43
57.29 , 75.09
58.19 , 75.25
57.49 , 75.35
57.58 , 75.03
57.74 , 75.46
58.19 , 74.95
57.83 , 75.35
58.08 , 74.81
57.49 , 75.46
58.08 , 75.56
57.65 , 75.56
57.63 , 75.54
57.83 , 74.88
57.5 , 75.76
57.3 , 75.1
58.26 , 75.45
57.93 , 75.44
57.84 , 74.79
57.99 , 75.45
57.45 , 75.67
57.78 , 75.24
57.92 , 75.22
57.62 , 75.16
57.7 , 75.38
57.52 , 75.22
57.8 , 75.4
58.26 , 75.4
57.79 , 75.13
58.24 , 75.27
57.98 , 75.52
57.95 , 75.23
57.91 , 75.32
57.79 , 75.25
57.98 , 75.58
58.17 , 75.07
57.67 , 75.08
57.66 , 75.27
58.24 , 75.59
58.23 , 75.61
57.59 , 75.39
58.06 , 75.4
57.97 , 75.54
57.66 , 75.79
57.73 , 75.22
58.0 , 75.49
57.7 , 75.12
57.92 , 75.62
57.67 , 75.46
58.0 , 75.33
58.05 , 75.6
57.71 , 75.41
58.1 , 75.16
57.98 , 75.32
57.7 , 75.3
57.78 , 75.81
58.43 , 75.67
58.33 , 75.02
58.33 , 75.22
58.31 , 75.0
58.32 , 75.32
58.48 , 75.1
58.28 , 75.2
58.7 , 75.41
58.13 , 75.31
58.19 , 75.46
58.19 , 75.18
58.2 , 75.46
58.15 , 75.3
58.06 , 75.22
58.69 , 75.95
58.08 , 74.9
58.25 , 75.57
58.21 , 75.08
58.61 , 75.36
58.05 , 75.51
57.97 , 75.15
58.29 , 75.79
59.1 , 75.16
58.44 , 75.54
58.53 , 75.25
57.91 , 75.51
58.43 , 75.58
58.95 , 75.43
58.55 , 75.02
58.56 , 75.32
58.36 , 75.46
58.26 , 75.1
58.09 , 75.14
58.08 , 75.91
58.15 , 75.51
58.5 , 75.36
58.29 , 75.55
58.59 , 75.65
58.33 , 75.28
58.37 , 75.37
58.43 , 75.42
58.61 , 75.32
58.4 , 75.43
58.7 , 75.21
58.68 , 75.52
58.47 , 76.01
58.02 , 75.21
58.31 , 75.6
58.5 , 75.53
58.43 , 75.75
58.67 , 75.49
58.62 , 75.36
58.65 , 75.38
58.65 , 75.67
58.46 , 75.57
58.08 , 75.55
58.78 , 75.32
58.47 , 75.31
58.6 , 75.89
58.62 , 75.87
58.55 , 75.25
58.34 , 75.66
58.27 , 75.35
58.79 , 75.78
58.77 , 75.53
58.45 , 75.4
58.72 , 75.28
58.64 , 75.44
58.71 , 75.2
58.49 , 74.84
58.48 , 75.75
58.53 , 75.05
58.43 , 75.2
58.2 , 75.09
58.34 , 75.34
58.52 , 75.5
58.56 , 75.5
58.77 , 75.07
58.74 , 75.68
59.06 , 76.01
58.37 , 75.58
58.31 , 75.24
59.03 , 76.1
58.71 , 75.92
58.97 , 75.7
58.57 , 75.42
58.93 , 75.1
58.75 , 75.61
59.1 , 75.46
58.95 , 75.96
58.64 , 75.26
58.56 , 75.6
58.53 , 75.81
58.9 , 75.62
58.74 , 75.71
59.04 , 75.56
58.59 , 75.97
58.89 , 75.47
58.9 , 75.68
58.64 , 75.72
58.75 , 75.58
58.74 , 75.51
58.6 , 75.67
58.76 , 75.41
58.54 , 75.77
58.69 , 75.59
58.72 , 75.5
59.28 , 75.83
58.56 , 75.79
58.6 , 75.33
58.72 , 75.29
58.62 , 75.61
59.01 , 75.35
58.48 , 75.59
58.52 , 75.7
59.2 , 75.66
59.23 , 75.54
59.08 , 75.57
59.09 , 75.53
58.96 , 75.76
59.11 , 75.67
58.78 , 75.39
58.73 , 76.03
59.0 , 75.81
58.95 , 75.84
58.98 , 75.55
59.0 , 75.65
58.55 , 75.4
59.14 , 75.55
58.4 , 75.41
59.21 , 75.43
59.15 , 75.49
58.96 , 75.49
59.35 , 74.92
58.89 , 75.67
59.15 , 75.68
59.29 , 75.51
58.6 , 75.43
59.06 , 75.58
59.18 , 75.58
59.06 , 75.52
59.33 , 75.49
59.21 , 76.01
59.16 , 75.78
59.46 , 75.77
59.16 , 76.07
59.37 , 75.93
59.26 , 75.57
59.26 , 75.63
59.37 , 76.34
59.18 , 75.58
59.2 , 75.85
58.97 , 75.4
59.44 , 76.1
59.49 , 75.62
59.05 , 75.91
59.01 , 75.93
59.03 , 75.87
58.96 , 75.46
59.33 , 75.17
59.25 , 75.8
59.27 , 75.47
59.14 , 75.84
59.12 , 75.9
59.31 , 75.69
59.29 , 75.57
59.53 , 75.51
59.2 , 75.58
59.1 , 75.44
59.51 , 75.31
59.23 , 75.25
59.52 , 75.22
59.72 , 74.93
59.49 , 75.5
59.43 , 75.97
58.95 , 75.4
59.61 , 75.64
59.48 , 75.82
59.55 , 75.36
59.31 , 75.79
59.53 , 75.84
59.56 , 75.83
59.25 , 75.6
59.57 , 75.69
60.05 , 75.63
59.62 , 75.94
59.31 , 75.93
59.41 , 75.49
59.66 , 75.96
59.48 , 75.77
59.43 , 75.6
58.9 , 75.88
59.59 , 75.72
59.59 , 75.6
59.42 , 75.45
59.47 , 75.37
59.16 , 75.57
59.71 , 75.43
59.41 , 75.64
59.01 , 75.66
59.15 , 76.02
59.4 , 75.89
59.65 , 75.27
59.65 , 75.81
60.0 , 75.71
59.14 , 75.95
59.94 , 75.78
59.55 , 75.51
59.54 , 75.8
59.12 , 75.5
59.53 , 75.59
59.3 , 76.13
59.56 , 75.56
59.42 , 76.19
59.76 , 75.84
59.43 , 75.61
59.71 , 75.68
59.69 , 75.78
59.43 , 75.55
59.69 , 75.96
59.83 , 75.8
59.41 , 75.52
59.92 , 75.49
59.61 , 75.82
59.21 , 75.44
59.76 , 75.8
59.72 , 75.38
59.68 , 75.43
59.78 , 75.5
59.97 , 76.01
59.78 , 75.9
59.75 , 75.42
59.79 , 76.34
59.67 , 75.93
59.65 , 75.87
60.13 , 76.16
59.87 , 76.12
60.13 , 75.46
59.59 , 75.75
60.2 , 75.56
59.53 , 76.04
60.36 , 75.88
60.27 , 76.01
59.61 , 76.36
59.68 , 75.96
60.02 , 75.53
59.49 , 75.79
60.12 , 75.81
59.58 , 75.74
60.07 , 76.05
60.24 , 75.53
59.6 , 75.48
59.83 , 75.91
60.21 , 76.06
59.83 , 75.78
59.76 , 76.18
60.42 , 75.64
59.57 , 75.54
59.87 , 75.67
59.59 , 76.09
60.11 , 75.38
59.7 , 76.09
60.13 , 75.9
59.88 , 75.65
59.79 , 76.12
59.87 , 75.55
60.04 , 75.91
60.05 , 75.78
60.23 , 76.0
60.04 , 75.96
60.14 , 76.02
59.61 , 76.02
59.92 , 75.75
60.56 , 76.27
60.01 , 75.62
59.8 , 76.15
59.97 , 75.51
59.99 , 76.08
60.34 , 75.73
60.01 , 76.44
60.66 , 75.72
59.94 , 75.5
59.57 , 75.77
60.06 , 75.94
60.14 , 75.85
59.99 , 75.75
59.86 , 76.02
59.95 , 75.98
59.88 , 76.3
59.51 , 75.73
59.98 , 75.7
60.49 , 75.97
60.27 , 76.01
59.99 , 75.53
60.25 , 76.04
60.43 , 75.99
60.28 , 76.03
60.17 , 76.05
60.17 , 75.69
60.27 , 76.01
60.25 , 75.9
59.97 , 75.96
60.38 , 76.02
60.31 , 75.94
59.53 , 75.68
60.09 , 76.01
59.94 , 76.01
60.67 , 76.01
59.97 , 75.92
60.7 , 75.9
60.69 , 76.06
60.36 , 76.01
60.52 , 75.7
60.28 , 75.95
60.29 , 76.17
60.18 , 75.59
60.12 , 76.19
60.04 , 75.72
60.11 , 75.71
60.2 , 75.82
60.16 , 75.93
60.3 , 76.3
59.91 , 76.21
60.43 , 76.1
60.64 , 75.89
60.7 , 75.86
60.6 , 76.13
60.45 , 75.83
60.76 , 76.0
60.84 , 75.92
60.77 , 76.14
60.63 , 76.08
60.35 , 76.33
60.17 , 75.85
60.18 , 76.19
60.51 , 76.27
60.69 , 75.61
60.34 , 75.98
60.25 , 76.17
60.24 , 76.06
61.03 , 76.44
60.68 , 75.76
60.36 , 76.23
60.38 , 76.55
60.46 , 75.78
61.2 , 76.65
60.28 , 76.33
60.12 , 76.46
60.56 , 75.77
60.53 , 76.53
60.17 , 76.22
60.2 , 75.53
60.84 , 76.0
60.67 , 75.86
60.74 , 76.11
60.49 , 75.84
60.8 , 75.95
60.5 , 75.83
60.96 , 75.79
60.42 , 76.03
60.72 , 76.3
60.5 , 76.21
60.68 , 76.44
60.4 , 75.89
60.7 , 76.06
60.46 , 76.4
60.78 , 76.49
60.63 , 76.25
60.6 , 75.97
60.75 , 76.22
61.1 , 75.81
61.01 , 76.22
60.57 , 76.04
60.59 , 76.46
61.12 , 76.39
60.81 , 76.13
60.58 , 76.06
60.84 , 76.24
60.82 , 76.0
60.73 , 76.03
60.47 , 76.1
60.83 , 76.27
61.03 , 76.48
60.71 , 76.21
60.62 , 76.01
60.91 , 76.2
60.74 , 76.16
60.99 , 76.32
61.12 , 76.67
60.84 , 76.29
61.19 , 76.28
61.21 , 76.33
60.88 , 75.81
61.05 , 76.55
60.84 , 76.66
60.57 , 76.88
60.73 , 76.48
60.58 , 76.33
60.85 , 76.44
61.45 , 76.55
60.88 , 76.17
60.98 , 76.28
60.56 , 76.06
61.58 , 76.3
60.74 , 76.0
60.9 , 75.91
60.71 , 75.88
61.21 , 76.48
61.2 , 76.47
60.69 , 76.25
61.1 , 76.3
61.19 , 76.04
60.79 , 76.31
61.04 , 75.94
61.12 , 76.9
61.25 , 76.44
61.44 , 75.83
60.84 , 76.33
61.07 , 76.1
61.5 , 76.39
60.97 , 76.57
61.19 , 76.78
61.53 , 76.17
60.94 , 76.61
60.93 , 76.54
60.82 , 75.95
60.78 , 76.37
60.84 , 76.3
60.9 , 75.87
61.3 , 76.15
61.61 , 76.18
61.15 , 76.32
61.28 , 76.14
61.34 , 75.94
61.21 , 76.51
61.41 , 76.34
61.28 , 76.55
61.57 , 76.49
61.29 , 76.06
60.83 , 76.36
60.94 , 76.31
61.49 , 76.34
61.0 , 76.49
60.7 , 76.25
61.56 , 76.51
61.25 , 76.41
60.92 , 76.57
60.91 , 76.94
60.86 , 76.16
61.24 , 76.59
61.78 , 76.56
60.78 , 76.02
61.12 , 76.35
61.01 , 76.31
61.59 , 76.04
61.69 , 76.5
61.16 , 76.54
60.84 , 76.0
61.69 , 76.55
61.74 , 76.31
61.52 , 76.77
61.73 , 76.22
60.9 , 76.55
61.2 , 76.77
61.24 , 75.96
61.41 , 76.21
61.14 , 76.84
61.14 , 76.28
61.25 , 76.44
61.14 , 76.6
61.49 , 76.65
61.74 , 76.6
61.27 , 76.51
61.63 , 76.39
61.1 , 76.51
61.8 , 76.43
61.27 , 76.56
61.36 , 76.63
61.58 , 76.26
61.32 , 76.26
61.63 , 76.26
61.78 , 76.21
61.37 , 76.17
61.64 , 76.67
61.23 , 76.54
61.31 , 76.5
61.93 , 76.43
61.35 , 76.63
61.99 , 76.47
61.45 , 76.84
61.71 , 76.49
61.29 , 76.76
61.64 , 76.55
61.45 , 76.18
61.47 , 76.72
61.79 , 76.57
61.76 , 76.55
61.83 , 76.72
61.88 , 76.34
61.71 , 76.75
61.42 , 76.61
61.65 , 76.87
61.99 , 76.68
61.73 , 76.47
61.46 , 76.62
61.94 , 76.51
61.78 , 76.59
61.4 , 76.95
61.87 , 76.28
61.98 , 76.49
62.01 , 77.29
61.42 , 76.92
62.14 , 76.37
61.13 , 76.71
61.58 , 76.25
61.72 , 76.71
61.64 , 76.96
61.76 , 76.8
61.79 , 76.37
61.57 , 76.54
61.55 , 76.81
61.5 , 76.55
61.61 , 76.38
61.42 , 76.77
61.81 , 76.78
61.51 , 76.87
61.44 , 76.1
61.73 , 76.77
61.84 , 76.86
61.82 , 76.69
61.19 , 76.4
62.14 , 76.35
61.9 , 76.58
62.67 , 76.77
61.86 , 76.78
61.38 , 76.86
61.89 , 76.7
61.97 , 76.17
61.91 , 76.95
61.46 , 76.53
61.64 , 77.46
61.59 , 76.46
62.04 , 76.71
61.76 , 76.63
61.95 , 76.93
61.88 , 76.9
61.66 , 76.61
61.9 , 76.55
61.68 , 76.94
61.9 , 76.62
62.5 , 76.92
61.82 , 76.77
61.82 , 76.5
61.7 , 77.09
61.88 , 76.82
62.25 , 76.58
61.39 , 76.66
62.14 , 77.04
62.33 , 76.16
61.98 , 76.29
61.75 , 76.47
62.01 , 76.35
62.09 , 77.03
62.24 , 76.59
62.02 , 76.61
62.24 , 76.58
62.07 , 76.6
62.01 , 76.83
62.3 , 77.35
61.86 , 76.82
62.29 , 77.46
61.9 , 76.65
61.9 , 76.89
62.16 , 76.59
62.0 , 76.93
62.43 , 76.84
62.06 , 77.13
62.44 , 76.89
62.43 , 76.7
61.86 , 76.65
62.2 , 76.46
62.07 , 76.79
62.08 , 76.82
61.74 , 76.98
62.06 , 76.68
62.14 , 77.08
62.05 , 76.95
62.39 , 76.74
62.32 , 76.98
62.22 , 76.49
62.75 , 76.79
62.63 , 77.32
62.26 , 76.97
61.7 , 76.99
62.15 , 77.92
62.09 , 76.81
62.24 , 76.81
62.38 , 76.95
62.61 , 76.71
62.4 , 76.89
62.53 , 77.07
61.77 , 76.77
62.07 , 76.48
62.51 , 76.64
62.3 , 77.26
62.28 , 76.83
61.76 , 76.64
62.22 , 76.9
62.42 , 77.23
62.32 , 76.85
62.78 , 76.99
62.84 , 77.15
62.25 , 76.69
62.64 , 76.53
62.69 , 76.27
62.01 , 76.67
62.17 , 76.88
62.7 , 76.77
62.4 , 76.97
62.36 , 76.76
62.37 , 77.4
62.27 , 76.95
61.85 , 76.95
62.29 , 76.81
62.36 , 76.99
62.74 , 77.16
62.27 , 77.2
62.2 , 76.65
62.48 , 76.85
62.22 , 77.3
62.09 , 76.51
62.68 , 77.26
62.11 , 76.99
62.56 , 77.38
62.37 , 76.96
62.24 , 77.06
62.24 , 76.87
62.44 , 76.51
62.65 , 76.5
62.38 , 76.97
61.98 , 76.29
62.59 , 76.96
62.33 , 77.07
62.76 , 76.82
62.59 , 77.39
62.5 , 76.92
62.64 , 77.09
62.91 , 77.44
61.94 , 76.86
62.7 , 77.38
62.24 , 76.74
62.83 , 76.48
62.83 , 76.74
62.91 , 76.92
62.71 , 77.01
62.26 , 76.73
62.86 , 77.2
62.46 , 76.78
62.52 , 76.67
62.91 , 77.01
62.28 , 76.7
62.91 , 76.72
62.8 , 76.84
63.17 , 76.66
62.0 , 76.88
62.44 , 76.8
62.39 , 76.84
62.68 , 76.6
62.74 , 76.7
62.64 , 77.1
62.65 , 76.66
62.68 , 76.93
62.45 , 76.94
62.94 , 77.1
62.05 , 76.88
62.62 , 76.53
61.82 , 76.9
62.64 , 76.93
62.83 , 76.54
62.75 , 76.7
62.85 , 76.67
62.48 , 76.91
62.87 , 76.73
62.66 , 77.49
62.43 , 76.55
62.55 , 76.88
62.76 , 76.81
62.73 , 76.56
62.85 , 76.46
62.51 , 76.44
62.62 , 76.4
62.7 , 76.98
63.11 , 76.62
62.68 , 76.76
62.65 , 76.69
62.61 , 76.6
62.91 , 76.15
62.27 , 76.84
62.68 , 76.24
62.6 , 76.68
62.32 , 76.47
62.87 , 75.98
62.66 , 76.43
62.32 , 76.64
62.72 , 76.56
62.65 , 76.11
63.02 , 76.11
62.79 , 76.29
62.5 , 76.76
62.45 , 76.5
62.58 , 76.59
62.75 , 77.13
62.99 , 76.22
62.86 , 76.54
62.64 , 76.6
63.0 , 76.95
62.48 , 76.69
62.94 , 76.44
63.07 , 76.81
63.08 , 76.62
62.66 , 76.5
62.52 , 76.5
62.72 , 75.81
63.25 , 76.44
62.96 , 76.95
63.04 , 76.61
62.51 , 76.64
62.44 , 76.4
62.25 , 75.97
62.36 , 76.43
62.5 , 76.13
63.27 , 76.25
63.26 , 76.23
63.07 , 76.04
62.8 , 76.2
62.82 , 76.62
62.51 , 76.26
63.13 , 76.12
62.62 , 76.41
62.6 , 76.18
62.76 , 76.44
63.21 , 76.39
62.58 , 76.42
62.67 , 75.62
62.76 , 76.13
63.04 , 76.17
62.35 , 76.28
63.17 , 76.41
62.77 , 76.11
63.2 , 75.92
62.72 , 76.59
63.13 , 76.29
63.06 , 76.03
62.47 , 76.44
62.88 , 75.89
62.81 , 75.91
63.18 , 75.76
62.81 , 75.77
63.43 , 76.26
62.62 , 76.0
62.91 , 75.9
63.01 , 75.97
62.93 , 75.95
63.02 , 76.06
62.97 , 76.42
63.05 , 76.1
63.19 , 76.1
62.89 , 75.97
62.85 , 76.08
62.64 , 76.5
62.27 , 76.21
62.78 , 75.69
62.75 , 76.09
63.05 , 75.97
62.98 , 76.03
62.97 , 76.27
62.67 , 76.15
62.85 , 75.96
62.96 , 76.07
62.56 , 76.07
63.13 , 75.99
62.98 , 76.05
62.88 , 75.83
63.02 , 75.75
62.96 , 76.23
62.59 , 75.86
62.57 , 76.31
62.89 , 75.86
62.81 , 75.8
63.18 , 75.94
62.8 , 75.8
62.92 , 75.92
63.1 , 76.09
62.78 , 75.35
63.21 , 75.9
62.69 , 75.82
62.73 , 76.28
63.51 , 75.91
63.06 , 76.81
63.19 , 75.91
62.97 , 75.91
63.37 , 76.1
63.01 , 75.32
63.17 , 75.77
63.4 , 75.96
63.08 , 75.65
63.15 , 76.07
62.74 , 76.28
63.16 , 75.22
63.21 , 76.3
62.85 , 75.63
62.99 , 76.18
63.49 , 75.64
62.89 , 75.76
62.95 , 76.21
62.92 , 75.58
63.29 , 75.77
63.31 , 75.95
63.32 , 75.83
62.75 , 75.69
62.8 , 75.67
62.9 , 75.63
62.71 , 75.51
62.81 , 75.8
62.89 , 75.68
62.76 , 75.89
63.43 , 76.05
63.37 , 75.56
62.61 , 75.74
63.24 , 75.98
63.16 , 75.89
62.89 , 75.76
63.18 , 76.13
63.23 , 75.42
62.7 , 75.84
63.05 , 75.63
63.08 , 75.56
62.97 , 75.17
63.08 , 75.96
63.31 , 75.65
63.41 , 75.54
63.15 , 75.3
63.41 , 75.96
63.22 , 75.83
63.39 , 74.95
63.15 , 75.55
62.83 , 75.58
62.93 , 75.24
62.92 , 75.41
63.12 , 75.64
62.95 , 75.25
62.84 , 75.42
63.29 , 75.68
63.4 , 75.71
62.85 , 75.67
62.73 , 75.4
63.02 , 75.71
63.55 , 75.62
62.98 , 75.28
63.61 , 75.4
63.12 , 75.54
63.25 , 75.19
63.13 , 75.52
63.11 , 75.28
62.78 , 75.54
63.6 , 75.51
63.65 , 75.57
63.09 , 75.07
63.1 , 75.49
63.34 , 75.38
63.18 , 75.28
63.29 , 75.33
63.32 , 75.55
63.45 , 75.71
63.25 , 75.31
63.72 , 75.65
63.09 , 75.51
63.29 , 75.08
63.48 , 75.24
63.11 , 75.46
63.41 , 75.77
63.46 , 75.39
63.07 , 75.63
62.91 , 75.32
63.31 , 75.37
63.14 , 75.62
63.3 , 75.67
63.28 , 75.22
62.97 , 74.82
62.94 , 75.33
63.35 , 74.5
63.13 , 74.97
63.01 , 75.01
63.56 , 75.21
62.86 , 75.24
63.15 , 74.93
63.73 , 75.24
63.87 , 75.45
63.31 , 74.92
63.1 , 75.47
63.56 , 75.59
62.82 , 74.58
63.41 , 75.33
63.69 , 75.34
63.41 , 75.76
63.29 , 75.28
63.4 , 75.73
63.16 , 75.13
63.48 , 75.04
63.37 , 75.12
63.43 , 75.06
63.4 , 75.01
63.51 , 75.14
63.22 , 75.33
63.64 , 75.16
63.32 , 75.03
63.54 , 75.24
62.92 , 75.2
63.28 , 75.18
63.26 , 75.16
63.03 , 75.0
63.24 , 75.42
63.08 , 75.42
63.27 , 74.98
63.65 , 74.72
63.22 , 75.07
63.84 , 75.06
63.68 , 75.17
63.26 , 74.81
63.41 , 75.16
63.93 , 75.04
63.23 , 75.12
63.55 , 75.35
63.62 , 74.37
63.25 , 74.94
62.7 , 74.87
63.34 , 75.03
63.13 , 74.77
63.16 , 75.12
63.86 , 75.07
63.55 , 75.05
63.9 , 75.2
63.39 , 75.17
63.18 , 75.14
63.16 , 75.06
63.72 , 74.51
63.74 , 74.57
63.32 , 75.04
63.53 , 75.07
63.57 , 74.92
63.5 , 74.79
63.46 , 74.22
63.43 , 74.44
63.83 , 74.82
64.08 , 74.79
63.93 , 74.97
63.28 , 74.8
63.6 , 74.93
63.44 , 74.87
63.47 , 74.91
63.37 , 75.07
63.35 , 74.66
63.25 , 74.49
63.57 , 74.87
63.22 , 74.86
63.66 , 74.53
63.56 , 74.93
63.32 , 74.79
63.15 , 74.56
63.7 , 74.75
63.75 , 74.22
63.62 , 74.66
63.13 , 74.94
63.83 , 74.63
63.06 , 74.43
63.51 , 74.62
63.41 , 74.45
63.71 , 74.81
62.97 , 74.22
62.92 , 74.49
63.59 , 74.79
62.99 , 75.35
63.54 , 74.74
63.55 , 74.71
63.35 , 74.67
63.51 , 74.47
63.76 , 74.6
63.45 , 74.89
63.75 , 74.35
63.79 , 74.4
63.48 , 74.35
63.31 , 74.79
63.69 , 74.58
63.44 , 74.4
63.56 , 74.86
63.39 , 74.75
63.78 , 74.58
63.4 , 74.39
63.64 , 74.62
63.67 , 74.45
63.46 , 75.25
63.72 , 73.92
63.49 , 74.08
63.64 , 75.02
63.89 , 74.28
63.7 , 74.61
63.64 , 74.7
63.93 , 74.46
63.67 , 74.34
63.7 , 74.2
63.4 , 74.45
63.93 , 74.26
63.96 , 74.2
63.74 , 74.17
63.72 , 74.62
63.94 , 74.49
63.47 , 74.97
63.63 , 74.09
63.91 , 74.39
63.52 , 74.46
63.65 , 74.24
63.62 , 74.53
63.36 , 74.41
63.93 , 74.42
63.84 , 74.39
63.76 , 74.54
64.08 , 74.28
63.59 , 74.19
63.7 , 74.31
63.48 , 74.49
63.61 , 74.97
63.65 , 74.37
63.95 , 74.48
63.27 , 74.59
63.74 , 74.47
63.71 , 74.53
63.49 , 74.69
63.86 , 74.25
63.22 , 74.36
64.31 , 74.08
63.91 , 73.96
63.9 , 74.81
63.98 , 74.48
63.93 , 74.13
63.3 , 74.85
63.67 , 74.18
63.98 , 74.36
63.8 , 73.9
64.21 , 74.22
64.02 , 74.57
63.73 , 74.17
63.75 , 73.92
63.92 , 74.14
63.58 , 74.56
63.41 , 73.63
63.67 , 74.42
63.86 , 74.06
63.69 , 73.81
63.81 , 74.19
63.63 , 74.36
63.37 , 74.14
63.84 , 74.01
63.84 , 74.02
63.82 , 73.41
63.92 , 73.99
63.76 , 74.28
63.67 , 73.86
63.65 , 73.6
64.03 , 73.78
64.13 , 73.46
63.77 , 73.54
63.93 , 74.27
63.51 , 74.22
64.29 , 74.15
64.08 , 74.25
63.68 , 74.37
64.01 , 73.87
64.01 , 73.37
64.09 , 74.14
64.07 , 73.66
63.57 , 73.94
64.09 , 74.18
63.86 , 73.65
63.85 , 74.15
63.65 , 74.34
63.79 , 73.8
63.55 , 74.54
63.85 , 73.51
63.96 , 73.87
63.84 , 74.26
63.89 , 73.8
63.77 , 73.95
63.94 , 73.63
63.9 , 73.69
63.73 , 73.95
63.88 , 73.99
63.91 , 73.99
63.93 , 73.67
64.05 , 74.13
64.0 , 73.96
63.72 , 74.14
63.9 , 74.02
63.79 , 73.47
64.04 , 73.59
63.65 , 73.79
63.41 , 73.8
63.82 , 74.12
63.67 , 73.48
64.13 , 73.8
63.88 , 73.88
63.74 , 73.94
64.13 , 73.88
63.8 , 73.96
63.45 , 73.64
63.98 , 73.57
64.01 , 73.68
63.85 , 73.61
63.76 , 73.73
64.0 , 73.48
63.3 , 74.03
63.99 , 73.98
63.87 , 73.87
63.99 , 73.96
63.87 , 73.65
63.54 , 73.8
63.7 , 73.67
64.21 , 73.92
63.87 , 73.59
63.81 , 73.42
63.82 , 73.9
63.92 , 73.68
64.0 , 74.07
64.71 , 73.53
63.8 , 73.51
64.28 , 73.66
64.31 , 73.73
63.97 , 72.77
63.52 , 73.42
63.56 , 73.51
63.9 , 73.32
63.8 , 73.67
63.94 , 73.66
63.93 , 73.78
63.84 , 73.64
63.95 , 73.82
64.24 , 73.6
63.98 , 73.74
63.91 , 73.45
63.89 , 73.74
64.46 , 73.9
64.14 , 73.75
63.66 , 73.38
64.12 , 73.67
64.35 , 73.64
64.25 , 73.06
63.98 , 73.06
64.2 , 73.33
63.86 , 73.8
64.06 , 73.13
63.89 , 73.06
64.03 , 73.46
63.91 , 73.65
64.75 , 73.53
64.43 , 73.45
63.96 , 73.17
64.29 , 73.68
63.99 , 73.32
63.81 , 73.73
64.39 , 73.47
64.12 , 73.12
63.87 , 73.58
64.28 , 73.56
64.04 , 73.27
63.95 , 72.99
64.15 , 73.27
64.13 , 73.23
63.73 , 73.53
63.97 , 73.69
64.62 , 73.45
63.92 , 73.65
63.76 , 73.44
64.38 , 73.33
63.82 , 73.15
63.65 , 73.26
64.21 , 73.35
64.29 , 73.64
64.06 , 72.76
64.49 , 72.99
64.34 , 73.28
64.25 , 73.2
64.25 , 73.09
63.75 , 73.24
64.28 , 73.51
64.25 , 73.32
63.81 , 73.13
64.24 , 72.94
63.72 , 72.97
64.14 , 72.38
64.08 , 72.93
64.31 , 73.2
64.17 , 73.67
64.33 , 73.1
64.08 , 73.29
64.91 , 73.42
64.36 , 72.67
64.52 , 73.09
64.3 , 73.04
64.16 , 72.94
64.27 , 72.82
64.02 , 73.56
64.01 , 73.34
64.24 , 73.45
64.07 , 72.96
63.78 , 72.99
64.52 , 73.49
64.23 , 72.69
64.22 , 73.2
64.03 , 72.99
64.43 , 72.78
64.49 , 73.25
64.24 , 72.75
64.02 , 73.07
64.9 , 72.67
64.08 , 72.96
64.23 , 73.07
63.84 , 72.88
64.25 , 73.25
64.1 , 73.4
63.95 , 73.18
64.15 , 73.02
64.19 , 72.78
64.43 , 73.17
64.41 , 72.94
63.79 , 73.12
64.16 , 73.07
64.12 , 73.09
64.79 , 73.53
64.02 , 72.7
64.09 , 73.03
64.56 , 73.28
64.16 , 72.91
64.56 , 72.97
64.04 , 72.68
64.44 , 73.43
64.66 , 72.99
64.38 , 72.61
64.23 , 72.47
63.88 , 72.62
64.43 , 73.06
63.87 , 73.17
64.27 , 72.93
64.49 , 72.4
64.72 , 72.55
64.72 , 72.63
64.39 , 72.76
64.03 , 72.84
64.64 , 72.68
64.45 , 72.76
64.62 , 72.95
64.14 , 72.85
64.57 , 72.93
64.53 , 72.89
64.6 , 73.09
64.4 , 72.85
64.62 , 72.38
64.1 , 72.35
64.09 , 72.65
64.45 , 72.9
64.71 , 72.9
64.34 , 72.48
64.18 , 72.6
64.63 , 72.87
64.18 , 72.11
64.4 , 72.7
64.42 , 72.49
64.76 , 73.14
64.83 , 72.81
63.75 , 72.49
64.1 , 73.25
64.11 , 72.43
64.38 , 72.66
64.28 , 73.12
64.55 , 72.56
64.2 , 72.75
64.23 , 71.93
64.97 , 72.25
64.42 , 72.39
64.75 , 72.37
64.23 , 72.32
64.69 , 72.53
64.01 , 72.13
64.62 , 72.14
64.39 , 72.33
64.52 , 72.72
64.45 , 72.74
64.18 , 72.46
64.39 , 72.32
64.42 , 72.54
64.38 , 72.48
64.45 , 72.43
64.66 , 72.75
64.67 , 72.64
64.65 , 72.4
64.52 , 72.95
64.38 , 72.44
64.82 , 72.52
64.61 , 72.43
64.06 , 71.85
64.51 , 72.48
64.32 , 72.55
64.43 , 72.57
64.14 , 72.2
64.46 , 72.55
64.43 , 72.3
64.74 , 72.34
64.86 , 72.62
64.82 , 72.53
64.67 , 72.36
64.48 , 72.37
64.8 , 72.28
65.33 , 72.22
64.93 , 72.57
64.39 , 72.48
64.97 , 72.85
64.41 , 72.21
64.76 , 72.06
65.0 , 71.9
64.47 , 71.69
64.79 , 72.24
64.48 , 72.29
64.51 , 72.36
64.89 , 72.07
64.92 , 72.52
64.73 , 72.47
64.49 , 72.2
64.52 , 72.02
64.53 , 72.2
64.86 , 72.55
64.45 , 72.44
64.24 , 72.65
64.66 , 72.37
64.52 , 72.43
64.74 , 72.04
64.47 , 72.21
64.58 , 72.45
64.55 , 72.2
64.56 , 71.89
64.72 , 72.52
65.08 , 72.42
64.74 , 72.47
64.78 , 72.08
64.8 , 72.14
64.52 , 71.78
64.83 , 72.06
64.58 , 71.98
63.95 , 72.25
64.53 , 71.82
64.68 , 72.05
64.46 , 72.12
64.57 , 72.02
64.67 , 72.3
64.52 , 72.64
64.7 , 72.13
64.18 , 72.11
64.83 , 71.5
64.85 , 72.18
64.4 , 72.19
64.6 , 72.25
64.51 , 71.72
64.9 , 72.16
64.71 , 71.86
64.36 , 71.96
64.63 , 72.92
65.01 , 72.1
65.06 , 72.22
64.57 , 72.11
64.56 , 72.34
65.08 , 71.77
64.39 , 72.41
64.63 , 71.83
64.74 , 72.02
64.77 , 71.84
64.97 , 71.69
64.66 , 71.93
65.11 , 71.89
64.35 , 72.17
64.67 , 71.48
64.47 , 72.03
65.05 , 71.97
64.7 , 71.79
64.84 , 71.96
64.93 , 72.07
64.31 , 72.37
64.77 , 72.36
65.09 , 72.03
64.56 , 71.26
64.5 , 71.81
64.43 , 71.82
64.59 , 71.68
64.87 , 71.49
64.66 , 71.59
64.92 , 71.34
64.65 , 71.9
64.83 , 72.1
64.86 , 71.41
65.01 , 71.72
64.97 , 71.88
64.97 , 71.83
64.94 , 71.62
64.44 , 71.83
64.97 , 71.19
65.02 , 72.07
64.63 , 71.66
64.58 , 71.88
64.89 , 71.98
64.69 , 71.81
64.89 , 71.44
65.0 , 71.49
64.16 , 72.17
65.22 , 71.95
64.72 , 72.12
64.65 , 71.37
64.78 , 71.86
64.87 , 71.46
64.96 , 71.61
64.59 , 71.84
65.23 , 71.69
65.18 , 71.77
65.11 , 72.32
64.98 , 71.34
64.95 , 71.29
64.82 , 71.52
64.64 , 71.69
65.12 , 71.85
65.23 , 71.18
65.01 , 71.68
64.95 , 71.34
64.58 , 71.58
65.17 , 71.34
64.92 , 71.18
65.19 , 71.88
64.89 , 71.06
65.0 , 72.09
65.09 , 71.52
64.98 , 71.29
64.71 , 71.57
64.35 , 71.17
65.21 , 71.29
64.62 , 71.62
64.93 , 71.15
64.76 , 71.76
65.11 , 71.35
65.24 , 72.08
65.34 , 71.63
64.74 , 71.73
64.78 , 71.08
64.61 , 71.59
65.11 , 71.41
64.78 , 71.65
64.69 , 71.33
64.61 , 71.63
65.17 , 71.8
64.76 , 71.49
64.77 , 71.38
64.81 , 71.36
64.78 , 71.5
64.96 , 71.21
65.11 , 71.55
65.25 , 71.66
64.62 , 71.4
64.52 , 71.82
65.19 , 71.03
65.17 , 71.48
64.94 , 71.02
65.28 , 71.39
65.27 , 71.39
65.25 , 70.9
65.3 , 71.52
64.76 , 71.38
65.01 , 71.13
65.05 , 71.51
65.16 , 71.52
65.02 , 71.32
64.84 , 71.13
65.34 , 71.38
65.0 , 71.16
64.96 , 70.82
65.04 , 71.25
65.15 , 71.47
65.04 , 70.92
65.13 , 71.17
65.07 , 71.27
64.5 , 71.2
65.38 , 71.41
65.21 , 70.74
64.93 , 71.71
64.78 , 71.05
64.88 , 71.28
65.03 , 71.07
65.47 , 71.11
65.31 , 71.36
65.12 , 70.8
65.12 , 71.29
64.98 , 71.49
65.54 , 71.06
64.65 , 71.12
65.0 , 70.76
65.2 , 71.17
64.88 , 71.3
64.86 , 71.01
65.03 , 71.19
65.25 , 71.41
65.34 , 70.99
65.19 , 71.25
65.7 , 70.7
65.34 , 71.35
65.15 , 70.65
65.36 , 71.0
64.98 , 70.87
65.49 , 71.05
65.53 , 70.92
65.19 , 70.92
65.38 , 70.73
65.3 , 70.9
64.69 , 71.35
65.09 , 71.21
65.03 , 71.18
65.01 , 71.27
65.16 , 70.82
65.38 , 71.22
65.28 , 70.7
64.94 , 70.85
64.96 , 70.72
65.63 , 71.0
65.03 , 70.75
64.97 , 70.96
65.53 , 71.33
65.05 , 70.92
65.24 , 70.92
65.04 , 70.81
65.16 , 71.07
64.73 , 71.35
64.96 , 70.86
65.18 , 70.89
65.12 , 70.54
65.44 , 71.22
65.17 , 71.14
65.37 , 70.37
65.36 , 71.21
65.04 , 70.84
65.48 , 70.98
65.37 , 70.85
65.36 , 71.28
65.5 , 70.51
65.72 , 70.78
65.23 , 70.99
65.06 , 70.38
65.25 , 70.67
65.07 , 70.42
65.58 , 70.61
65.57 , 70.81
64.96 , 70.45
65.17 , 70.36
65.32 , 70.38
65.7 , 70.64
65.03 , 70.81
65.4 , 70.51
65.39 , 70.44
65.24 , 70.81
65.19 , 70.99
64.97 , 70.76
65.22 , 70.61
65.28 , 70.56
65.29 , 70.74
65.2 , 70.26
65.58 , 70.83
65.52 , 70.78
65.43 , 70.84
65.0 , 70.72
65.03 , 70.63
65.42 , 70.59
65.26 , 70.39
65.29 , 70.22
65.22 , 70.63
65.05 , 70.23
65.1 , 70.9
64.99 , 70.24
65.99 , 70.35
65.56 , 70.69
65.46 , 70.78
66.14 , 70.33
65.11 , 70.38
65.71 , 70.36
65.16 , 70.67
65.11 , 70.62
65.05 , 70.58
65.55 , 70.48
65.15 , 69.99
65.51 , 69.81
65.77 , 70.21
65.28 , 70.2
65.65 , 70.73
64.99 , 70.59
64.99 , 70.28
65.34 , 70.59
65.58 , 70.15
65.69 , 70.18
65.37 , 70.5
65.33 , 70.33
65.44 , 70.69
65.74 , 70.47
65.52 , 70.4
65.23 , 70.42
65.38 , 70.06
65.3 , 70.48
65.56 , 70.35
65.78 , 70.01
65.57 , 70.28
65.42 , 70.81
65.48 , 70.29
65.64 , 70.46
65.27 , 70.59
65.52 , 70.23
65.58 , 70.69
65.59 , 70.23
65.43 , 70.09
65.5 , 70.16
65.48 , 70.19
65.65 , 70.74
65.26 , 70.27
65.64 , 70.57
65.46 , 70.02
65.62 , 70.19
65.66 , 70.11
65.35 , 69.9
65.94 , 69.85
64.92 , 70.33
65.77 , 70.86
65.9 , 69.98
65.71 , 70.21
65.21 , 70.11
65.57 , 70.2
65.41 , 69.95
65.72 , 70.02
65.6 , 70.11
64.94 , 69.81
65.07 , 69.73
65.13 , 69.98
65.97 , 70.01
65.87 , 69.7
65.35 , 69.48
65.62 , 70.05
66.11 , 69.87
65.46 , 70.25
65.37 , 70.4
65.53 , 69.86
65.5 , 70.12
65.87 , 69.81
65.5 , 69.66
65.32 , 69.86
65.68 , 69.96
65.71 , 70.21
65.6 , 69.78
65.69 , 70.3
65.62 , 70.63
65.28 , 70.2
65.4 , 70.13
66.01 , 70.11
65.57 , 69.87
65.51 , 70.0
65.59 , 69.61
66.16 , 70.18
65.36 , 70.08
65.77 , 70.21
65.86 , 69.87
65.65 , 69.72
65.24 , 70.14
66.05 , 70.23
66.11 , 70.2
65.39 , 70.26
66.08 , 69.88
65.51 , 70.08
65.51 , 70.01
65.53 , 69.85
65.53 , 69.57
65.42 , 70.01
65.59 , 69.58
65.57 , 70.09
65.33 , 69.75
65.82 , 70.11
65.71 , 69.83
65.77 , 69.55
65.79 , 69.44
65.64 , 70.01
65.72 , 69.9
66.15 , 69.7
65.59 , 69.8
65.44 , 69.47
65.38 , 69.35
65.57 , 69.85
65.71 , 69.7
65.64 , 70.09
65.3 , 70.06
65.33 , 69.72
65.96 , 69.8
65.96 , 69.44
66.13 , 69.76
65.93 , 70.2
65.77 , 69.7
66.14 , 69.25
65.49 , 69.67
65.86 , 70.04
65.71 , 69.76
65.74 , 69.41
65.34 , 69.55
65.44 , 69.74
65.05 , 69.51
65.68 , 69.48
65.98 , 69.71
65.72 , 69.47
66.41 , 69.61
65.31 , 69.58
66.07 , 69.56
65.73 , 70.0
66.12 , 69.44
65.99 , 69.38
65.96 , 69.49
65.97 , 69.22
65.8 , 69.5
65.83 , 69.65
65.77 , 69.19
65.43 , 70.56
65.25 , 69.82
65.77 , 69.33
66.04 , 69.62
65.82 , 69.68
65.61 , 69.69
65.86 , 69.52
65.76 , 69.2
65.68 , 69.46
65.75 , 69.43
66.02 , 69.44
65.72 , 69.35
65.52 , 69.74
65.95 , 69.6
65.49 , 69.72
66.08 , 69.76
66.01 , 69.3
66.0 , 69.53
66.06 , 69.8
65.56 , 69.75
65.9 , 69.6
65.97 , 69.7
66.53 , 69.21
65.99 , 69.63
66.25 , 69.3
65.75 , 68.92
65.49 , 69.46
66.13 , 69.4
65.88 , 69.43
65.52 , 69.49
65.76 , 69.63
65.78 , 69.25
65.98 , 69.53
66.17 , 69.66
65.82 , 69.58
66.1 , 69.03
65.66 , 69.57
65.94 , 69.14
65.81 , 69.24
65.91 , 69.43
65.93 , 69.27
66.04 , 69.16
66.1 , 69.39
65.8 , 69.09
66.0 , 69.49
66.02 , 69.49
66.2 , 68.99
65.96 , 69.2
66.05 , 69.43
65.72 , 69.78
66.11 , 68.94
66.24 , 69.22
66.16 , 69.22
65.94 , 68.7
65.84 , 69.08
66.15 , 69.16
66.16 , 69.19
65.88 , 69.63
66.05 , 68.69
65.94 , 68.94
65.93 , 69.14
66.09 , 68.86
65.77 , 69.38
65.61 , 69.19
65.34 , 69.38
65.61 , 68.99
66.13 , 68.63
65.55 , 69.1
65.85 , 69.11
66.28 , 69.23
65.6 , 69.6
66.16 , 68.78
66.41 , 68.98
65.96 , 68.69
66.16 , 68.97
65.8 , 68.86
66.47 , 68.84
66.38 , 68.59
66.6 , 68.99
66.03 , 68.98
65.69 , 68.8
65.89 , 69.34
65.45 , 69.15
65.52 , 68.83
65.79 , 68.81
65.92 , 69.15
65.86 , 68.94
66.23 , 69.55
66.07 , 68.6
66.01 , 69.18
66.07 , 68.55
66.0 , 68.91
66.45 , 69.01
66.44 , 69.22
65.89 , 69.17
65.85 , 68.63
66.05 , 68.74
66.73 , 68.8
66.56 , 68.76
66.08 , 68.61
66.0 , 68.8
65.87 , 68.41
65.47 , 68.98
65.85 , 68.3
65.89 , 68.78
66.24 , 68.83
66.04 , 68.97
66.23 , 69.08
66.3 , 69.12
66.69 , 69.15
66.17 , 68.49
65.73 , 69.23
65.92 , 68.48
65.64 , 68.8
65.91 , 68.46
65.56 , 68.71
65.97 , 68.89
65.91 , 68.86
66.02 , 68.74
66.23 , 68.46
66.01 , 68.85
66.23 , 68.6
66.06 , 68.48
66.16 , 68.68
66.05 , 68.83
65.64 , 68.13
66.2 , 68.68
66.37 , 68.71
66.31 , 68.54
66.6 , 68.19
66.58 , 68.78
66.39 , 68.86
66.3 , 68.54
66.23 , 68.42
66.22 , 68.57
66.29 , 68.7
66.07 , 68.27
66.04 , 68.83
66.4 , 68.63
66.12 , 68.8
66.4 , 68.64
66.27 , 68.65
66.02 , 68.48
66.21 , 68.81
65.83 , 68.55
66.01 , 68.47
66.43 , 68.3
66.56 , 68.75
66.05 , 68.33
65.88 , 69.24
65.77 , 68.7
65.76 , 68.5
65.9 , 68.19
66.31 , 68.94
66.5 , 68.78
66.22 , 68.84
66.44 , 68.67
66.42 , 68.3
65.89 , 68.6
65.96 , 68.6
65.8 , 68.83
66.23 , 67.95
66.04 , 68.48
66.17 , 67.96
65.77 , 68.16
66.03 , 68.0
66.16 , 68.49
65.67 , 68.97
66.19 , 68.04
66.06 , 68.37
66.2 , 68.67
65.92 , 68.36
66.18 , 68.1
66.21 , 68.54
66.51 , 68.13
66.21 , 68.08
66.59 , 68.44
66.08 , 68.24
66.09 , 68.43
66.03 , 68.39
66.44 , 68.15
66.24 , 68.77
66.48 , 67.96
65.98 , 68.07
66.21 , 67.9
66.31 , 68.19
66.31 , 68.59
66.04 , 68.45
66.39 , 68.7
66.23 , 68.19
66.45 , 67.94
66.22 , 68.08
65.93 , 68.09
66.02 , 68.43
66.26 , 67.8
65.75 , 68.08
66.35 , 67.83
66.25 , 67.99
66.82 , 68.31
65.97 , 68.43
66.12 , 68.02
65.96 , 68.5
66.76 , 68.01
66.26 , 68.24
66.24 , 68.26
66.15 , 67.78
66.17 , 68.16
66.12 , 68.37
66.56 , 68.28
66.87 , 67.97
66.47 , 67.86
66.44 , 67.84
66.64 , 68.05
66.58 , 68.62
66.42 , 68.09
66.83 , 68.26
66.66 , 67.93
66.51 , 67.85
66.24 , 68.05
66.55 , 67.8
65.92 , 68.42
66.73 , 67.63
66.14 , 67.84
66.11 , 67.89
66.6 , 68.06
66.54 , 67.91
66.4 , 67.58
66.27 , 68.08
66.38 , 68.14
66.45 , 68.05
66.48 , 67.7
66.08 , 67.93
66.67 , 67.61
66.4 , 68.04
66.46 , 68.07
66.28 , 68.08
66.36 , 67.41
66.57 , 67.82
66.66 , 67.69
67.1 , 67.74
66.59 , 67.99
66.55 , 67.7
66.98 , 68.01
66.44 , 68.1
66.35 , 68.31
66.93 , 67.78
66.51 , 68.04
66.0 , 67.89
66.68 , 67.91
66.17 , 68.19
66.32 , 67.83
66.67 , 67.91
66.65 , 67.9
66.68 , 67.88
66.3 , 68.04
66.3 , 67.92
66.48 , 67.76
66.06 , 67.93
66.64 , 67.84
66.61 , 67.81
66.77 , 67.85
66.51 , 67.84
66.71 , 67.4
66.78 , 67.65
66.3 , 67.87
66.52 , 67.7
66.49 , 67.63
66.75 , 67.77
66.2 , 67.66
66.5 , 67.64
66.67 , 67.91
66.55 , 67.57
66.38 , 67.52
66.73 , 67.6
66.85 , 67.5
66.87 , 67.52
66.81 , 67.79
66.61 , 67.86
66.34 , 68.1
66.6 , 67.43
66.01 , 67.2
66.68 , 68.25
67.1 , 67.75
67.16 , 67.36
66.18 , 67.98
66.45 , 67.74
66.66 , 67.58
66.81 , 67.74
66.6 , 67.7
67.21 , 67.6
66.79 , 68.04
67.03 , 67.2
66.66 , 67.79
66.55 , 67.76
66.63 , 67.67
66.47 , 67.5
67.24 , 67.84
67.03 , 67.61
66.77 , 67.35
66.84 , 67.12
66.86 , 67.59
66.44 , 67.9
66.92 , 67.16
66.51 , 67.17
66.68 , 67.14
67.47 , 67.26
66.14 , 67.53
66.65 , 67.86
66.65 , 67.47
66.77 , 67.17
66.64 , 66.98
66.9 , 67.11
67.01 , 67.2
66.85 , 67.8
66.41 , 67.3
66.59 , 67.79
66.81 , 67.26
66.97 , 67.37
67.24 , 67.55
66.67 , 67.34
66.85 , 67.59
66.58 , 67.53
66.92 , 67.52
66.71 , 67.33
66.75 , 67.35
66.18 , 67.63
66.79 , 67.21
67.0 , 67.35
66.49 , 67.57
66.64 , 67.16
67.49 , 67.18
66.51 , 67.45
66.84 , 67.22
66.71 , 68.05
66.46 , 67.03
66.99 , 67.45
66.85 , 67.13
67.23 , 67.18
67.32 , 66.98
66.83 , 67.09
66.9 , 67.09
66.33 , 67.02
67.25 , 67.39
67.16 , 67.34
66.89 , 67.08
67.07 , 67.32
66.81 , 67.41
67.13 , 67.59
67.29 , 67.56
66.95 , 67.29
66.83 , 66.77
66.86 , 67.42
66.66 , 67.05
66.93 , 66.96
66.43 , 66.92
66.99 , 67.53
66.92 , 67.47
67.08 , 67.1
66.66 , 67.04
66.77 , 67.13
67.32 , 67.46
66.64 , 66.86
66.73 , 67.45
67.0 , 67.33
66.55 , 67.1
66.61 , 67.58
67.2 , 67.44
66.67 , 67.12
66.6 , 66.55
66.67 , 67.21
67.05 , 67.21
66.41 , 67.11
66.57 , 67.04
66.59 , 67.23
66.94 , 67.39
67.03 , 67.42
67.23 , 67.26
67.1 , 66.92
66.83 , 66.87
66.74 , 66.52
66.54 , 67.14
66.53 , 67.07
67.12 , 66.96
66.62 , 66.98
67.02 , 67.18
67.03 , 66.96
66.83 , 66.79
67.36 , 66.59
66.97 , 66.43
67.04 , 66.84
67.44 , 66.86
66.75 , 66.94
66.5 , 66.9
66.81 , 66.89
67.0 , 66.89
67.13 , 66.63
67.07 , 67.1
67.16 , 66.76
67.15 , 66.79
67.28 , 67.06
66.82 , 66.96
67.01 , 66.92
66.98 , 66.41
66.71 , 66.65
66.39 , 66.84
67.29 , 66.67
66.74 , 66.54
67.04 , 66.55
66.86 , 66.78
67.25 , 66.5
66.76 , 66.3
66.92 , 66.92
67.22 , 67.18
67.33 , 66.72
67.2 , 66.79
67.45 , 67.11
66.71 , 66.5
66.85 , 66.89
66.92 , 66.9
66.85 , 66.39
67.6 , 66.72
66.89 , 66.75
67.09 , 66.56
66.5 , 66.76
66.97 , 66.82
67.05 , 66.78
67.18 , 66.3
66.91 , 66.91
67.06 , 66.6
67.14 , 66.36
66.98 , 66.65
67.28 , 66.5
67.07 , 66.68
67.51 , 66.65
67.13 , 65.83
67.51 , 66.34
67.4 , 66.6
67.03 , 66.24
66.99 , 66.66
67.12 , 66.87
67.16 , 66.36
67.21 , 66.79
67.23 , 66.12
67.48 , 66.64
66.96 , 66.4
67.56 , 66.58
67.11 , 66.75
66.83 , 66.66
67.17 , 66.23
67.47 , 66.74
67.19 , 66.79
67.32 , 66.49
67.12 , 65.99
67.22 , 66.56
67.33 , 66.8
67.39 , 66.67
66.76 , 66.39
67.08 , 66.62
67.08 , 66.84
67.27 , 66.52
67.33 , 66.48
66.89 , 66.44
67.23 , 65.98
67.13 , 66.47
67.15 , 65.92
67.48 , 66.81
66.94 , 66.2
66.91 , 66.08
67.11 , 66.56
67.14 , 66.55
67.22 , 66.08
66.81 , 66.18
67.43 , 66.39
67.05 , 66.08
66.7 , 66.23
66.99 , 66.08
67.62 , 66.63
67.24 , 66.38
67.01 , 66.47
67.44 , 66.24
67.33 , 66.37
66.85 , 66.23
67.38 , 66.63
67.26 , 66.0
67.4 , 66.21
66.96 , 66.29
67.08 , 65.99
67.16 , 66.31
67.28 , 65.96
67.54 , 65.92
67.11 , 66.64
67.59 , 66.04
67.67 , 65.93
67.3 , 65.97
67.23 , 66.37
67.32 , 65.91
67.04 , 65.74
67.57 , 66.4
67.68 , 66.27
67.11 , 66.27
67.36 , 66.15
67.32 , 66.35
67.58 , 65.88
67.61 , 66.32
67.3 , 65.48
67.45 , 66.0
67.16 , 65.75
67.45 , 65.81
67.12 , 66.18
67.31 , 66.19
67.43 , 65.82
67.56 , 66.38
67.5 , 66.42
67.23 , 66.14
67.58 , 65.53
67.01 , 65.61
67.28 , 66.44
66.93 , 66.21
67.34 , 65.98
67.15 , 66.08
67.47 , 65.83
66.92 , 66.02
67.94 , 65.91
66.99 , 65.79
67.11 , 65.95
67.67 , 65.81
67.61 , 65.92
67.24 , 65.73
66.92 , 66.26
67.67 , 65.66
67.26 , 65.66
67.41 , 66.02
67.36 , 65.7
67.4 , 65.89
67.13 , 66.16
66.85 , 65.95
67.19 , 65.52
67.64 , 65.79
67.33 , 65.72
67.26 , 65.48
67.45 , 66.29
67.3 , 65.82
67.26 , 66.2
67.5 , 66.05
67.43 , 66.15
67.68 , 65.6
67.12 , 65.66
67.46 , 65.97
67.04 , 65.64
67.39 , 65.76
66.95 , 65.35
67.44 , 65.98
67.46 , 65.58
66.89 , 65.66
67.57 , 65.28
67.99 , 65.84
67.4 , 65.47
67.15 , 65.43
67.57 , 65.68
67.27 , 65.6
67.54 , 65.38
67.7 , 65.69
67.77 , 65.87
67.42 , 65.77
67.44 , 66.01
67.71 , 65.25
67.07 , 65.45
67.88 , 65.84
67.35 , 65.96
67.5 , 65.82
67.99 , 65.53
66.97 , 65.55
67.31 , 65.94
68.21 , 65.34
67.23 , 65.84
67.4 , 65.83
67.38 , 65.73
67.67 , 65.63
67.47 , 65.38
67.61 , 65.59
67.69 , 65.62
67.26 , 65.7
67.92 , 65.38
68.05 , 65.9
67.75 , 65.99
67.56 , 65.11
67.47 , 65.56
67.1 , 65.11
67.28 , 65.72
67.45 , 65.24
67.8 , 65.28
67.82 , 65.47
67.36 , 65.59
67.57 , 65.54
67.59 , 65.64
67.43 , 65.71
67.73 , 65.54
67.45 , 65.29
67.36 , 65.76
67.86 , 65.75
67.24 , 65.11
66.98 , 65.25
67.71 , 65.5
67.68 , 65.35
67.22 , 65.42
67.41 , 65.66
67.84 , 65.79
68.22 , 64.94
67.46 , 65.71
68.06 , 65.72
67.45 , 65.64
67.42 , 65.19
67.71 , 65.19
68.25 , 65.21
67.76 , 65.26
67.87 , 65.47
67.5 , 65.39
67.74 , 65.19
67.6 , 65.55
67.76 , 65.57
67.95 , 65.64
67.43 , 65.39
67.84 , 65.41
67.9 , 65.3
67.74 , 65.56
67.78 , 65.21
67.73 , 64.98
67.67 , 65.38
67.83 , 65.18
67.77 , 65.48
67.64 , 65.05
67.57 , 65.24
67.83 , 65.4
67.5 , 65.47
67.27 , 64.85
67.41 , 65.02
67.29 , 65.75
67.4 , 65.31
67.68 , 65.33
67.62 , 64.89
67.65 , 65.06
67.71 , 65.2
67.98 , 64.81
67.76 , 65.25
67.62 , 65.16
67.75 , 64.9
67.56 , 65.31
67.61 , 65.02
68.08 , 64.97
67.5 , 65.37
67.83 , 65.31
67.77 , 65.64
67.94 , 65.45
67.6 , 65.11
67.43 , 65.23
67.92 , 64.65
67.88 , 65.12
67.78 , 64.84
67.62 , 64.86
67.52 , 65.07
67.44 , 65.47
67.71 , 64.89
67.46 , 65.33
67.4 , 64.8
67.88 , 64.89
67.95 , 64.94
67.77 , 65.0
68.18 , 64.97
67.66 , 65.06
68.18 , 65.03
67.35 , 65.24
67.58 , 65.13
67.95 , 64.76
68.21 , 65.05
67.77 , 65.04
68.04 , 64.75
67.87 , 64.66
67.97 , 65.17
67.85 , 64.92
67.69 , 65.13
67.82 , 64.94
67.63 , 64.44
67.95 , 65.29
67.69 , 64.69
67.81 , 65.03
68.03 , 65.14
68.04 , 64.96
67.87 , 64.44
67.7 , 64.93
67.99 , 64.98
67.89 , 65.13
67.81 , 64.99
67.43 , 65.19
67.66 , 64.86
67.41 , 64.78
67.69 , 64.83
67.53 , 65.04
67.67 , 64.88
67.78 , 64.85
67.69 , 64.66
67.69 , 65.03
68.12 , 64.82
68.08 , 64.47
67.56 , 64.77
68.42 , 64.56
67.54 , 64.71
67.87 , 65.14
67.79 , 64.78
68.08 , 64.95
68.04 , 64.77
68.19 , 65.19
67.9 , 64.98
67.83 , 64.61
68.14 , 64.74
67.84 , 64.68
67.8 , 64.49
68.01 , 64.43
67.53 , 64.99
67.64 , 64.82
68.06 , 64.7
67.82 , 64.6
67.53 , 64.67
67.98 , 64.63
68.04 , 64.42
67.88 , 64.87
67.86 , 64.22
67.91 , 64.52
67.86 , 64.61
68.06 , 64.48
67.81 , 65.02
67.96 , 64.55
68.14 , 64.41
67.81 , 64.62
68.29 , 64.58
68.0 , 64.94
68.14 , 64.55
67.93 , 64.36
68.18 , 64.53
67.57 , 64.37
68.25 , 64.22
68.62 , 64.48
67.94 , 64.48
68.1 , 64.23
68.42 , 64.42
67.7 , 64.16
68.48 , 64.51
68.0 , 64.49
67.76 , 64.37
68.27 , 64.62
67.58 , 64.07
67.64 , 64.58
68.31 , 64.07
68.23 , 64.62
67.9 , 64.27
68.05 , 64.37
68.01 , 64.43
68.29 , 64.36
67.67 , 64.13
67.63 , 64.05
68.53 , 64.01
68.17 , 63.91
68.03 , 64.46
68.2 , 64.4
68.19 , 64.24
67.94 , 64.54
68.15 , 63.98
68.1 , 64.35
68.44 , 64.38
67.99 , 64.1
68.42 , 64.22
68.19 , 64.08
68.53 , 64.25
67.87 , 63.78
68.23 , 64.48
67.98 , 64.46
67.88 , 64.02
68.3 , 64.65
68.31 , 64.51
67.96 , 64.62
68.09 , 64.62
68.39 , 64.39
67.94 , 64.05
67.9 , 63.83
68.0 , 63.96
68.42 , 64.12
68.18 , 63.9
68.11 , 64.56
67.92 , 64.45
68.05 , 63.97
68.32 , 64.27
68.08 , 64.2
67.89 , 63.93
68.01 , 64.39
67.74 , 64.51
68.22 , 63.95
67.79 , 64.54
68.06 , 64.09
68.32 , 64.13
68.66 , 63.93
67.99 , 64.21
68.12 , 64.29
68.13 , 63.66
68.0 , 64.01
68.73 , 63.95
68.51 , 64.4
68.21 , 64.58
68.05 , 64.17
67.88 , 64.15
68.15 , 64.01
68.16 , 64.06
68.16 , 63.47
68.13 , 64.31
67.83 , 64.49
68.4 , 64.24
68.05 , 64.19
68.24 , 64.39
68.31 , 63.85
68.0 , 64.14
68.39 , 64.05
68.55 , 64.18
68.18 , 63.96
68.73 , 64.38
68.48 , 63.94
68.21 , 63.8
67.62 , 64.04
68.05 , 63.3
68.06 , 63.92
68.67 , 63.67
68.49 , 63.82
68.2 , 64.19
68.54 , 63.9
68.34 , 63.45
67.69 , 63.94
68.15 , 63.77
68.4 , 64.26
68.21 , 64.1
68.38 , 63.9
68.34 , 63.71
68.2 , 63.92
68.62 , 63.88
68.3 , 63.61
68.52 , 63.67
68.32 , 63.93
67.96 , 64.06
68.43 , 64.0
68.53 , 63.97
68.33 , 63.64
68.37 , 63.8
68.49 , 63.48
68.07 , 63.55
68.22 , 63.56
68.7 , 63.96
68.19 , 63.77
68.52 , 63.98
67.98 , 63.98
68.11 , 63.76
68.19 , 63.61
68.26 , 63.18
68.72 , 63.78
68.26 , 63.48
68.55 , 63.45
68.42 , 63.51
67.9 , 64.27
68.32 , 63.4
68.46 , 63.69
68.31 , 63.75
68.22 , 63.7
68.19 , 63.3
68.36 , 63.29
68.56 , 63.87
68.09 , 63.61
68.22 , 63.29
68.57 , 63.89
68.51 , 63.34
68.62 , 63.25
68.43 , 64.07
68.22 , 63.65
68.55 , 63.26
69.0 , 63.26
68.81 , 63.19
68.27 , 63.31
68.08 , 63.67
68.36 , 63.28
68.88 , 63.82
68.24 , 63.45
68.22 , 63.24
68.41 , 63.4
68.35 , 63.33
68.41 , 63.61
68.27 , 63.65
68.69 , 63.7
68.33 , 63.43
68.19 , 63.19
68.88 , 63.69
68.71 , 63.26
68.06 , 63.42
68.31 , 63.06
68.44 , 63.25
68.31 , 63.53
68.25 , 63.8
68.33 , 63.34
68.41 , 63.52
68.64 , 63.61
68.45 , 63.45
68.32 , 63.39
68.43 , 63.26
68.43 , 63.5
68.81 , 63.51
68.4 , 63.04
68.57 , 63.68
68.63 , 63.73
67.9 , 63.61
69.13 , 63.45
68.4 , 63.34
68.56 , 63.48
68.77 , 63.55
68.49 , 63.12
68.99 , 63.55
68.46 , 63.1
68.4 , 63.08
68.92 , 63.65
68.42 , 63.17
68.29 , 63.68
68.29 , 63.23
68.04 , 63.16
68.94 , 63.46
68.66 , 63.55
68.69 , 63.25
68.2 , 63.08
68.37 , 63.79
68.88 , 63.31
68.38 , 63.63
68.69 , 63.25
68.62 , 63.34
68.84 , 63.32
68.41 , 63.52
68.72 , 63.21
68.72 , 62.95
67.92 , 63.6
69.09 , 63.54
68.76 , 63.41
69.15 , 63.25
68.37 , 63.16
68.61 , 62.92
68.41 , 63.24
68.73 , 63.06
68.93 , 63.06
68.49 , 63.28
68.65 , 62.89
68.66 , 63.51
68.76 , 62.94
68.64 , 63.47
68.96 , 63.08
68.83 , 62.96
68.8 , 63.19
68.34 , 63.15
68.63 , 63.07
68.58 , 62.77
68.34 , 62.97
69.0 , 62.83
68.71 , 63.09
68.44 , 62.97
68.93 , 62.78
68.69 , 62.67
68.51 , 63.2
68.67 , 63.27
68.44 , 63.1
68.6 , 63.18
69.11 , 62.99
69.24 , 62.95
68.3 , 63.02
68.61 , 62.77
69.04 , 63.07
68.26 , 62.96
68.82 , 62.82
68.69 , 63.05
68.77 , 62.78
68.97 , 62.55
68.46 , 62.55
68.45 , 62.92
68.88 , 62.91
68.7 , 62.58
68.76 , 63.05
68.79 , 62.52
68.79 , 62.87
68.73 , 62.8
69.03 , 62.7
68.84 , 62.97
68.64 , 63.04
69.2 , 62.47
68.29 , 62.35
69.11 , 62.85
68.71 , 62.45
68.85 , 62.84
68.54 , 62.74
68.42 , 62.66
68.45 , 62.82
68.54 , 62.75
68.85 , 62.86
68.54 , 62.73
68.73 , 62.61
68.59 , 62.97
68.52 , 62.5
69.03 , 62.99
68.77 , 62.81
68.9 , 62.79
68.82 , 62.53
68.83 , 63.06
68.91 , 62.47
68.79 , 62.05
69.01 , 62.91
68.92 , 62.96
68.75 , 62.53
68.68 , 63.39
68.95 , 62.31
68.85 , 62.53
68.93 , 62.62
68.73 , 62.77
68.81 , 62.58
69.18 , 63.04
68.84 , 62.38
68.58 , 62.58
68.98 , 62.63
68.98 , 62.35
69.2 , 62.62
69.17 , 62.76
68.89 , 62.8
68.95 , 62.21
68.88 , 62.42
68.68 , 62.51
68.73 , 62.41
68.88 , 62.66
68.74 , 62.62
68.49 , 62.31
68.82 , 62.36
68.87 , 62.26
68.88 , 62.77
68.86 , 62.5
68.79 , 62.25
68.93 , 63.09
69.26 , 62.71
68.9 , 62.44
68.99 , 62.45
68.85 , 62.16
68.69 , 62.33
69.06 , 62.36
68.94 , 62.41
68.74 , 62.3
68.69 , 62.48
68.88 , 62.79
68.89 , 62.44
68.68 , 62.55
69.31 , 62.67
69.05 , 62.79
68.94 , 62.48
69.05 , 62.36
68.77 , 62.31
69.15 , 62.16
69.15 , 62.32
69.29 , 62.08
68.78 , 62.4
69.1 , 62.03
68.92 , 61.98
69.21 , 62.3
68.81 , 62.59
69.55 , 62.15
68.66 , 62.18
69.02 , 62.21
69.08 , 62.54
68.62 , 62.04
68.8 , 62.26
68.96 , 62.26
69.23 , 62.49
69.16 , 62.1
68.91 , 61.99
69.3 , 61.94
68.95 , 62.04
68.97 , 62.12
69.5 , 62.42
69.19 , 61.83
69.19 , 62.6
68.8 , 62.38
69.01 , 62.08
69.06 , 62.35
68.79 , 62.32
68.57 , 62.05
68.75 , 62.08
68.81 , 62.23
69.33 , 62.51
69.51 , 62.14
69.25 , 62.0
69.29 , 61.88
69.3 , 61.93
68.82 , 62.12
68.37 , 62.12
69.13 , 62.19
68.79 , 61.79
69.05 , 61.63
69.0 , 62.3
68.95 , 62.17
69.09 , 62.21
69.4 , 62.29
68.92 , 61.99
69.38 , 62.02
69.39 , 62.15
69.01 , 62.32
69.43 , 61.72
69.22 , 61.72
69.02 , 61.95
69.3 , 61.95
69.26 , 61.81
69.15 , 62.09
69.02 , 61.82
69.01 , 62.21
69.16 , 62.26
69.48 , 61.43
69.04 , 61.46
69.02 , 61.48
69.1 , 61.77
69.14 , 61.67
69.8 , 61.98
69.22 , 61.93
68.87 , 61.74
69.15 , 62.6
69.08 , 61.89
69.26 , 61.62
69.23 , 62.04
68.95 , 61.46
69.21 , 61.61
68.85 , 62.29
69.36 , 61.57
69.12 , 61.88
69.46 , 61.78
69.39 , 62.03
69.86 , 61.89
68.71 , 61.58
69.16 , 61.85
69.22 , 62.27
68.87 , 61.9
68.92 , 61.46
68.96 , 62.15
69.52 , 61.61
69.31 , 61.74
69.17 , 61.86
69.2 , 61.82
69.37 , 61.83
69.5 , 62.2
69.16 , 61.76
69.63 , 61.96
69.12 , 61.51
69.22 , 61.89
69.42 , 62.11
68.97 , 61.58
69.53 , 61.6
69.33 , 62.3
69.63 , 61.47
69.28 , 61.46
69.6 , 61.42
69.66 , 61.84
69.29 , 62.05
69.34 , 61.32
69.13 , 61.58
69.1 , 61.84
69.12 , 61.72
69.37 , 61.63
68.94 , 61.82
68.92 , 61.61
69.5 , 61.55
68.81 , 61.76
69.31 , 61.14
69.03 , 61.46
69.17 , 61.44
69.53 , 61.61
69.37 , 61.73
69.35 , 61.46
69.62 , 61.44
69.48 , 61.48
69.36 , 61.42
69.09 , 60.97
68.91 , 61.42
68.89 , 61.44
68.73 , 61.9
69.08 , 61.59
69.16 , 61.56
69.96 , 60.64
69.16 , 61.74
69.48 , 61.34
69.27 , 60.91
69.01 , 61.33
69.82 , 61.34
69.46 , 61.55
68.95 , 61.37
69.13 , 61.86
69.24 , 61.3
69.29 , 61.5
69.17 , 61.36
68.56 , 61.13
69.6 , 61.42
69.31 , 61.61
69.44 , 61.62
69.48 , 61.19
69.54 , 61.1
69.38 , 61.31
69.97 , 60.81
69.29 , 61.37
69.29 , 61.41
69.88 , 60.87
69.71 , 61.71
69.56 , 61.21
69.21 , 61.75
69.16 , 61.24
69.48 , 60.91
69.24 , 61.6
69.77 , 61.18
69.45 , 61.33
69.14 , 61.17
69.07 , 61.51
68.57 , 60.91
69.18 , 61.09
68.99 , 60.78
69.31 , 61.05
69.62 , 61.06
69.5 , 61.29
69.67 , 61.03
69.16 , 61.0
69.18 , 60.73
69.2 , 61.3
69.28 , 61.18
69.61 , 61.21
69.54 , 61.2
69.67 , 60.84
69.32 , 60.86
69.7 , 61.13
69.28 , 61.03
69.32 , 60.97
69.78 , 61.56
69.46 , 60.83
70.08 , 61.25
69.46 , 61.23
69.59 , 60.99
69.63 , 61.3
69.42 , 61.14
69.63 , 61.4
68.84 , 61.52
69.19 , 60.8
69.62 , 61.04
69.39 , 61.27
69.64 , 61.44
69.57 , 61.07
69.34 , 60.97
69.94 , 60.88
69.64 , 60.82
69.68 , 60.88
69.75 , 60.83
69.19 , 61.21
69.35 , 61.04
69.37 , 61.09
69.89 , 61.2
69.05 , 61.28
69.92 , 60.68
70.03 , 60.56
69.56 , 60.82
69.77 , 60.82
69.6 , 60.86
69.51 , 61.09
69.97 , 61.01
69.69 , 60.88
69.71 , 60.66
69.56 , 60.61
69.73 , 61.06
69.92 , 60.66
69.03 , 60.58
69.72 , 60.98
69.21 , 60.93
69.03 , 60.59
69.52 , 60.58
69.61 , 60.72
69.53 , 60.93
69.72 , 60.91
69.7 , 61.01
69.48 , 61.11
69.5 , 61.25
69.37 , 61.02
69.2 , 60.78
68.97 , 60.57
69.84 , 60.69
69.76 , 60.7
69.25 , 60.84
69.46 , 60.83
69.71 , 60.89
69.39 , 60.9
69.79 , 60.91
69.63 , 60.93
69.39 , 60.67
69.41 , 60.25
69.96 , 60.55
69.65 , 60.51
69.84 , 60.88
69.25 , 60.64
69.52 , 60.73
69.64 , 61.04
69.56 , 60.7
69.68 , 60.91
69.65 , 60.86
69.74 , 60.28
69.29 , 60.93
69.64 , 60.49
69.91 , 60.43
69.62 , 61.24
69.77 , 60.63
69.75 , 60.73
69.58 , 60.62
69.6 , 60.57
69.89 , 60.9
69.71 , 60.51
69.81 , 61.03
69.88 , 60.56
69.78 , 60.4
69.58 , 60.58
70.07 , 60.45
69.94 , 60.29
69.63 , 60.42
69.32 , 60.79
69.21 , 61.06
70.03 , 60.77
69.61 , 60.68
69.37 , 60.98
69.88 , 60.54
70.17 , 60.41
69.98 , 60.05
69.9 , 60.8
69.85 , 60.03
69.46 , 60.43
70.48 , 60.25
70.18 , 60.39
70.0 , 60.71
69.62 , 60.63
69.96 , 60.55
69.83 , 60.82
69.53 , 60.54
69.78 , 60.38
69.66 , 59.94
69.55 , 60.5
69.9 , 60.23
69.7 , 60.61
69.34 , 60.17
69.83 , 60.22
69.54 , 60.27
70.11 , 60.24
69.48 , 60.53
69.85 , 60.26
70.13 , 60.48
69.67 , 60.44
69.54 , 60.55
70.38 , 60.25
69.85 , 60.3
69.81 , 60.01
69.71 , 60.44
69.73 , 60.64
69.84 , 60.22
69.69 , 60.55
69.6 , 60.3
69.79 , 60.43
70.42 , 60.07
69.65 , 60.35
69.8 , 60.55
69.77 , 60.19
70.22 , 59.9
70.23 , 60.49
70.02 , 60.18
70.15 , 60.54
69.73 , 60.1
69.51 , 60.19
69.81 , 60.23
70.05 , 60.12
69.89 , 60.1
69.86 , 60.34
69.88 , 59.83
69.36 , 60.38
69.81 , 60.03
69.75 , 60.4
69.99 , 60.3
69.82 , 60.34
70.01 , 60.33
69.22 , 60.04
70.16 , 60.11
69.96 , 59.84
70.31 , 60.07
70.07 , 60.06
70.25 , 60.05
69.89 , 60.05
70.2 , 60.17
69.87 , 59.75
70.02 , 59.97
69.77 , 59.94
70.32 , 59.79
69.59 , 59.75
69.89 , 60.09
70.24 , 60.08
70.0 , 60.3
70.45 , 60.28
69.6 , 60.15
70.1 , 59.99
69.9 , 59.84
69.83 , 59.68
70.27 , 60.12
70.32 , 60.19
69.5 , 59.95
70.3 , 60.23
70.22 , 60.01
69.86 , 60.2
69.96 , 59.54
70.23 , 59.82
69.65 , 59.9
69.81 , 60.28
70.05 , 60.52
69.9 , 59.97
70.03 , 60.3
69.96 , 60.36
70.08 , 59.84
70.62 , 60.22
70.27 , 60.26
70.32 , 59.76
70.18 , 59.56
70.41 , 59.58
70.12 , 59.8
70.54 , 59.62
70.59 , 60.29
70.24 , 59.99
69.96 , 60.3
70.36 , 60.24
70.3 , 60.11
70.11 , 59.74
69.94 , 59.85
69.85 , 60.09
69.66 , 60.08
70.47 , 59.88
70.79 , 60.23
70.41 , 60.42
70.75 , 59.62
70.04 , 59.34
70.41 , 59.55
70.37 , 60.02
70.29 , 59.95
70.47 , 60.07
70.18 , 59.84
70.26 , 60.21
70.35 , 59.75
70.08 , 60.06
70.38 , 60.22
70.67 , 59.87
70.62 , 59.89
69.95 , 60.58
70.53 , 59.88
69.95 , 60.0
70.3 , 59.97
69.97 , 60.34
70.22 , 60.3
70.33 , 59.38
69.9 , 59.98
70.62 , 60.43
70.63 , 59.72
70.35 , 60.35
70.39 , 60.13
70.78 , 60.02
70.83 , 59.92
70.36 , 59.7
70.71 , 60.45
70.57 , 59.82
70.36 , 60.12
70.62 , 60.04
71.11 , 59.85
70.4 , 60.08
70.6 , 59.7
70.69 , 60.46
70.48 , 59.96
71.0 , 59.57
70.1 , 60.02
70.74 , 60.5
70.64 , 59.93
70.86 , 59.83
70.41 , 59.8
70.25 , 60.03
70.71 , 59.99
70.91 , 60.12
70.94 , 59.91
70.66 , 60.04
70.94 , 60.06
70.81 , 60.12
70.28 , 60.15
70.57 , 60.22
70.62 , 59.83
70.6 , 59.87
70.92 , 59.57
70.31 , 59.71
70.56 , 59.96
71.26 , 60.41
70.7 , 60.38
70.6 , 60.16
70.73 , 60.15
70.84 , 59.81
70.32 , 59.68
70.77 , 59.73
71.04 , 59.24
70.63 , 60.22
70.41 , 60.05
70.75 , 59.95
70.81 , 59.93
71.43 , 60.19
71.02 , 59.86
70.18 , 59.92
70.98 , 60.43
70.56 , 60.19
70.46 , 59.88
70.82 , 60.14
71.05 , 59.84
70.76 , 59.68
70.91 , 59.53
71.07 , 60.1
70.57 , 59.99
71.03 , 60.09
70.57 , 60.25
70.76 , 59.67
70.87 , 59.82
70.98 , 59.76
70.5 , 59.62
70.95 , 60.02
70.29 , 59.88
70.43 , 60.09
70.89 , 59.92
70.63 , 59.56
71.09 , 59.8
70.63 , 59.85
70.6 , 59.96
71.04 , 59.47
70.7 , 59.65
70.7 , 60.14
70.89 , 59.75
70.86 , 59.57
71.06 , 60.25
71.16 , 60.21
70.89 , 60.45
70.83 , 60.45
71.2 , 60.16
70.64 , 60.26
71.1 , 60.04
71.09 , 60.17
71.22 , 60.05
70.63 , 60.05
71.07 , 60.21
71.24 , 60.14
71.15 , 60.04
70.83 , 60.35
70.99 , 59.89
71.21 , 59.91
71.01 , 60.0
71.07 , 60.08
71.02 , 59.66
71.15 , 59.83
71.37 , 59.88
71.19 , 59.7
70.86 , 59.86
71.31 , 60.11
71.19 , 60.4
70.94 , 59.77
71.18 , 60.08
70.68 , 59.86
70.97 , 59.99
71.42 , 59.81
71.42 , 59.79
71.41 , 60.01
71.44 , 60.03
71.06 , 60.11
70.86 , 60.31
71.17 , 60.04
71.07 , 59.84
71.08 , 59.86
71.37 , 60.01
71.29 , 59.85
71.29 , 59.96
71.37 , 60.01
70.99 , 60.11
71.19 , 59.61
71.37 , 60.06
71.6 , 59.91
71.54 , 59.7
71.39 , 60.51
71.14 , 59.9
71.03 , 59.9
70.86 , 60.16
71.58 , 60.2
71.39 , 59.96
71.65 , 59.71
71.01 , 59.84
71.5 , 59.81
71.6 , 59.74
71.46 , 60.4
71.57 , 59.77
70.98 , 59.93
71.97 , 60.05
71.45 , 59.85
71.29 , 60.14
71.5 , 60.23
71.31 , 60.01
71.51 , 59.66
72.04 , 59.82
71.6 , 60.11
71.62 , 60.07
70.97 , 60.05
71.34 , 59.65
71.49 , 60.05
71.29 , 60.05
71.65 , 60.29
71.38 , 60.0
71.51 , 59.54
71.59 , 60.44
71.47 , 60.2
71.62 , 59.64
71.77 , 59.96
71.3 , 60.34
71.77 , 60.18
71.68 , 60.52
71.74 , 59.6
71.43 , 59.53
71.94 , 59.82
71.68 , 60.11
71.54 , 59.67
71.72 , 59.78
71.72 , 60.07
72.14 , 59.45
71.42 , 60.52
71.94 , 60.01
71.47 , 59.81
71.82 , 60.37
71.23 , 59.9
72.21 , 60.86
71.98 , 59.78
71.6 , 60.3
71.67 , 60.35
71.99 , 59.92
71.32 , 59.93
71.65 , 60.07
71.75 , 60.14
71.76 , 60.21
71.71 , 60.16
71.61 , 59.94
72.23 , 60.14
72.2 , 60.03
71.68 , 59.77
71.34 , 60.09
72.06 , 59.69
71.89 , 60.57
71.78 , 60.01
71.78 , 59.99
71.62 , 59.43
71.6 , 59.6
71.73 , 59.85
71.94 , 59.7
71.78 , 60.02
71.65 , 60.4
71.91 , 59.93
72.04 , 59.82
71.7 , 59.8
71.47 , 59.86
71.57 , 59.91
72.06 , 59.97
71.66 , 60.26
72.06 , 60.0
71.7 , 59.95
72.2 , 60.16
71.43 , 60.08
72.0 , 59.96
72.02 , 60.18
72.47 , 59.86
71.92 , 60.08
72.15 , 60.34
71.52 , 60.31
72.6 , 59.9
71.77 , 59.63
71.65 , 60.32
72.0 , 60.13
71.9 , 59.71
71.81 , 59.86
72.08 , 60.03
72.16 , 60.11
72.12 , 59.46
72.12 , 60.44
72.04 , 59.86
71.97 , 59.41
71.47 , 59.93
72.25 , 59.85
72.14 , 60.24
72.1 , 59.98
72.22 , 60.16
72.38 , 60.04
71.91 , 59.87
72.07 , 59.93
72.32 , 59.81
71.89 , 60.36
72.1 , 60.17
72.17 , 60.03
72.13 , 59.53
72.31 , 60.32
72.55 , 59.46
72.07 , 60.08
72.55 , 60.33
71.83 , 59.95
71.75 , 59.84
72.54 , 60.11
72.2 , 60.33
72.21 , 59.62
72.48 , 59.72
72.21 , 59.99
72.34 , 60.07
71.89 , 59.87
72.13 , 60.41
72.57 , 59.92
72.24 , 60.1
72.52 , 59.7
72.78 , 60.21
72.27 , 60.12
72.41 , 59.84
72.35 , 60.14
72.35 , 59.76
72.29 , 59.82
72.14 , 59.71
72.78 , 60.17
72.23 , 60.34
72.65 , 59.99
72.32 , 59.88
72.6 , 60.01
72.67 , 60.33
72.37 , 59.63
72.42 , 59.68
72.24 , 60.04
72.67 , 60.43
72.42 , 60.05
72.14 , 60.36
72.24 , 59.99
71.91 , 59.86
72.64 , 59.7
72.47 , 59.76
72.43 , 60.01
72.8 , 59.73
72.24 , 60.07
72.29 , 59.96
72.34 , 60.19
72.58 , 59.95
72.42 , 60.0
72.69 , 59.69
72.68 , 60.09
72.77 , 60.09
72.84 , 60.03
72.68 , 60.28
72.08 , 60.17
72.79 , 59.95
72.53 , 59.59
72.75 , 59.68
72.18 , 59.81
72.44 , 59.96
72.73 , 60.15
72.77 , 59.9
72.76 , 59.65
72.71 , 60.04
72.64 , 60.23
72.57 , 60.1
72.93 , 59.87
72.43 , 60.01
72.51 , 60.39
73.04 , 60.11
72.61 , 60.04
72.96 , 59.89
72.72 , 60.23
73.06 , 59.39
72.68 , 59.84
72.56 , 60.42
72.84 , 60.12
73.42 , 59.72
73.11 , 60.18
72.79 , 59.9
72.59 , 59.62
73.0 , 60.02
72.72 , 60.27
72.6 , 60.06
72.81 , 60.04
73.03 , 59.89
72.96 , 59.5
72.95 , 59.87
73.06 , 59.66
72.36 , 59.79
72.61 , 59.61
72.72 , 60.26
72.97 , 59.93
72.73 , 59.55
72.29 , 59.81
72.52 , 60.33
73.07 , 60.07
73.0 , 59.91
72.61 , 59.87
73.09 , 59.84
73.33 , 59.91
73.07 , 60.0
72.75 , 60.12
72.87 , 60.48
73.13 , 60.19
73.07 , 60.19
72.77 , 60.34
72.9 , 60.26
73.09 , 59.59
72.92 , 59.89
72.84 , 59.85
72.9 , 59.77
72.97 , 59.82
72.71 , 59.49
73.03 , 60.19
73.13 , 59.67
73.48 , 60.36
73.3 , 60.04
73.25 , 59.93
72.84 , 60.25
72.66 , 60.14
72.8 , 60.02
72.99 , 60.37
73.57 , 59.53
73.17 , 60.05
72.89 , 59.24
73.11 , 60.11
73.39 , 59.85
73.5 , 59.85
73.05 , 60.33
73.05 , 59.72
73.11 , 60.03
73.47 , 59.67
73.1 , 60.45
72.82 , 60.14
72.89 , 59.96
73.06 , 59.86
73.25 , 60.01
72.95 , 60.36
73.8 , 60.04
73.07 , 59.81
73.16 , 59.61
73.6 , 59.96
73.26 , 59.68
73.24 , 60.47
73.09 , 60.29
73.3 , 60.01
73.56 , 59.98
73.23 , 59.67
73.26 , 59.72
73.25 , 60.13
73.42 , 59.47
73.29 , 59.82
73.61 , 60.34
73.51 , 60.19
73.44 , 59.71
72.79 , 59.86
73.15 , 60.23
73.71 , 60.25
73.27 , 59.87
73.1 , 59.84
73.63 , 59.98
73.27 , 59.93
73.2 , 59.78
73.23 , 60.17
73.52 , 60.0
73.32 , 59.73
73.87 , 60.02
73.16 , 60.44
73.19 , 59.57
73.45 , 60.0
73.47 , 60.17
73.42 , 59.76
73.37 , 59.8
73.82 , 59.8
73.49 , 60.08
73.26 , 59.89
73.72 , 59.74
73.69 , 59.89
73.64 , 60.0
73.54 , 59.98
73.43 , 59.79
73.58 , 60.2
73.55 , 60.3
73.56 , 59.68
73.96 , 60.15
73.98 , 59.8
73.92 , 60.13
73.33 , 60.55
73.4 , 59.84
73.72 , 59.76
73.85 , 60.27
73.46 , 59.75
73.44 , 60.59
73.65 , 59.99
74.19 , 60.1
73.33 , 59.92
73.9 , 59.94
73.8 , 59.6
73.75 , 60.18
73.31 , 59.98
73.76 , 60.02
73.5 , 60.38
73.7 , 60.04
73.48 , 60.02
73.62 , 59.48
73.75 , 60.29
73.43 , 60.08
73.61 , 60.11
73.66 , 60.08
73.18 , 59.98
73.9 , 59.88
74.1 , 59.74
73.79 , 59.96
74.01 , 60.1
74.3 , 59.43
73.57 , 59.66
73.92 , 60.13
73.65 , 60.1
73.53 , 60.21
73.34 , 60.24
74.05 , 59.89
73.92 , 60.2
73.62 , 60.2
73.71 , 59.9
73.42 , 59.89
73.91 , 59.91
74.22 , 60.25
73.22 , 60.27
73.87 , 59.61
73.88 , 59.98
73.83 , 59.61
73.85 , 60.39
73.47 , 59.55
73.63 , 59.66
73.75 , 59.82
73.24 , 60.12
73.72 , 59.58
74.4 , 60.33
73.96 , 60.26
73.77 , 59.92
74.14 , 59.77
74.35 , 59.87
74.77 , 60.16
74.11 , 59.86
74.31 , 60.06
73.92 , 59.91
74.19 , 60.08
74.01 , 59.99
73.74 , 60.01
74.23 , 59.64
74.12 , 60.5
73.73 , 60.17
74.14 , 60.01
74.01 , 60.03
74.21 , 60.11
73.98 , 59.92
73.63 , 60.11
74.25 , 60.1
73.94 , 59.46
73.96 , 60.06
74.0 , 60.21
73.68 , 59.99
74.4 , 60.15
73.81 , 59.6
73.83 , 60.02
74.39 , 60.16
73.42 , 59.9
74.01 , 59.7
74.16 , 60.19
73.98 , 60.12
74.34 , 59.72
74.4 , 59.74
73.91 , 60.0
74.34 , 60.1
73.99 , 59.96
73.96 , 59.84
74.17 , 60.23
74.28 , 59.48
74.22 , 60.12
73.76 , 59.82
74.03 , 60.17
74.22 , 60.31
73.98 , 59.98
74.51 , 60.16
74.61 , 60.3
74.58 , 60.27
74.25 , 60.38
73.88 , 59.63
74.06 , 60.06
74.42 , 60.27
74.26 , 59.81
74.49 , 59.98
74.81 , 59.44
73.9 , 59.44
74.09 , 59.74
74.43 , 59.82
74.75 , 59.72
74.27 , 60.25
74.37 , 60.05
74.42 , 60.21
74.82 , 59.99
74.14 , 59.82
74.29 , 60.21
74.54 , 59.79
74.4 , 60.23
74.65 , 60.21
74.52 , 59.86
74.37 , 59.84
74.3 , 60.24
75.04 , 60.05
74.55 , 59.96
74.08 , 59.99
74.63 , 59.94
75.06 , 60.06
74.83 , 60.16
74.74 , 59.11
74.42 , 59.34
74.37 , 59.7
74.57 , 59.82
74.55 , 60.21
74.7 , 60.25
74.38 , 60.13
74.39 , 59.7
75.0 , 59.6
74.35 , 59.81
74.43 , 59.98
74.8 , 59.88
74.75 , 60.3
74.56 , 59.77
74.95 , 60.14
74.6 , 59.92
74.6 , 59.63
74.35 , 59.89
74.29 , 60.18
75.01 , 60.15
74.59 , 59.7
74.92 , 60.26
74.7 , 60.27
74.41 , 60.05
75.08 , 60.21
74.56 , 59.75
74.99 , 60.03
74.86 , 60.08
74.93 , 59.76
74.39 , 59.72
74.52 , 60.27
75.24 , 59.86
74.32 , 59.82
75.1 , 60.26
75.25 , 60.39
74.48 , 59.97
74.54 , 59.55
74.65 , 60.08
74.82 , 60.11
74.81 , 60.54
74.52 , 60.2
74.48 , 60.26
74.66 , 60.21
74.82 , 59.92
74.92 , 59.68
74.88 , 59.5
75.26 , 60.52
74.81 , 59.79
74.84 , 59.89
74.65 , 60.04
74.88 , 60.05
75.09 , 60.53
74.79 , 60.28
75.39 , 60.13
74.8 , 60.52
74.74 , 59.87
74.94 , 60.16
75.58 , 59.75
75.08 , 60.38
74.78 , 60.04
74.86 , 60.1
74.97 , 59.75
74.82 , 60.09
74.94 , 60.39
75.14 , 60.16
75.43 , 60.4
75.03 , 60.2
75.14 , 60.29
75.08 , 60.11
74.79 , 60.55
75.57 , 60.12
75.46 , 59.93
75.13 , 60.49
74.91 , 59.9
74.96 , 59.9
74.9 , 60.29
75.26 , 59.9
74.98 , 60.3
75.32 , 60.32
75.31 , 60.2
75.41 , 60.12
74.9 , 59.81
75.68 , 60.07
74.55 , 60.18
74.93 , 59.95
75.17 , 59.84
75.23 , 59.91
75.1 , 59.82
74.51 , 59.77
75.23 , 60.12
75.44 , 60.06
75.09 , 59.55
74.89 , 59.84
75.18 , 60.31
75.39 , 60.45
74.97 , 59.66
75.11 , 59.86
75.36 , 60.59
75.01 , 59.79
75.23 , 60.21
75.65 , 59.65
75.21 , 59.89
75.49 , 59.84
75.65 , 59.84
75.56 , 60.17
75.11 , 59.81
75.14 , 59.81
75.06 , 60.01
75.15 , 59.6
75.31 , 59.58
75.47 , 59.95
75.23 , 59.7
74.97 , 60.11
75.54 , 59.98
75.61 , 60.08
75.3 , 59.98
75.45 , 60.17
75.52 , 59.79
75.56 , 59.98
75.35 , 60.38
75.73 , 59.95
75.16 , 60.15
75.49 , 60.03
75.69 , 60.34
75.18 , 60.26
75.67 , 59.74
75.27 , 59.7
75.2 , 60.28
75.71 , 60.25
75.8 , 59.77
75.76 , 59.48
75.71 , 59.93
75.2 , 60.16
75.39 , 59.89
75.31 , 59.83
75.54 , 60.46
75.59 , 59.99
75.82 , 59.78
75.59 , 59.57
75.53 , 60.33
75.92 , 60.59
75.37 , 59.89
75.27 , 59.87
75.84 , 60.01
75.28 , 59.94
75.83 , 60.07
75.8 , 59.84
75.91 , 59.78
75.65 , 60.12
75.93 , 59.88
75.71 , 60.47
75.51 , 59.82
75.86 , 60.41
75.8 , 59.92
75.43 , 60.14
75.48 , 59.54
75.47 , 60.25
75.91 , 59.92
75.65 , 60.11
75.52 , 60.01
75.66 , 59.42
75.8 , 60.04
75.77 , 60.12
75.46 , 60.13
76.17 , 59.7
75.35 , 59.95
75.52 , 59.78
75.57 , 60.18
75.56 , 59.87
75.96 , 59.99
75.74 , 60.01
75.14 , 60.29
76.16 , 59.87
75.45 , 59.88
75.89 , 59.9
76.13 , 59.99
76.18 , 59.92
76.06 , 60.04
75.83 , 59.92
76.34 , 59.93
75.83 , 60.0
75.77 , 59.77
75.77 , 60.05
76.04 , 59.88
75.98 , 59.76
76.12 , 59.54
75.82 , 60.38
75.73 , 60.26
75.92 , 60.13
76.02 , 59.85
76.02 , 60.19
76.09 , 60.03
76.26 , 59.99
75.71 , 60.0
75.91 , 59.95
76.38 , 60.21
75.9 , 60.08
76.09 , 60.17
76.11 , 59.8
75.96 , 60.19
76.07 , 60.37
76.0 , 59.79
76.34 , 59.04
76.03 , 59.87
76.32 , 59.98
75.91 , 60.68
76.53 , 59.8
75.94 , 59.94
76.17 , 60.34
76.12 , 60.22
75.63 , 59.95
76.6 , 59.9
75.99 , 59.68
76.26 , 59.81
76.39 , 59.87
75.7 , 59.9
76.04 , 60.02
76.46 , 60.1
76.33 , 60.18
75.84 , 59.85
76.31 , 60.06
76.29 , 59.71
76.17 , 59.72
76.76 , 60.25
76.28 , 59.95
76.14 , 59.97
75.64 , 60.29
76.23 , 60.59
75.8 , 59.94
76.28 , 60.17
76.27 , 60.0
76.55 , 60.0
76.44 , 60.16
76.14 , 60.09
76.28 , 59.92
76.1 , 60.01
76.11 , 60.02
76.62 , 60.17
76.07 , 60.17
76.47 , 60.22
76.12 , 60.26
76.5 , 60.05
76.07 , 60.15
76.17 , 59.95
76.28 , 60.15
76.49 , 60.25
76.14 , 59.55
76.43 , 59.73
76.49 , 59.41
76.41 , 60.05
76.59 , 60.03
76.42 , 59.84
76.27 , 59.94
76.57 , 59.81
76.18 , 60.31
76.4 , 59.84
76.54 , 60.07
76.52 , 60.17
76.61 , 60.31
76.33 , 60.42
76.0 , 60.19
76.09 , 60.23
76.48 , 59.91
76.35 , 59.55
76.77 , 60.23
76.59 , 60.18
76.31 , 60.18
76.4 , 59.95
76.29 , 60.2
76.28 , 59.7
76.76 , 59.78
76.68 , 59.36
76.59 , 59.85
76.45 , 60.1
76.43 , 59.76
76.79 , 59.81
76.75 , 60.21
76.7 , 59.93
76.68 , 59.95
76.18 , 60.38
76.87 , 60.32
76.27 , 59.99
76.56 , 60.22
77.29 , 60.19
76.69 , 60.03
76.94 , 60.27
76.78 , 59.82
76.61 , 60.16
76.55 , 60.04
76.96 , 59.9
76.85 , 59.79
76.78 , 60.29
77.25 , 60.09
76.47 , 59.94
76.9 , 60.17
76.67 , 60.15
76.29 , 59.92
76.74 , 59.8
76.13 , 59.82
77.13 , 59.64
76.4 , 60.39
76.55 , 60.11
76.76 , 60.29
76.6 , 59.61
77.05 , 60.22
76.56 , 59.84
76.84 , 60.09
76.73 , 59.85
76.75 , 59.78
76.76 , 59.72
76.69 , 60.0
77.02 , 59.82
76.78 , 59.72
77.25 , 59.95
77.19 , 59.95
77.1 , 59.94
76.87 , 59.78
76.71 , 60.45
77.11 , 59.9
76.83 , 60.19
76.97 , 60.33
76.71 , 59.92
77.28 , 60.33
77.18 , 60.23
76.74 , 59.92
77.31 , 59.68
76.96 , 60.19
77.13 , 60.08
77.28 , 60.3
77.02 , 60.02
76.72 , 60.03
76.88 , 60.0
76.85 , 60.22
77.12 , 59.58
77.25 , 60.64
76.78 , 59.98
77.22 , 60.0
76.78 , 60.2
77.31 , 59.74
77.06 , 60.43
77.12 , 60.1
77.52 , 59.59
77.77 , 59.68
77.25 , 60.07
77.5 , 59.87
77.2 , 60.48
77.28 , 60.3
77.2 , 59.89
77.28 , 59.62
76.7 , 60.07
77.42 , 59.96
77.01 , 59.81
77.21 , 59.8
77.42 , 59.85
76.88 , 60.06
76.66 , 60.12
77.65 , 60.24
77.44 , 60.09
77.3 , 60.04
77.49 , 60.12
77.07 , 59.74
76.67 , 59.9
77.09 , 60.0
77.36 , 59.76
77.32 , 60.14
77.61 , 59.75
77.48 , 60.0
77.25 , 60.07
77.48 , 59.85
77.41 , 59.86
77.0 , 60.19
77.38 , 59.79
77.68 , 59.96
76.84 , 60.15
77.21 , 59.79
77.16 , 60.07
77.41 , 59.95
77.35 , 59.76
77.68 , 59.81
77.63 , 60.29
77.08 , 59.75
77.47 , 60.05
77.64 , 59.71
77.76 , 59.96
77.43 , 60.23
77.21 , 59.75
77.68 , 59.9
77.11 , 59.97
77.67 , 59.9
77.3 , 59.67
77.37 , 60.43
77.41 , 60.0
77.46 , 60.26
77.66 , 60.24
77.62 , 60.26
77.79 , 60.03
77.41 , 60.07
77.75 , 59.6
77.86 , 59.99
77.4 , 60.46
77.67 , 60.07
77.85 , 60.03
77.72 , 59.26
77.69 , 59.89
77.6 , 59.83
77.9 , 60.05
77.88 , 60.03
77.72 , 60.17
77.67 , 59.96
77.66 , 59.82
77.77 , 59.71
77.32 , 59.35
77.28 , 60.31
77.51 , 59.5
77.58 , 60.11
77.66 , 60.06
77.44 , 59.81
77.89 , 60.02
77.65 , 60.08
77.37 , 59.45
77.7 , 59.95
77.97 , 59.97
77.83 , 60.4
77.94 , 60.02
77.43 , 60.19
77.42 , 59.83
78.14 , 59.81
77.81 , 59.7
77.86 , 60.12
77.86 , 59.96
77.86 , 59.99
77.76 , 60.04
77.65 , 60.19
78.06 , 60.07
77.93 , 59.73
78.03 , 60.25
78.02 , 59.64
78.14 , 59.97
77.4 , 60.3
77.9 , 59.86
77.58 , 59.68
77.4 , 59.61
77.66 , 60.29
78.01 , 59.58
77.85 , 59.99
77.77 , 59.58
77.49 , 60.37
77.89 , 60.2
77.97 , 59.99
78.68 , 59.98
77.9 , 59.34
77.87 , 59.83
77.86 , 60.39
78.02 , 59.89
77.54 , 60.04
78.32 , 60.03
78.19 , 60.17
78.12 , 60.45
78.09 , 60.0
78.42 , 59.89
77.9 , 60.08
78.19 , 60.25
78.05 , 59.99
77.92 , 59.61
78.33 , 59.89
77.93 , 59.87
77.64 , 59.69
78.24 , 59.62
78.18 , 60.06
77.66 , 59.98
77.98 , 60.2
78.12 , 60.02
78.1 , 59.76
78.19 , 60.12
78.34 , 59.88
78.29 , 60.06
78.43 , 60.18
78.27 , 59.98
78.24 , 59.75
77.91 , 59.86
78.03 , 60.52
78.38 , 60.45
78.26 , 60.11
78.43 , 59.63
78.27 , 59.88
78.16 , 59.79
78.37 , 59.79
77.89 , 59.89
78.05 , 60.29
78.1 , 60.29
77.89 , 59.92
78.11 , 60.1
77.71 , 59.72
78.43 , 59.83
78.28 , 59.86
78.27 , 59.47
78.24 , 59.76
78.08 , 60.08
77.79 , 60.05
78.4 , 59.73
77.94 , 59.87
78.19 , 60.09
78.54 , 59.72
78.42 , 59.5
78.47 , 60.13
78.19 , 59.68
78.3 , 59.84
78.27 , 60.14
78.76 , 59.84
78.23 , 59.57
78.06 , 60.25
78.47 , 59.91
77.89 , 60.23
78.25 , 59.95
77.89 , 59.92
78.31 , 59.7
78.24 , 59.85
78.63 , 59.92
78.32 , 60.08
78.55 , 59.85
78.38 , 59.75
78.25 , 60.07
78.61 , 59.7
78.9 , 60.06
78.33 , 60.24
78.49 , 59.68
78.25 , 60.07
78.17 , 59.81
78.57 , 60.02
78.44 , 59.85
78.67 , 59.96
78.32 , 60.01
78.37 , 60.22
78.55 , 59.6
78.55 , 60.03
78.04 , 60.16
78.85 , 59.97
78.57 , 60.17
78.91 , 59.88
78.43 , 60.02
78.56 , 59.79
78.74 , 60.22
78.44 , 59.92
78.43 , 59.97
78.61 , 60.1
78.67 , 60.37
78.84 , 60.31
78.46 , 60.18
78.35 , 59.95
78.64 , 59.86
79.02 , 59.71
78.75 , 59.62
78.63 , 59.83
78.38 , 60.34
78.66 , 59.93
78.92 , 59.62
78.67 , 60.18
78.51 , 60.39
78.65 , 60.71
78.84 , 59.78
78.61 , 59.69
78.68 , 60.08
78.81 , 60.06
79.04 , 59.79
78.79 , 60.04
78.76 , 59.93
78.84 , 59.55
78.92 , 60.3
78.57 , 60.02
78.54 , 59.98
78.44 , 60.06
78.63 , 60.04
79.24 , 59.67
79.18 , 59.84
78.96 , 60.09
79.15 , 60.1
78.61 , 59.46
79.26 , 59.32
79.11 , 60.37
79.06 , 60.25
78.93 , 59.81
78.97 , 59.95
78.91 , 59.81
78.54 , 60.28
79.18 , 60.05
78.72 , 59.88
78.95 , 59.92
79.07 , 60.26
78.54 , 60.1
78.92 , 60.15
79.09 , 59.98
79.05 , 59.95
79.15 , 59.77
79.12 , 59.92
78.92 , 60.24
78.68 , 59.86
78.79 , 60.55
79.25 , 60.15
79.17 , 60.2
79.16 , 59.74
79.34 , 59.36
78.8 , 59.99
79.09 , 59.92
78.83 , 59.71
78.98 , 60.13
79.38 , 59.99
79.29 , 59.84
79.02 , 59.78
79.01 , 60.15
78.5 , 59.71
78.84 , 60.17
79.36 , 60.35
78.99 , 59.84
78.81 , 59.75
79.49 , 59.89
78.79 , 59.77
79.44 , 60.06
79.11 , 60.14
79.12 , 59.71
79.32 , 59.86
79.14 , 60.21
78.98 , 59.94
79.43 , 59.84
79.23 , 60.3
78.89 , 60.46
78.72 , 59.97
79.06 , 59.68
79.44 , 59.96
78.91 , 59.93
79.39 , 59.99
79.52 , 60.57
79.29 , 60.03
79.4 , 60.23
78.98 , 59.98
79.3 , 60.13
79.4 , 59.74
79.28 , 59.69
79.35 , 60.46
79.11 , 59.96
79.78 , 60.02
78.87 , 59.89
79.15 , 60.29
79.71 , 60.64
79.12 , 59.98
79.11 , 59.72
79.45 , 60.15
80.24 , 60.2
79.35 , 60.26
79.51 , 60.04
79.33 , 59.89
79.01 , 60.01
79.24 , 59.73
79.56 , 59.75
79.27 , 60.09
79.56 , 60.2
79.41 , 59.78
79.91 , 59.71
79.67 , 59.89
79.63 , 59.83
78.82 , 59.99
79.63 , 59.77
79.32 , 60.28
79.76 , 60.32
79.52 , 59.94
79.4 , 59.58
79.52 , 59.78
79.92 , 59.89
79.76 , 60.2
79.36 , 60.33
79.68 , 59.8
79.68 , 60.06
80.1 , 59.85
79.1 , 59.73
79.67 , 60.33
79.48 , 60.0
78.96 , 59.46
79.42 , 59.75
79.2 , 60.31
79.52 , 59.55
79.63 , 59.87
79.63 , 60.09
79.49 , 59.96
79.96 , 59.83
79.96 , 60.22
79.31 , 60.08
79.77 , 60.07
79.5 , 59.95
79.47 , 60.22
79.49 , 59.97
79.94 , 60.14
79.78 , 60.02
79.53 , 60.23
79.59 , 59.65
79.63 , 59.84
79.65 , 59.68
79.17 , 60.37
79.61 , 60.28
79.48 , 59.78
79.9 , 60.0
79.54 , 59.78
80.15 , 60.14
79.8 , 60.68
79.94 , 59.98
79.83 , 59.44
79.75 , 60.16
79.68 , 59.75
79.92 , 60.09
79.62 , 60.13
79.87 , 59.79
79.43 , 60.27
79.74 , 60.2
80.01 , 60.11
80.29 , 59.92
79.89 , 59.51
80.37 , 59.86
79.5 , 59.74
80.01 , 59.55
79.72 , 59.73
80.06 , 59.93
79.54 , 60.18
79.77 , 59.8
79.88 , 59.94
79.81 , 60.14
80.14 , 59.98
79.86 , 60.24
80.0 , 60.1
80.02 , 59.85
80.41 , 59.78
80.05 , 60.05
79.86 , 59.62
79.93 , 59.94
80.06 , 59.83
80.03 , 59.9
79.96 , 59.78
79.81 , 59.53
79.49 , 60.54
79.9 , 60.5
80.13 , 60.02
80.17 , 60.29
80.29 , 60.86
80.12 , 60.14
80.18 , 60.13
80.09 , 60.05
79.7 , 59.76
80.09 , 59.94
79.9 , 60.1
80.54 , 60.18
80.16 , 59.59
80.22 , 60.01
80.39 , 59.63
79.81 , 59.52
80.13 , 60.15
79.55 , 59.94
80.37 , 60.45
80.15 , 59.96
80.59 , 59.6
80.59 , 60.25
80.08 , 59.98
79.69 , 59.95
80.36 , 59.92
80.03 , 60.5
80.21 , 60.08
79.87 , 59.85
80.54 , 59.78
79.84 , 59.95
80.35 , 59.96
79.7 , 60.23
80.24 , 60.34
80.36 , 59.83
79.96 , 60.03
80.29 , 60.12
80.7 , 60.26
80.18 , 60.39
80.34 , 59.92
80.3 , 59.9
80.67 , 60.44
80.03 , 60.15
79.67 , 59.93
80.29 , 59.29
80.89 , 60.47
80.38 , 60.24
80.0 , 60.49
79.87 , 59.99
80.18 , 59.93
80.24 , 60.33
80.39 , 60.19
80.3 , 60.17
80.36 , 60.49
80.29 , 60.02
79.9 , 60.2
80.39 , 59.57
80.36 , 59.79
80.04 , 60.08
80.38 , 60.32
80.25 , 60.09
80.26 , 60.05
80.7 , 59.98
80.23 , 60.21
80.62 , 60.09
80.57 , 59.9
80.6 , 60.1
80.27 , 60.01
81.03 , 60.0
80.13 , 59.45
80.93 , 59.99
80.51 , 59.75
80.53 , 59.99
80.4 , 59.97
80.58 , 60.15
80.63 , 59.87
80.34 , 60.24
80.59 , 59.76
80.23 , 60.14
80.81 , 59.64
80.54 , 60.25
80.52 , 60.29
80.83 , 60.08
80.5 , 59.95
80.36 , 60.23
80.6 , 60.05
80.78 , 60.07
80.24 , 60.11
80.91 , 60.1
80.4 , 60.03
80.85 , 59.8
80.33 , 59.98
80.7 , 59.91
80.6 , 60.17
81.03 , 60.17
80.63 , 60.15
80.82 , 59.76
81.14 , 60.13
80.77 , 59.94
80.55 , 59.66
80.73 , 59.77
80.5 , 59.81
80.8 , 59.88
80.58 , 59.9
80.75 , 60.4
80.76 , 59.94
80.85 , 59.67
80.77 , 60.12
80.88 , 60.41
80.79 , 60.6
80.7 , 59.6
80.62 , 59.45
80.41 , 60.23
80.75 , 60.01
80.81 , 59.85
80.77 , 59.79
80.86 , 59.7
80.88 , 60.13
80.61 , 59.95
80.63 , 59.97
80.77 , 59.82
80.92 , 60.22
80.96 , 59.84
81.03 , 60.24
80.56 , 59.87
80.83 , 60.39
81.1 , 60.31
80.81 , 59.79
80.89 , 59.81
80.82 , 60.22
80.78 , 60.32
80.64 , 59.48
80.77 , 59.61
81.06 , 59.67
80.39 , 59.93
80.66 , 60.38
81.14 , 60.06
81.04 , 60.18
81.0 , 59.75
80.87 , 60.07
81.09 , 59.87
81.2 , 60.13
80.9 , 60.5
81.26 , 59.99
80.75 , 60.21
80.96 , 60.13
80.82 , 60.29
81.37 , 60.02
80.99 , 60.32
81.28 , 60.02
81.14 , 60.03
80.72 , 60.04
81.03 , 59.86
81.3 , 59.59
80.84 , 59.63
81.22 , 59.9
81.33 , 59.79
81.07 , 60.11
80.89 , 60.04
81.13 , 59.76
81.02 , 59.9
81.16 , 59.98
81.66 , 59.62
81.45 , 59.98
81.39 , 59.86
81.09 , 59.88
81.23 , 60.13
81.5 , 59.5
81.35 , 60.01
81.48 , 60.3
81.41 , 60.42
81.15 , 60.24
81.51 , 59.76
81.21 , 59.61
81.08 , 60.3
81.54 , 59.94
81.29 , 59.96
81.58 , 59.75
81.53 , 60.22
81.25 , 59.88
81.24 , 60.04
81.39 , 59.69
81.42 , 59.94
81.53 , 59.94
81.41 , 60.11
81.42 , 60.33
81.2 , 59.93
80.87 , 59.75
81.21 , 60.2
81.33 , 60.02
81.48 , 60.07
81.03 , 60.13
81.19 , 60.17
81.02 , 59.91
81.43 , 60.23
81.32 , 60.21
81.5 , 59.71
81.69 , 59.65
81.48 , 60.01
81.28 , 59.76
81.6 , 60.19
81.3 , 60.44
81.29 , 59.89
81.69 , 60.11
81.47 , 59.78
81.59 , 60.75
81.39 , 59.91
81.44 , 60.13
81.82 , 60.51
81.43 , 60.14
81.09 , 59.77
81.55 , 60.31
81.37 , 59.78
81.48 , 60.32
81.4 , 60.2
81.69 , 60.13
81.49 , 60.5
81.1 , 59.97
81.42 , 59.48
81.59 , 59.78
81.49 , 59.78
81.22 , 59.83
81.33 , 59.93
81.29 , 60.62
81.85 , 59.89
81.42 , 59.88
81.56 , 59.83
81.19 , 59.72
81.67 , 60.44
81.97 , 60.36
82.11 , 60.08
81.46 , 59.94
81.73 , 59.97
81.78 , 60.03
81.7 , 60.19
81.59 , 60.12
81.74 , 59.77
81.94 , 60.2
81.54 , 60.15
81.85 , 60.24
82.02 , 59.97
82.37 , 59.85
81.84 , 60.38
81.78 , 60.2
81.9 , 60.05
81.61 , 59.93
81.83 , 60.37
82.1 , 59.78
81.67 , 59.74
81.59 , 59.8
81.66 , 60.24
81.44 , 59.64
81.77 , 60.09
81.77 , 60.26
81.67 , 60.0
81.86 , 59.57
81.82 , 60.0
81.75 , 60.09
81.55 , 59.77
82.06 , 59.49
81.92 , 59.7
82.3 , 60.25
81.42 , 60.0
82.13 , 59.98
81.8 , 59.84
81.89 , 60.01
81.91 , 60.03
81.82 , 60.25
82.15 , 59.74
82.17 , 59.94
81.66 , 59.99
82.03 , 59.82
81.92 , 60.13
82.25 , 60.24
81.86 , 60.35
82.13 , 60.2
81.99 , 59.61
81.84 , 60.57
82.06 , 59.76
82.12 , 59.92
82.09 , 60.02
82.13 , 59.52
81.78 , 60.27
82.21 , 59.52
82.12 , 59.62
82.44 , 59.75
82.41 , 59.91
82.43 , 59.66
82.55 , 59.99
82.62 , 60.14
82.32 , 59.85
81.87 , 60.27
82.13 , 59.67
82.46 , 60.0
82.12 , 60.31
82.34 , 59.78
82.18 , 60.14
82.22 , 60.13
82.46 , 60.31
82.28 , 59.99
81.92 , 60.36
82.36 , 59.76
82.23 , 59.85
81.78 , 59.89
81.71 , 60.55
82.17 , 59.99
82.53 , 60.17
82.11 , 59.62
82.24 , 59.54
82.45 , 60.03
82.28 , 59.99
82.27 , 60.1
82.08 , 59.94
82.15 , 59.76
82.11 , 59.84
82.38 , 59.99
82.53 , 60.02
82.67 , 59.72
82.73 , 60.21
82.43 , 59.76
81.88 , 60.39
82.48 , 59.85
82.24 , 60.4
82.37 , 60.03
82.45 , 59.9
82.14 , 60.01
82.66 , 59.92
82.27 , 59.98
82.03 , 60.49
82.28 , 59.94
82.79 , 60.01
82.53 , 60.07
82.39 , 60.03
82.22 , 59.84
82.2 , 60.04
82.19 , 59.93
82.64 , 60.04
82.43 , 60.16
82.79 , 60.35
82.27 , 59.44
83.13 , 59.97
82.71 , 59.39
82.75 , 60.41
82.55 , 59.92
82.49 , 59.74
82.48 , 60.07
82.71 , 59.83
82.62 , 60.07
82.46 , 60.11
82.23 , 60.46
82.78 , 60.56
82.55 , 60.38
82.17 , 59.71
82.73 , 60.08
82.92 , 59.36
82.9 , 59.82
82.76 , 60.06
83.22 , 60.11
82.77 , 60.08
82.48 , 60.06
83.1 , 59.64
82.68 , 59.87
82.97 , 59.62
82.37 , 59.95
82.44 , 59.87
83.12 , 60.0
82.42 , 60.31
82.94 , 59.67
82.89 , 59.77
82.97 , 60.06
82.44 , 59.62
83.25 , 60.34
82.99 , 59.77
83.0 , 60.11
82.81 , 59.83
82.77 , 59.95
82.57 , 59.75
82.47 , 59.83
82.8 , 59.6
83.33 , 60.8
83.17 , 59.93
82.76 , 59.66
82.81 , 59.96
82.81 , 59.81
83.05 , 59.75
82.95 , 60.32
83.15 , 59.73
83.48 , 60.28
82.68 , 59.72
82.92 , 60.17
82.71 , 60.01
82.24 , 59.52
83.18 , 60.05
82.74 , 60.48
82.52 , 60.39
83.06 , 60.11
82.77 , 60.28
83.19 , 59.72
83.11 , 59.74
83.32 , 60.38
82.33 , 59.9
82.77 , 60.12
83.07 , 59.99
83.19 , 60.14
83.12 , 60.02
83.19 , 59.95
83.08 , 60.01
82.64 , 59.97
83.22 , 60.02
83.41 , 60.08
82.67 , 59.63
82.9 , 59.83
82.96 , 60.39
82.76 , 59.99
83.07 , 60.32
82.76 , 59.86
83.15 , 60.02
83.25 , 60.21
83.03 , 60.39
82.88 , 60.42
82.85 , 59.95
83.32 , 59.71
83.56 , 59.82
83.14 , 59.77
83.16 , 59.71
83.22 , 59.65
83.08 , 60.28
83.38 , 59.94
82.85 , 60.19
83.09 , 60.09
83.3 , 59.88
83.3 , 60.47
83.6 , 60.6
82.67 , 60.39
83.24 , 60.09
83.21 , 59.53
83.32 , 59.75
83.41 , 59.93
83.49 , 60.27
83.24 , 59.6
83.53 , 59.88
83.31 , 59.78
83.04 , 59.73
83.52 , 59.95
83.14 , 60.55
83.05 , 60.32
83.48 , 59.91
83.27 , 59.69
83.34 , 59.84
83.02 , 59.55
83.76 , 59.58
83.23 , 59.89
83.53 , 60.02
83.11 , 59.6
83.36 , 60.43
83.34 , 60.34
83.38 , 59.78
83.28 , 60.24
83.36 , 60.29
83.36 , 60.4
83.05 , 59.75
83.26 , 59.98
83.4 , 60.84
83.63 , 60.01
83.62 , 60.18
83.32 , 59.87
83.25 , 60.25
83.6 , 59.92
83.47 , 60.35
83.56 , 60.14
83.16 , 60.22
83.06 , 60.13
83.73 , 59.83
83.61 , 59.68
83.66 , 60.54
83.49 , 60.32
83.47 , 59.87
83.72 , 60.03
83.25 , 60.17
83.72 , 60.19
83.41 , 59.82
84.13 , 59.69
83.82 , 60.15
83.9 , 59.61
83.85 , 60.0
83.92 , 59.74
83.4 , 59.88
83.72 , 59.92
83.72 , 60.13
83.47 , 59.9
83.73 , 60.19
83.82 , 59.97
83.27 , 60.21
83.9 , 59.94
83.69 , 59.95
83.64 , 59.93
83.77 , 59.84
83.88 , 59.9
83.74 , 59.58
84.05 , 60.12
83.83 , 59.6
83.69 , 59.73
83.51 , 59.97
83.7 , 59.65
83.67 , 60.09
83.93 , 60.06
83.36 , 59.83
83.73 , 59.89
83.85 , 60.04
83.88 , 60.31
83.92 , 60.28
84.29 , 59.55
83.71 , 60.26
84.18 , 59.54
83.99 , 60.0
83.96 , 59.85
83.94 , 59.78
83.6 , 60.25
84.12 , 60.0
83.53 , 59.83
83.64 , 60.28
83.91 , 60.32
83.88 , 59.76
83.69 , 60.3
83.86 , 60.1
84.03 , 59.87
83.84 , 59.62
83.84 , 60.34
84.04 , 59.59
83.68 , 59.92
84.56 , 60.4
84.12 , 60.26
84.1 , 60.63
83.4 , 60.21
84.62 , 60.19
84.0 , 60.11
83.69 , 60.08
83.84 , 59.1
83.97 , 59.9
83.75 , 59.95
83.78 , 59.73
83.77 , 60.14
84.09 , 60.26
83.85 , 59.73
83.55 , 60.2
83.9 , 60.16
84.15 , 59.9
84.16 , 59.97
84.45 , 59.41
84.13 , 60.05
84.16 , 60.12
84.24 , 59.8
84.21 , 60.49
84.25 , 60.2
83.93 , 60.19
84.3 , 59.95
84.29 , 59.89
83.78 , 60.02
84.08 , 59.73
83.69 , 59.63
84.07 , 59.75
83.99 , 59.35
84.37 , 59.92
83.88 , 59.96
84.3 , 60.02
84.12 , 60.21
84.43 , 60.1
84.19 , 59.83
84.44 , 60.04
83.96 , 60.32
84.08 , 60.24
84.3 , 60.05
84.2 , 60.35
84.11 , 60.27
84.07 , 60.23
84.58 , 60.0
84.17 , 59.83
83.99 , 60.19
84.43 , 60.28
84.46 , 60.29
84.21 , 59.86
84.16 , 60.77
83.98 , 59.86
84.82 , 59.99
84.29 , 60.46
84.31 , 59.93
84.63 , 60.42
84.43 , 59.69
84.46 , 59.92
84.21 , 59.85
84.3 , 59.98
84.03 , 59.78
83.97 , 59.53
84.33 , 60.05
84.52 , 60.3
83.96 , 60.04
84.13 , 60.21
84.16 , 60.27
84.28 , 59.86
84.18 , 59.98
84.4 , 60.35
84.92 , 60.15
85.2 , 59.83
84.36 , 60.13
84.03 , 60.0
84.35 , 60.35
84.81 , 59.8
84.55 , 59.53
84.29 , 59.92
84.62 , 59.93
84.26 , 60.04
84.42 , 60.09
84.1 , 60.05
85.01 , 59.76
84.39 , 60.35
84.51 , 59.9
85.01 , 60.45
84.96 , 59.99
84.41 , 59.96
84.82 , 60.16
84.58 , 60.11
84.78 , 60.37
84.7 , 60.15
84.35 , 60.08
84.1 , 60.01
84.79 , 60.13
85.04 , 60.02
84.47 , 59.93
85.02 , 60.07
84.81 , 60.03
84.75 , 59.97
84.69 , 60.17
84.71 , 60.26
84.7 , 59.93
84.61 , 59.6
85.04 , 59.98
84.84 , 60.37
84.79 , 60.46
84.78 , 59.78
84.91 , 60.02
85.3 , 60.03
84.72 , 60.36
84.99 , 59.73
84.17 , 60.18
84.28 , 59.87
84.91 , 60.09
85.0 , 60.07
84.53 , 60.06
84.62 , 59.99
84.63 , 60.24
84.65 , 59.73
84.62 , 59.7
85.02 , 60.08
84.54 , 59.82
85.35 , 59.9
84.9 , 60.05
84.8 , 59.99
84.83 , 60.57
84.84 , 59.81
84.6 , 60.34
84.95 , 60.24
84.91 , 59.73
84.68 , 60.01
84.85 , 59.67
84.61 , 60.12
84.94 , 59.63
84.69 , 60.26
85.18 , 60.21
84.84 , 60.35
84.82 , 59.81
85.37 , 59.68
85.21 , 60.11
85.2 , 59.87
84.77 , 59.75
85.06 , 59.91
84.72 , 60.02
85.5 , 59.62
84.99 , 60.22
85.06 , 59.73
85.0 , 60.25
85.37 , 60.25
85.17 , 60.28
84.92 , 60.07
84.94 , 59.63
85.13 , 60.06
85.19 , 59.86
84.92 , 59.74
85.2 , 59.68
84.94 , 60.18
85.19 , 60.65
84.8 , 60.22
85.48 , 59.97
84.81 , 60.17
85.04 , 60.03
85.6 , 60.0
85.5 , 59.62
85.22 , 60.14
85.32 , 59.9
85.16 , 60.1
85.19 , 59.6
85.13 , 59.9
85.42 , 60.1
85.31 , 60.24
85.27 , 60.11
85.5 , 59.92
84.98 , 59.7
84.82 , 59.71
85.31 , 60.03
85.18 , 60.21
85.26 , 60.12
84.9 , 59.89
85.58 , 60.1
85.36 , 60.13
85.03 , 60.34
85.43 , 60.13
85.73 , 59.93
85.37 , 59.74
85.46 , 60.37
85.45 , 60.36
85.34 , 59.94
85.25 , 60.36
85.47 , 59.57
85.23 , 59.8
85.49 , 60.07
85.55 , 59.96
84.82 , 59.67
85.32 , 59.89
85.69 , 59.89
85.16 , 60.14
85.42 , 59.4
85.45 , 59.84
85.09 , 59.97
85.55 , 60.03
85.34 , 59.98
85.47 , 59.89
85.45 , 59.75
85.04 , 59.79
85.37 , 60.43
85.19 , 59.89
85.45 , 59.49
85.61 , 60.33
85.29 , 60.19
85.63 , 59.17
85.68 , 60.22
84.79 , 60.29
85.15 , 60.28
85.2 , 59.69
85.75 , 60.12
85.41 , 59.62
85.65 , 60.23
85.66 , 59.8
85.9 , 59.87
86.21 , 60.21
85.46 , 60.39
85.7 , 60.35
85.62 , 59.93
85.4 , 60.13
85.85 , 60.01
85.73 , 60.48
85.49 , 60.09
85.55 , 59.71
86.0 , 60.3
85.63 , 60.31
85.37 , 60.35
85.69 , 60.12
85.96 , 60.16
85.53 , 60.36
86.11 , 60.2
85.55 , 60.22
85.8 , 59.49
85.49 , 60.39
86.11 , 59.87
86.24 , 60.09
85.89 , 59.84
85.41 , 60.29
85.96 , 59.97
85.92 , 59.79
85.82 , 60.05
85.83 , 59.69
85.85 , 60.11
85.64 , 60.02
85.99 , 60.36
85.78 , 60.03
85.99 , 59.73
86.12 , 59.78
85.46 , 59.65
85.77 , 60.2
86.02 , 60.26
85.51 , 59.64
85.71 , 60.06
86.06 , 60.03
85.91 , 59.6
86.05 , 59.95
85.57 , 59.86
85.87 , 59.88
85.9 , 60.13
86.32 , 60.17
86.23 , 60.42
85.57 , 60.25
85.61 , 60.07
85.79 , 60.03
86.58 , 60.02
86.18 , 59.96
85.96 , 59.94
86.32 , 60.21
85.73 , 59.42
85.52 , 59.86
85.8 , 60.21
86.03 , 60.1
86.3 , 59.69
86.32 , 60.39
85.72 , 60.03
85.69 , 60.36
86.57 , 59.78
86.16 , 59.86
86.3 , 60.08
86.26 , 59.99
85.97 , 60.29
86.09 , 59.93
85.92 , 59.68
86.45 , 59.97
86.01 , 60.14
86.34 , 59.64
86.35 , 60.05
86.37 , 59.65
86.88 , 59.73
86.14 , 60.78
86.23 , 59.79
86.37 , 59.91
86.18 , 60.56
86.27 , 59.69
86.22 , 59.63
86.21 , 60.0
85.93 , 60.09
85.69 , 60.05
85.96 , 60.21
85.87 , 60.1
86.24 , 60.19
86.0 , 59.69
86.52 , 59.88
86.05 , 60.16
86.32 , 59.92
85.95 , 60.27
85.93 , 60.02
86.39 , 59.73
86.39 , 59.84
86.21 , 60.23
85.88 , 60.11
86.39 , 60.04
86.64 , 59.82
86.09 , 60.08
86.29 , 59.95
85.53 , 60.21
86.53 , 60.21
85.91 , 60.06
86.37 , 59.64
86.28 , 59.8
86.3 , 60.61
86.63 , 59.84
86.26 , 60.06
86.24 , 59.89
86.0 , 59.98
86.24 , 60.07
86.79 , 59.69
86.46 , 59.83
86.63 , 59.84
86.42 , 59.91
86.33 , 60.58
86.3 , 60.02
86.81 , 59.71
86.32 , 60.26
85.94 , 59.91
85.8 , 60.17
86.32 , 59.99
86.23 , 60.21
86.42 , 60.09
86.58 , 60.05
86.05 , 59.98
86.52 , 59.98
86.64 , 59.89
86.36 , 59.35
86.76 , 59.71
86.56 , 60.18
86.44 , 60.03
86.63 , 60.14
86.31 , 60.12
86.65 , 60.36
86.43 , 60.06
86.71 , 60.19
86.65 , 60.25
86.36 , 60.15
86.79 , 60.06
86.5 , 60.32
86.46 , 60.11
86.9 , 59.69
86.64 , 60.05
86.53 , 59.68
86.54 , 60.21
86.11 , 59.95
86.81 , 59.7
86.59 , 59.88
86.46 , 59.65
86.39 , 59.9
86.52 , 60.35
86.79 , 60.09
86.86 , 60.12
86.59 , 59.83
86.67 , 60.55
86.61 , 59.95
86.63 , 59.7
87.23 , 60.34
87.14 , 60.05
86.67 , 60.12
86.73 , 59.9
86.69 , 59.69
86.71 , 59.7
87.28 , 59.62
86.97 , 60.22
87.12 , 59.6
87.04 , 59.94
86.79 , 59.87
86.62 , 59.86
86.71 , 60.16
86.72 , 60.39
86.95 , 60.0
87.25 , 59.87
87.21 , 59.96
86.91 , 60.28
86.53 , 59.68
86.99 , 59.88
86.73 , 59.92
86.84 , 59.74
86.79 , 60.08
86.6 , 59.9
86.75 , 59.6
87.34 , 60.08
86.81 , 60.08
86.94 , 60.56
87.1 , 59.94
86.97 , 60.13
87.08 , 60.19
86.97 , 59.89
87.32 , 59.78
86.81 , 59.75
86.88 , 60.17
86.91 , 60.01
86.77 , 59.63
86.88 , 60.22
86.89 , 60.24
87.23 , 60.18
87.11 , 60.01
87.39 , 59.99
86.63 , 60.52
87.18 , 59.89
87.27 , 60.02
87.07 , 59.81
87.28 , 60.0
86.96 , 60.08
87.21 , 59.89
87.58 , 59.83
87.38 , 60.19
87.32 , 59.85
87.35 , 60.06
87.07 , 59.93
87.01 , 60.46
87.42 , 60.06
87.13 , 60.17
87.03 , 59.7
87.21 , 59.72
86.81 , 59.99
87.16 , 60.07
87.5 , 60.34
87.32 , 59.99
87.08 , 60.18
87.37 , 60.47
87.07 , 60.1
87.02 , 59.65
87.18 , 59.76
86.99 , 59.78
87.68 , 59.81
87.38 , 60.17
87.39 , 60.18
87.52 , 59.96
87.39 , 59.54
87.2 , 59.98
87.28 , 60.03
87.8 , 59.94
86.84 , 59.97
87.22 , 60.2
87.34 , 60.18
87.41 , 59.91
87.76 , 59.89
87.08 , 59.86
87.52 , 59.69
87.02 , 60.31
87.5 , 60.63
87.18 , 60.32
87.45 , 60.02
87.72 , 59.64
87.47 , 59.8
87.21 , 60.35
86.74 , 59.6
87.38 , 59.68
87.23 , 60.21
87.66 , 59.84
87.54 , 60.01
87.49 , 59.93
87.38 , 60.16
87.69 , 59.9
87.6 , 59.54
87.75 , 60.28
87.44 , 60.31
87.8 , 60.28
87.41 , 60.81
87.86 , 60.23
87.55 , 60.28
87.5 , 60.16
87.68 , 60.25
87.46 , 59.97
87.82 , 60.16
88.04 , 60.08
87.62 , 60.03
87.33 , 59.86
87.36 , 59.99
87.8 , 60.23
87.43 , 60.02
87.85 , 60.02
87.45 , 59.91
87.61 , 60.17
88.02 , 59.64
87.37 , 60.14
87.51 , 60.45
87.82 , 59.91
87.84 , 60.33
87.94 , 60.32
87.99 , 59.78
87.84 , 59.96
87.8 , 60.0
87.52 , 59.99
87.19 , 60.34
88.1 , 59.91
87.89 , 60.2
87.92 , 60.45
88.08 , 59.72
87.61 , 60.33
87.22 , 60.26
87.78 , 59.71
88.07 , 60.04
87.93 , 60.04
87.7 , 60.09
87.47 , 60.01
87.93 , 59.81
87.53 , 59.82
87.67 , 60.01
87.88 , 59.48
87.85 , 60.53
88.05 , 59.84
87.72 , 59.99
87.59 , 59.62
88.16 , 60.12
87.99 , 60.1
88.14 , 59.83
87.94 , 60.01
87.7 , 59.81
87.61 , 60.0
87.72 , 60.23
86.72 , 60.11
88.27 , 59.67
88.18 , 59.69
88.37 , 59.73
87.83 , 59.98
88.16 , 60.16
87.92 , 60.25
87.95 , 59.78
87.62 , 60.09
87.43 , 59.62
87.9 , 59.4
87.97 , 59.92
88.0 , 59.88
88.04 , 60.06
88.07 , 59.97
88.15 , 59.86
88.05 , 59.95
87.98 , 59.77
88.03 , 60.06
88.21 , 60.32
87.5 , 59.88
88.89 , 60.12
88.01 , 60.31
87.72 , 59.67
87.96 , 60.21
88.59 , 59.65
88.0 , 60.06
88.32 , 60.01
88.12 , 60.02
88.15 , 60.06
88.59 , 60.18
88.37 , 59.87
88.6 , 60.11
88.23 , 60.04
88.26 , 60.29
88.18 , 59.94
87.76 , 59.64
88.37 , 60.26
87.99 , 60.19
87.57 , 59.61
88.34 , 59.71
87.87 , 60.14
88.18 , 59.54
88.04 , 60.02
88.18 , 60.02
88.18 , 59.58
88.65 , 60.44
88.39 , 59.92
88.0 , 60.41
88.04 , 59.59
88.19 , 60.03
88.29 , 59.65
88.4 , 59.73
88.16 , 60.05
88.37 , 59.39
88.21 , 59.85
88.17 , 59.94
88.14 , 60.0
88.36 , 60.01
88.7 , 60.07
88.33 , 60.17
88.18 , 59.84
87.86 , 59.81
88.67 , 60.02
88.25 , 59.83
88.7 , 60.23
88.94 , 60.33
88.15 , 59.74
88.64 , 59.71
88.11 , 59.99
88.13 , 60.18
87.97 , 59.58
88.13 , 59.84
88.85 , 59.96
88.83 , 60.02
88.3 , 60.42
88.73 , 60.17
88.22 , 59.92
88.36 , 59.57
88.61 , 59.38
88.84 , 59.82
88.37 , 59.94
88.46 , 60.27
88.48 , 59.96
88.76 , 60.33
88.39 , 60.36
88.42 , 60.33
88.63 , 59.92
89.0 , 59.86
89.09 , 59.9
88.28 , 59.91
88.78 , 59.71
89.08 , 59.93
88.46 , 59.66
88.61 , 60.59
88.41 , 59.87
89.01 , 59.36
88.72 , 59.88
89.09 , 60.34
88.8 , 60.36
88.94 , 60.29
88.7 , 59.86
88.61 , 59.91
89.03 , 60.37
88.74 , 59.65
89.01 , 59.87
88.03 , 60.31
88.34 , 59.87
88.67 , 60.51
88.6 , 60.2
88.17 , 60.48
88.98 , 59.98
89.1 , 60.08
88.55 , 59.81
89.11 , 59.67
88.61 , 60.19
88.81 , 59.4
88.6 , 60.24
88.99 , 60.51
88.68 , 60.28
88.47 , 60.17
88.64 , 59.88
88.07 , 59.74
88.7 , 60.37
88.8 , 59.93
88.89 , 59.65
88.97 , 59.8
88.93 , 60.1
89.21 , 60.39
88.68 , 60.27
89.01 , 59.6
89.07 , 60.05
89.51 , 59.76
88.65 , 59.96
88.94 , 59.72
88.97 , 60.1
89.34 , 60.05
88.54 , 59.78
89.33 , 60.0
88.89 , 60.42
88.67 , 60.16
88.97 , 60.1
89.17 , 60.07
88.24 , 59.82
89.48 , 60.23
89.62 , 60.11
88.66 , 60.21
89.08 , 59.92
88.9 , 59.98
89.19 , 59.9
89.61 , 60.19
88.89 , 60.13
89.15 , 60.02
88.97 , 59.87
88.89 , 59.63
89.23 , 59.86
89.03 , 60.4
88.73 , 59.75
88.82 , 60.12
89.42 , 59.56
89.22 , 59.75
89.41 , 59.73
88.95 , 60.29
88.6 , 60.29
89.11 , 60.27
88.9 , 60.13
89.23 , 59.94
89.3 , 60.12
89.4 , 59.95
88.93 , 60.21
89.28 , 59.78
89.47 , 59.69
89.57 , 60.04
89.12 , 59.95
89.19 , 59.86
88.62 , 60.05
89.22 , 59.96
89.4 , 60.04
89.09 , 60.57
89.0 , 59.9
89.49 , 60.04
89.22 , 59.81
88.98 , 59.71
89.38 , 60.08
88.92 , 59.59
89.53 , 60.35
89.36 , 60.44
89.13 , 59.85
89.44 , 59.73
89.34 , 59.96
88.88 , 59.79
89.35 , 60.36
89.45 , 59.84
89.72 , 59.76
89.5 , 60.24
89.46 , 60.25
89.53 , 60.15
89.42 , 60.2
89.28 , 60.43
89.39 , 60.17
89.12 , 60.05
89.79 , 59.64
89.07 , 59.94
89.48 , 60.4
88.86 , 60.27
89.48 , 60.16
89.56 , 60.31
89.24 , 60.15
89.55 , 60.44
89.74 , 60.23
89.3 , 59.86
89.37 , 59.81
89.35 , 60.12
89.62 , 60.15
89.44 , 60.01
89.35 , 60.29
89.82 , 60.06
89.89 , 60.13
89.55 , 59.94
89.65 , 60.0
89.59 , 59.88
89.5 , 60.07
89.42 , 60.42
89.65 , 59.86
89.36 , 59.7
89.8 , 60.14
89.41 , 60.15
89.31 , 59.7
89.31 , 59.72
89.67 , 60.0
89.76 , 60.11
89.58 , 60.02
89.24 , 59.87
89.74 , 60.07
89.67 , 59.91
89.29 , 60.0
90.11 , 59.55
89.99 , 59.64
89.63 , 60.31
89.71 , 59.93
89.93 , 59.87
89.36 , 60.43
89.73 , 59.89
89.97 , 59.86
89.73 , 60.37
89.3 , 59.81
89.75 , 59.37
89.72 , 60.06
89.84 , 59.82
89.77 , 59.62
89.77 , 60.02
89.45 , 59.99
89.6 , 60.24
89.76 , 59.74
89.96 , 59.69
89.42 , 59.57
89.83 , 60.34
89.21 , 59.65
89.59 , 59.54
89.54 , 60.0
89.75 , 59.73
89.62 , 60.06
90.22 , 59.84
89.82 , 60.51
90.03 , 60.26
89.81 , 59.66
89.98 , 60.09
89.83 , 60.12
90.02 , 60.04
89.57 , 59.66
90.04 , 60.23
89.85 , 60.2
89.63 , 59.79
90.3 , 59.89
89.96 , 60.15
90.19 , 60.09
90.47 , 59.96
90.03 , 59.91
90.49 , 59.95
89.67 , 60.03
89.72 , 60.0
89.76 , 60.0
89.49 , 59.7
89.93 , 59.74
89.93 , 59.82
90.21 , 59.62
89.72 , 60.06
90.26 , 59.87
89.85 , 59.94
89.57 , 59.85
89.96 , 60.23
89.96 , 59.59
89.89 , 60.06
90.27 , 60.09
90.31 , 60.08
90.23 , 59.79
90.19 , 59.85
89.96 , 60.03
90.09 , 59.82
90.27 , 60.14
90.18 , 59.79
89.76 , 59.75
89.89 , 59.45
89.6 , 59.74
90.0 , 59.53
89.76 , 59.62
90.25 , 59.79
89.86 , 60.11
90.06 , 59.91
89.79 , 59.45
90.04 , 60.15
89.92 , 59.86
89.61 , 59.5
90.27 , 59.58
89.75 , 59.65
90.07 , 59.85
90.18 , 60.01
89.8 , 59.95
89.97 , 60.09
90.02 , 59.73
90.41 , 59.89
90.32 , 59.14
90.33 , 59.56
90.11 , 59.75
90.45 , 59.41
89.96 , 59.48
90.25 , 59.54
90.04 , 59.68
89.84 , 59.56
90.02 , 59.57
90.06 , 59.69
89.55 , 59.64
89.9 , 59.94
90.07 , 59.82
89.94 , 59.46
89.86 , 59.3
90.2 , 59.88
89.91 , 59.61
90.11 , 59.76
90.01 , 59.4
90.5 , 59.65
90.36 , 59.56
90.48 , 59.46
90.54 , 59.55
90.14 , 59.65
90.21 , 59.35
90.05 , 59.72
90.28 , 59.81
89.72 , 59.85
90.15 , 59.55
90.72 , 59.57
90.18 , 58.95
89.86 , 59.1
89.85 , 59.37
90.28 , 58.77
90.07 , 59.42
89.75 , 59.65
90.38 , 59.86
90.46 , 58.95
90.49 , 59.38
89.5 , 59.2
89.96 , 59.07
90.28 , 59.77
90.39 , 59.23
90.01 , 59.6
89.96 , 59.35
90.48 , 59.48
90.11 , 59.72
90.19 , 59.4
90.05 , 59.46
89.44 , 59.19
90.18 , 59.53
90.19 , 59.2
89.92 , 59.3
90.09 , 58.89
90.23 , 59.27
90.4 , 59.58
90.18 , 59.36
90.06 , 59.28
90.42 , 58.99
89.76 , 59.5
89.85 , 59.52
90.14 , 59.16
90.15 , 59.51
90.17 , 59.1
90.2 , 59.51
90.08 , 58.96
90.17 , 59.27
90.1 , 59.45
90.3 , 59.3
90.1 , 58.53
89.7 , 59.21
89.99 , 59.21
90.11 , 58.79
90.04 , 59.43
90.35 , 59.34
90.02 , 59.43
90.18 , 58.96
89.96 , 58.95
89.72 , 59.26
89.58 , 59.21
89.67 , 59.15
90.25 , 59.57
90.09 , 59.14
89.62 , 59.04
90.35 , 59.22
89.79 , 58.93
90.03 , 59.15
90.67 , 59.07
90.24 , 58.84
89.91 , 58.37
89.88 , 59.25
90.04 , 59.12
90.27 , 58.78
89.96 , 58.87
90.07 , 59.24
90.06 , 58.97
90.17 , 58.45
90.27 , 59.36
90.1 , 59.48
90.07 , 58.91
89.96 , 58.69
90.26 , 58.93
89.94 , 58.9
90.02 , 59.1
90.16 , 58.68
90.38 , 58.66
90.19 , 59.11
90.03 , 58.71
90.39 , 59.26
90.32 , 58.85
90.43 , 59.23
90.28 , 58.93
90.2 , 58.76
90.28 , 58.63
90.36 , 58.7
90.29 , 58.74
90.1 , 59.43
90.0 , 58.54
90.63 , 58.92
90.11 , 59.09
90.11 , 58.55
90.07 , 58.88
90.15 , 58.56
89.95 , 58.64
89.98 , 58.8
89.89 , 59.08
89.98 , 58.48
89.89 , 58.98
90.41 , 58.76
90.21 , 58.81
90.01 , 58.38
90.23 , 58.74
90.02 , 59.08
90.06 , 58.85
90.17 , 59.41
89.89 , 58.83
90.37 , 58.63
90.45 , 58.83
90.22 , 58.5
90.23 , 58.64
90.55 , 58.8
90.64 , 58.6
90.28 , 59.24
90.15 , 58.75
89.77 , 59.08
90.35 , 58.55
90.17 , 58.84
90.1 , 58.66
90.12 , 58.22
90.1 , 58.74
90.59 , 58.84
90.0 , 58.91
90.67 , 58.82
89.97 , 58.32
90.4 , 58.6
90.15 , 58.48
89.97 , 58.87
90.2 , 58.67
90.29 , 58.75
90.23 , 58.88
90.12 , 58.47
89.98 , 58.81
90.37 , 58.45
90.4 , 58.9
90.04 , 58.27
89.63 , 58.65
90.05 , 58.88
90.3 , 58.22
90.27 , 58.63
90.38 , 59.05
89.97 , 58.76
89.95 , 58.18
90.31 , 58.43
90.33 , 58.84
90.31 , 58.54
90.26 , 58.21
90.07 , 58.5
90.57 , 58.5
90.24 , 57.78
90.17 , 58.28
90.5 , 58.39
89.96 , 58.56
90.06 , 58.12
89.95 , 58.15
90.2 , 58.13
89.97 , 58.22
90.79 , 58.63
90.77 , 58.15
90.56 , 58.21
90.1 , 58.35
90.45 , 58.34
90.44 , 58.43
90.33 , 58.51
90.02 , 58.08
91.2 , 58.58
90.68 , 58.47
90.1 , 58.15
90.14 , 57.89
90.28 , 57.56
90.56 , 58.02
89.57 , 58.43
90.08 , 57.97
90.5 , 58.34
90.2 , 58.34
90.49 , 58.1
90.46 , 57.92
90.15 , 58.04
89.92 , 58.16
90.21 , 57.97
90.05 , 57.84
90.07 , 58.17
90.06 , 58.12
90.55 , 58.52
90.65 , 58.22
90.29 , 58.29
89.73 , 58.03
90.3 , 58.22
90.15 , 58.21
90.14 , 57.73
90.24 , 58.11
90.09 , 58.25
90.54 , 57.94
90.51 , 58.46
89.67 , 58.08
90.42 , 57.44
90.01 , 58.05
90.13 , 57.5
90.4 , 57.96
90.62 , 58.42
89.95 , 57.68
90.27 , 58.11
90.65 , 58.16
90.62 , 58.05
90.23 , 58.0
90.23 , 57.88
90.25 , 58.23
90.38 , 57.69
90.24 , 58.05
90.05 , 58.33
90.41 , 58.03
90.4 , 57.83
90.1 , 58.02
90.55 , 58.27
90.18 , 57.99
90.45 , 58.14
90.07 , 57.96
89.77 , 58.26
90.44 , 57.88
90.33 , 57.66
90.24 , 57.72
90.29 , 57.63
90.11 , 57.82
90.29 , 57.83
90.49 , 58.04
89.85 , 58.15
90.49 , 57.73
90.12 , 57.83
90.36 , 57.99
90.52 , 58.56
90.15 , 57.56
90.32 , 57.97
90.04 , 57.55
90.53 , 57.65
90.12 , 57.54
90.58 , 57.54
90.03 , 57.6
90.86 , 57.92
90.7 , 57.53
90.47 , 57.76
90.23 , 57.56
90.07 , 57.64
90.42 , 57.6
90.37 , 57.6
90.87 , 57.57
90.35 , 57.41
89.87 , 57.39
90.37 , 57.87
90.34 , 57.94
89.86 , 58.11
90.23 , 57.26
90.49 , 57.74
90.44 , 57.34
89.69 , 58.06
90.41 , 57.67
90.59 , 57.94
90.43 , 57.54
90.49 , 57.88
90.45 , 57.77
90.58 , 57.68
90.07 , 57.54
90.12 , 57.97
90.09 , 57.99
90.47 , 57.53
90.45 , 57.47
90.66 , 57.3
90.4 , 57.66
90.41 , 57.77
90.56 , 57.62
90.61 , 57.33
90.29 , 57.37
90.66 , 57.5
90.95 , 57.51
90.29 , 57.35
90.05 , 57.22
90.18 , 57.53
90.45 , 57.45
90.03 , 57.27
90.19 , 57.29
90.54 , 57.12
90.52 , 56.88
90.23 , 57.08
90.39 , 57.84
90.11 , 57.34
90.59 , 57.53
90.62 , 57.05
90.14 , 57.26
90.38 , 57.51
90.4 , 57.43
90.64 , 57.37
90.17 , 57.64
90.31 , 57.29
89.8 , 57.45
90.48 , 56.96
90.9 , 57.08
89.96 , 56.96
90.86 , 57.74
90.01 , 57.44
90.36 , 57.2
90.02 , 57.1
90.27 , 57.13
90.18 , 57.42
90.45 , 57.8
90.56 , 56.77
90.63 , 57.35
90.38 , 57.28
90.37 , 57.54
89.94 , 57.55
90.22 , 57.64
90.11 , 57.2
90.61 , 56.98
90.46 , 57.51
89.93 , 57.32
90.15 , 56.65
90.25 , 57.33
90.12 , 56.86
90.22 , 57.18
90.53 , 56.67
90.34 , 56.89
90.83 , 57.4
90.74 , 56.83
90.32 , 56.91
90.36 , 57.0
90.14 , 57.34
90.31 , 57.25
90.41 , 56.93
90.21 , 56.64
90.35 , 56.99
90.76 , 57.39
90.88 , 56.65
90.52 , 57.14
90.54 , 56.93
90.64 , 57.3
90.35 , 57.43
90.32 , 56.97
90.81 , 56.81
90.73 , 56.85
90.17 , 56.57
90.21 , 57.1
90.45 , 56.82
90.12 , 57.37
90.68 , 56.9
90.63 , 56.94
90.48 , 57.03
90.76 , 57.66
90.23 , 56.9
90.81 , 56.9
90.44 , 57.28
90.29 , 56.79
90.67 , 57.01
90.14 , 57.01
90.37 , 57.03
90.78 , 57.03
90.73 , 56.92
90.45 , 56.85
90.47 , 57.16
90.54 , 56.35
90.59 , 56.95
89.79 , 56.3
90.79 , 56.46
90.28 , 56.92
90.41 , 56.98
90.45 , 56.88
90.04 , 56.6
90.34 , 56.88
90.4 , 56.87
90.32 , 56.94
90.39 , 56.53
89.96 , 56.89
90.07 , 56.88
90.73 , 56.79
90.41 , 56.83
90.51 , 57.01
90.28 , 56.94
90.62 , 57.07
90.63 , 56.57
90.84 , 56.48
90.81 , 57.0
90.99 , 56.14
89.94 , 56.88
90.5 , 56.39
90.43 , 56.75
90.84 , 57.02
90.5 , 56.33
90.34 , 56.67
90.35 , 56.45
90.32 , 56.52
90.8 , 56.68
90.76 , 56.6
90.53 , 56.86
90.25 , 56.5
90.47 , 56.61
90.29 , 56.36
90.92 , 56.59
90.29 , 56.89
90.81 , 56.9
90.34 , 56.66
90.37 , 56.54
90.64 , 56.19
90.09 , 56.81
90.99 , 56.68
90.46 , 56.41
90.66 , 56.57
90.8 , 57.09
90.18 , 56.38
90.79 , 56.15
90.89 , 56.51
90.17 , 56.34
90.4 , 56.29
90.45 , 56.83
90.34 , 55.95
90.47 , 56.53
90.59 , 56.59
90.81 , 56.9
90.85 , 56.63
90.73 , 56.53
90.21 , 56.08
90.58 , 56.62
90.38 , 56.63
90.49 , 56.23
90.26 , 56.18
90.52 , 56.09
90.04 , 56.39
90.88 , 56.37
90.37 , 56.4
90.35 , 56.19
90.87 , 56.18
90.91 , 56.38
90.25 , 56.7
90.46 , 56.11
90.21 , 56.47
90.71 , 56.3
90.59 , 56.34
90.2 , 55.75
90.55 , 56.3
90.14 , 56.12
90.52 , 56.37
90.76 , 56.05
90.64 , 56.72
90.64 , 56.41
90.3 , 56.24
90.08 , 56.5
90.34 , 56.39
90.29 , 56.06
90.6 , 56.28
90.78 , 56.23
90.8 , 56.58
90.71 , 55.98
90.47 , 56.3
90.86 , 56.19
90.93 , 56.15
91.0 , 56.12
90.4 , 55.94
90.53 , 56.41
90.05 , 56.15
90.89 , 56.08
90.55 , 56.08
90.4 , 56.29
90.23 , 55.92
90.53 , 56.08
90.73 , 55.8
90.36 , 55.86
90.65 , 55.93
90.49 , 55.96
90.69 , 56.01
90.32 , 55.93
91.16 , 56.18
90.81 , 55.89
90.71 , 56.47
90.43 , 55.98
90.54 , 56.03
90.17 , 56.68
90.44 , 56.27
90.77 , 56.04
90.79 , 55.8
90.47 , 56.01
90.69 , 55.84
90.57 , 55.88
90.56 , 56.2
90.61 , 56.28
90.82 , 55.96
90.71 , 56.17
90.56 , 55.98
90.66 , 55.93
90.52 , 55.93
90.74 , 56.16
90.04 , 55.82
90.33 , 55.59
90.55 , 56.17
90.53 , 55.69
90.24 , 55.97
90.43 , 56.19
90.7 , 56.3
90.57 , 56.2
90.61 , 55.89
90.37 , 55.84
90.29 , 55.87
90.7 , 56.05
90.77 , 55.84
90.48 , 55.92
90.3 , 55.69
90.4 , 55.66
90.63 , 55.58
90.75 , 55.79
90.85 , 56.05
90.09 , 55.87
90.4 , 55.75
90.73 , 55.8
91.03 , 55.77
90.49 , 55.93
90.9 , 55.47
90.82 , 56.09
90.49 , 55.68
91.06 , 56.23
90.41 , 55.07
90.54 , 55.75
90.33 , 55.88
90.82 , 55.46
90.39 , 56.14
90.51 , 55.82
90.74 , 55.79
90.97 , 55.26
90.66 , 55.77
90.7 , 55.77
90.16 , 55.77
90.34 , 55.46
90.85 , 55.5
91.0 , 55.73
90.51 , 55.28
90.5 , 55.59
90.72 , 55.53
90.44 , 55.58
90.65 , 55.38
90.13 , 55.73
90.69 , 55.92
90.53 , 55.41
90.44 , 55.5
90.64 , 55.41
90.41 , 55.85
91.09 , 55.74
90.72 , 55.68
90.67 , 55.64
90.65 , 55.3
90.72 , 55.34
90.52 , 55.33
90.5 , 55.79
90.45 , 55.44
90.37 , 55.5
90.38 , 55.03
90.56 , 55.55
90.58 , 55.15
90.03 , 55.38
90.87 , 55.63
90.43 , 55.31
90.48 , 55.4
90.32 , 55.14
90.8 , 55.45
90.86 , 55.72
90.78 , 55.59
90.76 , 55.45
90.48 , 55.68
90.71 , 55.54
90.92 , 54.92
90.65 , 55.47
90.97 , 55.34
90.94 , 55.28
90.85 , 55.88
90.78 , 55.21
90.92 , 54.8
90.41 , 55.2
90.93 , 55.51
90.64 , 55.09
91.03 , 55.63
90.65 , 55.63
90.51 , 55.39
90.63 , 55.24
90.47 , 55.19
90.7 , 55.51
90.33 , 55.27
91.23 , 55.2
90.92 , 55.29
90.66 , 55.36
90.5 , 55.16
90.84 , 55.48
90.59 , 55.18
90.63 , 54.57
90.45 , 55.32
90.92 , 55.07
91.27 , 55.58
90.52 , 55.1
90.59 , 54.8
90.53 , 54.87
90.66 , 55.28
90.46 , 54.85
90.9 , 55.4
90.66 , 55.27
90.66 , 54.77
90.79 , 55.4
90.6 , 54.87
90.7 , 55.06
90.96 , 55.15
91.13 , 54.99
90.7 , 55.3
90.44 , 55.52
90.87 , 55.08
90.76 , 55.11
90.84 , 54.6
90.81 , 55.29
90.92 , 55.06
91.03 , 54.74
90.72 , 54.8
90.63 , 54.97
90.75 , 55.32
90.85 , 55.02
90.82 , 55.04
90.45 , 54.57
90.45 , 55.33
90.58 , 54.76
90.6 , 54.91
90.87 , 55.15
90.75 , 55.08
90.8 , 54.85
90.67 , 54.79
91.02 , 54.78
90.57 , 54.7
90.8 , 55.05
90.66 , 54.86
90.55 , 54.65
91.09 , 54.67
91.0 , 55.03
90.47 , 55.05
90.73 , 55.13
90.99 , 55.1
91.16 , 54.54
90.48 , 54.93
90.88 , 54.58
90.75 , 54.64
90.59 , 54.88
90.84 , 55.09
91.01 , 54.81
90.51 , 55.12
91.14 , 54.51
90.84 , 54.57
90.98 , 54.92
91.04 , 54.66
90.67 , 55.03
90.35 , 54.99
90.55 , 55.13
90.4 , 54.43
90.55 , 55.24
90.79 , 54.56
90.66 , 55.11
91.09 , 54.78
90.68 , 54.8
90.85 , 53.94
91.17 , 54.59
90.31 , 54.26
90.75 , 54.18
90.73 , 54.4
90.62 , 54.18
90.91 , 54.46
90.81 , 54.55
90.9 , 54.95
91.08 , 54.88
90.93 , 55.21
90.81 , 54.54
90.64 , 54.83
90.83 , 54.72
90.67 , 54.29
91.07 , 54.74
90.88 , 54.46
91.24 , 54.5
90.59 , 54.58
90.99 , 54.64
90.26 , 54.7
91.22 , 54.44
90.79 , 54.52
90.85 , 54.76
91.12 , 54.56
90.53 , 54.79
90.4 , 54.34
90.94 , 54.1
90.71 , 54.81
90.67 , 54.65
91.31 , 54.47
91.02 , 53.82
91.62 , 54.49
90.89 , 54.28
90.58 , 54.49
91.16 , 54.28
90.5 , 54.28
90.54 , 53.73
90.82 , 54.58
90.81 , 54.18
90.92 , 54.53
90.8 , 54.58
90.81 , 54.39
90.44 , 54.25
90.97 , 54.3
90.88 , 54.13
90.98 , 54.47
91.05 , 54.12
90.66 , 54.32
90.98 , 53.97
90.89 , 54.44
90.99 , 54.26
91.02 , 54.21
90.43 , 54.69
90.69 , 54.31
90.97 , 54.4
90.81 , 54.03
90.76 , 54.09
90.67 , 54.32
90.98 , 53.66
90.51 , 53.99
90.98 , 54.28
90.86 , 54.45
90.98 , 54.54
90.92 , 54.61
90.66 , 54.2
90.92 , 54.05
90.47 , 53.8
90.43 , 54.58
91.08 , 53.78
90.66 , 53.96
90.46 , 54.52
90.42 , 54.56
91.31 , 54.16
91.07 , 53.88
90.84 , 54.12
90.7 , 53.88
90.44 , 53.91
90.85 , 53.97
91.02 , 54.31
90.93 , 54.03
91.03 , 54.1
91.18 , 53.86
91.3 , 53.96
91.14 , 54.06
91.49 , 53.97
90.27 , 54.29
90.57 , 54.23
90.81 , 54.58
90.74 , 53.87
90.4 , 54.27
91.09 , 53.76
90.93 , 53.88
90.55 , 53.92
90.72 , 54.15
90.6 , 54.41
91.13 , 53.98
90.78 , 53.77
90.87 , 53.71
90.87 , 53.82
90.59 , 53.95
90.76 , 53.4
90.76 , 53.33
90.92 , 54.33
90.69 , 54.11
90.86 , 54.01
91.08 , 54.01
91.16 , 53.94
90.93 , 54.23
90.57 , 54.23
90.63 , 53.87
90.36 , 54.06
90.48 , 53.96
90.85 , 53.96
91.37 , 53.87
91.21 , 54.03
90.7 , 53.79
90.65 , 54.04
90.91 , 54.18
90.7 , 53.59
91.07 , 53.82
90.83 , 53.76
90.37 , 53.65
90.59 , 53.77
90.28 , 54.22
90.99 , 53.64
90.33 , 53.79
90.28 , 53.47
91.1 , 53.46
90.78 , 53.55
90.72 , 54.15
91.01 , 53.74
91.05 , 53.68
90.89 , 53.81
90.76 , 53.59
90.92 , 53.53
91.11 , 53.89
90.53 , 53.79
90.92 , 53.4
91.03 , 53.87
90.97 , 53.7
90.97 , 53.97
91.09 , 53.63
90.71 , 53.54
90.7 , 54.04
90.75 , 53.3
90.68 , 54.04
90.93 , 53.56
90.71 , 53.42
91.36 , 53.55
91.0 , 53.34
91.26 , 54.02
91.23 , 53.27
90.94 , 53.85
90.99 , 53.13
90.84 , 53.66
90.5 , 53.77
91.28 , 53.59
90.48 , 53.61
91.49 , 53.32
90.37 , 53.6
90.78 , 53.37
91.11 , 53.01
91.01 , 52.99
90.8 , 53.48
90.76 , 53.26
90.82 , 53.49
91.28 , 53.4
91.17 , 54.04
91.02 , 53.38
90.92 , 53.13
90.82 , 53.37
91.05 , 53.36
90.8 , 53.76
90.86 , 53.02
91.05 , 53.16
91.05 , 53.88
90.85 , 53.21
91.15 , 53.5
91.42 , 53.09
90.97 , 53.26
91.08 , 53.49
91.29 , 53.15
90.97 , 53.58
90.83 , 53.19
91.41 , 53.54
91.18 , 53.65
91.04 , 53.36
90.78 , 53.14
91.08 , 53.55
91.45 , 53.77
90.81 , 53.64
90.9 , 53.1
91.02 , 53.4
91.22 , 53.48
90.62 , 53.15
90.87 , 53.11
91.06 , 53.5
91.02 , 53.25
90.62 , 53.35
90.9 , 53.4
91.09 , 53.23
90.73 , 52.88
91.23 , 53.62
90.81 , 53.63
91.2 , 53.49
90.99 , 53.89
90.92 , 53.25
91.21 , 52.7
90.98 , 52.8
91.23 , 52.82
91.12 , 52.63
91.17 , 52.97
90.88 , 53.03
90.58 , 53.06
91.16 , 53.16
90.86 , 53.31
91.13 , 52.96
91.1 , 53.59
91.1 , 53.31
91.23 , 52.64
90.92 , 53.09
91.65 , 53.22
91.17 , 52.94
90.98 , 52.84
91.09 , 52.86
90.9 , 53.15
90.75 , 52.59
91.07 , 53.09
91.27 , 52.76
90.9 , 52.91
91.11 , 53.27
91.09 , 52.89
91.2 , 53.09
90.98 , 52.68
90.69 , 52.88
90.5 , 52.82
91.49 , 52.85
90.82 , 53.04
91.23 , 52.71
91.3 , 52.71
90.85 , 52.93
91.11 , 52.85
90.75 , 53.19
91.2 , 53.09
91.58 , 53.15
90.81 , 52.86
91.46 , 53.06
90.67 , 52.59
91.06 , 52.5
91.22 , 53.03
90.95 , 52.88
91.1 , 52.63
91.22 , 52.78
90.78 , 52.6
91.12 , 52.25
90.69 , 53.15
90.59 , 52.49
90.82 , 52.8
90.8 , 52.26
91.11 , 52.52
91.34 , 53.0
91.18 , 52.68
90.79 , 52.8
90.6 , 52.76
90.8 , 52.86
90.72 , 52.6
91.12 , 52.59
91.09 , 52.51
91.42 , 52.84
91.54 , 52.57
91.44 , 52.59
90.41 , 52.88
90.92 , 52.64
90.86 , 53.05
90.79 , 52.49
91.23 , 52.27
90.98 , 52.87
91.06 , 53.17
91.26 , 52.24
91.15 , 52.7
91.2 , 52.3
90.89 , 52.77
91.24 , 52.37
91.02 , 52.78
91.29 , 52.43
90.76 , 52.9
91.06 , 52.73
91.14 , 52.52
91.12 , 52.84
90.93 , 52.26
90.74 , 52.63
90.81 , 52.5
90.91 , 52.94
90.91 , 52.48
91.11 , 52.24
91.68 , 52.72
90.84 , 52.76
91.43 , 52.28
91.35 , 52.42
91.12 , 52.39
91.34 , 52.02
90.99 , 52.62
91.09 , 52.83
91.25 , 52.58
90.65 , 51.7
90.8 , 52.57
91.31 , 52.49
91.46 , 52.01
91.21 , 52.47
91.01 , 52.43
91.06 , 52.32
91.24 , 51.99
90.87 , 52.24
90.84 , 52.53
91.39 , 52.15
91.43 , 52.9
91.36 , 52.44
90.92 , 52.52
91.1 , 52.12
91.02 , 52.39
91.15 , 52.02
91.05 , 52.13
91.12 , 52.19
90.87 , 52.45
90.71 , 52.01
91.09 , 52.73
91.07 , 52.15
91.0 , 52.11
91.02 , 52.48
90.87 , 52.63
90.81 , 52.24
90.94 , 52.47
90.76 , 51.8
91.15 , 52.03
91.22 , 52.27
90.77 , 52.05
91.07 , 52.1
90.94 , 52.48
91.23 , 52.62
91.06 , 52.11
90.89 , 52.67
90.72 , 51.69
90.95 , 51.99
91.16 , 51.97
91.02 , 52.22
91.63 , 52.36
91.33 , 52.03
91.12 , 52.02
90.89 , 52.32
91.01 , 52.22
91.62 , 52.4
90.92 , 52.37
90.95 , 52.75
91.65 , 51.96
91.02 , 51.64
91.07 , 52.25
91.24 , 52.11
91.5 , 52.07
91.34 , 52.0
91.16 , 51.95
91.04 , 52.11
91.29 , 52.24
91.22 , 51.95
91.08 , 51.81
91.57 , 51.66
91.32 , 52.29
90.91 , 51.62
91.03 , 51.55
91.58 , 51.69
91.42 , 52.35
90.86 , 51.73
90.97 , 51.9
90.99 , 52.0
91.56 , 52.14
91.25 , 51.85
90.72 , 52.04
91.41 , 51.74
91.29 , 51.58
91.33 , 51.71
91.19 , 52.08
90.79 , 51.81
91.27 , 51.82
90.97 , 52.27
91.26 , 52.31
91.29 , 52.03
90.69 , 51.99
91.09 , 51.71
91.21 , 51.6
91.65 , 51.58
91.62 , 51.69
90.81 , 51.84
91.09 , 51.39
91.62 , 51.71
90.96 , 51.86
90.99 , 51.82
91.57 , 52.44
91.33 , 52.07
91.01 , 51.94
91.18 , 51.57
90.97 , 51.64
91.22 , 51.84
91.26 , 51.59
91.18 , 51.48
91.26 , 51.52
91.31 , 51.43
91.29 , 51.74
91.03 , 51.75
91.39 , 51.49
91.05 , 51.5
91.43 , 51.66
91.05 , 51.85
91.99 , 51.23
91.18 , 51.27
90.79 , 51.53
91.54 , 50.97
91.46 , 51.61
90.71 , 51.46
91.51 , 51.29
91.09 , 51.37
91.4 , 51.86
91.06 , 51.17
91.1 , 51.29
91.21 , 51.33
90.97 , 51.37
91.3 , 51.31
91.35 , 51.29
91.17 , 51.54
91.2 , 51.55
91.0 , 51.24
91.71 , 51.52
91.14 , 51.95
91.54 , 51.58
91.38 , 51.91
91.33 , 51.85
91.06 , 51.75
91.16 , 51.46
91.42 , 51.54
91.47 , 51.29
90.7 , 51.74
91.42 , 51.28
90.85 , 51.04
91.17 , 51.26
91.34 , 51.33
90.78 , 51.29
91.58 , 51.83
91.91 , 51.37
90.99 , 51.15
91.11 , 51.89
91.02 , 51.08
91.18 , 51.39
91.09 , 51.37
91.26 , 51.37
91.11 , 51.29
91.51 , 50.88
91.49 , 51.31
91.47 , 51.42
91.26 , 51.22
91.32 , 51.0
91.07 , 51.63
91.05 , 51.38
91.06 , 51.36
91.51 , 51.17
91.41 , 51.64
91.32 , 51.38
91.55 , 50.45
91.26 , 51.12
91.18 , 51.34
91.39 , 51.21
91.31 , 51.2
91.05 , 50.97
91.33 , 51.59
91.37 , 50.3
91.58 , 50.94
91.53 , 51.08
90.8 , 51.16
91.12 , 51.14
91.23 , 51.55
91.62 , 51.23
91.06 , 51.22
90.78 , 51.06
91.5 , 51.19
91.5 , 50.86
91.56 , 51.49
91.36 , 51.66
91.07 , 51.37
91.04 , 51.14
91.4 , 51.13
91.22 , 51.26
91.38 , 51.4
90.97 , 51.22
91.16 , 51.33
91.29 , 50.91
91.33 , 51.37
91.03 , 50.92
91.56 , 51.1
91.33 , 51.17
91.65 , 50.86
91.3 , 50.84
91.07 , 50.84
91.6 , 51.27
91.46 , 50.79
91.8 , 51.06
91.14 , 51.05
91.83 , 51.17
91.48 , 50.84
90.99 , 50.87
91.01 , 51.06
91.07 , 50.84
91.36 , 50.99
91.58 , 50.91
91.41 , 50.39
91.0 , 50.62
91.0 , 50.79
91.09 , 50.91
91.23 , 51.3
91.21 , 50.93
91.15 , 50.99
91.27 , 50.68
91.4 , 51.08
91.62 , 51.16
91.28 , 50.98
91.44 , 50.42
91.37 , 50.91
91.35 , 51.32
91.51 , 51.21
90.75 , 50.53
91.17 , 51.12
91.09 , 50.72
91.08 , 50.58
90.8 , 51.08
91.22 , 51.13
91.36 , 50.74
91.68 , 50.59
91.26 , 50.46
91.27 , 50.68
91.33 , 51.2
91.08 , 50.7
91.31 , 50.71
90.77 , 50.95
91.54 , 50.32
91.77 , 50.56
91.36 , 50.58
91.01 , 50.77
91.39 , 50.41
91.7 , 50.41
90.85 , 50.69
91.43 , 50.53
91.17 , 50.89
91.77 , 50.39
91.3 , 50.54
91.41 , 50.59
91.5 , 50.57
91.25 , 50.32
91.2 , 50.19
91.04 , 50.77
91.38 , 50.69
90.71 , 50.78
91.59 , 50.76
90.8 , 50.66
91.22 , 50.55
90.97 , 50.66
90.89 , 50.38
91.11 , 50.84
90.73 , 50.78
91.59 , 50.78
91.0 , 50.39
91.5 , 50.56
91.4 , 50.77
91.31 , 50.71
91.16 , 50.44
91.19 , 50.85
91.37 , 50.36
91.86 , 50.33
91.11 , 50.52
91.26 , 50.81
91.43 , 50.44
91.54 , 50.54
91.3 , 50.36
91.76 , 50.5
90.89 , 50.05
91.71 , 50.63
91.34 , 50.38
91.39 , 50.19
91.38 , 50.18
91.15 , 50.41
91.36 , 50.38
91.08 , 50.42
91.15 , 50.16
91.43 , 50.5
90.95 , 50.11
91.12 , 50.31
91.66 , 50.07
91.2 , 50.24
91.15 , 50.03
91.7 , 50.03
91.18 , 50.25
91.08 , 50.34
91.26 , 50.07
91.49 , 50.41
91.18 , 50.29
91.34 , 50.08
91.73 , 50.41
91.12 , 49.97
91.33 , 50.36
91.53 , 50.67
91.15 , 50.08
91.24 , 49.81
91.46 , 50.15
91.45 , 49.98
90.84 , 50.14
91.45 , 50.27
91.61 , 50.39
91.37 , 50.4
90.98 , 50.18
91.19 , 50.05
91.09 , 49.99
91.35 , 50.35
91.22 , 50.1
91.15 , 50.35
91.73 , 50.25
91.17 , 50.19
91.54 , 50.11
91.42 , 49.69
90.88 , 49.75
91.5 , 50.08
91.15 , 49.72
91.43 , 49.89
91.54 , 50.34
91.29 , 50.14
91.54 , 50.0
91.66 , 50.03
90.86 , 49.61
91.07 , 49.65
91.42 , 49.62
91.89 , 50.01
91.41 , 50.31
91.1 , 50.32
91.3 , 50.06
91.47 , 50.14
91.88 , 50.3
91.84 , 49.64
91.78 , 49.69
91.65 , 50.15
91.9 , 50.51
91.29 , 49.88
91.26 , 49.56
91.45 , 49.88
91.33 , 49.8
91.79 , 49.9
91.43 , 49.86
90.94 , 49.9
91.21 , 49.72
91.7 , 49.65
91.46 , 49.46
91.54 , 50.0
91.53 , 50.06
91.74 , 49.86
91.92 , 49.59
91.58 , 49.55
91.64 , 49.66
92.03 , 49.87
91.52 , 49.78
91.46 , 49.75
91.32 , 49.89
91.76 , 50.06
91.22 , 49.83
92.01 , 49.79
91.83 , 49.53
91.16 , 50.0
91.51 , 49.99
91.5 , 49.88
91.49 , 49.71
91.89 , 49.97
91.24 , 49.38
91.43 , 49.7
91.43 , 49.34
91.67 , 49.66
91.92 , 49.32
91.28 , 49.76
91.52 , 49.77
91.23 , 49.81
91.03 , 49.4
91.89 , 49.5
91.61 , 49.39
91.52 , 49.56
91.57 , 49.57
91.22 , 48.99
91.36 , 49.68
91.31 , 49.66
91.42 , 49.47
91.03 , 49.62
91.0 , 49.74
91.16 , 49.38
91.6 , 49.59
91.58 , 49.8
91.42 , 49.43
91.45 , 49.61
91.01 , 49.33
91.17 , 49.63
91.93 , 49.68
91.11 , 49.56
91.67 , 49.54
91.27 , 49.44
91.59 , 49.6
91.27 , 49.33
91.62 , 49.67
91.71 , 49.61
92.03 , 49.56
91.24 , 49.38
91.68 , 49.41
91.7 , 49.09
91.4 , 49.65
91.75 , 49.7
91.06 , 49.19
91.21 , 49.34
91.22 , 49.6
91.79 , 49.55
91.21 , 49.66
91.45 , 49.62
91.35 , 49.66
91.22 , 49.59
91.84 , 49.31
91.31 , 49.3
92.01 , 49.26
91.48 , 49.3
91.26 , 49.12
91.8 , 49.07
91.88 , 49.16
91.3 , 49.58
91.76 , 49.52
91.89 , 49.15
91.61 , 48.87
91.41 , 49.61
91.75 , 49.18
91.86 , 49.81
91.22 , 49.19
91.58 , 49.56
91.44 , 49.48
91.16 , 49.01
90.98 , 49.5
92.06 , 49.31
91.57 , 48.82
91.54 , 49.34
92.03 , 48.91
91.59 , 48.93
91.76 , 49.11
91.54 , 49.31
91.96 , 49.27
91.83 , 48.44
91.57 , 49.06
91.47 , 49.12
91.46 , 49.2
91.47 , 49.49
91.57 , 48.71
91.84 , 49.45
92.23 , 49.39
91.21 , 49.13
91.45 , 49.61
91.32 , 48.85
91.08 , 49.38
92.08 , 49.18
91.39 , 49.18
91.38 , 48.99
91.3 , 49.09
91.72 , 48.84
91.59 , 49.42
91.69 , 48.9
91.51 , 49.14
91.4 , 48.89
91.57 , 48.6
91.66 , 49.19
91.21 , 48.86
91.52 , 48.96
91.59 , 48.67
91.44 , 49.44
91.55 , 49.34
92.02 , 49.63
91.36 , 49.07
91.36 , 48.67
91.46 , 48.8
91.94 , 49.13
91.89 , 49.1
91.17 , 48.99
91.31 , 49.19
91.45 , 49.02
91.33 , 48.6
91.5 , 48.4
91.33 , 48.4
91.23 , 49.18
92.35 , 49.37
91.62 , 49.06
91.67 , 48.97
91.67 , 48.49
91.68 , 48.93
91.47 , 49.03
91.35 , 48.63
91.59 , 49.03
91.53 , 49.05
91.26 , 49.04
91.37 , 48.75
91.5 , 48.65
91.68 , 48.73
91.8 , 48.8
91.71 , 49.08
91.08 , 48.83
91.83 , 48.32
91.59 , 48.74
91.39 , 48.54
91.71 , 48.89
91.59 , 48.93
92.24 , 48.69
91.71 , 48.78
91.23 , 49.12
91.68 , 48.48
92.05 , 48.37
91.74 , 48.77
91.29 , 48.38
91.62 , 48.77
91.38 , 48.43
91.75 , 49.01
91.63 , 48.71
91.53 , 48.54
91.83 , 48.82
91.72 , 48.62
91.45 , 48.61
91.94 , 48.95
90.95 , 48.78
91.31 , 48.2
91.74 , 48.56
91.65 , 48.11
91.46 , 48.52
91.5 , 48.15
91.76 , 48.23
91.67 , 48.53
91.59 , 48.5
91.85 , 48.57
91.49 , 48.52
91.53 , 48.42
91.69 , 48.55
91.42 , 48.51
91.93 , 48.58
91.41 , 48.46
91.49 , 48.43
91.44 , 48.77
91.82 , 48.39
91.68 , 48.59
91.28 , 48.17
91.35 , 48.25
91.61 , 48.36
91.88 , 48.57
91.67 , 48.57
91.59 , 48.22
91.35 , 47.77
91.61 , 48.52
91.68 , 48.16
91.63 , 48.23
91.15 , 48.22
91.91 , 48.72
91.99 , 48.32
91.78 , 48.47
91.8 , 48.74
91.64 , 48.47
91.78 , 48.12
91.67 , 48.05
91.12 , 47.88
91.92 , 48.18
90.98 , 48.26
91.21 , 48.19
91.79 , 48.18
91.72 , 48.61
92.14 , 48.3
91.72 , 48.05
91.57 , 48.12
91.73 , 48.13
91.81 , 48.42
91.99 , 48.55
92.25 , 48.03
91.89 , 48.36
91.87 , 48.51
92.05 , 47.95
91.32 , 48.06
91.72 , 48.1
92.33 , 47.99
91.61 , 48.04
92.05 , 48.11
91.74 , 48.04
91.41 , 48.12
91.53 , 48.09
91.58 , 48.18
92.24 , 48.64
91.56 , 48.16
92.1 , 47.91
91.55 , 47.57
91.36 , 48.21
91.6 , 48.01
92.12 , 48.29
91.56 , 47.9
91.76 , 48.57
92.22 , 48.01
91.94 , 47.97
91.63 , 48.11
91.6 , 48.46
91.58 , 47.46
92.1 , 47.84
91.81 , 48.16
91.65 , 48.21
91.64 , 47.42
91.5 , 47.82
91.37 , 47.95
91.53 , 47.8
92.0 , 47.74
91.77 , 48.18
91.93 , 48.25
91.4 , 47.81
91.4 , 47.76
91.6 , 48.05
91.44 , 47.96
91.43 , 48.01
91.54 , 48.07
91.72 , 48.34
91.55 , 47.96
91.75 , 47.91
91.78 , 47.69
91.37 , 47.97
91.99 , 47.65
91.7 , 47.74
91.75 , 47.96
91.65 , 48.1
91.53 , 47.28
91.56 , 47.93
91.81 , 48.14
91.42 , 47.67
91.55 , 47.8
91.62 , 48.12
91.43 , 47.93
91.68 , 47.78
91.95 , 47.76
91.71 , 47.69
91.86 , 47.75
90.7 , 47.46
91.73 , 48.01
91.67 , 47.41
91.9 , 47.77
91.83 , 47.71
91.86 , 47.94
92.01 , 47.64
91.8 , 48.09
92.17 , 47.19
92.18 , 48.05
91.93 , 47.51
91.46 , 47.37
91.52 , 47.85
91.81 , 47.77
91.91 , 47.9
91.56 , 47.78
91.67 , 47.71
92.2 , 47.41
91.77 , 47.4
91.6 , 47.25
92.12 , 47.35
91.84 , 47.66
92.0 , 47.63
92.06 , 47.83
91.96 , 47.61
91.47 , 47.51
91.52 , 47.91
91.99 , 47.54
91.41 , 47.51
91.84 , 47.61
91.84 , 47.3
92.09 , 47.81
91.96 , 47.82
91.59 , 47.28
91.75 , 47.78
91.83 , 47.6
92.14 , 47.61
91.25 , 47.28
91.92 , 47.71
91.28 , 47.48
91.71 , 47.42
92.4 , 47.55
91.92 , 47.59
92.01 , 47.31
91.48 , 47.51
91.56 , 47.61
91.79 , 47.23
91.43 , 47.22
91.91 , 47.08
92.09 , 47.41
91.92 , 47.03
91.82 , 47.22
91.67 , 47.09
91.58 , 47.78
91.88 , 47.49
92.16 , 47.36
92.25 , 46.84
91.95 , 46.91
91.56 , 47.38
91.58 , 47.15
92.39 , 47.46
91.3 , 47.36
91.27 , 46.62
91.77 , 47.16
91.38 , 47.07
91.62 , 47.13
91.98 , 46.97
91.73 , 47.15
91.98 , 47.13
91.76 , 47.24
91.29 , 47.34
91.51 , 47.31
92.0 , 46.89
91.81 , 47.06
91.78 , 46.92
91.83 , 47.42
91.55 , 47.29
92.26 , 47.64
91.97 , 47.15
92.08 , 47.23
92.39 , 47.7
91.76 , 47.25
92.01 , 47.16
92.19 , 46.95
91.57 , 46.85
92.02 , 47.44
92.07 , 46.88
91.69 , 47.63
92.11 , 47.05
91.95 , 47.34
91.58 , 47.33
91.59 , 47.21
92.15 , 46.83
91.74 , 46.93
91.58 , 47.71
92.25 , 47.16
91.61 , 47.12
91.84 , 47.34
92.36 , 46.42
92.14 , 47.09
91.55 , 46.56
92.01 , 47.12
91.87 , 46.92
91.8 , 46.99
91.72 , 46.99
91.86 , 46.84
91.85 , 47.09
91.39 , 47.21
91.94 , 46.7
91.96 , 47.19
91.95 , 46.75
92.18 , 46.85
91.76 , 47.23
91.73 , 47.06
91.92 , 47.03
92.13 , 46.94
91.87 , 46.87
91.4 , 46.94
91.51 , 46.97
91.83 , 47.12
91.87 , 46.84
92.11 , 47.11
92.07 , 46.71
91.87 , 46.97
91.7 , 46.83
91.45 , 47.14
91.86 , 46.98
91.45 , 46.75
91.8 , 46.99
91.94 , 46.56
92.01 , 47.15
91.56 , 47.04
92.19 , 47.05
91.67 , 47.2
91.89 , 46.95
92.49 , 46.58
91.86 , 46.84
91.97 , 46.58
92.18 , 46.63
91.74 , 46.51
91.73 , 46.99
91.78 , 46.69
91.66 , 46.87
92.07 , 46.83
91.92 , 46.69
91.68 , 46.81
91.88 , 46.79
91.52 , 46.76
91.84 , 46.99
91.86 , 47.25
91.98 , 46.6
92.13 , 45.88
91.77 , 46.75
92.35 , 46.4
92.04 , 46.85
92.08 , 47.1
92.12 , 46.69
92.01 , 46.68
91.72 , 46.67
92.08 , 46.79
92.1 , 46.47
91.67 , 46.83
91.35 , 46.38
91.78 , 45.95
92.05 , 46.17
92.18 , 46.63
91.96 , 46.59
91.84 , 46.57
91.83 , 46.7
91.9 , 46.54
92.22 , 46.98
92.09 , 46.31
92.15 , 46.99
91.85 , 46.85
92.33 , 46.52
91.93 , 46.53
91.96 , 46.38
91.77 , 46.23
91.48 , 46.22
91.44 , 46.09
91.95 , 46.39
92.14 , 46.31
92.38 , 46.41
92.25 , 46.81
91.91 , 46.45
91.91 , 46.22
92.17 , 46.4
91.75 , 46.19
91.93 , 46.33
91.46 , 46.04
91.4 , 46.55
91.61 , 46.14
91.94 , 46.68
91.77 , 46.32
91.68 , 45.98
91.46 , 46.8
92.05 , 46.59
92.01 , 46.25
92.15 , 46.74
92.19 , 46.41
91.92 , 46.03
92.13 , 46.05
92.23 , 46.17
91.76 , 46.14
92.1 , 46.47
91.59 , 46.62
92.02 , 45.98
91.58 , 46.88
92.08 , 46.2
91.34 , 46.4
91.86 , 46.21
91.9 , 46.39
91.86 , 46.26
92.13 , 46.46
91.86 , 46.25
91.61 , 46.33
91.99 , 45.61
92.04 , 46.17
92.52 , 46.21
91.72 , 46.3
91.92 , 46.25
91.85 , 46.01
91.73 , 46.36
91.81 , 46.53
91.85 , 45.95
91.64 , 45.78
92.32 , 46.25
92.12 , 46.02
91.93 , 46.01
91.71 , 46.3
91.89 , 46.27
91.86 , 45.98
92.61 , 45.91
92.02 , 46.31
91.8 , 45.79
92.39 , 45.81
91.69 , 45.78
91.97 , 46.13
91.91 , 46.17
91.74 , 46.0
92.21 , 45.92
91.88 , 46.26
91.99 , 46.44
91.78 , 45.69
92.29 , 46.07
92.38 , 45.85
92.31 , 46.07
91.75 , 45.53
91.88 , 46.17
92.08 , 45.97
91.96 , 45.62
92.17 , 45.9
91.88 , 45.8
92.02 , 46.0
92.03 , 46.07
92.02 , 45.6
91.62 , 46.21
92.4 , 45.19
92.45 , 45.94
92.13 , 45.98
91.85 , 45.63
91.87 , 46.38
92.35 , 45.9
92.03 , 45.86
92.37 , 45.8
92.19 , 45.52
92.13 , 45.81
92.41 , 45.35
91.93 , 45.99
91.97 , 45.97
92.05 , 45.26
92.07 , 45.64
91.8 , 45.75
92.18 , 45.43
92.0 , 46.01
91.68 , 45.48
91.86 , 45.86
91.43 , 45.67
91.99 , 45.29
91.66 , 45.19
92.03 , 45.68
92.32 , 45.76
91.89 , 45.82
92.15 , 45.66
92.21 , 45.45
92.06 , 45.68
92.2 , 46.15
91.82 , 46.2
92.13 , 45.34
92.72 , 45.79
91.87 , 45.67
92.14 , 45.38
92.56 , 45.27
92.0 , 44.99
91.77 , 45.72
91.99 , 45.49
92.26 , 45.58
92.07 , 45.35
92.59 , 45.78
92.22 , 45.54
92.37 , 45.63
92.05 , 45.51
92.36 , 45.25
92.13 , 45.86
91.61 , 45.54
91.98 , 45.49
91.98 , 45.48
92.06 , 45.8
91.55 , 45.7
92.22 , 45.67
91.56 , 45.07
91.93 , 45.44
92.13 , 45.44
92.48 , 45.25
92.25 , 45.19
92.28 , 45.55
91.81 , 45.29
92.22 , 45.66
91.98 , 45.54
92.12 , 45.31
92.06 , 44.98
92.4 , 45.9
92.37 , 45.58
92.54 , 45.1
92.03 , 45.19
92.43 , 45.21
92.98 , 45.22
91.68 , 45.69
92.24 , 45.36
92.57 , 45.13
92.22 , 44.92
92.53 , 45.28
92.22 , 45.41
91.84 , 45.36
92.29 , 45.29
91.85 , 45.08
92.21 , 44.82
91.7 , 45.27
92.2 , 44.61
92.39 , 44.83
91.75 , 45.29
92.06 , 45.2
91.92 , 44.57
91.99 , 45.22
92.12 , 45.19
92.13 , 45.32
91.97 , 45.14
92.25 , 45.14
92.26 , 44.97
92.06 , 45.22
92.41 , 45.15
92.68 , 45.09
91.42 , 45.22
92.76 , 45.15
92.18 , 44.74
91.9 , 45.28
92.34 , 45.52
92.2 , 44.87
92.08 , 45.08
92.0 , 45.45
92.0 , 44.97
92.71 , 45.05
92.23 , 45.58
92.32 , 45.15
92.37 , 45.55
91.98 , 45.13
91.94 , 44.33
92.06 , 45.38
92.39 , 44.45
92.12 , 45.47
92.31 , 44.83
92.49 , 45.19
91.99 , 45.01
92.24 , 45.08
92.39 , 44.66
92.08 , 45.18
91.64 , 44.97
91.75 , 44.94
92.23 , 45.11
92.62 , 45.38
91.84 , 45.25
92.57 , 44.64
91.96 , 44.89
92.48 , 44.94
92.58 , 45.4
92.42 , 45.13
92.3 , 45.23
92.09 , 44.87
92.01 , 44.66
92.4 , 45.57
91.99 , 44.81
92.32 , 45.19
92.13 , 45.09
92.05 , 45.04
92.23 , 45.23
92.31 , 44.56
92.06 , 44.95
92.36 , 45.09
92.24 , 44.89
92.48 , 44.98
91.81 , 44.77
92.46 , 45.03
92.18 , 44.79
92.29 , 44.4
92.66 , 44.49
92.52 , 44.94
92.51 , 44.73
92.25 , 44.89
92.04 , 44.91
92.36 , 44.72
92.32 , 45.15
91.97 , 44.77
92.12 , 44.61
92.41 , 44.51
92.45 , 44.39
92.41 , 44.51
92.5 , 44.47
92.23 , 44.36
92.48 , 44.82
92.46 , 44.75
91.9 , 44.54
91.73 , 44.78
92.23 , 44.13
92.43 , 44.58
92.01 , 44.74
92.5 , 44.32
92.34 , 45.06
92.26 , 44.9
92.21 , 44.77
92.33 , 44.86
92.05 , 44.65
92.27 , 44.9
92.1 , 44.01
92.19 , 45.03
92.05 , 44.68
92.79 , 44.84
92.0 , 44.51
92.36 , 44.37
91.72 , 44.17
92.37 , 45.0
92.21 , 43.97
92.26 , 44.67
91.96 , 44.27
92.12 , 44.12
92.12 , 44.07
91.9 , 44.3
92.43 , 44.4
92.01 , 44.26
91.91 , 44.38
92.34 , 44.8
92.49 , 44.51
92.12 , 44.61
91.99 , 44.4
92.36 , 44.44
91.65 , 44.54
92.74 , 44.43
92.22 , 44.73
92.49 , 44.37
92.5 , 44.8
92.5 , 44.53
92.45 , 44.53
92.27 , 44.43
92.34 , 44.28
92.36 , 44.13
92.77 , 44.26
92.19 , 44.14
92.25 , 44.29
92.45 , 44.41
92.15 , 44.7
92.46 , 44.06
92.09 , 44.55
92.03 , 43.93
91.84 , 44.2
92.3 , 44.84
92.19 , 44.17
92.04 , 43.87
92.45 , 44.18
92.64 , 44.21
92.27 , 44.62
92.52 , 44.35
92.27 , 44.56
92.59 , 44.46
92.29 , 44.18
91.96 , 44.23
92.22 , 44.46
92.12 , 44.35
92.83 , 44.72
92.44 , 44.2
92.59 , 43.64
92.12 , 43.73
92.19 , 44.35
92.39 , 44.33
92.15 , 44.02
92.23 , 44.26
91.7 , 44.41
92.11 , 43.56
92.26 , 43.75
92.27 , 44.25
92.41 , 43.72
92.32 , 44.05
92.11 , 44.12
92.06 , 44.23
92.42 , 44.02
92.38 , 44.51
92.44 , 43.96
92.17 , 44.05
92.3 , 44.04
92.09 , 44.43
92.1 , 43.73
93.06 , 44.14
92.11 , 44.05
92.44 , 43.96
92.33 , 44.21
92.84 , 43.91
92.37 , 43.77
92.65 , 43.77
92.27 , 43.82
92.17 , 43.89
92.44 , 44.09
92.68 , 43.61
92.42 , 44.05
92.02 , 43.87
92.18 , 43.65
92.16 , 43.47
91.81 , 43.89
92.59 , 43.8
92.0 , 44.2
92.52 , 43.94
92.19 , 43.92
92.44 , 43.92
92.52 , 44.09
92.57 , 44.26
92.17 , 44.27
92.05 , 43.99
92.31 , 43.93
92.44 , 43.99
92.47 , 43.79
92.28 , 43.99
92.53 , 43.65
92.16 , 44.02
92.01 , 44.0
92.18 , 43.62
92.4 , 43.06
92.45 , 43.82
92.11 , 43.92
92.42 , 43.6
92.07 , 43.96
92.51 , 43.54
92.3 , 44.12
92.54 , 43.94
92.25 , 43.7
92.59 , 43.94
92.16 , 43.85
91.89 , 43.17
92.67 , 44.12
91.98 , 43.91
92.56 , 43.89
92.08 , 43.67
92.16 , 43.67
92.39 , 43.76
92.46 , 43.19
92.08 , 43.46
92.67 , 43.3
92.19 , 43.86
92.14 , 43.45
92.13 , 43.75
92.33 , 44.01
92.5 , 43.35
91.96 , 43.79
92.32 , 43.57
92.13 , 44.13
92.37 , 43.32
92.66 , 43.46
92.51 , 43.63
92.35 , 43.84
91.96 , 43.84
92.56 , 44.08
92.78 , 43.59
92.4 , 43.7
92.59 , 43.17
92.75 , 43.59
92.67 , 43.85
92.62 , 43.56
92.63 , 42.92
92.41 , 43.74
92.34 , 43.85
92.52 , 43.24
92.04 , 43.31
92.94 , 43.6
92.22 , 43.15
92.05 , 43.65
92.48 , 43.03
92.51 , 43.07
92.58 , 43.25
92.35 , 43.66
92.39 , 43.79
92.37 , 43.49
92.74 , 43.67
92.16 , 43.31
92.11 , 42.78
92.35 , 43.24
92.34 , 43.3
92.54 , 42.93
92.3 , 43.48
92.43 , 43.53
92.37 , 42.94
92.6 , 43.28
92.34 , 43.41
92.22 , 43.49
92.41 , 43.1
92.12 , 43.24
92.8 , 43.21
92.71 , 43.2
92.66 , 43.4
92.71 , 43.42
92.44 , 43.31
92.32 , 43.07
92.65 , 42.7
92.13 , 43.07
92.43 , 43.43
92.42 , 43.25
92.53 , 43.74
92.47 , 43.21
92.14 , 43.13
92.58 , 43.09
92.49 , 43.46
92.29 , 43.36
91.88 , 43.11
92.47 , 43.15
92.67 , 43.44
92.4 , 43.09
92.44 , 43.16
92.41 , 43.16
92.18 , 43.22
92.28 , 43.23
92.0 , 43.32
92.78 , 43.33
92.83 , 42.74
92.6 , 43.28
92.86 , 43.02
92.19 , 43.04
92.15 , 43.17
92.3 , 43.17
92.29 , 42.65
92.32 , 42.56
92.08 , 42.94
92.56 , 42.82
91.93 , 42.91
92.37 , 43.45
92.37 , 43.0
92.76 , 42.65
92.09 , 43.07
92.29 , 42.6
92.88 , 43.19
92.73 , 42.88
92.3 , 42.66
91.94 , 42.71
92.92 , 42.99
92.19 , 43.03
92.61 , 42.71
92.92 , 42.94
92.62 , 43.15
92.69 , 42.97
92.41 , 42.61
92.25 , 42.79
92.16 , 42.87
93.12 , 42.69
92.35 , 42.82
92.6 , 42.23
92.36 , 42.84
92.27 , 42.72
92.88 , 42.67
92.13 , 42.7
92.34 , 43.25
92.76 , 43.26
92.64 , 42.7
92.55 , 42.95
92.46 , 42.78
92.53 , 42.84
92.1 , 42.85
92.38 , 42.61
92.49 , 42.36
92.39 , 42.5
92.82 , 42.9
92.55 , 42.76
92.46 , 42.61
92.7 , 42.8
92.14 , 42.73
92.25 , 42.99
92.4 , 42.66
91.98 , 42.59
92.66 , 42.66
92.55 , 42.69
92.53 , 42.79
92.45 , 42.39
92.51 , 42.69
91.97 , 42.45
92.31 , 43.03
92.8 , 42.58
92.42 , 42.77
92.32 , 42.77
92.58 , 42.66
92.25 , 42.54
92.18 , 42.47
92.84 , 42.17
92.26 , 42.99
92.62 , 42.69
92.52 , 42.23
92.0 , 42.54
92.61 , 42.88
92.34 , 42.45
92.41 , 42.66
92.68 , 42.17
92.66 , 42.65
92.68 , 42.08
93.15 , 42.74
92.76 , 42.22
92.06 , 42.62
92.08 , 42.5
92.23 , 42.55
92.28 , 42.8
92.55 , 42.35
92.6 , 42.49
92.51 , 42.59
92.53 , 42.6
92.62 , 42.59
92.6 , 42.45
92.34 , 42.35
92.61 , 42.34
92.45 , 42.76
92.4 , 42.65
92.07 , 42.78
93.03 , 42.31
91.95 , 42.39
92.8 , 42.14
92.4 , 42.62
92.42 , 42.63
92.68 , 42.49
92.66 , 42.01
92.96 , 42.54
92.67 , 43.07
92.48 , 42.2
92.63 , 42.35
92.55 , 41.93
92.92 , 42.59
92.62 , 42.51
93.09 , 42.06
92.54 , 42.1
92.3 , 42.05
92.42 , 42.38
92.04 , 42.16
92.46 , 42.3
92.69 , 42.56
92.83 , 42.7
92.57 , 42.24
92.36 , 42.1
92.66 , 42.09
92.68 , 42.14
93.08 , 42.35
92.13 , 42.37
92.51 , 42.37
92.65 , 42.09
92.47 , 41.94
92.41 , 42.27
92.58 , 42.24
92.89 , 42.09
92.64 , 41.68
92.54 , 42.4
92.29 , 42.16
92.41 , 42.08
92.45 , 42.07
92.46 , 42.03
92.39 , 42.59
92.56 , 41.8
92.78 , 41.77
92.43 , 41.94
91.91 , 42.03
92.58 , 42.56
92.66 , 41.67
92.62 , 41.88
92.91 , 42.31
92.65 , 42.21
92.36 , 42.22
92.61 , 41.9
92.85 , 42.03
92.84 , 42.13
92.82 , 41.95
92.6 , 41.99
92.78 , 41.82
92.2 , 42.37
92.36 , 41.59
92.59 , 41.91
92.73 , 41.61
92.53 , 42.04
92.72 , 41.7
92.76 , 41.55
93.37 , 41.95
92.4 , 41.96
92.78 , 42.0
92.74 , 42.11
92.52 , 41.61
92.51 , 41.69
92.75 , 41.82
92.53 , 41.95
93.13 , 41.76
92.49 , 41.6
92.62 , 42.47
92.83 , 41.94
92.84 , 41.33
92.5 , 41.32
92.64 , 41.81
92.65 , 41.88
92.7 , 41.79
92.7 , 41.88
92.81 , 41.52
92.63 , 42.27
92.52 , 41.55
92.7 , 42.05
92.31 , 41.63
92.52 , 41.42
92.76 , 42.17
93.08 , 42.05
92.17 , 41.68
92.07 , 42.23
92.74 , 41.49
92.28 , 41.78
92.39 , 41.38
92.5 , 41.17
92.53 , 41.57
92.82 , 41.64
92.45 , 41.76
92.2 , 41.64
92.82 , 41.95
92.31 , 41.72
92.5 , 42.08
92.5 , 41.33
92.65 , 41.13
92.53 , 41.69
92.58 , 41.22
92.43 , 42.05
92.71 , 41.5
92.66 , 42.11
92.42 , 41.47
92.48 , 41.86
92.75 , 41.5
92.38 , 41.68
93.23 , 41.5
92.83 , 41.56
92.77 , 41.68
92.87 , 41.86
92.67 , 41.34
93.13 , 41.13
92.71 , 41.37
92.85 , 41.63
92.51 , 41.19
92.88 , 41.58
93.03 , 41.64
92.33 , 41.19
92.36 , 41.25
92.49 , 41.85
92.76 , 41.91
92.25 , 41.03
92.99 , 41.19
92.74 , 41.13
92.2 , 40.99
92.65 , 41.51
92.77 , 41.62
92.93 , 41.07
92.37 , 41.29
92.36 , 41.7
92.96 , 41.24
92.56 , 41.4
92.69 , 41.8
92.26 , 40.82
92.86 , 41.12
92.48 , 41.33
92.73 , 41.71
92.47 , 41.23
92.87 , 40.55
92.92 , 41.21
92.57 , 41.09
92.87 , 41.2
92.39 , 41.28
93.05 , 41.22
92.81 , 41.34
92.4 , 41.06
93.09 , 41.06
93.13 , 41.26
92.38 , 41.36
92.52 , 41.22
92.9 , 40.79
93.01 , 40.87
92.61 , 40.68
92.81 , 40.93
92.54 , 40.82
92.95 , 41.18
92.95 , 41.29
93.21 , 41.27
92.95 , 41.01
92.48 , 40.71
92.79 , 41.24
92.89 , 41.22
93.05 , 40.75
92.47 , 41.12
92.16 , 41.11
92.28 , 40.8
93.09 , 40.52
92.93 , 41.29
92.82 , 41.13
92.77 , 41.36
92.75 , 40.93
92.65 , 41.17
92.65 , 41.28
92.62 , 40.99
92.9 , 41.1
92.88 , 40.9
93.0 , 40.56
92.39 , 41.05
92.26 , 41.19
92.52 , 41.48
92.74 , 40.98
92.67 , 40.66
92.38 , 40.77
92.55 , 40.91
92.64 , 41.07
92.58 , 40.84
92.98 , 41.17
92.57 , 40.84
92.68 , 41.42
92.36 , 41.07
92.7 , 40.88
92.92 , 40.29
92.98 , 40.86
92.42 , 40.98
92.54 , 41.24
92.81 , 40.76
92.42 , 40.7
92.65 , 41.51
92.63 , 40.81
92.65 , 41.22
92.15 , 40.91
92.93 , 40.71
92.96 , 40.65
92.8 , 40.8
92.72 , 40.54
93.17 , 40.54
92.39 , 41.1
92.71 , 40.55
92.41 , 40.85
92.7 , 40.73
92.58 , 40.97
92.92 , 40.33
92.81 , 40.72
92.8 , 40.81
92.8 , 40.85
92.37 , 40.93
92.79 , 40.91
92.56 , 40.7
92.65 , 40.63
92.72 , 40.4
92.76 , 40.86
92.97 , 41.04
92.8 , 40.18
93.04 , 40.47
92.8 , 40.55
92.73 , 40.56
92.39 , 40.49
92.93 , 41.11
92.82 , 40.7
92.93 , 40.67
92.64 , 40.66
92.53 , 40.71
92.86 , 40.5
92.72 , 40.69
92.58 , 40.78
92.82 , 40.56
92.83 , 40.6
92.82 , 40.44
92.3 , 40.4
92.49 , 40.45
92.69 , 40.23
93.08 , 41.09
92.84 , 40.6
92.87 , 40.53
93.02 , 40.3
92.7 , 40.89
92.72 , 40.59
93.26 , 40.42
92.64 , 40.23
92.79 , 40.93
93.36 , 40.13
92.13 , 40.4
92.71 , 40.42
93.1 , 40.42
92.98 , 40.44
92.94 , 40.32
92.65 , 40.73
93.34 , 40.52
92.49 , 40.74
92.93 , 40.47
92.8 , 40.03
92.88 , 40.1
92.86 , 40.34
92.74 , 40.29
92.91 , 40.24
92.68 , 40.34
93.09 , 40.25
92.42 , 40.55
92.4 , 40.12
92.52 , 40.45
92.97 , 40.25
92.71 , 40.12
93.12 , 40.4
92.55 , 40.11
92.79 , 40.48
92.81 , 39.96
92.99 , 40.54
92.92 , 39.55
92.94 , 40.28
92.94 , 40.11
92.29 , 40.22
93.35 , 40.27
92.65 , 40.36
92.88 , 40.12
93.03 , 39.75
92.16 , 40.06
92.93 , 40.22
92.73 , 40.47
93.0 , 40.07
92.98 , 39.92
92.73 , 40.07
93.01 , 40.33
92.75 , 39.81
92.91 , 40.13
92.85 , 40.18
92.8 , 40.5
92.78 , 40.21
92.56 , 40.12
93.17 , 40.49
92.84 , 40.1
92.94 , 40.2
93.06 , 40.24
93.14 , 40.28
92.52 , 39.78
92.86 , 40.2
92.43 , 40.73
92.49 , 40.11
93.31 , 40.07
92.95 , 40.49
93.12 , 39.87
92.63 , 40.27
92.9 , 39.87
92.55 , 40.18
93.02 , 40.01
92.52 , 40.35
92.73 , 39.88
92.93 , 40.09
92.92 , 40.23
92.14 , 40.17
93.14 , 39.85
92.87 , 40.12
93.16 , 40.09
92.7 , 39.78
92.59 , 39.92
92.79 , 39.77
92.77 , 39.76
92.8 , 39.47
92.58 , 40.31
92.55 , 39.62
93.03 , 39.95
92.72 , 40.11
93.16 , 40.05
92.73 , 39.72
92.79 , 40.51
92.47 , 40.0
93.04 , 40.08
93.03 , 40.06
93.12 , 40.26
92.54 , 39.9
92.68 , 39.72
92.81 , 40.26
93.39 , 39.32
93.05 , 39.94
92.57 , 38.76
92.66 , 40.15
92.7 , 39.68
93.0 , 39.67
92.91 , 39.95
92.85 , 39.81
93.0 , 39.56
93.39 , 39.75
92.81 , 39.51
92.77 , 39.65
92.71 , 39.88
93.07 , 39.73
93.05 , 40.24
92.74 , 39.8
93.21 , 39.65
92.57 , 40.1
92.85 , 39.7
93.13 , 39.25
92.88 , 39.31
92.64 , 39.78
92.7 , 39.71
93.16 , 39.72
92.47 , 39.83
92.42 , 40.08
92.72 , 39.66
93.04 , 39.63
92.41 , 39.74
92.3 , 39.52
92.34 , 39.64
92.75 , 39.58
92.66 , 39.93
92.7 , 39.41
92.84 , 38.99
93.12 , 39.08
93.12 , 39.32
92.95 , 39.86
93.2 , 39.91
92.86 , 39.63
92.79 , 39.55
93.0 , 39.83
93.02 , 39.27
93.07 , 39.66
92.81 , 39.21
92.95 , 39.39
92.77 , 39.65
93.52 , 39.28
93.19 , 39.43
93.05 , 39.4
93.15 , 39.16
93.12 , 39.34
92.52 , 39.45
92.46 , 39.54
92.49 , 39.48
92.99 , 39.4
93.44 , 39.37
93.6 , 38.72
93.47 , 39.44
92.62 , 39.03
92.84 , 39.79
93.16 , 38.91
93.14 , 39.42
93.33 , 39.29
92.96 , 39.45
92.4 , 39.16
93.06 , 39.01
93.56 , 38.98
92.76 , 39.22
92.36 , 39.49
93.52 , 39.44
93.06 , 39.14
92.84 , 39.36
92.69 , 39.23
92.99 , 39.82
93.59 , 39.16
92.81 , 39.24
93.4 , 39.3
93.2 , 39.55
93.04 , 38.95
92.98 , 39.44
92.6 , 39.13
93.08 , 39.1
93.23 , 39.02
92.89 , 38.7
93.13 , 38.78
93.48 , 39.48
92.67 , 39.2
92.74 , 39.63
92.57 , 39.28
93.01 , 39.17
93.26 , 38.74
92.96 , 39.31
92.97 , 39.65
93.08 , 39.13
92.75 , 39.17
92.8 , 39.29
93.21 , 39.08
93.03 , 39.02
93.03 , 39.18
92.95 , 39.2
93.15 , 39.12
93.4 , 39.42
92.61 , 38.93
92.75 , 39.42
92.89 , 38.91
92.89 , 39.19
92.52 , 39.38
93.01 , 38.95
92.88 , 38.43
93.69 , 39.03
93.1 , 38.93
92.73 , 38.69
92.66 , 39.16
93.28 , 39.11
93.34 , 38.58
92.44 , 38.97
92.71 , 38.79
93.2 , 38.88
92.49 , 39.04
92.91 , 39.02
93.26 , 39.14
93.13 , 38.56
92.96 , 38.92
93.4 , 38.85
92.85 , 38.66
93.1 , 38.62
92.76 , 38.71
92.81 , 38.5
93.28 , 38.64
93.11 , 38.6
93.51 , 39.08
93.31 , 39.02
93.03 , 39.06
93.13 , 39.14
92.83 , 38.82
92.84 , 38.86
93.5 , 38.83
93.35 , 38.73
93.02 , 38.8
93.05 , 38.69
92.95 , 38.69
93.31 , 39.08
93.0 , 37.91
93.07 , 38.63
93.03 , 38.54
92.74 , 38.83
92.87 , 38.63
93.19 , 38.87
92.73 , 38.74
92.84 , 38.44
92.91 , 38.84
93.12 , 38.71
93.14 , 39.08
93.4 , 38.61
93.33 , 39.07
92.91 , 38.89
93.68 , 38.55
93.08 , 38.67
92.88 , 38.99
92.67 , 38.97
92.76 , 38.24
93.07 , 38.36
92.76 , 39.19
93.08 , 38.64
92.95 , 38.38
92.65 , 38.39
93.13 , 38.27
92.95 , 38.34
92.68 , 39.22
93.39 , 38.68
93.02 , 38.49
92.75 , 38.6
93.19 , 38.47
93.37 , 38.33
92.95 , 38.39
92.87 , 38.34
92.9 , 38.67
93.24 , 38.41
92.82 , 38.51
92.73 , 38.54
92.88 , 38.27
92.63 , 38.42
93.54 , 38.16
92.87 , 38.46
92.79 , 37.72
93.54 , 38.12
92.76 , 38.3
93.01 , 37.99
93.12 , 38.34
92.79 , 38.31
92.98 , 38.21
93.4 , 38.67
92.97 , 38.42
92.86 , 38.66
92.9 , 38.66
92.93 , 38.74
92.83 , 38.85
93.35 , 38.16
92.62 , 38.8
93.15 , 38.47
93.08 , 38.47
93.16 , 38.39
92.69 , 38.3
93.07 , 38.15
93.04 , 38.34
92.38 , 38.26
93.12 , 38.19
93.58 , 38.3
92.71 , 38.02
93.24 , 37.92
92.81 , 38.07
93.01 , 38.11
93.23 , 38.34
93.17 , 38.31
92.81 , 38.18
93.48 , 38.2
93.19 , 37.52
93.1 , 38.09
92.89 , 38.52
93.36 , 38.28
92.99 , 38.33
93.04 , 38.48
93.01 , 38.31
93.08 , 37.7
92.92 , 37.89
93.39 , 37.7
93.21 , 37.85
93.24 , 38.6
93.1 , 38.25
93.2 , 37.88
93.23 , 38.15
93.18 , 38.15
93.35 , 38.14
93.1 , 38.39
92.79 , 38.11
93.41 , 37.92
92.58 , 38.18
93.18 , 37.97
92.5 , 37.89
93.45 , 37.68
93.37 , 37.96
92.93 , 38.22
92.91 , 38.22
93.2 , 38.14
93.28 , 37.88
93.05 , 38.04
92.99 , 38.3
93.4 , 37.79
93.37 , 37.87
93.29 , 38.18
93.13 , 38.17
92.87 , 37.95
93.19 , 37.86
93.03 , 37.84
92.91 , 38.22
93.3 , 38.08
93.19 , 38.1
93.07 , 37.93
93.17 , 37.32
92.98 , 37.96
93.02 , 37.83
93.3 , 37.45
93.43 , 37.88
92.92 , 37.75
92.94 , 37.81
93.1 , 37.83
93.35 , 37.93
92.96 , 38.16
93.24 , 37.73
92.84 , 37.78
93.31 , 37.78
92.97 , 37.65
92.9 , 38.04
93.16 , 37.83
93.02 , 37.81
93.41 , 37.55
93.19 , 37.92
93.41 , 37.91
93.33 , 38.0
92.94 , 37.93
93.47 , 37.5
93.2 , 37.64
93.17 , 38.19
93.09 , 37.39
92.83 , 37.72
93.27 , 37.69
93.42 , 38.15
93.01 , 37.75
93.25 , 37.82
93.22 , 38.14
93.14 , 37.37
93.14 , 37.48
93.05 , 37.54
93.12 , 37.77
92.93 , 37.24
92.85 , 37.76
93.51 , 37.72
93.17 , 37.9
93.01 , 37.53
92.92 , 37.41
94.09 , 37.61
93.56 , 37.7
93.19 , 37.67
92.83 , 38.11
93.16 , 38.06
93.18 , 37.45
93.14 , 37.86
93.26 , 37.68
93.31 , 37.09
92.99 , 37.49
93.21 , 37.4
93.06 , 37.36
93.15 , 37.32
93.31 , 37.75
92.88 , 37.25
93.28 , 37.63
92.91 , 37.15
93.36 , 37.88
93.46 , 37.36
93.01 , 37.77
93.27 , 38.16
93.04 , 37.73
93.44 , 37.57
93.29 , 37.29
93.45 , 37.51
93.34 , 36.97
93.11 , 37.14
93.39 , 37.19
93.63 , 37.17
92.89 , 37.42
92.88 , 37.53
93.05 , 36.9
93.46 , 36.79
92.98 , 37.24
93.2 , 37.57
93.21 , 37.62
93.47 , 37.19
93.41 , 37.21
93.13 , 37.29
93.58 , 37.73
92.91 , 37.14
93.44 , 37.49
93.23 , 37.48
93.42 , 37.48
93.26 , 37.04
93.43 , 37.4
93.55 , 37.05
93.21 , 37.61
93.1 , 37.25
93.25 , 37.2
93.38 , 37.3
93.79 , 37.17
93.0 , 37.65
93.14 , 37.3
93.02 , 37.7
93.39 , 37.13
93.01 , 37.34
93.04 , 37.2
93.04 , 37.41
93.37 , 37.65
93.35 , 37.43
93.54 , 37.46
93.27 , 36.98
93.68 , 36.62
93.38 , 37.27
93.09 , 36.94
93.32 , 37.16
93.2 , 37.61
93.46 , 36.98
93.2 , 37.04
93.08 , 37.52
93.33 , 36.85
93.61 , 36.94
93.34 , 36.9
92.98 , 37.14
93.19 , 37.04
92.91 , 37.15
93.54 , 37.07
93.27 , 36.79
93.24 , 37.22
93.46 , 37.18
93.56 , 37.08
93.47 , 36.91
93.45 , 36.9
93.01 , 36.91
93.37 , 36.53
93.34 , 36.73
93.85 , 37.2
92.88 , 37.23
93.13 , 37.17
93.61 , 36.81
93.58 , 36.78
93.31 , 37.17
93.08 , 36.33
93.02 , 37.11
93.17 , 36.8
93.61 , 36.5
93.47 , 36.83
92.81 , 36.74
93.4 , 37.12
93.84 , 37.18
93.31 , 36.72
92.93 , 37.18
93.37 , 36.91
93.5 , 36.67
92.8 , 36.89
93.3 , 37.01
93.06 , 36.8
92.91 , 36.51
93.18 , 36.63
93.3 , 36.46
93.21 , 36.81
93.52 , 37.17
93.16 , 37.14
93.91 , 37.21
93.52 , 36.71
93.24 , 36.85
93.13 , 36.52
93.39 , 36.96
93.18 , 36.67
93.55 , 36.31
93.14 , 36.37
93.17 , 36.48
93.0 , 36.78
93.16 , 36.26
93.03 , 36.45
93.24 , 36.54
93.3 , 36.82
93.67 , 36.56
93.09 , 37.0
93.13 , 36.83
93.41 , 36.73
93.93 , 36.34
92.97 , 36.64
93.68 , 36.6
93.24 , 37.05
93.32 , 36.69
93.82 , 36.68
93.48 , 36.7
93.2 , 36.59
93.31 , 36.76
93.51 , 36.66
93.49 , 36.71
93.46 , 36.22
93.42 , 36.6
92.98 , 36.12
93.53 , 36.79
92.9 , 36.4
93.95 , 36.38
93.33 , 36.29
93.27 , 36.35
93.16 , 36.5
93.55 , 36.05
93.39 , 36.6
92.93 , 36.63
93.29 , 36.35
93.62 , 36.37
92.9 , 36.43
93.05 , 36.34
93.53 , 36.51
93.15 , 36.3
93.31 , 36.61
93.17 , 36.29
93.37 , 36.8
93.27 , 36.57
93.36 , 36.56
93.64 , 36.59
93.4 , 36.68
93.6 , 36.3
93.5 , 36.35
93.19 , 36.67
93.06 , 36.22
93.41 , 36.19
92.99 , 36.75
93.09 , 36.43
93.55 , 36.27
93.19 , 36.42
93.42 , 36.31
93.78 , 36.32
93.72 , 36.64
93.05 , 36.46
93.19 , 36.03
93.37 , 36.18
93.47 , 36.66
93.5 , 36.4
93.55 , 35.87
93.77 , 36.17
93.52 , 36.24
93.15 , 35.81
93.5 , 36.5
93.74 , 35.86
93.57 , 35.74
93.12 , 36.05
93.03 , 36.05
93.29 , 35.8
93.43 , 36.92
93.38 , 36.02
93.5 , 36.36
93.59 , 36.34
93.63 , 36.21
93.49 , 36.12
93.13 , 36.36
93.56 , 36.14
93.73 , 36.3
93.31 , 36.23
93.43 , 36.05
93.05 , 35.81
93.32 , 36.27
93.46 , 36.52
93.8 , 36.23
93.52 , 35.71
93.32 , 36.26
92.89 , 36.44
93.64 , 36.0
93.13 , 36.28
93.21 , 35.99
92.97 , 35.63
93.58 , 35.99
93.66 , 35.88
93.65 , 36.33
93.46 , 35.61
93.56 , 36.27
93.57 , 35.73
93.06 , 35.82
93.81 , 36.36
93.44 , 35.55
93.02 , 35.66
93.78 , 35.8
93.61 , 36.05
93.4 , 36.16
93.62 , 35.92
93.35 , 36.31
93.6 , 35.63
93.69 , 35.62
93.51 , 35.6
93.29 , 35.59
93.06 , 35.79
93.73 , 36.01
93.53 , 35.82
93.1 , 35.91
93.32 , 36.08
93.13 , 35.2
93.22 , 35.63
93.46 , 35.61
93.76 , 35.68
93.87 , 35.8
93.43 , 35.91
93.49 , 35.52
93.6 , 35.81
93.23 , 35.26
93.47 , 35.52
93.64 , 35.56
93.17 , 35.96
93.55 , 36.11
93.5 , 35.36
93.23 , 35.7
93.47 , 35.83
93.58 , 36.07
93.41 , 36.08
93.24 , 36.03
93.16 , 35.39
93.58 , 35.79
93.03 , 35.8
93.65 , 35.31
93.48 , 35.57
93.4 , 35.94
93.31 , 35.76
93.3 , 35.31
93.25 , 35.54
93.4 , 35.41
93.91 , 35.38
93.67 , 35.99
93.56 , 35.64
93.45 , 35.63
93.15 , 35.25
93.45 , 35.83
93.49 , 35.49
93.18 , 35.31
93.66 , 35.55
93.36 , 35.53
93.63 , 35.34
93.29 , 35.16
93.71 , 35.49
93.25 , 35.28
93.47 , 35.62
93.58 , 35.42
93.44 , 35.46
93.1 , 35.45
93.54 , 35.41
93.44 , 35.56
93.87 , 35.8
93.23 , 35.44
93.52 , 35.2
93.09 , 35.99
93.82 , 35.21
93.44 , 35.4
93.21 , 35.66
93.78 , 35.47
94.14 , 35.21
93.62 , 35.38
93.98 , 35.91
94.01 , 35.75
93.78 , 35.81
93.58 , 35.39
93.59 , 35.41
93.47 , 35.36
93.63 , 35.58
93.44 , 34.99
93.81 , 35.51
93.28 , 35.17
93.68 , 35.3
94.14 , 35.14
93.51 , 35.32
93.94 , 35.63
93.62 , 35.3
93.56 , 35.63
93.83 , 35.49
93.5 , 35.29
93.05 , 35.21
93.47 , 34.64
93.53 , 35.51
93.35 , 35.44
93.66 , 35.32
93.25 , 35.65
93.09 , 35.33
93.58 , 35.36
93.16 , 35.08
93.2 , 35.28
93.35 , 35.59
93.72 , 35.63
93.35 , 35.36
93.93 , 35.2
93.57 , 35.14
93.69 , 34.99
93.48 , 34.93
93.35 , 34.97
93.4 , 35.29
93.6 , 35.18
93.95 , 35.08
94.08 , 35.08
93.79 , 35.1
93.32 , 35.01
93.84 , 35.12
93.52 , 34.73
93.39 , 35.03
93.55 , 34.59
93.11 , 34.14
93.06 , 34.74
93.81 , 35.11
93.51 , 34.85
93.57 , 34.9
93.84 , 35.17
93.5 , 34.52
93.72 , 35.07
93.54 , 35.03
93.34 , 34.64
93.44 , 35.17
93.92 , 35.17
93.86 , 35.03
93.17 , 34.81
93.87 , 34.86
93.51 , 35.11
93.93 , 35.22
93.35 , 34.99
93.59 , 34.82
93.55 , 35.07
93.28 , 35.05
93.7 , 34.86
93.8 , 34.71
93.62 , 35.17
93.86 , 34.93
93.72 , 34.85
93.76 , 34.55
93.34 , 34.89
93.71 , 34.99
93.75 , 34.88
93.65 , 34.22
93.67 , 34.5
93.31 , 34.93
93.61 , 35.45
93.74 , 34.67
93.59 , 34.72
93.81 , 35.03
93.39 , 34.72
93.5 , 34.65
93.37 , 35.04
93.3 , 34.9
93.5 , 34.8
93.5 , 34.36
93.66 , 35.02
93.28 , 34.95
93.78 , 35.08
93.67 , 34.43
93.43 , 34.71
93.11 , 34.87
93.97 , 34.6
93.28 , 34.5
93.63 , 34.97
93.61 , 34.53
93.33 , 34.58
93.83 , 34.7
94.02 , 35.02
93.68 , 34.67
94.05 , 34.69
93.51 , 34.64
93.34 , 34.63
93.53 , 34.41
93.96 , 34.8
94.07 , 34.61
93.37 , 34.08
93.8 , 34.27
93.62 , 34.14
93.64 , 34.79
93.65 , 34.62
93.47 , 34.84
94.08 , 34.86
93.86 , 34.75
93.78 , 34.28
93.77 , 34.86
93.65 , 34.59
93.89 , 34.3
94.08 , 34.59
93.43 , 34.57
93.28 , 34.45
93.96 , 34.43
93.6 , 34.44
93.92 , 34.48
93.81 , 34.42
93.66 , 33.95
93.69 , 34.55
93.71 , 34.38
93.9 , 34.7
93.79 , 34.47
93.44 , 34.05
93.8 , 34.48
93.43 , 34.4
93.79 , 34.65
93.75 , 34.3
93.4 , 34.4
93.7 , 34.64
93.89 , 34.33
93.56 , 34.7
93.45 , 34.14
93.43 , 34.58
93.61 , 34.43
93.77 , 33.97
93.26 , 34.27
93.95 , 34.23
93.42 , 34.05
93.72 , 34.08
93.48 , 34.24
93.64 , 33.89
93.94 , 34.08
93.83 , 34.19
93.97 , 34.26
93.43 , 33.94
93.61 , 34.58
93.88 , 34.27
93.5 , 34.07
93.89 , 33.46
93.71 , 34.5
93.58 , 33.78
93.76 , 34.2
93.71 , 34.4
93.41 , 34.11
93.79 , 34.59
93.57 , 34.07
93.81 , 34.38
93.77 , 33.95
93.7 , 34.07
93.55 , 34.33
93.73 , 34.5
93.91 , 34.39
93.9 , 33.46
93.92 , 34.17
93.26 , 34.37
93.85 , 34.19
93.94 , 33.99
93.73 , 34.04
94.1 , 34.08
93.65 , 34.11
94.05 , 34.29
94.02 , 34.11
93.69 , 34.06
93.78 , 34.03
93.89 , 33.85
93.78 , 34.1
93.51 , 33.9
93.87 , 33.93
93.27 , 34.22
93.87 , 34.0
93.75 , 33.7
93.65 , 33.64
94.46 , 34.22
93.75 , 34.0
93.82 , 33.87
93.85 , 33.77
93.82 , 33.73
93.47 , 34.19
93.85 , 33.86
94.03 , 33.58
93.76 , 34.02
93.37 , 33.9
93.62 , 33.78
93.83 , 34.46
93.71 , 33.69
93.28 , 33.95
93.71 , 34.18
94.17 , 34.0
93.7 , 34.15
93.84 , 33.6
93.73 , 33.53
94.5 , 33.82
93.76 , 33.94
93.89 , 33.95
93.88 , 33.99
93.87 , 33.98
93.7 , 33.58
93.7 , 33.87
93.59 , 33.49
94.13 , 33.84
93.42 , 33.95
93.58 , 33.83
93.94 , 33.78
93.75 , 33.77
93.35 , 33.56
93.66 , 33.31
94.03 , 33.68
93.68 , 33.14
93.59 , 34.31
93.5 , 33.72
94.23 , 33.99
93.64 , 33.81
93.51 , 33.78
93.96 , 34.15
93.75 , 33.44
93.93 , 33.98
94.04 , 33.12
94.27 , 33.89
94.12 , 33.65
93.76 , 33.32
94.23 , 33.66
94.61 , 33.7
93.27 , 33.28
93.71 , 33.14
94.09 , 32.98
93.54 , 33.61
93.72 , 33.66
93.29 , 33.52
93.89 , 33.35
93.69 , 33.74
93.72 , 33.77
93.19 , 33.41
93.94 , 33.44
93.81 , 33.98
94.04 , 33.88
93.71 , 33.67
93.88 , 33.29
93.4 , 33.42
93.5 , 33.43
93.49 , 33.71
93.53 , 33.19
93.91 , 32.98
93.72 , 33.91
94.19 , 33.22
94.24 , 33.1
93.92 , 33.63
93.39 , 33.99
93.76 , 33.66
94.02 , 33.35
93.77 , 33.35
93.86 , 33.52
93.96 , 33.39
93.92 , 33.38
93.95 , 33.44
93.82 , 33.49
93.66 , 33.18
93.99 , 32.87
93.71 , 33.28
93.81 , 33.53
93.78 , 33.2
93.92 , 32.98
94.22 , 33.55
93.36 , 32.98
93.94 , 32.89
94.27 , 32.97
94.39 , 33.49
93.47 , 33.64
94.07 , 33.66
93.82 , 32.63
93.78 , 33.16
93.88 , 32.76
93.56 , 33.34
93.63 , 33.32
93.98 , 33.79
94.05 , 33.55
93.9 , 32.9
93.79 , 32.93
94.17 , 33.11
94.14 , 33.46
94.16 , 33.19
93.91 , 33.43
93.78 , 33.17
93.63 , 32.95
94.22 , 33.29
93.79 , 32.85
93.72 , 33.18
94.03 , 33.25
94.1 , 32.68
94.26 , 32.87
93.8 , 32.8
93.97 , 33.39
93.79 , 32.74
94.2 , 33.21
94.18 , 33.02
93.99 , 33.17
93.7 , 33.08
93.96 , 33.41
93.92 , 33.76
93.82 , 33.04
94.01 , 33.04
93.77 , 33.04
93.95 , 32.97
93.78 , 32.77
93.99 , 33.13
93.79 , 32.93
93.84 , 33.05
93.4 , 32.76
94.0 , 33.3
94.0 , 33.08
93.86 , 32.69
93.85 , 32.86
93.77 , 32.76
93.74 , 32.91
93.26 , 32.86
93.56 , 33.38
94.21 , 33.05
94.08 , 33.02
94.24 , 33.15
93.83 , 32.69
93.81 , 32.53
93.84 , 32.53
93.9 , 32.79
94.19 , 32.63
93.64 , 32.88
94.25 , 32.98
93.89 , 32.7
93.59 , 33.16
93.68 , 32.75
93.43 , 32.93
94.17 , 32.67
93.81 , 33.07
94.14 , 32.65
94.13 , 33.02
93.96 , 32.92
93.85 , 32.61
93.8 , 32.76
94.0 , 32.47
93.86 , 32.88
93.94 , 32.89
94.25 , 32.75
94.42 , 33.18
94.22 , 32.75
93.64 , 33.01
93.63 , 32.79
93.99 , 32.64
93.59 , 31.85
94.37 , 32.75
93.91 , 32.94
93.96 , 32.7
93.8 , 32.4
93.88 , 32.49
93.73 , 32.89
93.99 , 32.75
94.4 , 32.31
93.49 , 32.76
93.74 , 32.51
93.92 , 32.62
93.82 , 32.84
93.68 , 32.32
93.77 , 32.4
93.66 , 32.62
94.14 , 32.92
94.02 , 32.66
94.29 , 32.59
94.13 , 32.54
94.14 , 32.64
93.95 , 32.64
94.26 , 32.95
94.01 , 33.23
94.47 , 32.38
94.23 , 32.98
93.95 , 32.63
93.47 , 32.08
94.01 , 32.57
93.9 , 32.46
93.57 , 32.29
93.67 , 32.34
94.03 , 32.49
93.9 , 32.71
93.82 , 32.47
94.17 , 32.02
93.83 , 32.24
93.99 , 32.4
93.74 , 32.25
93.85 , 32.05
93.85 , 32.65
93.72 , 32.58
93.96 , 32.58
93.83 , 32.2
93.93 , 32.34
94.11 , 32.36
93.69 , 32.11
93.74 , 32.32
93.76 , 32.56
94.03 , 32.52
94.24 , 32.57
93.83 , 32.48
93.68 , 32.54
93.68 , 31.99
94.08 , 32.44
94.37 , 32.46
93.93 , 32.35
93.93 , 32.16
94.11 , 32.3
94.11 , 32.79
94.46 , 31.8
93.8 , 31.95
93.78 , 32.43
93.67 , 32.07
93.67 , 32.04
93.77 , 32.12
94.34 , 31.84
94.5 , 31.99
93.52 , 32.31
94.15 , 31.83
93.89 , 32.19
93.92 , 32.22
93.83 , 32.3
94.37 , 32.14
94.01 , 31.65
94.08 , 32.43
94.06 , 32.55
94.28 , 31.98
93.95 , 32.11
94.1 , 31.76
94.18 , 32.06
93.99 , 32.22
93.79 , 32.22
93.77 , 32.3
94.16 , 31.81
94.11 , 32.24
94.22 , 31.76
94.09 , 32.13
93.85 , 32.37
93.85 , 32.11
93.77 , 31.76
93.98 , 31.88
94.14 , 32.14
93.64 , 31.96
94.43 , 32.01
94.26 , 31.73
94.45 , 31.89
93.91 , 31.63
94.17 , 32.57
94.13 , 32.09
94.32 , 31.69
93.91 , 32.02
93.89 , 32.22
94.0 , 31.78
93.76 , 31.46
93.66 , 31.96
94.4 , 31.74
94.69 , 31.86
93.76 , 31.66
94.09 , 32.35
93.73 , 31.81
94.05 , 32.1
94.09 , 32.06
93.96 , 32.22
93.77 , 31.86
94.21 , 31.63
93.82 , 31.82
93.87 , 32.01
93.82 , 32.23
93.82 , 32.11
94.39 , 31.67
94.25 , 31.98
93.98 , 31.75
94.12 , 31.91
93.92 , 32.05
93.9 , 32.03
93.92 , 31.52
94.2 , 31.83
93.78 , 31.98
94.35 , 31.57
94.26 , 31.87
93.86 , 31.45
94.32 , 31.63
94.08 , 31.56
94.04 , 31.92
93.88 , 31.54
93.81 , 31.76
93.69 , 31.58
94.1 , 32.0
94.14 , 31.8
93.94 , 32.17
93.77 , 31.41
94.0 , 31.78
94.44 , 31.76
94.43 , 31.88
94.28 , 31.65
94.32 , 31.68
94.21 , 31.49
93.89 , 31.65
94.24 , 31.84
93.97 , 31.59
94.08 , 31.63
93.64 , 31.53
94.02 , 31.03
94.12 , 31.69
93.86 , 31.6
93.97 , 31.55
93.94 , 31.6
94.13 , 31.45
93.85 , 31.36
94.46 , 31.9
94.17 , 31.37
93.94 , 31.28
94.27 , 31.56
94.16 , 31.64
94.12 , 31.45
94.33 , 31.66
93.81 , 31.25
93.68 , 31.15
94.46 , 31.1
94.3 , 31.72
94.4 , 30.77
93.99 , 30.85
93.83 , 31.65
93.82 , 31.27
94.25 , 31.98
93.85 , 31.4
94.22 , 31.27
93.94 , 30.97
93.95 , 31.13
94.21 , 31.43
93.86 , 31.26
93.97 , 31.2
94.19 , 31.6
94.41 , 30.91
94.04 , 31.26
94.77 , 31.27
94.24 , 30.91
93.74 , 31.36
93.72 , 31.01
94.04 , 31.01
93.81 , 31.35
94.35 , 31.34
93.94 , 31.01
94.06 , 31.33
94.03 , 31.18
94.29 , 31.54
94.43 , 31.52
94.14 , 31.27
93.63 , 30.86
94.21 , 31.67
94.1 , 31.28
93.94 , 31.24
93.88 , 31.32
93.62 , 30.92
94.48 , 31.37
94.35 , 31.29
93.89 , 31.11
94.06 , 31.1
94.39 , 31.07
93.86 , 31.36
93.93 , 31.12
94.54 , 31.21
94.16 , 30.74
94.35 , 30.86
94.0 , 31.19
94.19 , 30.79
94.0 , 31.0
94.07 , 31.1
94.29 , 31.37
94.13 , 31.15
93.92 , 31.35
94.34 , 31.17
94.0 , 31.12
94.06 , 30.96
94.35 , 31.49
93.86 , 30.64
94.21 , 31.12
94.11 , 30.97
94.0 , 31.34
94.62 , 31.13
94.03 , 31.48
94.22 , 30.98
93.71 , 30.96
93.97 , 30.81
94.2 , 30.64
94.06 , 31.11
93.82 , 30.79
94.01 , 30.69
94.04 , 30.83
93.93 , 30.78
93.98 , 31.07
93.73 , 31.23
94.29 , 31.16
94.41 , 30.9
94.29 , 31.14
94.33 , 31.26
94.03 , 30.91
94.75 , 30.75
94.3 , 30.6
94.3 , 31.06
94.37 , 30.49
93.99 , 31.03
94.37 , 30.54
94.45 , 30.92
94.57 , 30.71
94.02 , 30.98
93.87 , 30.86
94.01 , 31.19
94.31 , 30.62
93.9 , 30.91
94.35 , 31.01
93.95 , 30.74
94.12 , 30.59
93.99 , 30.76
94.34 , 30.83
94.43 , 30.73
94.5 , 30.23
93.95 , 30.95
94.13 , 30.7
94.12 , 30.33
94.08 , 30.58
94.28 , 30.87
94.26 , 30.93
94.21 , 31.35
94.39 , 30.85
94.06 , 30.13
94.27 , 30.55
93.7 , 30.36
94.45 , 30.41
94.34 , 30.6
94.1 , 30.58
94.23 , 30.3
93.95 , 30.51
93.46 , 30.86
93.92 , 30.48
94.54 , 30.34
94.16 , 30.42
94.11 , 30.58
94.17 , 30.35
94.2 , 30.48
94.2 , 30.31
93.98 , 30.77
94.57 , 30.04
94.25 , 30.71
94.4 , 30.02
94.29 , 30.42
94.19 , 30.64
93.99 , 30.27
93.98 , 30.73
94.54 , 30.67
94.06 , 30.63
94.08 , 30.83
94.33 , 30.39
93.71 , 30.12
94.09 , 30.11
94.52 , 30.3
93.88 , 30.59
94.65 , 30.5
94.15 , 30.21
94.02 , 30.76
94.15 , 30.3
94.07 , 30.35
94.23 , 30.42
94.47 , 30.36
94.33 , 30.08
94.23 , 30.59
94.41 , 29.8
94.54 , 30.33
93.92 , 30.59
94.21 , 30.28
94.2 , 30.25
94.54 , 30.29
94.34 , 30.28
94.19 , 30.21
94.61 , 29.94
93.71 , 30.42
94.53 , 30.13
94.4 , 30.64
94.23 , 30.17
94.27 , 30.47
94.22 , 29.93
94.01 , 29.42
94.38 , 30.2
94.14 , 30.18
94.14 , 29.94
94.06 , 30.47
94.05 , 30.17
94.14 , 30.04
94.09 , 29.92
94.06 , 29.72
94.62 , 30.4
94.56 , 30.49
94.21 , 30.38
94.23 , 29.54
94.05 , 30.03
94.35 , 30.04
94.04 , 30.15
94.63 , 29.92
94.09 , 30.04
93.54 , 30.54
94.43 , 30.06
94.28 , 30.06
94.24 , 30.28
94.39 , 30.16
94.45 , 29.79
94.04 , 30.34
94.5 , 30.29
94.14 , 30.55
94.32 , 29.98
94.01 , 29.87
94.08 , 30.04
93.84 , 30.12
94.34 , 29.99
94.34 , 29.99
93.88 , 30.28
94.1 , 30.13
94.46 , 30.16
94.0 , 30.01
94.74 , 30.27
94.12 , 30.12
94.77 , 29.54
93.96 , 30.46
94.12 , 30.0
94.38 , 29.77
94.04 , 30.16
94.29 , 29.67
94.0 , 30.04
94.06 , 29.64
94.61 , 30.16
94.43 , 29.88
94.29 , 29.86
94.16 , 30.18
94.05 , 29.78
94.09 , 29.48
94.52 , 30.08
93.83 , 29.9
94.57 , 29.95
94.38 , 30.0
94.81 , 30.11
94.55 , 29.71
94.03 , 29.72
94.62 , 29.87
94.1 , 29.58
94.88 , 29.82
94.42 , 30.05
94.54 , 29.55
94.38 , 29.42
93.95 , 29.81
94.13 , 29.59
94.08 , 29.68
94.53 , 29.7
94.39 , 29.64
94.17 , 29.27
94.13 , 29.89
94.7 , 29.78
94.29 , 29.61
93.93 , 29.92
94.12 , 29.88
94.05 , 29.85
94.45 , 29.91
94.21 , 29.56
94.09 , 29.68
94.03 , 29.94
94.29 , 29.06
94.56 , 29.34
94.48 , 29.64
94.08 , 29.72
94.48 , 29.52
94.44 , 29.32
93.73 , 29.55
94.4 , 30.13
94.39 , 29.82
94.32 , 29.76
94.21 , 29.33
93.86 , 29.35
94.54 , 29.38
94.55 , 29.37
94.23 , 29.57
94.67 , 29.36
93.94 , 29.16
94.76 , 29.3
94.21 , 29.75
94.67 , 29.39
94.17 , 29.64
94.22 , 29.48
94.5 , 29.85
94.36 , 29.63
93.87 , 28.96
93.68 , 29.44
94.62 , 29.52
94.69 , 29.03
94.63 , 29.35
94.66 , 29.54
94.36 , 29.54
94.36 , 29.52
93.99 , 29.85
94.53 , 29.23
94.63 , 29.22
94.25 , 29.53
94.47 , 29.5
94.4 , 29.44
94.24 , 29.26
94.34 , 29.48
94.62 , 29.34
94.54 , 29.18
94.27 , 28.78
94.45 , 29.25
94.6 , 29.01
94.44 , 29.65
94.59 , 29.74
94.39 , 29.12
94.52 , 29.35
94.57 , 29.22
94.41 , 29.35
94.45 , 29.72
94.33 , 29.38
93.95 , 29.62
93.93 , 29.25
94.44 , 29.21
94.58 , 29.54
94.64 , 29.29
94.52 , 29.28
95.04 , 29.5
94.21 , 28.72
94.19 , 29.34
94.24 , 28.92
94.39 , 29.23
94.1 , 29.21
94.29 , 29.49
94.06 , 29.09
94.08 , 29.56
94.53 , 29.2
94.68 , 29.19
94.65 , 29.05
94.54 , 29.24
94.62 , 29.2
94.54 , 29.44
95.0 , 28.92
94.22 , 29.05
94.38 , 29.61
94.42 , 29.15
93.8 , 29.56
94.69 , 29.05
94.48 , 28.99
94.36 , 29.44
94.69 , 29.06
94.32 , 28.69
94.53 , 28.82
94.27 , 29.04
94.35 , 28.88
94.43 , 28.73
94.36 , 28.32
94.3 , 29.3
94.2 , 29.27
94.7 , 29.31
94.52 , 29.41
94.18 , 28.69
94.18 , 28.81
94.51 , 28.71
94.31 , 28.91
94.46 , 28.72
94.18 , 29.16
94.0 , 29.39
94.36 , 28.84
94.74 , 29.29
94.59 , 28.83
94.41 , 29.11
94.48 , 29.43
94.24 , 28.8
94.56 , 28.69
94.76 , 28.99
94.72 , 28.86
94.46 , 28.44
94.55 , 29.41
94.12 , 28.71
94.5 , 28.72
94.46 , 28.79
93.79 , 28.65
94.22 , 28.68
94.36 , 28.65
94.69 , 28.74
94.48 , 28.49
94.73 , 28.98
94.6 , 28.75
94.39 , 28.76
94.65 , 28.66
94.48 , 28.79
95.04 , 28.61
94.45 , 28.83
94.17 , 28.55
94.56 , 29.26
94.31 , 28.84
94.26 , 28.94
94.56 , 28.01
94.2 , 28.58
94.62 , 28.61
94.27 , 28.64
94.01 , 29.26
94.48 , 28.81
95.32 , 29.07
94.3 , 28.73
94.03 , 28.77
94.51 , 28.51
94.45 , 28.69
94.84 , 28.8
94.32 , 28.59
94.13 , 28.44
94.7 , 28.55
94.21 , 28.84
94.47 , 28.76
94.08 , 28.99
94.17 , 28.68
94.3 , 28.92
94.33 , 28.24
94.28 , 28.35
94.82 , 28.24
94.37 , 28.06
94.85 , 28.78
94.61 , 28.83
94.76 , 28.53
94.74 , 28.78
94.73 , 28.4
94.5 , 28.41
94.4 , 28.82
94.35 , 28.39
94.57 , 27.77
94.6 , 28.41
94.86 , 28.53
94.43 , 28.86
94.56 , 28.47
94.64 , 28.07
94.26 , 28.45
94.4 , 28.66
94.59 , 28.6
94.14 , 27.93
94.53 , 28.24
94.37 , 28.64
94.3 , 27.91
94.94 , 28.59
94.35 , 28.32
94.82 , 28.48
94.5 , 28.39
94.47 , 28.23
94.41 , 28.16
94.62 , 28.28
94.49 , 28.24
94.27 , 28.16
94.74 , 28.2
94.99 , 28.3
94.72 , 28.28
94.44 , 27.95
94.71 , 28.45
94.17 , 28.91
94.69 , 28.28
94.6 , 27.69
94.17 , 28.28
94.52 , 28.64
94.68 , 28.39
94.81 , 28.55
94.56 , 28.13
94.69 , 28.11
94.05 , 28.22
94.46 , 28.05
94.35 , 27.77
94.5 , 28.02
94.1 , 28.42
94.24 , 28.56
94.34 , 27.93
94.56 , 28.37
94.93 , 28.21
94.54 , 27.75
94.7 , 28.34
94.09 , 28.31
94.53 , 28.61
94.87 , 27.99
94.42 , 28.05
94.58 , 27.87
94.18 , 28.17
94.56 , 27.79
94.77 , 27.6
94.8 , 27.71
94.71 , 28.17
94.67 , 27.78
94.32 , 28.25
94.35 , 27.77
94.84 , 27.91
94.69 , 28.35
94.71 , 28.02
94.49 , 28.26
94.19 , 28.31
94.55 , 28.16
94.35 , 27.57
94.8 , 27.83
94.31 , 28.06
94.42 , 27.91
94.25 , 27.84
94.95 , 27.99
94.84 , 27.57
94.66 , 28.24
94.64 , 27.88
94.59 , 27.8
94.81 , 27.59
94.67 , 27.76
94.61 , 28.13
94.3 , 28.0
94.93 , 27.9
94.64 , 27.83
94.33 , 28.07
94.45 , 27.79
94.89 , 28.31
94.75 , 27.63
94.25 , 27.88
95.0 , 27.93
94.78 , 27.76
94.45 , 27.85
94.68 , 27.78
94.56 , 27.85
94.53 , 27.82
94.82 , 27.85
94.61 , 27.78
95.05 , 27.76
94.8 , 27.54
94.62 , 28.06
94.86 , 27.5
94.83 , 27.48
94.55 , 27.88
94.6 , 27.79
94.79 , 27.37
95.03 , 27.41
94.42 , 27.47
95.18 , 28.32
95.05 , 27.59
94.99 , 27.66
94.54 , 27.71
95.11 , 27.75
94.82 , 28.41
94.6 , 27.91
94.32 , 27.69
93.98 , 27.54
94.48 , 27.63
94.49 , 27.51
94.54 , 27.33
94.33 , 27.51
94.6 , 27.46
94.18 , 27.6
94.77 , 27.65
94.07 , 27.61
94.83 , 27.58
94.82 , 27.68
94.93 , 27.52
94.29 , 26.93
94.54 , 27.56
95.17 , 27.84
94.53 , 27.67
94.99 , 27.24
94.71 , 27.09
94.61 , 27.56
94.64 , 28.06
94.35 , 27.54
94.43 , 27.49
94.31 , 27.62
94.62 , 27.16
94.8 , 26.94
95.18 , 27.02
94.91 , 27.05
94.76 , 27.5
94.33 , 27.56
94.24 , 27.4
94.37 , 27.26
94.45 , 27.56
94.73 , 27.62
94.76 , 27.45
94.48 , 27.09
94.52 , 26.84
94.64 , 27.54
94.61 , 27.79
94.66 , 27.4
94.66 , 27.54
94.77 , 27.3
94.89 , 27.34
94.34 , 27.19
94.79 , 27.55
94.61 , 27.48
94.67 , 27.51
94.88 , 27.2
94.79 , 27.51
94.7 , 27.38
94.6 , 27.26
94.54 , 27.82
94.57 , 27.64
94.43 , 27.19
94.98 , 27.34
94.65 , 27.15
95.12 , 26.67
95.33 , 27.24
94.58 , 27.43
94.47 , 27.01
94.6 , 27.36
94.43 , 27.41
94.89 , 27.27
94.82 , 27.22
94.71 , 26.97
94.45 , 27.05
94.54 , 26.94
94.89 , 27.23
94.64 , 27.39
94.53 , 26.63
94.72 , 27.42
94.91 , 26.71
94.66 , 27.15
95.11 , 27.2
94.82 , 27.25
94.89 , 27.14
94.4 , 27.48
94.32 , 27.03
94.6 , 26.94
94.97 , 27.16
94.38 , 27.15
94.47 , 27.44
94.66 , 26.83
94.64 , 26.62
95.04 , 27.27
94.44 , 26.79
94.74 , 27.09
95.05 , 26.98
94.86 , 27.09
94.62 , 26.54
95.07 , 26.78
94.96 , 26.73
94.61 , 26.91
95.18 , 26.83
94.55 , 26.64
94.55 , 26.97
95.25 , 26.69
94.5 , 26.81
94.79 , 26.99
94.57 , 27.14
94.6 , 26.87
94.79 , 26.6
94.61 , 27.03
94.55 , 26.7
94.72 , 26.91
94.45 , 27.06
94.9 , 27.11
94.63 , 26.82
94.56 , 26.61
94.78 , 26.7
94.88 , 26.49
94.92 , 26.97
94.78 , 27.15
94.58 , 26.53
94.82 , 26.65
94.99 , 26.6
94.91 , 26.63
95.24 , 27.18
94.55 , 26.71
94.98 , 26.75
94.69 , 26.57
94.82 , 26.76
94.96 , 26.62
94.99 , 26.59
94.81 , 26.93
95.28 , 26.38
94.96 , 26.62
94.49 , 26.68
94.82 , 26.61
94.55 , 26.79
94.65 , 26.09
94.36 , 27.13
94.85 , 26.58
94.5 , 26.74
94.8 , 26.36
94.93 , 27.03
95.05 , 26.45
94.72 , 26.55
94.84 , 26.52
94.74 , 27.07
94.93 , 26.54
94.55 , 26.2
94.73 , 26.53
95.21 , 26.8
94.72 , 26.68
95.17 , 26.83
94.28 , 26.73
95.02 , 26.1
94.89 , 26.86
95.33 , 26.4
94.5 , 26.82
94.87 , 26.46
94.86 , 26.78
94.81 , 26.56
94.8 , 26.74
94.42 , 26.24
95.0 , 26.81
94.63 , 26.87
94.76 , 27.0
94.59 , 26.57
94.52 , 26.53
94.9 , 26.83
95.08 , 26.87
95.25 , 25.8
94.57 , 26.23
95.01 , 26.32
95.12 , 26.44
95.41 , 26.59
94.72 , 26.02
94.59 , 26.48
94.63 , 26.29
94.65 , 26.14
94.92 , 25.77
94.56 , 26.47
94.96 , 26.59
94.5 , 26.43
94.95 , 26.52
95.05 , 26.98
94.6 , 26.3
94.87 , 26.64
94.95 , 26.32
94.83 , 25.87
94.82 , 26.19
94.31 , 26.17
94.78 , 26.18
94.71 , 25.86
94.89 , 26.61
94.97 , 26.18
94.53 , 26.55
94.69 , 26.63
94.76 , 26.53
95.14 , 25.98
95.22 , 26.51
95.01 , 26.03
94.73 , 26.46
94.8 , 26.14
94.8 , 26.35
94.59 , 25.72
95.19 , 26.21
94.31 , 26.12
95.15 , 25.81
94.89 , 25.71
94.67 , 26.21
94.8 , 26.0
95.11 , 26.33
95.18 , 26.23
94.72 , 26.06
94.85 , 25.68
94.59 , 26.01
94.59 , 26.21
94.13 , 25.57
94.79 , 26.05
94.68 , 26.05
94.88 , 26.07
94.86 , 26.0
94.74 , 25.83
94.94 , 26.28
94.32 , 26.3
94.71 , 25.73
95.05 , 26.11
94.6 , 25.86
94.1 , 25.99
94.71 , 26.08
94.5 , 26.45
95.12 , 26.5
94.57 , 25.81
94.83 , 25.79
94.98 , 25.72
95.06 , 25.8
94.89 , 25.4
94.49 , 25.83
95.23 , 25.97
94.38 , 25.85
94.54 , 25.76
94.49 , 25.76
95.42 , 25.73
94.89 , 26.12
94.27 , 25.74
94.91 , 26.07
94.83 , 25.76
94.84 , 26.18
94.87 , 26.01
95.15 , 25.92
95.28 , 25.68
94.22 , 26.16
94.79 , 25.73
94.98 , 26.16
94.68 , 25.85
94.93 , 25.75
94.65 , 26.07
95.19 , 26.08
94.92 , 25.91
94.51 , 25.6
94.59 , 25.5
94.31 , 26.12
95.1 , 25.77
94.95 , 25.67
94.32 , 25.94
94.7 , 25.82
95.15 , 25.73
94.57 , 25.68
94.68 , 25.77
94.82 , 25.43
94.96 , 25.68
94.81 , 25.84
94.66 , 25.23
94.86 , 25.25
94.9 , 25.49
94.62 , 26.06
95.1 , 25.79
94.68 , 26.08
94.86 , 25.67
94.78 , 25.38
94.51 , 25.56
94.67 , 26.07
95.1 , 25.69
94.88 , 25.83
95.36 , 25.59
94.89 , 25.24
94.85 , 25.56
94.82 , 25.48
94.31 , 25.81
94.17 , 25.31
95.36 , 25.38
95.12 , 25.06
94.99 , 25.88
95.17 , 25.93
94.94 , 25.56
94.75 , 25.27
95.3 , 25.98
95.01 , 25.4
94.83 , 25.35
95.15 , 24.84
94.59 , 25.32
94.8 , 25.54
94.83 , 25.01
94.89 , 25.48
95.43 , 25.4
94.66 , 25.62
94.99 , 25.69
95.21 , 25.42
95.04 , 25.09
95.04 , 25.37
94.75 , 25.24
95.1 , 25.67
94.94 , 25.78
95.01 , 25.14
94.67 , 25.68
95.06 , 25.58
95.12 , 25.03
95.01 , 25.75
94.86 , 25.22
94.76 , 25.76
94.96 , 25.42
95.02 , 25.3
94.93 , 25.25
94.87 , 25.35
94.8 , 25.44
95.28 , 25.31
94.83 , 25.1
95.16 , 24.81
94.91 , 24.87
94.69 , 25.44
95.08 , 25.33
95.19 , 25.75
95.35 , 25.35
94.62 , 25.07
94.8 , 25.38
95.39 , 25.32
95.31 , 25.27
95.09 , 25.01
94.91 , 25.64
94.79 , 25.51
94.96 , 24.91
95.04 , 25.13
94.78 , 24.77
94.91 , 25.17
94.64 , 25.57
94.83 , 25.08
95.05 , 24.79
95.15 , 25.11
95.3 , 25.3
95.03 , 25.31
95.32 , 25.1
95.0 , 25.32
95.05 , 25.29
94.81 , 25.13
94.77 , 25.45
94.76 , 24.79
95.24 , 24.88
94.87 , 25.12
95.04 , 25.02
94.97 , 25.18
94.71 , 25.22
94.65 , 25.49
95.01 , 24.81
94.92 , 25.07
95.04 , 24.97
94.9 , 24.82