4.69 , 10.09
5.27 , 9.87
4.71 , 9.99
5.19 , 10.28
4.78 , 9.68
5.29 , 10.13
5.52 , 10.26
5.13 , 9.94
5.82 , 9.94
5.0 , 9.73
5.25 , 10.05
5.16 , 10.0
5.33 , 10.19
5.56 , 10.08
4.86 , 10.2
4.98 , 9.98
4.99 , 10.03
5.18 , 10.08
6.23 , 10.02
5.63 , 9.7
5.37 , 10.2
5.44 , 10.13
5.51 , 9.79
5.65 , 9.84
6.0 , 9.92
5.73 , 10.05
5.82 , 9.9
5.85 , 10.02
5.94 , 10.21
5.68 , 9.86
5.86 , 10.17
6.1 , 9.96
5.85 , 10.18
5.8 , 10.11
5.8 , 9.91
5.52 , 9.96
5.95 , 10.44
6.07 , 10.33
6.04 , 10.24
5.91 , 10.26
6.33 , 9.99
5.74 , 10.56
5.99 , 10.32
6.17 , 9.79
6.59 , 10.52
6.04 , 10.27
6.05 , 9.86
6.02 , 10.18
6.35 , 10.26
6.1 , 10.43
5.92 , 10.29
6.41 , 10.02
5.71 , 9.87
6.24 , 10.23
6.59 , 9.84
6.22 , 10.26
6.21 , 9.51
6.47 , 10.68
6.54 , 9.87
6.21 , 10.16
6.96 , 10.26
6.38 , 10.5
6.36 , 10.58
6.23 , 9.99
6.6 , 10.47
6.61 , 10.19
6.01 , 9.94
6.34 , 9.99
6.66 , 10.04
6.73 , 10.14
6.47 , 10.15
6.69 , 10.34
6.48 , 10.07
6.28 , 10.53
7.01 , 10.09
6.55 , 9.82
6.73 , 10.19
7.26 , 10.2
6.54 , 9.53
7.11 , 10.19
6.38 , 10.19
6.4 , 11.01
7.1 , 10.29
6.8 , 9.61
6.84 , 9.76
7.04 , 9.62
6.68 , 10.46
7.34 , 9.86
6.57 , 10.38
7.19 , 9.91
6.83 , 9.99
6.73 , 9.99
7.36 , 10.34
7.58 , 10.14
7.06 , 9.92
7.08 , 9.84
6.69 , 10.34
7.52 , 10.38
7.51 , 10.24
7.02 , 10.2
7.13 , 9.9
6.82 , 9.81
7.27 , 10.22
7.17 , 10.54
7.36 , 10.33
7.64 , 9.98
6.86 , 10.38
7.21 , 10.52
7.48 , 10.44
7.61 , 9.67
7.62 , 10.03
7.28 , 10.09
7.68 , 10.42
7.76 , 9.79
7.39 , 9.61
7.53 , 10.35
7.39 , 10.27
7.66 , 10.46
7.42 , 10.0
7.45 , 10.65
7.94 , 10.18
7.75 , 10.24
7.76 , 10.16
7.65 , 9.9
7.6 , 10.63
7.91 , 10.24
7.75 , 10.24
7.91 , 10.06
7.89 , 10.29
7.68 , 10.03
7.64 , 9.97
8.13 , 9.64
7.87 , 10.08
7.8 , 10.26
8.26 , 10.26
7.97 , 10.09
7.99 , 10.47
7.95 , 9.96
7.75 , 9.97
7.74 , 10.52
8.2 , 10.19
8.5 , 10.09
8.34 , 10.45
7.79 , 9.87
7.97 , 10.48
8.55 , 9.95
8.51 , 10.16
8.17 , 10.12
8.21 , 9.81
8.06 , 9.96
8.46 , 10.79
9.04 , 10.18
7.95 , 10.17
8.17 , 10.77
8.57 , 10.09
8.68 , 10.41
8.06 , 10.14
8.43 , 10.28
8.54 , 10.2
8.58 , 10.14
8.33 , 10.66
8.67 , 10.4
8.2 , 10.25
8.83 , 9.97
8.92 , 10.19
8.77 , 10.26
8.74 , 10.6
8.61 , 10.69
8.54 , 10.07
8.93 , 10.03
8.69 , 10.53
9.1 , 9.86
8.95 , 10.78
9.14 , 10.25
8.72 , 10.24
8.6 , 10.25
8.86 , 10.28
9.23 , 10.26
8.59 , 10.58
8.71 , 10.21
8.97 , 10.23
8.77 , 10.26
9.59 , 10.17
9.03 , 10.61
9.28 , 10.52
9.33 , 9.84
8.92 , 10.36
9.28 , 10.66
9.3 , 10.27
9.21 , 10.28
9.28 , 10.51
9.16 , 10.14
9.05 , 10.62
9.61 , 10.59
9.53 , 10.55
9.33 , 10.51
9.09 , 10.3
9.19 , 10.53
9.26 , 10.33
9.52 , 10.69
9.25 , 10.12
9.67 , 10.08
9.6 , 10.22
9.49 , 9.91
9.71 , 10.24
9.33 , 10.88
9.76 , 11.24
9.7 , 10.28
9.65 , 10.77
9.64 , 10.48
9.8 , 10.15
9.72 , 10.25
9.4 , 10.59
9.9 , 10.4
9.53 , 9.88
9.9 , 10.36
9.38 , 10.37
9.44 , 10.38
9.88 , 10.48
9.92 , 10.43
9.6 , 10.3
9.78 , 10.33
10.0 , 10.55
10.36 , 9.75
10.08 , 10.35
10.57 , 10.63
9.61 , 10.5
9.91 , 10.65
9.8 , 10.38
10.06 , 10.38
9.97 , 9.95
10.25 , 10.66
10.14 , 10.16
10.23 , 10.56
10.16 , 10.41
10.58 , 10.14
10.11 , 9.94
10.09 , 10.24
10.05 , 10.25
10.76 , 10.38
10.31 , 10.98
10.34 , 10.0
10.48 , 10.2
10.81 , 10.12
10.28 , 10.03
10.47 , 10.18
10.45 , 10.34
10.34 , 10.67
10.75 , 10.46
10.31 , 10.18
10.62 , 11.04
10.46 , 10.25
10.43 , 10.17
10.38 , 10.4
11.0 , 10.45
10.54 , 10.05
10.74 , 10.45
10.41 , 10.19
10.72 , 10.71
10.91 , 10.51
10.7 , 10.54
10.8 , 11.01
10.54 , 10.37
11.16 , 10.4
11.22 , 10.46
10.93 , 10.38
10.57 , 10.23
11.49 , 10.64
11.11 , 10.71
11.12 , 10.73
10.93 , 10.42
11.27 , 10.39
10.71 , 10.43
10.93 , 10.64
10.91 , 10.22
11.03 , 10.88
11.12 , 10.53
11.16 , 10.57
11.41 , 10.84
10.79 , 10.84
11.22 , 10.42
11.84 , 10.46
11.75 , 10.74
11.03 , 10.63
11.5 , 10.47
10.75 , 10.42
11.31 , 10.23
11.84 , 10.45
11.3 , 10.44
11.23 , 10.32
11.47 , 10.59
11.34 , 10.49
11.14 , 10.65
11.32 , 10.57
11.31 , 10.39
11.61 , 10.22
12.2 , 10.52
11.58 , 10.34
12.02 , 10.88
11.72 , 10.19
11.54 , 10.69
11.56 , 10.24
11.42 , 10.34
11.74 , 10.38
11.76 , 11.24
12.22 , 10.28
11.89 , 10.57
11.79 , 10.81
11.76 , 10.47
11.77 , 10.52
12.21 , 10.75
11.58 , 10.44
11.73 , 10.76
12.01 , 10.78
11.96 , 10.08
12.11 , 10.62
12.15 , 10.24
12.07 , 10.39
11.9 , 10.65
12.18 , 10.34
11.68 , 9.95
11.99 , 10.85
12.14 , 10.01
11.96 , 10.68
12.62 , 10.87
12.31 , 10.63
11.98 , 10.47
12.18 , 10.39
12.31 , 10.49
12.4 , 10.94
12.52 , 10.69
12.3 , 10.21
12.35 , 10.73
12.15 , 10.91
12.34 , 10.69
12.36 , 10.28
12.98 , 10.31
12.72 , 10.46
12.58 , 10.4
12.43 , 10.83
13.04 , 10.39
12.58 , 10.84
12.44 , 10.79
12.43 , 10.76
12.75 , 10.91
12.76 , 10.32
12.86 , 10.34
12.9 , 10.99
12.88 , 10.48
13.05 , 10.66
12.47 , 10.53
13.16 , 10.55
12.85 , 10.54
12.42 , 10.5
12.96 , 10.68
12.85 , 10.1
13.22 , 10.81
13.19 , 10.96
12.85 , 10.49
13.06 , 11.06
12.58 , 10.58
12.84 , 10.78
13.41 , 10.57
12.76 , 10.66
13.02 , 10.26
13.33 , 10.52
13.31 , 10.32
13.43 , 10.29
13.44 , 10.2
13.55 , 10.56
12.83 , 10.6
13.33 , 10.41
13.14 , 10.73
13.25 , 9.9
13.2 , 10.77
13.41 , 10.92
13.18 , 11.31
13.58 , 10.75
13.67 , 10.91
13.45 , 10.52
13.7 , 10.78
12.99 , 10.4
13.61 , 10.71
13.58 , 10.84
13.57 , 11.08
13.41 , 10.58
13.66 , 10.87
13.8 , 11.06
13.5 , 10.98
13.76 , 10.43
13.63 , 11.21
13.89 , 10.58
13.11 , 10.51
13.56 , 10.72
14.33 , 10.89
13.86 , 10.47
13.5 , 10.65
13.71 , 11.46
13.74 , 10.55
14.15 , 10.73
13.58 , 11.03
13.83 , 10.38
14.01 , 10.84
13.87 , 10.89
14.18 , 10.5
13.49 , 10.12
13.99 , 11.03
14.3 , 11.07
14.53 , 10.73
14.35 , 10.34
14.28 , 10.83
14.11 , 10.62
13.88 , 10.77
14.5 , 10.64
14.33 , 10.57
14.29 , 10.49
14.34 , 10.69
14.35 , 10.59
14.0 , 10.66
14.57 , 11.14
14.25 , 10.95
14.55 , 10.85
13.99 , 10.83
14.16 , 11.05
14.62 , 10.91
13.81 , 10.91
14.64 , 10.44
14.73 , 10.78
14.47 , 10.58
14.28 , 10.65
15.33 , 10.82
14.63 , 10.6
14.45 , 10.63
14.4 , 10.99
14.58 , 10.99
14.38 , 11.01
14.68 , 10.94
14.69 , 10.56
15.04 , 10.67
14.72 , 10.56
14.83 , 10.68
14.87 , 10.87
14.65 , 10.43
14.95 , 11.02
15.04 , 10.5
15.04 , 10.89
14.98 , 10.9
14.85 , 10.85
15.19 , 10.67
14.62 , 10.77
15.05 , 10.34
14.85 , 10.95
15.01 , 10.83
14.75 , 11.03
15.53 , 10.76
14.93 , 10.52
15.36 , 10.84
14.96 , 11.12
15.37 , 10.97
14.76 , 10.79
15.38 , 10.51
15.48 , 11.18
15.53 , 10.64
15.11 , 11.06
15.56 , 11.13
15.63 , 10.8
15.25 , 10.36
15.58 , 11.4
15.29 , 10.71
15.59 , 10.93
15.1 , 10.66
15.19 , 11.34
15.31 , 11.05
15.99 , 11.31
15.89 , 11.25
15.25 , 10.76
15.4 , 10.77
16.26 , 10.43
15.76 , 10.54
15.98 , 11.18
15.54 , 11.37
15.71 , 11.18
15.79 , 10.72
15.64 , 10.83
15.91 , 10.89
16.37 , 10.81
15.68 , 10.68
15.63 , 10.51
15.6 , 11.09
15.88 , 10.83
15.98 , 11.14
16.07 , 11.07
15.79 , 10.81
15.76 , 10.85
15.77 , 10.79
15.96 , 10.83
15.96 , 10.76
16.37 , 10.8
15.82 , 10.93
15.82 , 10.62
16.13 , 10.47
15.33 , 10.96
16.42 , 10.47
15.95 , 11.04
15.7 , 10.68
15.92 , 10.85
15.75 , 11.12
16.23 , 10.98
16.21 , 10.37
16.27 , 10.57
16.34 , 10.69
16.28 , 10.86
16.57 , 11.1
16.15 , 10.91
16.79 , 11.04
16.26 , 10.89
16.38 , 11.15
16.5 , 11.01
17.07 , 10.58
16.28 , 10.49
16.16 , 11.14
16.65 , 11.33
16.11 , 10.71
16.98 , 11.19
16.87 , 11.15
16.68 , 10.93
16.7 , 11.15
16.67 , 11.02
17.1 , 10.66
16.57 , 11.08
16.71 , 10.9
17.33 , 11.05
16.72 , 11.22
17.48 , 10.67
16.7 , 10.98
16.73 , 11.49
17.04 , 10.85
17.06 , 10.76
16.81 , 10.98
17.58 , 10.4
17.11 , 11.3
17.21 , 11.44
17.16 , 11.0
17.04 , 10.75
17.5 , 10.67
17.08 , 10.84
16.94 , 10.42
17.06 , 11.01
17.22 , 11.19
17.16 , 10.82
17.3 , 11.14
17.02 , 10.6
17.01 , 11.25
17.54 , 10.76
17.34 , 11.19
17.67 , 10.82
17.3 , 11.34
17.98 , 11.37
17.12 , 11.1
17.35 , 10.98
17.28 , 10.88
17.47 , 11.45
17.67 , 11.11
17.52 , 10.81
17.48 , 11.31
17.76 , 11.5
17.64 , 11.0
17.2 , 11.11
17.19 , 11.39
17.49 , 11.01
17.33 , 10.89
17.46 , 11.3
17.77 , 10.72
17.25 , 11.0
17.64 , 10.74
17.93 , 10.98
17.83 , 10.88
17.68 , 10.91
17.45 , 11.19
17.97 , 10.6
17.92 , 11.32
17.97 , 11.36
17.87 , 11.04
17.63 , 10.81
17.52 , 10.81
18.06 , 11.17
18.31 , 11.07
17.8 , 11.15
18.03 , 11.49
18.58 , 11.29
17.83 , 10.92
18.18 , 10.87
18.29 , 11.22
18.39 , 11.11
17.98 , 10.85
18.19 , 11.39
18.64 , 11.3
18.36 , 11.23
18.5 , 11.39
18.53 , 10.68
18.57 , 11.16
18.24 , 11.2
18.45 , 11.06
17.98 , 11.1
18.56 , 11.06
18.05 , 11.19
18.65 , 11.12
18.6 , 10.99
18.35 , 11.21
18.45 , 11.13
19.37 , 11.26
18.61 , 10.68
18.63 , 11.28
18.45 , 11.03
18.08 , 11.23
18.52 , 11.26
19.03 , 11.05
18.96 , 11.16
18.68 , 11.03
18.54 , 11.42
19.0 , 10.85
19.01 , 10.92
18.45 , 11.41
18.53 , 11.4
18.92 , 11.34
19.02 , 11.4
19.0 , 11.26
19.0 , 11.39
18.86 , 11.37
19.36 , 11.1
19.11 , 10.99
18.95 , 11.19
18.96 , 10.9
19.06 , 11.17
19.17 , 11.3
18.67 , 11.48
19.09 , 10.94
19.06 , 11.24
19.4 , 11.04
19.24 , 10.74
19.27 , 11.11
19.14 , 11.36
19.72 , 11.4
19.1 , 11.53
19.23 , 11.13
19.19 , 11.26
19.5 , 11.18
19.33 , 11.11
19.3 , 11.39
19.29 , 11.12
19.39 , 10.97
19.41 , 10.79
19.59 , 11.29
19.44 , 11.55
19.33 , 11.3
19.68 , 11.03
19.52 , 11.39
19.62 , 11.24
19.97 , 11.22
19.23 , 10.99
19.88 , 11.14
19.42 , 10.68
19.79 , 11.55
19.42 , 10.64
19.88 , 11.05
19.71 , 11.1
19.58 , 11.29
20.05 , 11.28
19.71 , 11.45
19.84 , 11.33
19.66 , 11.35
20.1 , 11.51
19.94 , 11.31
19.81 , 11.42
20.17 , 11.47
19.91 , 10.9
20.01 , 11.15
19.86 , 11.35
20.3 , 11.3
20.37 , 11.31
19.87 , 11.06
20.05 , 11.38
20.39 , 11.25
20.43 , 11.01
20.17 , 11.59
20.33 , 11.48
19.78 , 10.81
20.06 , 11.47
20.69 , 11.07
20.07 , 10.98
20.12 , 11.36
20.28 , 11.69
20.56 , 11.06
20.46 , 11.19
20.62 , 11.46
20.36 , 11.46
20.61 , 11.22
20.55 , 11.41
20.44 , 11.08
20.85 , 11.24
20.41 , 11.36
20.22 , 11.26
20.27 , 11.14
20.19 , 11.07
20.87 , 11.21
20.37 , 11.68
20.54 , 11.62
20.58 , 10.9
21.19 , 11.15
20.95 , 11.55
20.46 , 11.28
20.66 , 11.41
20.82 , 10.96
20.86 , 11.46
20.8 , 11.41
20.76 , 11.26
21.0 , 11.31
21.25 , 11.51
21.17 , 11.45
21.02 , 10.99
21.26 , 11.71
21.08 , 11.22
21.04 , 11.58
21.14 , 11.05
21.05 , 11.1
21.07 , 11.07
20.92 , 11.66
21.42 , 10.9
20.94 , 11.19
21.11 , 10.96
21.44 , 10.91
21.42 , 11.47
21.18 , 11.14
21.31 , 11.34
20.8 , 11.0
21.47 , 11.28
21.26 , 11.07
21.21 , 11.13
22.09 , 11.01
21.8 , 11.43
21.5 , 11.37
21.38 , 11.71
21.62 , 11.31
21.49 , 11.37
21.26 , 11.25
21.41 , 11.48
21.73 , 10.87
21.55 , 11.57
21.31 , 11.04
21.89 , 11.3
21.56 , 11.04
21.73 , 11.2
21.77 , 11.44
21.91 , 11.26
21.63 , 11.35
21.76 , 11.39
21.67 , 11.29
21.68 , 11.2
21.89 , 11.63
21.74 , 11.49
21.98 , 11.38
22.08 , 11.22
22.08 , 11.43
21.11 , 11.45
22.13 , 11.84
21.74 , 11.39
22.11 , 11.13
22.34 , 11.48
21.88 , 11.07
21.99 , 11.95
22.64 , 10.76
21.69 , 11.54
22.13 , 11.22
22.33 , 11.4
22.27 , 11.44
21.96 , 11.7
22.14 , 11.66
22.44 , 11.39
22.33 , 11.37
21.86 , 11.31
22.44 , 10.99
21.99 , 11.66
22.58 , 11.01
22.52 , 11.38
22.67 , 11.32
22.39 , 11.21
22.51 , 11.37
22.33 , 11.32
22.33 , 11.56
22.28 , 11.02
22.32 , 11.67
22.46 , 11.57
22.78 , 11.28
22.81 , 11.54
22.64 , 11.24
22.66 , 11.1
22.62 , 11.27
22.82 , 11.5
22.58 , 11.63
23.05 , 11.44
22.6 , 11.55
22.2 , 11.28
22.97 , 11.92
22.67 , 11.81
23.44 , 11.9
22.31 , 11.7
22.96 , 11.68
22.89 , 11.28
22.9 , 11.81
23.19 , 11.37
23.1 , 11.65
23.17 , 11.43
22.89 , 11.26
22.96 , 11.31
22.7 , 11.1
23.33 , 11.17
22.81 , 11.44
23.52 , 11.77
23.08 , 11.2
23.07 , 11.23
23.09 , 11.58
22.98 , 11.27
23.21 , 11.46
23.1 , 11.27
23.03 , 11.28
23.47 , 11.41
22.59 , 11.62
23.36 , 11.25
23.34 , 10.72
23.01 , 11.76
23.98 , 12.02
23.29 , 11.49
23.69 , 11.17
23.95 , 11.3
23.62 , 11.2
23.65 , 11.48
23.85 , 11.2
23.6 , 11.94
23.33 , 11.58
23.76 , 11.37
23.6 , 11.85
23.98 , 11.64
23.78 , 11.21
23.76 , 11.95
24.02 , 11.16
23.26 , 11.34
23.84 , 11.37
23.75 , 11.59
24.07 , 11.56
24.18 , 11.15
24.01 , 11.62
23.54 , 11.83
23.54 , 11.15
24.63 , 11.84
24.07 , 11.86
24.29 , 11.24
24.15 , 11.87
24.01 , 11.54
23.95 , 11.71
23.95 , 11.38
23.81 , 11.3
24.19 , 11.65
24.06 , 11.27
24.27 , 11.62
24.52 , 11.41
24.12 , 11.67
24.63 , 11.53
24.25 , 11.31
24.2 , 11.78
24.53 , 11.83
23.92 , 11.76
24.13 , 11.7
23.78 , 11.53
24.18 , 11.87
24.46 , 11.88
24.34 , 12.05
24.36 , 12.04
24.37 , 11.31
24.74 , 11.46
24.52 , 11.22
24.47 , 11.59
24.4 , 11.67
24.02 , 11.79
24.52 , 11.94
24.56 , 11.41
24.56 , 11.64
24.84 , 11.46
24.51 , 11.69
24.94 , 11.14
24.49 , 11.41
25.21 , 11.89
25.0 , 11.71
24.54 , 11.87
24.74 , 11.39
25.36 , 11.22
25.24 , 11.64
24.68 , 11.64
24.72 , 11.64
24.8 , 11.3
25.65 , 11.47
25.25 , 11.59
25.2 , 11.28
24.78 , 10.78
25.32 , 11.72
24.79 , 11.82
25.26 , 12.35
25.2 , 11.84
25.31 , 11.81
25.17 , 11.51
25.38 , 11.93
24.93 , 11.33
25.24 , 12.08
25.22 , 11.19
25.5 , 11.82
25.81 , 11.67
25.84 , 11.45
25.59 , 11.66
25.08 , 11.56
25.74 , 11.92
25.33 , 11.92
25.68 , 11.86
25.54 , 11.72
25.28 , 11.62
25.55 , 11.46
25.46 , 11.69
25.61 , 11.91
25.32 , 11.55
25.67 , 11.55
25.71 , 11.53
25.95 , 11.6
25.38 , 11.84
26.11 , 11.17
25.68 , 11.68
26.0 , 12.04
25.72 , 11.27
25.95 , 11.92
25.92 , 11.69
25.62 , 12.28
25.55 , 11.29
26.12 , 11.74
26.06 , 11.76
26.34 , 12.03
25.8 , 11.93
25.66 , 11.25
26.29 , 11.57
25.46 , 11.68
25.86 , 11.81
26.03 , 11.49
25.89 , 11.88
25.86 , 11.72
25.87 , 11.8
26.59 , 11.84
26.44 , 11.81
25.94 , 11.62
26.22 , 11.81
26.07 , 11.85
26.07 , 11.72
26.27 , 11.41
26.55 , 11.72
26.34 , 11.7
25.81 , 11.35
26.13 , 11.96
26.24 , 11.87
26.14 , 11.5
26.31 , 11.98
26.03 , 11.67
26.57 , 11.75
26.49 , 11.92
26.59 , 11.47
26.7 , 11.53
26.47 , 12.09
27.2 , 12.09
26.71 , 11.53
26.43 , 12.15
26.73 , 11.38
27.07 , 11.88
27.03 , 11.84
26.17 , 11.55
26.7 , 11.7
27.14 , 11.57
26.76 , 11.73
26.78 , 11.48
26.52 , 11.1
26.93 , 11.7
26.92 , 11.49
26.89 , 11.51
26.66 , 11.84
27.1 , 11.9
26.95 , 11.66
27.33 , 12.07
26.84 , 11.49
27.12 , 11.84
26.82 , 12.34
26.54 , 11.56
27.15 , 12.02
26.65 , 11.66
27.5 , 12.13
27.1 , 11.78
26.96 , 11.88
26.94 , 11.27
26.84 , 11.79
26.92 , 12.06
27.59 , 12.03
27.46 , 12.07
27.38 , 12.01
27.46 , 11.99
27.1 , 11.62
27.13 , 12.0
27.53 , 11.6
27.18 , 11.65
27.67 , 11.77
27.41 , 11.63
27.46 , 12.2
27.34 , 11.71
27.97 , 11.99
27.27 , 12.08
27.26 , 11.95
26.97 , 11.56
27.86 , 11.66
27.47 , 11.83
27.67 , 11.7
27.52 , 12.27
28.09 , 11.9
27.45 , 11.69
27.69 , 11.94
28.19 , 11.69
27.84 , 11.72
27.86 , 11.65
27.94 , 12.12
27.77 , 11.75
27.92 , 11.5
28.37 , 11.5
27.85 , 11.61
28.34 , 11.72
27.86 , 12.32
27.97 , 11.65
28.03 , 11.89
27.86 , 11.8
28.02 , 12.03
28.29 , 12.06
28.08 , 12.05
28.08 , 12.14
28.26 , 11.75
28.49 , 11.48
27.96 , 11.66
28.19 , 11.55
27.95 , 11.39
28.3 , 11.67
28.85 , 12.06
28.03 , 12.2
28.36 , 12.14
28.08 , 12.16
28.66 , 11.77
28.19 , 11.78
28.49 , 12.48
28.9 , 12.26
28.42 , 11.8
28.59 , 11.81
28.4 , 11.83
28.75 , 11.87
28.62 , 11.82
28.53 , 11.81
28.92 , 11.95
29.0 , 11.85
28.92 , 11.55
28.57 , 11.88
28.53 , 11.87
28.48 , 11.86
28.57 , 11.9
28.69 , 11.65
28.68 , 11.91
28.48 , 11.93
29.14 , 11.85
28.99 , 12.07
28.67 , 12.24
29.53 , 11.66
29.46 , 11.74
29.3 , 11.46
29.25 , 11.95
28.66 , 11.71
28.74 , 11.7
29.12 , 11.88
28.42 , 11.85
29.19 , 11.95
29.52 , 11.47
29.18 , 11.94
29.32 , 11.6
28.83 , 11.89
29.2 , 11.48
29.3 , 11.94
29.41 , 11.28
29.38 , 11.72
29.15 , 12.14
29.72 , 11.98
29.29 , 12.28
29.11 , 11.91
29.23 , 11.7
29.43 , 12.46
29.47 , 12.08
29.42 , 12.24
29.49 , 11.74
29.5 , 12.32
29.47 , 12.26
29.5 , 12.47
29.61 , 12.13
29.49 , 12.18
29.53 , 11.6
29.68 , 11.67
30.0 , 12.17
29.65 , 12.15
29.02 , 12.36
29.53 , 12.15
30.36 , 11.57
29.63 , 12.07
29.87 , 11.56
29.55 , 12.36
29.65 , 12.13
29.48 , 11.76
29.39 , 12.06
30.16 , 12.02
29.82 , 12.05
30.03 , 11.92
30.08 , 12.49
30.52 , 11.85
29.67 , 12.48
30.25 , 12.31
30.17 , 11.96
30.28 , 12.32
30.34 , 11.78
30.32 , 11.98
29.99 , 12.18
30.01 , 12.69
30.25 , 12.19
30.08 , 12.2
30.08 , 12.3
30.37 , 12.38
29.85 , 12.1
30.2 , 11.9
30.29 , 12.18
30.23 , 12.33
30.07 , 12.65
30.5 , 12.13
30.37 , 12.47
30.08 , 12.21
30.46 , 11.67
29.97 , 12.42
30.47 , 12.12
30.55 , 12.93
30.4 , 12.38
30.38 , 12.15
30.51 , 12.47
30.58 , 12.8
30.41 , 12.5
30.5 , 12.91
30.07 , 12.49
30.29 , 12.54
30.67 , 12.54
30.66 , 12.58
30.32 , 12.39
30.16 , 12.63
30.43 , 12.8
30.78 , 12.38
30.28 , 12.77
30.35 , 12.69
30.74 , 12.56
31.05 , 12.48
30.72 , 12.58
29.9 , 12.66
30.6 , 12.87
30.62 , 12.55
30.54 , 12.68
30.88 , 12.7
31.01 , 13.0
30.53 , 13.06
30.16 , 12.83
30.5 , 12.81
31.05 , 12.85
30.74 , 13.19
30.6 , 12.68
31.05 , 13.06
30.46 , 12.96
31.03 , 12.9
30.75 , 12.99
30.92 , 12.79
31.09 , 12.59
30.88 , 13.54
30.64 , 13.01
30.35 , 12.83
30.65 , 13.07
30.83 , 13.53
30.74 , 13.08
31.04 , 13.26
31.22 , 12.73
31.56 , 13.06
30.85 , 12.74
30.93 , 12.72
31.11 , 13.04
31.16 , 13.0
31.11 , 13.78
31.4 , 13.28
30.87 , 13.62
30.71 , 12.91
31.47 , 13.14
31.5 , 13.45
31.72 , 13.77
31.34 , 13.18
31.36 , 13.7
31.26 , 12.64
31.14 , 13.29
31.24 , 13.31
31.55 , 13.1
31.39 , 12.94
30.75 , 13.2
31.12 , 13.24
31.15 , 13.64
31.49 , 13.52
31.4 , 13.34
31.12 , 13.18
31.28 , 13.27
31.32 , 13.75
31.55 , 13.92
31.19 , 13.05
31.16 , 14.12
31.63 , 13.52
31.8 , 13.55
31.91 , 13.56
31.4 , 13.86
31.23 , 13.66
32.02 , 13.83
31.27 , 13.67
31.55 , 13.56
31.68 , 14.08
31.6 , 14.0
31.68 , 13.83
31.43 , 14.06
31.97 , 13.72
31.43 , 13.98
31.69 , 14.15
31.8 , 13.85
31.35 , 14.05
31.73 , 13.6
31.35 , 13.47
31.9 , 13.84
30.92 , 13.74
31.61 , 13.95
31.79 , 13.91
31.98 , 14.27
31.76 , 14.43
31.8 , 13.83
31.88 , 13.71
31.78 , 13.82
31.76 , 14.15
31.27 , 14.21
31.97 , 14.08
32.1 , 14.23
31.84 , 13.91
32.13 , 14.37
31.59 , 14.01
31.68 , 14.42
31.85 , 13.92
32.38 , 14.36
32.08 , 14.32
31.99 , 14.29
32.27 , 14.41
31.95 , 14.34
32.55 , 14.19
31.76 , 14.38
31.82 , 15.02
32.28 , 14.53
32.23 , 14.89
31.9 , 14.4
31.75 , 14.74
32.16 , 14.89
32.13 , 14.2
32.04 , 14.68
32.02 , 14.56
32.06 , 14.33
32.12 , 14.94
32.0 , 14.63
32.49 , 14.37
31.92 , 14.96
32.75 , 14.53
32.03 , 14.83
32.34 , 14.42
32.26 , 14.04
32.17 , 14.35
32.06 , 14.82
32.47 , 15.12
31.74 , 14.54
32.22 , 15.06
32.71 , 14.77
32.49 , 14.57
32.35 , 14.66
31.86 , 15.27
32.69 , 15.33
32.83 , 14.95
32.75 , 14.42
32.3 , 15.07
32.47 , 14.47
32.58 , 14.57
32.6 , 15.3
32.33 , 14.81
32.77 , 14.94
32.69 , 14.75
32.57 , 14.37
32.63 , 15.32
32.4 , 14.96
32.88 , 15.33
33.01 , 14.82
32.62 , 15.5
32.63 , 15.15
32.55 , 14.92
32.02 , 14.97
32.23 , 14.87
32.56 , 15.48
33.01 , 15.26
32.7 , 14.82
32.97 , 14.98
32.83 , 15.45
32.83 , 15.22
32.64 , 15.5
33.04 , 15.44
33.33 , 14.86
32.94 , 15.45
33.04 , 15.38
33.08 , 14.93
32.96 , 15.63
32.98 , 15.31
33.22 , 14.93
33.13 , 15.77
32.98 , 15.2
33.19 , 15.31
32.86 , 15.48
32.66 , 15.63
32.8 , 15.33
33.3 , 15.48
33.19 , 15.85
33.53 , 16.05
33.02 , 15.77
32.75 , 15.76
33.52 , 15.39
33.32 , 15.8
33.18 , 15.44
33.61 , 15.29
33.29 , 15.88
33.32 , 16.06
33.65 , 15.79
33.74 , 15.88
32.99 , 15.62
33.39 , 15.77
32.91 , 16.32
32.96 , 15.47
33.48 , 15.82
33.77 , 15.84
33.49 , 15.99
33.23 , 15.49
33.31 , 16.1
33.37 , 16.17
33.32 , 16.06
33.48 , 16.1
33.49 , 15.96
33.38 , 16.24
33.51 , 16.07
33.7 , 15.73
33.34 , 15.96
33.88 , 15.72
33.32 , 15.75
33.49 , 15.75
33.4 , 16.17
33.34 , 16.05
33.34 , 16.02
33.78 , 15.58
33.68 , 16.16
33.66 , 16.19
33.8 , 15.81
33.68 , 16.32
34.05 , 15.83
33.59 , 15.84
33.75 , 15.93
33.52 , 16.42
34.35 , 15.72
34.22 , 16.02
33.99 , 16.36
34.14 , 16.24
33.63 , 16.29
34.06 , 16.1
33.98 , 16.34
33.93 , 16.36
34.06 , 16.58
33.84 , 16.3
33.39 , 16.18
33.56 , 16.59
33.69 , 16.26
34.11 , 16.71
34.3 , 16.26
34.07 , 16.76
33.81 , 16.45
33.73 , 16.36
34.23 , 16.56
33.97 , 16.41
34.47 , 16.76
33.78 , 17.14
34.01 , 16.57
34.0 , 16.48
34.3 , 16.27
34.16 , 16.57
34.61 , 16.77
34.3 , 16.82
34.35 , 16.74
33.6 , 16.83
34.15 , 16.92
34.32 , 16.62
34.04 , 16.52
34.35 , 16.76
34.07 , 16.71
34.39 , 16.65
34.29 , 16.69
33.68 , 16.88
34.37 , 17.08
34.69 , 16.71
34.53 , 16.97
34.41 , 17.13
34.63 , 16.62
34.8 , 16.91
34.27 , 16.8
34.4 , 16.71
34.74 , 17.11
34.26 , 17.23
34.56 , 17.06
34.76 , 17.03
34.46 , 17.2
34.08 , 16.79
34.69 , 17.37
34.15 , 17.13
34.42 , 17.07
34.75 , 17.53
35.06 , 17.41
34.79 , 17.23
34.18 , 17.3
34.36 , 16.94
34.71 , 16.84
35.14 , 17.41
34.8 , 17.39
34.78 , 17.31
34.91 , 17.14
34.82 , 17.36
34.96 , 17.06
34.84 , 17.32
34.95 , 17.51
34.86 , 17.5
34.94 , 17.75
34.92 , 17.56
34.62 , 17.39
35.06 , 17.72
34.64 , 17.46
34.83 , 17.5
34.79 , 17.4
34.91 , 17.55
35.2 , 17.32
34.72 , 17.75
35.1 , 17.52
34.7 , 17.85
34.73 , 17.89
35.08 , 17.58
34.99 , 17.84
35.05 , 17.22
34.89 , 17.13
35.18 , 17.92
35.35 , 17.37
35.64 , 18.18
35.1 , 17.24
34.92 , 18.02
35.67 , 17.64
34.7 , 17.55
35.66 , 17.8
34.85 , 17.3
35.37 , 18.04
35.11 , 17.8
35.26 , 17.79
35.12 , 17.74
35.12 , 18.21
35.39 , 18.18
35.76 , 17.36
35.3 , 18.19
35.28 , 17.82
35.44 , 17.85
35.15 , 17.93
35.39 , 18.02
35.62 , 18.04
35.29 , 18.82
35.36 , 18.0
35.4 , 17.91
35.05 , 18.15
35.83 , 17.66
35.29 , 18.24
35.32 , 18.29
35.5 , 17.89
35.47 , 18.06
35.67 , 17.57
35.66 , 18.55
35.61 , 18.3
35.45 , 18.34
35.56 , 17.95
35.32 , 17.71
35.74 , 18.35
35.92 , 18.38
35.83 , 18.0
35.2 , 18.21
35.6 , 18.46
35.67 , 18.34
35.73 , 18.47
35.78 , 18.5
35.62 , 18.41
35.39 , 18.17
35.71 , 18.58
35.6 , 18.13
36.05 , 18.29
35.39 , 18.28
35.54 , 17.93
35.75 , 18.97
35.68 , 18.36
36.17 , 18.61
35.87 , 18.94
35.61 , 18.6
36.05 , 18.69
35.65 , 18.42
36.4 , 18.65
35.9 , 18.96
35.54 , 18.69
35.56 , 19.07
35.77 , 18.76
35.8 , 18.78
36.12 , 18.77
35.98 , 18.85
36.01 , 18.68
36.25 , 19.03
35.76 , 18.58
35.92 , 18.93
35.78 , 19.26
36.16 , 18.92
36.38 , 18.72
36.27 , 19.02
36.52 , 18.67
36.55 , 19.1
36.29 , 19.24
36.18 , 18.94
36.46 , 18.92
36.54 , 19.36
36.34 , 19.08
36.14 , 18.82
36.67 , 18.81
36.35 , 19.16
36.12 , 18.93
36.18 , 19.65
36.47 , 19.48
36.89 , 19.41
36.73 , 19.06
36.25 , 19.55
36.8 , 18.95
36.73 , 19.3
36.66 , 19.48
36.95 , 19.1
36.49 , 19.59
36.44 , 19.43
36.5 , 18.88
36.4 , 19.54
36.42 , 18.96
36.44 , 19.38
36.71 , 19.46
36.73 , 19.13
36.46 , 19.22
36.52 , 19.53
36.98 , 19.38
36.92 , 19.73
36.39 , 19.27
36.73 , 19.15
37.17 , 19.04
36.41 , 19.72
36.55 , 19.72
36.5 , 19.82
36.62 , 19.76
37.03 , 19.22
36.57 , 19.17
36.53 , 19.85
36.82 , 19.85
37.19 , 19.92
37.03 , 19.57
36.77 , 19.77
37.1 , 19.98
36.97 , 19.65
36.89 , 20.16
37.0 , 20.26
36.77 , 20.0
37.01 , 19.98
36.79 , 19.89
36.97 , 19.76
36.71 , 19.49
36.94 , 20.0
37.1 , 19.94
37.13 , 19.56
37.33 , 19.93
36.89 , 19.79
37.34 , 19.99
36.69 , 20.48
36.76 , 20.41
37.35 , 19.74
37.46 , 20.33
37.43 , 20.19
37.26 , 20.1
37.07 , 20.13
37.53 , 20.05
37.72 , 19.71
37.25 , 19.74
36.82 , 20.19
37.19 , 20.01
37.02 , 20.1
36.9 , 20.13
37.19 , 19.88
37.44 , 19.75
37.45 , 20.3
37.49 , 20.28
37.58 , 20.2
37.12 , 20.37
37.21 , 20.21
37.45 , 20.08
37.68 , 19.95
37.76 , 20.34
37.89 , 20.64
37.65 , 20.45
37.53 , 20.05
37.37 , 20.18
37.35 , 20.4
37.34 , 20.48
37.49 , 20.35
37.67 , 20.59
37.25 , 20.42
38.33 , 20.51
37.73 , 20.31
37.87 , 20.93
37.79 , 20.53
37.67 , 20.11
37.82 , 20.52
37.79 , 20.7
37.76 , 21.15
37.95 , 20.48
37.89 , 20.82
37.76 , 21.03
37.67 , 20.26
37.51 , 20.81
37.55 , 20.77
37.43 , 20.84
37.76 , 20.53
37.7 , 20.71
38.08 , 20.85
37.82 , 20.85
38.1 , 20.94
38.33 , 20.66
38.12 , 20.89
37.77 , 21.03
38.15 , 21.14
38.08 , 20.69
38.01 , 21.02
38.4 , 20.97
38.04 , 21.35
38.03 , 20.87
38.1 , 21.19
38.08 , 20.59
37.96 , 21.28
37.89 , 21.26
38.13 , 20.86
38.3 , 20.54
37.6 , 20.71
38.27 , 21.04
38.31 , 21.11
38.2 , 21.01
38.08 , 21.41
38.38 , 20.85
38.35 , 21.69
38.41 , 20.98
38.42 , 21.28
38.17 , 21.48
38.57 , 21.13
38.31 , 21.18
38.3 , 21.69
38.21 , 21.45
38.39 , 21.35
38.06 , 21.5
38.09 , 21.54
38.35 , 21.41
38.27 , 21.18
38.15 , 21.41
38.4 , 21.5
38.36 , 21.63
38.48 , 21.49
38.4 , 21.47
38.64 , 21.32
38.19 , 21.6
38.61 , 21.53
38.58 , 21.22
38.3 , 21.56
38.54 , 21.27
38.68 , 21.12
38.89 , 21.35
38.46 , 21.37
38.28 , 21.56
38.16 , 21.58
38.68 , 21.6
38.65 , 21.34
38.21 , 21.38
38.94 , 21.8
38.26 , 22.16
38.87 , 22.02
38.98 , 22.09
38.33 , 21.81
38.57 , 22.28
38.94 , 21.82
38.72 , 21.32
38.83 , 21.65
39.15 , 22.06
38.81 , 21.79
39.12 , 21.78
39.13 , 21.97
38.81 , 22.03
39.32 , 21.56
39.09 , 22.16
38.86 , 22.35
39.1 , 22.14
38.7 , 22.17
38.65 , 22.16
39.51 , 21.84
39.38 , 21.81
39.03 , 22.27
38.67 , 22.19
38.85 , 21.97
39.26 , 22.12
39.17 , 22.16
39.18 , 22.56
39.13 , 22.12
39.12 , 22.38
39.24 , 21.69
39.12 , 22.35
39.8 , 22.11
39.11 , 21.99
39.17 , 21.85
39.0 , 22.29
38.84 , 22.26
39.06 , 22.65
39.64 , 22.88
39.3 , 22.54
39.86 , 22.23
39.71 , 22.18
39.57 , 22.04
39.22 , 22.39
39.27 , 21.97
39.38 , 22.4
39.73 , 22.63
38.84 , 22.54
39.66 , 22.5
39.23 , 22.2
39.33 , 22.32
39.37 , 22.49
39.77 , 22.34
39.55 , 22.33
39.55 , 22.88
39.36 , 22.34
39.52 , 22.66
39.37 , 22.78
39.56 , 22.85
39.22 , 22.89
39.89 , 22.52
40.08 , 22.79
39.28 , 22.49
39.43 , 22.61
39.57 , 22.86
39.6 , 22.72
39.42 , 22.31
39.5 , 22.53
39.91 , 22.25
39.99 , 22.16
39.67 , 22.89
39.46 , 22.66
39.97 , 22.65
39.74 , 22.95
39.94 , 22.64
40.12 , 22.93
40.06 , 22.64
40.1 , 22.98
40.03 , 22.86
40.07 , 23.04
39.4 , 23.67
39.72 , 23.19
39.85 , 22.97
39.82 , 23.33
40.16 , 23.35
39.54 , 23.34
39.58 , 23.73
40.07 , 23.45
39.99 , 23.22
39.83 , 23.7
39.94 , 23.49
39.83 , 23.2
39.95 , 23.23
39.94 , 23.43
40.24 , 22.89
39.98 , 22.97
40.37 , 23.01
40.24 , 23.37
40.12 , 22.87
40.58 , 23.33
40.34 , 23.65
39.93 , 23.16
40.63 , 23.9
40.01 , 23.42
40.46 , 23.42
40.57 , 23.62
40.24 , 23.65
40.15 , 23.82
40.12 , 23.85
40.93 , 23.1
40.74 , 23.18
40.31 , 24.03
40.62 , 23.75
40.45 , 23.65
40.49 , 23.57
40.32 , 23.33
40.84 , 23.65
40.9 , 23.86
40.55 , 23.41
40.39 , 23.71
40.43 , 23.64
39.91 , 23.63
40.43 , 23.63
40.43 , 23.38
40.31 , 24.15
40.3 , 23.67
40.35 , 23.78
40.44 , 24.34
40.32 , 24.19
40.48 , 23.98
41.25 , 23.88
40.63 , 23.19
40.56 , 23.86
40.69 , 23.99
40.4 , 23.72
40.88 , 23.9
40.71 , 24.15
40.74 , 24.04
40.46 , 24.02
40.32 , 24.48
40.57 , 24.47
40.65 , 24.04
41.12 , 24.14
40.85 , 24.04
40.76 , 23.94
40.65 , 23.69
40.82 , 23.96
41.22 , 24.7
41.36 , 23.89
40.81 , 24.17
40.53 , 24.61
41.11 , 24.31
41.43 , 24.38
40.88 , 24.34
40.86 , 24.41
40.66 , 24.43
40.93 , 24.22
40.92 , 24.31
40.6 , 24.51
41.0 , 24.82
41.06 , 24.63
41.07 , 24.37
40.79 , 24.31
40.96 , 23.83
41.05 , 24.28
41.21 , 24.73
41.08 , 24.79
41.48 , 24.7
41.1 , 24.55
41.61 , 24.93
41.5 , 24.12
40.66 , 25.02
41.42 , 24.93
41.4 , 24.53
41.39 , 24.61
41.66 , 24.85
41.06 , 24.47
41.57 , 24.9
41.4 , 24.78
41.03 , 24.49
41.49 , 24.26
41.5 , 24.89
41.56 , 24.97
41.89 , 24.85
41.22 , 24.36
40.87 , 24.83
41.68 , 24.4
41.51 , 24.66
41.42 , 24.91
41.51 , 24.58
41.7 , 24.86
41.06 , 25.1
41.94 , 24.83
41.96 , 24.54
41.51 , 25.28
41.92 , 25.1
41.87 , 24.89
41.8 , 25.25
41.87 , 25.12
41.86 , 25.15
41.81 , 24.67
41.83 , 24.84
41.6 , 25.11
41.77 , 24.78
41.59 , 25.18
41.63 , 25.15
41.81 , 25.21
41.63 , 25.22
41.92 , 24.87
41.99 , 24.96
41.9 , 25.38
41.98 , 24.94
41.61 , 24.96
42.0 , 25.31
41.41 , 25.48
42.18 , 25.17
41.88 , 25.38
41.66 , 25.23
42.07 , 25.27
41.94 , 25.4
42.39 , 25.46
42.06 , 25.29
42.3 , 25.44
41.99 , 25.77
42.35 , 25.22
41.95 , 25.79
41.93 , 25.88
42.02 , 25.99
41.83 , 25.03
41.72 , 26.04
41.92 , 25.45
41.97 , 25.39
42.17 , 25.62
41.99 , 25.47
42.5 , 25.86
42.43 , 25.95
42.14 , 25.88
42.62 , 25.46
42.56 , 25.07
41.76 , 25.34
42.0 , 25.48
42.14 , 25.94
42.1 , 25.66
41.97 , 25.37
42.26 , 25.6
42.55 , 25.83
41.88 , 26.0
42.05 , 25.74
42.11 , 25.64
42.23 , 25.57
42.21 , 25.81
42.59 , 26.08
42.87 , 25.51
42.34 , 26.24
42.17 , 25.91
42.65 , 26.35
42.63 , 26.06
42.46 , 26.16
42.54 , 26.1
42.37 , 26.0
42.32 , 25.77
42.35 , 25.85
42.41 , 25.94
42.21 , 26.17
42.68 , 26.5
42.03 , 25.78
42.39 , 25.93
42.66 , 25.95
42.47 , 26.36
42.63 , 25.79
42.93 , 26.78
42.99 , 26.19
43.06 , 26.23
42.65 , 26.33
43.08 , 26.31
42.69 , 25.95
42.83 , 26.04
42.77 , 25.98
42.59 , 26.1
42.66 , 26.08
43.15 , 26.57
42.77 , 26.14
43.14 , 26.35
43.03 , 26.68
42.8 , 26.56
43.03 , 26.35
42.89 , 26.32
42.09 , 26.4
43.37 , 26.77
43.65 , 26.55
43.21 , 26.39
42.82 , 26.34
43.13 , 26.77
42.55 , 26.77
43.27 , 26.81
42.74 , 26.68
43.16 , 26.31
42.81 , 27.21
42.94 , 26.56
42.63 , 26.54
43.47 , 26.81
42.94 , 26.74
43.26 , 26.89
42.93 , 26.85
43.03 , 26.65
43.0 , 26.59
43.35 , 26.37
43.29 , 27.5
43.03 , 26.77
43.25 , 27.25
42.93 , 27.02
43.27 , 27.38
43.26 , 27.41
43.09 , 27.02
43.07 , 26.79
43.05 , 26.86
43.76 , 26.84
44.0 , 27.39
43.48 , 27.01
43.49 , 26.84
43.58 , 27.07
42.96 , 27.07
43.6 , 27.09
43.55 , 27.09
43.37 , 27.37
43.85 , 27.05
43.72 , 26.87
43.85 , 26.95
43.56 , 27.41
43.44 , 27.2
43.83 , 27.07
43.68 , 27.5
43.67 , 27.05
43.53 , 27.2
43.64 , 27.43
43.27 , 27.27
43.72 , 27.68
43.32 , 27.11
43.92 , 27.33
43.98 , 27.35
43.57 , 27.36
44.05 , 27.57
43.81 , 27.44
44.04 , 27.58
43.85 , 27.62
43.83 , 27.18
44.04 , 27.77
44.18 , 27.47
43.55 , 27.61
43.72 , 27.06
43.91 , 27.35
43.91 , 27.44
44.11 , 27.78
44.04 , 27.88
43.8 , 28.19
43.53 , 27.81
44.22 , 27.54
44.01 , 27.36
43.89 , 27.75
43.7 , 27.21
43.94 , 27.5
43.8 , 27.68
43.72 , 28.01
44.35 , 27.76
43.94 , 27.76
44.07 , 27.6
43.95 , 27.91
43.91 , 27.67
44.03 , 27.59
44.22 , 27.54
44.4 , 28.05
44.18 , 28.1
44.47 , 27.81
44.2 , 27.77
44.14 , 27.84
44.27 , 28.08
44.8 , 28.05
44.51 , 27.93
44.69 , 28.03
44.26 , 27.95
44.33 , 27.94
44.38 , 28.48
44.37 , 27.89
43.91 , 28.06
44.13 , 27.92
44.43 , 28.2
44.52 , 28.42
44.19 , 27.99
44.22 , 27.93
44.29 , 27.98
44.63 , 27.94
45.01 , 27.72
44.7 , 27.85
44.39 , 27.96
44.53 , 28.38
44.44 , 28.12
44.31 , 28.1
44.36 , 28.15
44.6 , 28.55
44.43 , 27.86
44.52 , 28.56
44.38 , 28.47
44.36 , 28.09
44.71 , 27.97
44.57 , 27.77
44.43 , 28.54
44.58 , 28.29
44.84 , 28.26
44.45 , 28.39
44.72 , 28.54
44.71 , 28.81
44.91 , 28.51
45.34 , 28.18
44.86 , 28.39
45.33 , 28.66
45.03 , 28.7
45.2 , 28.49
45.08 , 28.23
45.01 , 28.93
45.1 , 28.82
44.45 , 28.71
44.84 , 29.08
45.06 , 28.88
45.26 , 28.87
44.63 , 28.56
44.47 , 29.07
44.94 , 28.48
45.13 , 28.7
44.95 , 29.14
44.54 , 28.49
45.03 , 28.8
45.34 , 28.79
45.21 , 29.31
44.76 , 28.56
44.94 , 28.87
44.86 , 29.0
44.95 , 29.23
45.28 , 29.14
45.22 , 29.04
44.79 , 28.95
44.77 , 29.34
44.94 , 28.82
45.12 , 29.59
44.97 , 29.48
45.29 , 29.72
45.22 , 28.97
45.28 , 28.99
45.13 , 29.31
45.21 , 29.37
45.48 , 29.4
45.73 , 29.45
45.13 , 29.53
44.78 , 29.53
45.69 , 28.98
45.72 , 28.8
45.66 , 29.17
45.37 , 29.25
45.31 , 29.48
45.45 , 29.31
45.49 , 29.25
45.25 , 29.5
45.71 , 29.09
45.76 , 29.7
45.58 , 29.76
45.03 , 29.76
45.39 , 29.51
45.36 , 30.05
45.5 , 29.63
45.26 , 29.42
45.73 , 29.48
45.46 , 29.88
45.29 , 29.56
45.63 , 29.47
45.85 , 29.63
45.66 , 29.75
45.7 , 29.73
46.04 , 29.68
45.76 , 29.5
46.11 , 29.89
45.91 , 29.75
45.59 , 29.71
45.88 , 29.42
45.59 , 29.7
46.3 , 29.83
45.5 , 30.06
46.09 , 29.95
45.75 , 29.76
46.43 , 30.08
47.03 , 29.38
45.55 , 29.74
45.72 , 29.7
46.13 , 30.2
45.63 , 30.03
46.2 , 29.97
46.33 , 30.21
45.82 , 29.97
46.1 , 29.67
45.99 , 30.22
46.16 , 30.0
46.71 , 30.16
46.33 , 29.81
46.4 , 29.93
46.08 , 29.96
45.83 , 30.21
45.85 , 30.29
45.97 , 30.42
46.26 , 30.41
45.93 , 30.28
46.39 , 30.23
46.2 , 30.03
45.45 , 30.32
45.95 , 29.95
46.36 , 29.58
46.1 , 30.41
46.31 , 30.21
46.13 , 30.32
45.96 , 30.16
46.54 , 30.09
46.33 , 30.24
46.07 , 29.86
46.18 , 30.17
46.15 , 30.36
46.5 , 30.55
46.52 , 30.12
46.79 , 30.51
46.65 , 30.13
46.75 , 31.02
46.62 , 30.75
46.37 , 30.53
46.51 , 30.67
46.58 , 30.59
46.33 , 30.25
46.57 , 31.18
46.34 , 30.71
46.93 , 30.44
46.21 , 30.7
46.62 , 30.42
47.02 , 30.82
46.66 , 30.32
46.98 , 30.96
46.89 , 31.09
46.45 , 30.47
46.93 , 30.84
46.72 , 30.63
47.0 , 30.82
46.98 , 30.5
46.79 , 30.9
47.05 , 30.4
46.76 , 30.67
46.83 , 30.81
46.94 , 31.06
46.92 , 30.86
47.09 , 31.24
46.9 , 30.72
47.34 , 31.15
47.45 , 30.84
46.83 , 30.92
46.92 , 30.62
47.17 , 30.63
46.29 , 31.0
46.73 , 31.09
46.72 , 30.71
46.51 , 30.75
46.96 , 31.61
47.22 , 30.94
47.4 , 31.17
46.62 , 30.7
46.72 , 31.0
47.12 , 31.01
46.99 , 30.95
47.18 , 31.39
46.89 , 31.52
46.96 , 31.16
47.6 , 31.39
47.21 , 30.79
47.23 , 31.19
47.17 , 31.57
47.11 , 31.76
47.27 , 31.37
47.2 , 31.37
47.62 , 31.42
47.05 , 31.19
47.61 , 31.53
47.12 , 31.38
47.37 , 31.57
47.12 , 31.47
47.05 , 31.27
47.33 , 31.81
47.38 , 31.91
47.52 , 31.83
47.4 , 31.08
46.91 , 31.44
47.91 , 31.52
47.36 , 31.73
47.4 , 31.5
47.56 , 31.71
47.38 , 31.43
47.94 , 31.43
47.33 , 31.62
47.53 , 31.75
47.97 , 32.02
47.59 , 31.74
47.86 , 31.7
47.67 , 31.47
47.74 , 31.74
47.3 , 31.84
48.22 , 31.88
47.49 , 32.13
47.79 , 31.88
48.09 , 32.07
48.25 , 31.66
47.64 , 31.86
47.81 , 31.6
47.85 , 31.56
47.65 , 31.86
47.87 , 32.02
47.63 , 32.05
47.91 , 31.95
47.86 , 31.87
48.32 , 32.35
47.94 , 32.36
47.68 , 31.91
47.83 , 32.17
47.84 , 31.85
47.57 , 31.82
48.19 , 32.23
47.62 , 32.59
47.86 , 32.03
47.96 , 32.17
47.92 , 32.17
48.22 , 32.42
47.88 , 32.17
47.87 , 32.12
48.05 , 32.16
48.24 , 32.03
48.2 , 32.46
48.04 , 32.21
48.28 , 32.22
48.07 , 32.38
47.55 , 32.52
48.24 , 32.5
47.85 , 32.27
48.32 , 32.53
48.08 , 32.3
48.62 , 32.49
48.56 , 32.11
48.37 , 32.32
48.16 , 32.79
48.03 , 32.26
48.14 , 32.45
48.33 , 32.63
48.65 , 32.66
48.79 , 32.82
48.51 , 32.54
48.73 , 32.52
48.65 , 32.62
48.28 , 32.79
48.6 , 32.72
48.72 , 32.69
48.28 , 32.7
48.94 , 32.45
48.04 , 32.71
48.25 , 33.06
48.56 , 32.51
48.52 , 32.53
48.67 , 33.01
48.86 , 33.05
48.58 , 33.1
48.72 , 32.51
48.95 , 32.62
48.48 , 32.47
48.43 , 32.35
48.35 , 32.69
48.37 , 32.81
48.88 , 32.85
48.81 , 33.22
48.56 , 33.32
48.72 , 32.96
48.83 , 33.33
48.46 , 33.24
48.65 , 33.05
48.54 , 32.42
49.09 , 33.25
48.56 , 32.85
48.53 , 33.08
49.35 , 33.07
48.44 , 33.31
48.65 , 32.75
48.99 , 33.16
48.95 , 33.35
49.16 , 32.67
48.98 , 33.49
49.26 , 32.97
48.51 , 32.97
49.08 , 33.21
49.2 , 33.23
48.69 , 33.02
48.97 , 33.51
49.41 , 33.08
49.16 , 33.32
48.78 , 33.06
49.47 , 33.26
49.08 , 33.5
49.2 , 33.58
48.93 , 33.33
49.21 , 33.53
48.98 , 33.03
49.39 , 33.68
49.42 , 33.46
48.76 , 33.41
49.72 , 33.6
49.29 , 33.14
49.09 , 33.8
49.34 , 33.54
49.59 , 33.77
49.43 , 33.56
49.41 , 33.88
49.4 , 33.33
49.29 , 33.59
49.45 , 33.99
49.35 , 33.58
49.56 , 33.82
49.2 , 33.84
49.46 , 33.83
49.05 , 33.27
49.07 , 33.35
49.7 , 34.04
49.15 , 34.17
49.2 , 33.62
50.04 , 33.52
49.69 , 34.06
49.8 , 34.04
49.61 , 34.27
49.54 , 33.93
49.67 , 33.84
49.55 , 34.24
50.01 , 34.11
49.59 , 33.85
49.54 , 33.9
49.54 , 33.98
49.61 , 34.29
49.33 , 33.94
49.9 , 33.96
49.61 , 34.21
49.7 , 33.85
49.78 , 34.26
49.33 , 34.35
49.34 , 34.31
49.46 , 34.21
49.79 , 34.43
49.79 , 34.09
49.64 , 34.26
49.78 , 34.44
49.96 , 34.55
50.05 , 34.3
49.87 , 34.43
50.09 , 33.96
50.02 , 34.22
50.01 , 34.52
49.47 , 34.31
50.21 , 33.93
50.03 , 34.38
49.85 , 34.61
50.24 , 34.41
50.37 , 34.79
50.09 , 34.65
50.27 , 34.89
50.27 , 34.65
50.11 , 34.67
50.49 , 34.49
50.09 , 34.29
50.76 , 34.45
50.02 , 34.42
50.45 , 34.67
49.67 , 34.63
50.64 , 34.6
50.23 , 35.34
50.16 , 34.59
50.39 , 35.26
50.36 , 34.28
50.23 , 34.64
50.47 , 34.62
50.33 , 34.41
50.0 , 34.76
50.73 , 34.52
49.95 , 35.07
50.45 , 34.99
50.33 , 34.87
50.36 , 34.83
50.84 , 34.75
50.32 , 34.87
50.38 , 35.3
50.4 , 34.99
50.16 , 35.05
50.64 , 35.09
50.09 , 34.79
49.85 , 35.38
50.49 , 35.39
51.01 , 35.25
50.39 , 34.96
50.76 , 34.54
50.92 , 35.41
50.81 , 34.99
50.7 , 34.68
50.39 , 34.99
50.45 , 35.53
50.77 , 34.53
50.95 , 35.27
50.62 , 34.98
51.21 , 35.24
50.78 , 34.8
50.58 , 35.44
50.77 , 35.12
50.68 , 34.85
50.16 , 35.4
50.43 , 34.89
50.88 , 35.53
50.73 , 35.59
50.84 , 34.55
51.25 , 35.07
51.25 , 35.29
50.86 , 35.26
50.64 , 35.55
51.32 , 35.73
50.78 , 35.55
51.2 , 35.59
50.62 , 35.97
50.78 , 35.27
51.01 , 35.55
50.85 , 35.18
50.7 , 35.53
50.55 , 35.83
51.2 , 35.61
51.1 , 35.36
50.93 , 35.82
50.95 , 36.01
51.35 , 35.8
51.05 , 35.41
51.09 , 35.42
51.05 , 35.59
51.02 , 35.98
50.95 , 35.52
51.48 , 35.79
51.32 , 35.59
51.3 , 36.09
51.24 , 35.88
51.55 , 35.94
51.57 , 35.51
50.84 , 35.55
51.4 , 35.67
50.8 , 36.31
51.65 , 35.74
51.17 , 35.72
51.53 , 36.02
51.4 , 36.27
51.17 , 35.64
51.39 , 35.95
51.43 , 36.08
51.04 , 36.39
50.99 , 36.09
51.54 , 36.23
51.52 , 35.84
51.43 , 35.72
51.46 , 36.02
51.04 , 36.64
51.38 , 36.24
51.87 , 36.12
51.45 , 35.86
51.39 , 35.98
51.55 , 36.37
51.65 , 36.57
51.71 , 36.27
50.87 , 36.18
51.71 , 35.87
51.64 , 36.08
51.62 , 36.26
51.62 , 36.28
51.79 , 36.39
51.55 , 36.55
51.75 , 36.43
52.18 , 36.77
52.31 , 36.31
51.88 , 36.51
51.82 , 36.37
52.02 , 36.71
52.37 , 36.31
51.95 , 36.27
51.79 , 35.88
52.4 , 36.09
51.91 , 36.06
51.81 , 36.27
51.39 , 36.28
51.87 , 36.53
51.46 , 36.73
51.88 , 36.31
52.35 , 36.43
52.04 , 37.0
52.01 , 36.61
52.25 , 36.55
52.05 , 36.63
51.95 , 36.88
52.13 , 37.06
52.17 , 36.37
52.19 , 36.67
52.04 , 37.0
52.22 , 36.37
52.63 , 36.75
51.74 , 36.72
52.28 , 36.54
51.96 , 36.39
52.26 , 36.72
52.59 , 36.94
52.28 , 36.73
52.48 , 36.56
52.32 , 37.04
52.07 , 36.64
52.57 , 37.41
52.39 , 37.43
52.43 , 36.94
52.22 , 36.7
52.57 , 36.88
52.2 , 37.13
52.49 , 36.87
52.44 , 37.03
52.43 , 37.05
52.31 , 36.5
52.28 , 37.42
52.36 , 37.18
52.61 , 36.9
52.49 , 37.1
52.58 , 37.34
52.52 , 37.15
52.76 , 37.25
52.16 , 37.55
52.66 , 37.11
52.55 , 37.03
52.61 , 36.92
52.84 , 37.42
52.36 , 37.44
52.26 , 37.2
52.39 , 37.52
52.82 , 37.03
52.71 , 37.51
52.59 , 38.01
52.3 , 37.75
53.08 , 37.35
52.44 , 37.75
52.12 , 37.46
52.4 , 37.48
52.63 , 37.18
52.92 , 37.81
52.46 , 37.7
52.84 , 37.38
52.69 , 37.71
53.12 , 37.51
52.24 , 37.8
52.97 , 37.13
52.75 , 37.63
52.83 , 37.72
52.69 , 37.83
52.24 , 37.77
52.8 , 37.67
53.12 , 38.05
52.72 , 37.71
52.73 , 37.76
52.86 , 37.46
53.3 , 37.87
53.03 , 38.13
52.64 , 37.91
53.46 , 37.74
52.86 , 37.65
53.4 , 38.13
53.19 , 38.11
52.95 , 37.8
53.34 , 37.68
53.2 , 37.92
52.95 , 38.0
52.86 , 37.8
52.7 , 37.66
52.99 , 38.08
53.23 , 37.7
53.17 , 38.59
53.27 , 38.14
52.74 , 37.93
53.57 , 37.72
53.07 , 37.91
53.28 , 38.26
52.89 , 38.3
52.68 , 37.91
53.46 , 37.87
53.16 , 38.04
53.78 , 37.94
53.64 , 38.7
53.32 , 38.02
53.43 , 37.99
53.35 , 37.99
53.08 , 37.87
53.7 , 38.11
53.19 , 38.57
53.45 , 38.23
53.32 , 38.33
53.45 , 38.24
53.5 , 38.56
53.51 , 38.71
53.82 , 38.14
53.34 , 38.09
53.41 , 38.61
53.53 , 38.32
53.65 , 37.92
53.72 , 38.43
53.83 , 38.42
53.92 , 38.78
53.61 , 38.68
53.48 , 38.37
53.44 , 38.51
53.42 , 38.31
53.69 , 38.23
53.91 , 38.38
53.71 , 38.55
54.04 , 38.8
53.74 , 38.51
54.04 , 38.64
53.57 , 38.73
54.01 , 38.7
53.88 , 39.1
53.75 , 38.94
54.29 , 39.19
53.62 , 38.91
53.96 , 39.4
54.26 , 39.07
54.25 , 38.97
53.71 , 39.41
53.56 , 39.06
54.19 , 38.93
54.27 , 38.89
54.23 , 38.97
53.86 , 39.18
53.92 , 39.11
53.81 , 39.02
54.23 , 39.27
53.83 , 38.86
54.12 , 38.75
54.29 , 39.63
54.32 , 39.21
53.95 , 39.21
54.31 , 39.58
54.1 , 39.41
54.12 , 39.04
54.12 , 39.2
53.86 , 39.06
54.63 , 38.71
54.49 , 39.38
54.17 , 39.0
54.58 , 39.13
54.39 , 39.18
54.04 , 39.51
54.51 , 39.03
54.64 , 38.97
54.05 , 39.51
54.28 , 39.32
54.8 , 39.06
54.57 , 39.25
54.46 , 39.31
54.25 , 39.39
54.23 , 39.4
54.24 , 39.35
54.52 , 39.08
54.49 , 39.62
54.55 , 39.7
54.28 , 39.63
54.63 , 38.8
54.56 , 39.74
54.56 , 39.54
54.56 , 39.51
54.35 , 39.39
54.07 , 40.11
54.63 , 39.65
54.81 , 39.74
54.65 , 39.23
54.38 , 40.07
54.81 , 39.83
54.45 , 39.56
54.8 , 39.5
55.04 , 39.52
54.65 , 39.44
54.86 , 40.07
54.84 , 39.76
54.71 , 39.98
54.82 , 40.24
54.77 , 39.72
54.72 , 39.35
54.92 , 39.88
54.48 , 39.57
54.62 , 39.8
54.65 , 40.09
55.22 , 39.75
54.94 , 39.66
55.28 , 39.67
54.77 , 39.96
54.78 , 40.65
54.94 , 39.94
54.74 , 40.0
54.83 , 39.94
55.24 , 39.92
55.09 , 39.93
55.24 , 39.92
54.74 , 40.07
55.3 , 40.05
54.77 , 40.14
54.81 , 40.27
54.82 , 40.3
55.21 , 40.37
55.36 , 40.34
55.45 , 40.61
54.92 , 40.51
54.8 , 40.28
54.97 , 40.16
55.06 , 40.36
55.49 , 40.59
54.93 , 40.26
54.85 , 40.27
54.8 , 40.47
54.65 , 40.41
55.11 , 40.37
54.71 , 40.41
55.2 , 40.37
55.37 , 40.16
54.79 , 40.75
55.32 , 40.57
54.57 , 40.58
54.76 , 40.5
54.89 , 40.54
54.98 , 40.75
54.91 , 40.29
54.94 , 40.11
55.0 , 40.67
54.76 , 41.32
55.4 , 41.16
55.04 , 40.73
55.1 , 41.27
54.96 , 40.85
54.84 , 40.9
55.2 , 40.71
55.25 , 40.99
55.54 , 41.03
55.3 , 40.76
55.59 , 41.05
54.97 , 41.42
55.03 , 40.76
55.14 , 41.23
54.98 , 41.0
54.59 , 41.56
54.88 , 41.25
54.86 , 41.01
55.06 , 40.99
55.22 , 40.83
55.14 , 41.54
54.88 , 41.33
55.2 , 41.19
54.93 , 41.27
55.67 , 41.14
54.95 , 41.25
54.85 , 41.16
54.83 , 41.45
55.28 , 41.83
54.67 , 41.21
54.98 , 41.23
54.8 , 41.44
54.85 , 41.31
55.04 , 41.35
54.92 , 41.64
55.17 , 41.64
55.26 , 41.65
54.62 , 42.0
55.7 , 41.85
55.39 , 41.95
54.88 , 41.85
54.82 , 41.58
55.13 , 41.77
54.83 , 41.41
55.19 , 41.79
55.03 , 41.59
54.8 , 41.82
54.53 , 42.16
55.0 , 42.15
55.23 , 41.76
55.12 , 41.65
54.77 , 42.28
54.86 , 41.77
55.11 , 42.0
55.23 , 41.7
54.93 , 41.77
55.0 , 41.99
54.76 , 41.65
54.66 , 42.33
54.9 , 41.85
55.04 , 41.87
55.22 , 42.38
55.0 , 42.05
54.54 , 42.33
55.5 , 42.28
54.86 , 42.46
54.9 , 41.98
54.97 , 42.45
54.54 , 42.58
55.4 , 42.34
54.87 , 42.02
55.13 , 42.32
55.3 , 42.8
55.3 , 42.48
54.54 , 42.79
54.87 , 42.36
55.26 , 42.62
54.73 , 42.44
54.92 , 42.51
54.7 , 42.94
54.96 , 42.76
55.26 , 43.15
55.17 , 42.46
54.89 , 42.88
55.4 , 42.32
55.47 , 42.57
54.95 , 42.62
55.14 , 42.7
54.98 , 42.54
55.36 , 42.88
54.98 , 43.34
55.16 , 43.18
54.93 , 42.9
54.96 , 43.1
55.07 , 42.49
55.14 , 42.87
55.06 , 43.19
54.93 , 43.13
55.0 , 42.97
54.87 , 42.99
54.92 , 43.24
54.43 , 43.21
54.98 , 42.83
55.19 , 43.1
55.13 , 43.46
55.05 , 42.76
54.6 , 43.16
54.7 , 43.73
54.97 , 42.78
54.46 , 43.11
54.4 , 43.38
54.42 , 43.5
54.88 , 43.59
54.71 , 43.22
55.27 , 42.95
55.16 , 43.74
54.75 , 43.36
55.41 , 43.79
55.4 , 43.42
54.91 , 43.42
54.9 , 43.69
55.21 , 43.64
54.83 , 43.73
55.12 , 43.61
55.3 , 43.48
55.03 , 43.87
54.81 , 43.84
55.18 , 44.02
55.32 , 43.53
55.44 , 43.58
54.7 , 43.64
54.91 , 43.51
55.24 , 43.89
55.15 , 43.44
55.45 , 43.92
55.29 , 43.91
55.09 , 44.04
55.04 , 44.21
54.87 , 43.39
54.91 , 43.91
55.1 , 43.96
55.11 , 44.07
54.96 , 44.12
55.14 , 43.81
54.57 , 44.08
55.12 , 44.32
55.28 , 44.14
55.29 , 43.95
54.89 , 44.45
54.71 , 44.13
54.74 , 43.86
55.53 , 43.75
55.44 , 44.1
54.82 , 43.82
55.06 , 44.4
55.15 , 44.05
55.41 , 44.35
55.13 , 44.46
55.14 , 44.26
55.09 , 44.19
55.07 , 44.15
54.65 , 44.26
54.97 , 44.26
54.93 , 44.32
55.01 , 44.91
55.15 , 44.71
55.25 , 44.73
55.11 , 44.75
55.27 , 44.53
54.94 , 44.58
54.99 , 44.72
54.89 , 44.53
55.06 , 44.78
54.98 , 44.31
54.94 , 44.9
54.95 , 45.03
54.88 , 44.68
55.2 , 45.05
54.93 , 45.15
55.05 , 44.91
55.45 , 45.04
54.95 , 44.84
54.78 , 45.15
55.09 , 45.36
55.31 , 44.93
54.86 , 44.87
55.31 , 44.94
55.29 , 45.29
55.37 , 45.07
55.18 , 44.72
55.09 , 45.06
55.23 , 44.65
54.93 , 45.67
55.05 , 45.01
55.03 , 45.11
54.92 , 45.32
55.07 , 45.47
55.62 , 45.39
55.09 , 45.6
54.67 , 45.7
54.73 , 45.17
55.02 , 44.98
54.85 , 45.37
55.11 , 45.01
54.27 , 45.53
54.6 , 45.48
55.12 , 45.61
54.87 , 45.29
55.76 , 45.44
54.76 , 45.16
54.94 , 45.92
55.18 , 45.31
54.67 , 45.4
55.0 , 45.64
55.13 , 45.86
54.68 , 45.24
54.98 , 45.78
54.87 , 45.73
54.98 , 45.97
54.95 , 45.59
55.13 , 45.97
54.85 , 45.72
54.83 , 45.49
55.6 , 45.64
54.93 , 45.73
54.8 , 45.8
54.98 , 45.95
54.87 , 45.54
54.97 , 46.08
55.32 , 45.91
54.94 , 45.77
55.37 , 45.82
54.88 , 45.98
54.95 , 46.03
55.11 , 46.46
55.13 , 46.16
54.64 , 46.63
55.13 , 46.32
54.93 , 46.11
54.91 , 46.11
54.91 , 46.37
55.27 , 46.18
54.93 , 46.42
54.95 , 46.37
54.85 , 46.61
54.89 , 46.42
55.43 , 46.41
54.94 , 46.51
55.38 , 45.81
54.91 , 46.34
55.22 , 46.03
55.2 , 46.43
55.14 , 46.19
55.32 , 47.1
55.04 , 46.63
54.75 , 45.81
54.99 , 46.48
55.17 , 46.57
54.68 , 46.02
55.28 , 46.84
54.97 , 46.56
55.18 , 46.51
54.69 , 46.97
54.66 , 46.59
55.33 , 46.83
55.28 , 47.1
55.05 , 46.39
54.58 , 46.23
55.19 , 46.44
54.97 , 46.84
55.09 , 46.84
55.32 , 46.95
55.27 , 46.87
55.01 , 46.95
55.13 , 47.13
54.88 , 47.11
55.69 , 46.31
55.16 , 46.97
54.95 , 46.87
54.71 , 47.11
54.83 , 47.46
55.09 , 47.52
55.04 , 46.75
55.11 , 47.18
55.22 , 46.56
55.02 , 47.54
55.03 , 46.69
55.11 , 47.34
55.35 , 47.38
54.76 , 47.56
55.18 , 47.59
54.96 , 47.57
54.48 , 47.0
55.16 , 47.76
55.15 , 47.42
54.97 , 47.29
55.28 , 46.97
55.07 , 47.82
54.59 , 46.9
54.76 , 47.49
55.14 , 47.37
55.2 , 47.4
54.6 , 47.81
55.01 , 47.41
54.59 , 46.97
54.74 , 47.8
54.78 , 47.31
54.81 , 47.82
55.16 , 48.0
54.79 , 48.09
55.41 , 47.84
55.27 , 48.18
55.1 , 47.56
55.14 , 47.89
55.18 , 48.49
55.02 , 47.79
55.32 , 47.88
54.7 , 47.97
55.26 , 47.51
55.44 , 48.42
54.73 , 48.02
55.11 , 48.12
55.08 , 48.18
54.81 , 47.96
54.99 , 48.16
55.5 , 48.29
54.75 , 48.19
55.49 , 48.63
55.44 , 48.16
55.2 , 48.21
54.73 , 48.2
54.91 , 47.88
54.97 , 48.13
54.95 , 48.43
54.74 , 48.29
55.1 , 48.37
55.08 , 48.34
54.61 , 47.82
54.86 , 48.26
54.78 , 48.19
54.91 , 48.84
54.98 , 48.63
55.18 , 48.49
55.25 , 48.33
54.96 , 48.2
54.98 , 48.74
54.79 , 48.52
54.94 , 48.55
54.91 , 48.66
54.7 , 48.64
55.43 , 48.35
55.21 , 48.47
54.87 , 49.13
55.18 , 48.85
55.42 , 48.88
54.98 , 48.16
55.19 , 49.19
54.9 , 48.48
54.58 , 48.95
54.4 , 48.92
55.21 , 48.73
54.74 , 48.8
55.4 , 48.6
54.81 , 49.05
54.85 , 49.27
54.82 , 48.65
54.63 , 48.93
55.29 , 49.01
54.86 , 48.64
55.07 , 48.88
55.59 , 48.77
54.66 , 48.77
55.05 , 49.26
55.06 , 49.43
55.18 , 49.01
55.43 , 48.99
55.06 , 49.22
55.29 , 49.22
55.09 , 48.75
54.99 , 49.31
55.39 , 48.86
54.7 , 49.53
55.59 , 49.38
54.47 , 48.91
54.91 , 49.16
55.13 , 49.67
55.2 , 49.19
54.83 , 49.4
55.11 , 49.61
54.91 , 49.76
55.19 , 49.44
55.06 , 49.94
55.17 , 49.49
54.92 , 49.82
55.1 , 49.64
54.82 , 49.56
55.05 , 50.09
54.68 , 49.7
54.77 , 49.35
55.58 , 49.4
55.31 , 50.0
55.12 , 49.78
55.0 , 49.91
55.1 , 49.95
55.17 , 49.42
54.68 , 49.84
55.0 , 49.53
55.25 , 50.02
55.08 , 50.18
55.16 , 49.91
54.85 , 50.25
54.88 , 49.8
54.77 , 50.18
55.07 , 49.99
55.25 , 49.84
55.22 , 49.94
54.97 , 50.05
55.06 , 50.47
54.86 , 50.4
55.32 , 50.12
54.84 , 49.9
54.99 , 50.93
54.96 , 50.26
54.77 , 50.36
55.07 , 50.52
55.53 , 50.55
54.8 , 50.29
54.68 , 50.24
54.65 , 50.65
54.46 , 50.54
55.04 , 50.02
55.2 , 50.76
55.45 , 50.39
55.2 , 50.53
55.37 , 50.5
55.29 , 50.27
54.84 , 50.27
54.96 , 50.25
55.04 , 50.44
54.65 , 50.67
55.29 , 50.76
55.09 , 50.59
54.96 , 50.27
55.5 , 50.28
54.78 , 50.46
54.73 , 50.78
54.82 , 50.62
55.09 , 50.48
54.72 , 50.92
54.88 , 50.37
55.16 , 50.49
55.0 , 50.88
55.08 , 50.97
54.9 , 50.91
54.59 , 51.01
54.53 , 51.15
54.82 , 51.2
54.99 , 51.14
54.89 , 50.97
55.12 , 51.22
54.9 , 50.38
55.04 , 51.28
55.32 , 51.05
55.27 , 50.24
54.9 , 51.0
55.52 , 51.12
55.66 , 51.22
54.89 , 51.08
54.79 , 51.28
55.04 , 51.02
55.45 , 51.56
54.92 , 51.45
54.96 , 51.21
54.79 , 51.2
55.45 , 51.81
54.97 , 51.33
55.29 , 51.22
55.19 , 51.07
55.1 , 51.66
55.21 , 51.9
55.31 , 51.41
54.66 , 50.95
54.73 , 51.53
54.86 , 52.3
55.12 , 51.72
55.03 , 51.58
55.1 , 51.94
55.02 , 51.92
55.37 , 51.75
55.18 , 51.81
55.31 , 51.97
55.06 , 52.07
55.32 , 51.85
54.7 , 52.26
55.07 , 52.03
55.06 , 51.79
54.71 , 51.89
54.96 , 52.04
54.94 , 51.92
55.2 , 51.95
54.86 , 52.1
54.94 , 51.73
54.74 , 51.8
54.86 , 51.47
54.64 , 51.91
54.91 , 52.04
55.15 , 51.83
55.4 , 52.22
54.39 , 52.14
54.76 , 52.3
55.46 , 51.84
55.03 , 51.94
54.63 , 52.4
55.22 , 52.09
54.91 , 51.97
54.84 , 52.24
54.96 , 52.51
55.06 , 52.34
55.03 , 52.53
55.15 , 52.05
54.96 , 52.52
54.81 , 52.07
54.75 , 52.15
54.95 , 52.44
55.14 , 52.01
55.12 , 52.73
55.68 , 52.47
55.2 , 52.13
55.28 , 53.01
55.07 , 52.46
55.39 , 52.39
55.46 , 52.39
55.13 , 52.76
55.05 , 52.55
54.74 , 53.08
55.12 , 52.52
54.67 , 52.97
55.35 , 52.78
54.89 , 52.96
55.13 , 53.15
54.97 , 52.68
54.99 , 52.54
54.73 , 52.77
54.96 , 52.95
54.64 , 52.86
55.51 , 52.53
54.91 , 52.87
55.16 , 52.81
55.58 , 52.9
55.07 , 53.1
55.36 , 53.19
54.65 , 53.12
54.85 , 53.42
55.14 , 53.24
54.98 , 52.99
55.27 , 53.43
55.58 , 53.15
55.29 , 52.97
55.15 , 53.26
54.73 , 53.13
55.03 , 53.25
54.93 , 53.26
55.0 , 53.24
54.57 , 53.4
55.44 , 53.35
55.04 , 53.21
54.8 , 53.2
54.66 , 53.47
54.77 , 53.56
55.03 , 53.14
55.56 , 53.44
55.04 , 53.43
54.71 , 53.56
55.14 , 53.06
55.01 , 53.65
55.47 , 53.14
54.82 , 53.95
54.82 , 53.84
54.75 , 53.41
55.19 , 53.59
54.73 , 53.76
55.3 , 53.74
55.57 , 53.47
55.42 , 53.89
55.22 , 54.03
54.93 , 53.78
54.66 , 53.7
54.82 , 54.16
54.89 , 54.01
54.98 , 54.54
54.8 , 53.73
55.16 , 53.55
55.01 , 53.76
54.79 , 53.98
55.52 , 54.28
55.21 , 54.2
55.13 , 53.93
55.04 , 54.1
55.16 , 54.37
54.71 , 53.84
55.37 , 53.91
55.31 , 54.93
55.27 , 54.32
54.97 , 54.3
55.23 , 55.04
55.23 , 54.26
55.41 , 54.33
55.33 , 54.42
55.06 , 54.57
54.97 , 54.23
54.98 , 54.44
54.91 , 54.63
55.09 , 54.53
54.91 , 54.54
55.18 , 54.43
54.94 , 54.59
55.06 , 54.4
55.21 , 54.68
55.48 , 54.3
54.68 , 54.69
55.48 , 54.88
55.0 , 54.47
55.08 , 54.56
54.8 , 54.73
54.83 , 54.65
54.82 , 54.7
55.12 , 54.78
55.07 , 54.53
54.63 , 54.79
54.99 , 55.0
54.65 , 55.09
54.97 , 54.61
54.85 , 54.79
55.34 , 54.81
55.08 , 54.72
54.65 , 54.79
54.59 , 54.91
54.94 , 55.45
54.88 , 55.31
55.16 , 55.26
55.05 , 55.04
55.12 , 55.4
54.79 , 54.81
54.85 , 54.78
54.88 , 55.09
54.8 , 55.14
55.3 , 55.23
55.28 , 55.2
55.02 , 54.91
55.31 , 55.36
55.36 , 55.28
54.84 , 55.85
54.72 , 54.84
55.19 , 55.11
54.7 , 55.46
54.79 , 55.86
55.52 , 55.98
54.86 , 55.69
54.83 , 55.35
54.93 , 55.46
55.08 , 55.44
55.35 , 55.2
55.1 , 55.17
55.13 , 55.9
55.38 , 55.78
55.04 , 55.48
54.9 , 55.7
54.81 , 55.35
55.32 , 55.84
55.11 , 55.62
55.17 , 55.64
55.1 , 55.79
55.01 , 55.64
55.17 , 55.61
55.4 , 56.07
54.94 , 55.98
55.21 , 55.89
54.72 , 55.98
54.91 , 55.88
55.52 , 55.96
54.64 , 56.16
55.27 , 55.79
54.99 , 55.85
55.07 , 56.34
55.66 , 56.01
55.04 , 56.44
54.94 , 56.34
54.84 , 56.94
54.79 , 56.34
55.42 , 56.43
55.4 , 56.44
55.01 , 56.4
55.23 , 56.31
55.23 , 56.2
54.8 , 56.65
55.05 , 56.73
55.48 , 56.23
55.42 , 56.47
55.11 , 55.95
54.9 , 56.34
54.85 , 56.13
54.57 , 56.48
55.1 , 56.69
54.64 , 56.1
55.52 , 56.48
54.98 , 56.8
54.73 , 56.51
55.21 , 56.69
55.22 , 56.5
55.38 , 56.26
54.44 , 56.6
55.03 , 56.66
54.48 , 56.36
54.91 , 56.93
55.3 , 57.16
54.69 , 56.63
54.56 , 56.47
54.69 , 56.77
54.79 , 56.9
55.35 , 56.78
54.89 , 56.87
54.95 , 56.83
54.83 , 56.94
54.86 , 57.05
55.04 , 57.22
55.14 , 57.11
54.98 , 56.89
55.15 , 56.81
55.1 , 57.47
54.83 , 57.24
55.16 , 57.09
55.27 , 57.0
54.69 , 57.27
55.12 , 57.23
55.23 , 56.91
54.79 , 57.66
54.93 , 57.49
55.11 , 56.77
54.86 , 57.97
55.05 , 57.48
54.68 , 57.29
54.73 , 57.27
55.04 , 57.17
54.66 , 57.53
55.15 , 57.28
54.83 , 57.65
54.97 , 57.75
55.17 , 57.4
55.26 , 57.04
54.77 , 57.53
55.23 , 57.75
55.14 , 57.36
54.99 , 58.05
55.18 , 57.87
55.03 , 57.33
54.91 , 57.97
54.81 , 57.99
55.13 , 57.26
55.02 , 57.59
54.95 , 58.11
54.65 , 57.36
54.92 , 57.82
55.07 , 57.84
54.79 , 57.77
55.53 , 57.98
55.21 , 57.96
55.06 , 57.52
55.13 , 58.54
54.56 , 58.09
54.68 , 58.13
55.08 , 57.96
54.7 , 57.87
55.33 , 57.96
54.99 , 58.19
54.86 , 58.02
54.63 , 58.6
55.07 , 58.27
54.86 , 57.88
55.19 , 58.04
55.01 , 57.93
55.56 , 58.19
55.08 , 58.45
54.72 , 58.3
54.68 , 58.07
55.21 , 58.59
55.11 , 58.09
54.98 , 58.53
54.9 , 58.28
55.05 , 58.59
54.85 , 58.03
54.86 , 58.39
54.95 , 58.52
55.28 , 58.47
55.1 , 58.34
54.98 , 58.66
54.71 , 58.79
54.79 , 58.49
55.14 , 58.73
55.02 , 58.45
55.48 , 58.61
55.01 , 58.67
55.03 , 58.61
54.86 , 58.44
54.72 , 58.89
55.41 , 58.79
55.04 , 58.71
54.9 , 59.26
55.05 , 58.94
55.26 , 58.12
55.16 , 58.84
55.02 , 58.9
55.16 , 59.05
55.41 , 58.82
55.11 , 59.17
54.86 , 58.92
55.15 , 59.04
54.98 , 59.07
55.67 , 58.92
54.74 , 59.1
54.55 , 58.92
54.52 , 59.4
55.19 , 59.07
54.45 , 58.85
54.74 , 59.89
54.63 , 59.19
55.21 , 59.35
54.91 , 59.09
55.25 , 59.21
54.6 , 59.1
54.85 , 59.66
54.95 , 58.89
54.91 , 59.55
54.76 , 59.23
54.68 , 59.44
55.01 , 59.27
55.03 , 59.56
54.83 , 59.44
55.15 , 59.41
54.6 , 59.64
54.98 , 59.62
55.05 , 59.93
54.65 , 60.06
55.12 , 59.76
54.77 , 59.62
54.97 , 59.75
54.58 , 59.64
54.51 , 60.21
54.83 , 59.54
54.87 , 59.87
55.23 , 59.9
54.56 , 59.67
55.05 , 59.82
55.2 , 59.68
54.92 , 59.33
54.97 , 60.01
55.04 , 59.67
54.99 , 59.9
54.77 , 59.79
55.04 , 60.1
55.48 , 59.73
54.92 , 60.19
54.88 , 60.21
54.53 , 60.46
55.24 , 60.08
54.67 , 59.98
54.8 , 60.45
54.87 , 60.19
55.14 , 60.06
54.84 , 59.62
55.2 , 60.56
55.04 , 59.99
55.12 , 60.17
54.31 , 60.18
54.5 , 60.2
54.71 , 60.51
54.61 , 60.36
54.96 , 59.95
55.01 , 60.2
54.75 , 60.03
55.0 , 60.26
54.96 , 60.42
55.36 , 60.39
55.01 , 60.82
54.88 , 60.8
55.11 , 60.04
55.36 , 60.51
54.71 , 60.5
55.04 , 60.65
55.52 , 60.18
55.08 , 60.49
54.88 , 60.54
54.81 , 61.08
55.04 , 60.69
55.07 , 60.34
54.95 , 60.61
54.76 , 61.1
55.04 , 60.94
54.85 , 60.84
54.99 , 60.98
55.03 , 60.97
54.81 , 61.0
55.1 , 61.02
54.92 , 60.98
54.98 , 61.02
54.99 , 60.84
54.87 , 61.02
54.72 , 60.4
54.97 , 60.94
55.05 , 61.2
55.08 , 61.01
55.03 , 60.68
55.13 , 60.9
54.8 , 61.26
54.84 , 60.94
54.93 , 60.94
55.19 , 60.93
54.97 , 61.5
55.06 , 61.81
55.24 , 61.36
54.69 , 61.45
55.3 , 61.55
55.13 , 61.5
54.96 , 61.46
55.09 , 61.39
55.31 , 61.2
55.3 , 61.3
54.74 , 61.38
54.79 , 61.42
55.15 , 61.8
55.19 , 60.87
55.29 , 61.36
55.09 , 61.88
55.26 , 62.02
55.01 , 61.37
54.77 , 62.11
54.91 , 61.7
54.87 , 61.46
55.36 , 62.04
55.04 , 61.89
54.81 , 61.72
54.86 , 62.01
55.3 , 61.65
54.57 , 62.01
55.5 , 61.59
55.45 , 61.93
55.06 , 61.5
54.95 , 61.54
55.15 , 62.49
55.05 , 61.77
54.84 , 61.94
55.03 , 62.35
55.02 , 62.04
54.74 , 61.81
55.05 , 62.03
54.95 , 62.2
55.39 , 61.88
55.16 , 62.36
54.87 , 61.83
54.69 , 62.21
55.02 , 62.28
55.16 , 62.47
55.32 , 62.65
54.99 , 62.3
54.78 , 61.99
54.99 , 62.04
55.32 , 62.14
55.41 , 62.17
54.96 , 62.64
55.1 , 62.74
54.79 , 62.6
54.9 , 62.56
54.66 , 62.25
54.92 , 62.59
54.74 , 62.28
54.55 , 62.39
55.4 , 62.4
54.52 , 62.23
54.72 , 62.48
55.06 , 62.83
54.87 , 62.79
54.98 , 62.82
55.25 , 62.88
54.59 , 62.89
54.91 , 62.16
55.1 , 62.69
54.69 , 62.3
55.12 , 62.87
55.16 , 62.84
55.49 , 62.68
55.01 , 62.88
55.39 , 63.2
54.86 , 63.2
54.83 , 63.13
54.61 , 62.51
55.24 , 63.08
54.9 , 62.57
54.86 , 62.88
55.18 , 63.07
54.51 , 62.87
54.71 , 62.91
54.69 , 63.39
55.28 , 63.08
54.81 , 62.92
54.99 , 63.72
55.23 , 63.32
55.29 , 63.07
54.87 , 63.35
54.71 , 63.57
54.85 , 62.97
55.23 , 63.24
54.93 , 63.67
55.35 , 63.19
55.29 , 63.01
55.35 , 63.45
55.01 , 63.8
55.11 , 63.01
55.09 , 63.69
55.26 , 63.88
54.91 , 63.21
54.61 , 63.41
54.85 , 63.6
55.41 , 63.46
54.68 , 63.61
55.05 , 63.8
55.35 , 63.77
55.08 , 63.49
55.09 , 63.94
54.91 , 64.12
55.0 , 63.93
54.59 , 64.04
54.97 , 63.66
55.05 , 63.87
54.82 , 63.51
55.1 , 64.02
55.05 , 63.81
54.95 , 63.43
54.88 , 63.73
54.96 , 63.37
54.67 , 63.83
54.54 , 63.64
55.36 , 63.94
54.87 , 64.04
54.74 , 64.07
54.88 , 63.81
55.01 , 64.26
55.0 , 63.79
55.02 , 63.97
54.88 , 64.2
55.11 , 64.39
54.9 , 64.82
55.24 , 64.41
55.43 , 64.54
55.39 , 64.57
54.91 , 64.51
55.29 , 64.52
55.33 , 64.5
54.8 , 64.32
54.77 , 64.07
55.51 , 64.62
55.32 , 64.11
55.2 , 64.34
55.18 , 64.66
55.33 , 64.31
55.32 , 64.78
55.1 , 64.28
54.7 , 64.15
54.61 , 64.79
54.6 , 64.42
55.08 , 64.51
55.13 , 64.96
54.88 , 64.84
55.27 , 64.7
55.26 , 64.71
55.05 , 64.97
54.95 , 64.73
55.15 , 65.05
54.75 , 65.1
55.06 , 64.89
55.36 , 64.63
54.79 , 64.61
55.05 , 65.03
54.64 , 65.05
54.71 , 65.01
55.53 , 65.25
55.02 , 65.23
55.21 , 64.44
54.82 , 65.23
55.15 , 64.81
55.13 , 65.19
54.99 , 65.11
55.49 , 65.32
55.24 , 64.73
54.92 , 65.38
55.08 , 65.15
54.78 , 65.3
54.98 , 64.85
55.65 , 65.23
54.56 , 64.93
54.86 , 65.2
54.8 , 65.31
55.38 , 65.1
55.29 , 65.58
54.73 , 65.05
55.2 , 65.67
55.2 , 65.6
54.85 , 65.63
54.75 , 65.64
55.23 , 65.69
55.35 , 65.7
55.28 , 65.61
55.44 , 65.57
55.39 , 65.44
54.73 , 65.69
55.0 , 65.53
54.82 , 65.88
55.13 , 65.92
54.92 , 65.81
54.77 , 65.58
55.22 , 65.96
55.05 , 66.09
54.83 , 66.15
54.99 , 65.8
54.78 , 66.19
54.78 , 66.22
55.37 , 65.44
55.0 , 65.64
54.89 , 65.93
54.95 , 66.13
55.13 , 65.55
54.71 , 65.68
54.68 , 66.16
54.97 , 66.07
54.49 , 65.98
54.46 , 66.09
54.86 , 66.22
55.14 , 66.34
54.96 , 66.26
54.76 , 66.74
55.05 , 65.93
55.03 , 66.5
54.83 , 66.53
54.93 , 66.6
55.02 , 66.08
55.06 , 66.62
54.54 , 66.09
55.11 , 66.09
54.56 , 66.38
54.89 , 66.33
54.91 , 66.5
54.79 , 66.05
54.94 , 66.39
54.96 , 66.5
54.83 , 66.12
55.12 , 66.9
55.13 , 66.59
55.16 , 66.49
54.65 , 66.12
55.03 , 66.34
54.77 , 66.74
55.25 , 67.02
54.58 , 66.63
54.82 , 66.72
54.99 , 66.85
54.94 , 66.46
54.49 , 67.22
54.85 , 66.97
55.03 , 67.01
55.0 , 67.13
54.75 , 66.99
55.12 , 66.68
54.77 , 66.72
55.32 , 66.82
55.21 , 66.85
55.06 , 67.13
55.05 , 66.88
54.88 , 67.48
55.36 , 67.19
54.86 , 67.17
55.47 , 66.91
55.03 , 67.23
54.91 , 67.09
55.21 , 67.07
54.97 , 67.25
54.68 , 67.22
55.27 , 67.49
54.54 , 67.2
55.44 , 67.01
54.79 , 67.37
54.83 , 67.11
54.82 , 67.38
55.07 , 67.44
54.63 , 66.96
55.2 , 67.37
55.03 , 67.52
55.37 , 67.72
54.86 , 67.66
55.13 , 67.85
55.22 , 68.08
55.57 , 67.61
54.77 , 67.69
54.82 , 67.57
55.26 , 67.44
54.51 , 67.48
54.75 , 67.23
55.15 , 67.8
55.07 , 67.97
54.96 , 68.24
55.06 , 67.97
54.82 , 67.87
54.93 , 67.49
55.07 , 67.57
55.24 , 67.41
54.52 , 68.17
55.16 , 67.78
54.52 , 67.72
55.07 , 68.4
54.85 , 68.37
54.57 , 68.37
55.17 , 67.8
55.35 , 68.02
54.81 , 67.93
55.22 , 67.91
54.82 , 68.03
54.96 , 67.78
55.36 , 68.58
54.98 , 68.26
54.96 , 67.89
55.09 , 67.93
54.62 , 68.06
55.11 , 68.11
55.22 , 68.42
55.25 , 68.63
54.87 , 68.48
55.17 , 68.41
54.87 , 68.48
55.05 , 68.55
54.98 , 68.25
54.64 , 68.38
55.46 , 68.48
55.01 , 68.25
55.09 , 68.5
55.05 , 68.43
54.74 , 68.3
54.85 , 68.3
54.73 , 68.64
55.01 , 68.46
54.97 , 68.89
54.7 , 68.79
54.49 , 69.05
55.13 , 69.21
55.46 , 68.73
55.16 , 68.83
54.51 , 68.98
55.2 , 68.97
55.07 , 68.49
54.84 , 67.87
55.06 , 68.64
54.86 , 69.12
55.0 , 68.16
55.25 , 68.53
54.7 , 68.66
55.31 , 68.61
55.08 , 69.11
54.46 , 69.33
54.82 , 69.42
54.89 , 69.4
55.52 , 68.5
54.7 , 68.92
55.24 , 69.51
55.03 , 69.24
55.2 , 68.9
54.84 , 69.19
55.34 , 69.0
55.16 , 69.01
54.7 , 69.26
55.04 , 69.27
54.8 , 69.13
55.23 , 68.93
54.84 , 69.02
55.02 , 69.66
54.9 , 69.19
54.91 , 69.4
54.88 , 69.16
55.08 , 69.81
55.05 , 69.28
55.33 , 69.48
55.1 , 69.46
55.11 , 69.19
54.99 , 69.49
54.94 , 69.6
55.7 , 69.34
54.92 , 69.27
55.02 , 69.49
55.25 , 69.62
54.97 , 69.68
55.5 , 69.97
55.1 , 69.99
54.94 , 69.33
54.64 , 69.89
55.09 , 69.63
54.75 , 70.02
54.89 , 69.52
55.18 , 69.88
54.69 , 70.26
54.85 , 69.76
54.81 , 69.83
55.38 , 69.85
55.18 , 69.79
55.3 , 70.3
55.21 , 70.44
55.04 , 69.52
54.65 , 69.88
55.16 , 70.09
55.01 , 70.13
54.84 , 70.07
54.77 , 70.11
55.08 , 70.54
55.24 , 70.11
54.76 , 70.06
54.4 , 70.42
55.07 , 70.3
54.85 , 70.39
55.06 , 70.56
54.43 , 70.87
54.63 , 70.62
54.5 , 70.61
55.44 , 70.57
54.76 , 70.73
54.72 , 70.38
54.61 , 70.33
54.75 , 70.21
55.0 , 70.49
54.38 , 70.23
54.66 , 70.35
55.04 , 70.19
54.65 , 70.44
54.6 , 70.65
54.77 , 70.37
54.47 , 70.62
54.58 , 70.41
54.18 , 70.64
54.46 , 70.71
54.4 , 70.58
54.48 , 70.15
54.54 , 70.71
54.49 , 70.67
54.87 , 70.16
54.24 , 70.51
54.28 , 70.57
54.13 , 70.63
54.57 , 70.56
54.6 , 70.97
54.63 , 70.83
53.92 , 70.75
53.77 , 70.42
54.54 , 70.11
54.54 , 70.69
54.52 , 71.21
54.33 , 70.62
54.48 , 70.57
54.32 , 70.9
54.58 , 70.49
54.34 , 71.42
54.24 , 71.45
54.5 , 70.57
54.39 , 71.09
54.06 , 70.96
53.76 , 71.47
54.34 , 70.97
54.41 , 71.45
54.15 , 71.07
54.32 , 71.07
54.6 , 71.39
54.2 , 71.04
53.6 , 70.88
54.66 , 71.16
54.42 , 70.7
53.77 , 71.45
54.36 , 70.87
53.67 , 70.97
54.08 , 70.7
54.46 , 71.0
54.11 , 71.51
53.99 , 71.32
53.89 , 71.83
54.27 , 71.31
53.85 , 71.36
53.39 , 71.26
53.81 , 71.75
54.04 , 71.18
53.56 , 71.61
54.0 , 71.67
53.9 , 71.57
53.89 , 71.97
53.86 , 71.26
54.07 , 71.73
53.76 , 71.9
53.97 , 71.38
53.59 , 72.0
54.03 , 71.31
53.49 , 72.11
54.46 , 71.93
53.74 , 71.57
53.96 , 72.07
53.83 , 71.65
53.35 , 71.38
53.42 , 71.23
53.8 , 71.64
54.13 , 72.04
53.67 , 72.3
53.89 , 71.74
53.65 , 71.65
53.49 , 71.83
53.51 , 71.76
53.55 , 71.9
53.92 , 71.84
53.47 , 72.06
53.62 , 71.64
53.47 , 71.92
53.34 , 72.17
53.61 , 71.84
53.8 , 72.09
53.5 , 72.08
53.7 , 72.21
53.28 , 72.14
53.42 , 71.99
53.35 , 72.37
53.44 , 72.76
53.26 , 72.36
53.68 , 72.05
53.41 , 72.44
53.84 , 72.15
53.32 , 72.29
53.53 , 72.12
53.56 , 72.36
53.33 , 72.01
53.49 , 71.71
53.04 , 71.83
53.18 , 72.25
53.18 , 72.15
53.44 , 71.84
52.85 , 72.44
53.53 , 72.47
52.91 , 71.92
53.34 , 72.48
53.2 , 72.08
52.53 , 72.65
53.61 , 72.68
53.28 , 72.6
53.08 , 72.43
53.13 , 72.3
53.2 , 72.21
53.07 , 72.99
53.46 , 72.35
53.28 , 72.74
53.3 , 72.72
52.97 , 72.92
53.3 , 72.34
53.03 , 72.58
52.73 , 72.7
52.9 , 72.18
53.46 , 72.74
52.92 , 72.79
52.71 , 72.54
53.36 , 72.66
52.49 , 72.87
53.13 , 72.61
52.74 , 73.15
53.11 , 72.52
52.75 , 72.75
52.8 , 72.54
52.79 , 72.62
53.0 , 72.95
52.68 , 72.85
52.67 , 73.17
52.91 , 73.12
52.24 , 73.15
52.73 , 72.88
52.39 , 73.3
53.12 , 73.03
52.67 , 72.86
52.91 , 73.09
52.51 , 73.41
52.81 , 73.17
52.65 , 73.05
52.45 , 73.0
52.5 , 73.38
52.38 , 73.55
52.88 , 73.03
52.4 , 72.77
52.8 , 73.41
52.98 , 73.32
52.66 , 73.18
52.23 , 73.45
52.44 , 73.28
52.32 , 73.44
52.08 , 73.02
52.76 , 73.5
52.23 , 73.43
52.55 , 73.65
52.72 , 73.66
52.29 , 73.91
52.42 , 73.62
52.56 , 73.83
52.66 , 73.05
52.02 , 73.46
52.17 , 73.76
52.74 , 73.86
52.08 , 73.68
52.56 , 73.75
52.55 , 74.26
52.51 , 73.71
52.43 , 73.7
52.18 , 73.64
52.03 , 73.41
52.27 , 73.45
52.08 , 73.52
51.93 , 73.03
52.37 , 74.07
52.25 , 73.57
52.46 , 73.86
51.82 , 73.76
52.17 , 73.58
52.27 , 73.45
52.13 , 74.02
51.64 , 74.0
52.31 , 73.65
51.8 , 73.84
52.07 , 73.85
51.98 , 73.63
51.59 , 73.75
52.26 , 74.15
52.19 , 73.92
51.85 , 73.86
52.03 , 73.66
52.06 , 74.14
51.81 , 74.27
52.13 , 73.5
51.83 , 74.05
51.34 , 74.26
52.15 , 74.25
51.86 , 74.5
51.9 , 74.23
51.99 , 74.46
51.43 , 74.42
51.93 , 74.56
51.88 , 74.2
51.65 , 74.26
51.66 , 74.39
51.8 , 74.09
51.94 , 74.28
51.66 , 74.66
51.86 , 74.44
51.55 , 74.67
51.87 , 74.07
51.64 , 74.7
51.93 , 74.38
51.73 , 74.47
51.08 , 74.62
52.01 , 74.32
51.67 , 74.72
51.69 , 74.76
51.62 , 74.45
51.43 , 74.51
51.26 , 74.25
51.6 , 74.34
51.59 , 74.56
51.51 , 74.74
51.42 , 74.36
51.45 , 74.59
51.84 , 74.91
51.16 , 74.22
51.17 , 74.83
51.01 , 74.93
51.37 , 75.01
51.5 , 74.51
51.32 , 74.81
51.7 , 74.71
51.25 , 74.83
51.19 , 74.94
51.47 , 75.05
51.14 , 75.14
52.05 , 75.22
51.35 , 74.86
50.93 , 75.02
51.82 , 75.06
51.39 , 74.92
50.99 , 75.55
51.18 , 75.38
51.26 , 74.97
51.02 , 75.04
51.27 , 74.94
51.19 , 75.0
50.98 , 74.89
51.85 , 74.76
51.34 , 74.75
50.92 , 75.35
50.78 , 75.33
51.5 , 75.1
51.31 , 75.43
50.58 , 75.09
50.98 , 75.44
50.96 , 74.91
50.73 , 75.26
51.07 , 75.37
50.76 , 75.4
50.99 , 75.05
50.69 , 75.86
51.14 , 75.24
51.13 , 75.17
51.4 , 75.51
50.39 , 75.29
50.88 , 75.43
50.63 , 75.67
50.96 , 75.81
50.96 , 75.83
51.28 , 75.51
50.95 , 75.73
50.98 , 75.49
51.44 , 75.83
50.96 , 75.25
50.55 , 75.52
50.53 , 75.22
50.95 , 75.78
50.64 , 75.62
51.05 , 75.86
51.22 , 75.61
50.65 , 75.88
51.19 , 75.66
50.63 , 75.65
50.99 , 76.03
50.44 , 76.02
50.87 , 76.09
50.54 , 75.77
50.78 , 75.93
50.39 , 76.01
50.78 , 75.78
50.72 , 76.14
50.6 , 75.89
50.33 , 75.88
50.4 , 75.66
50.8 , 76.04
50.63 , 75.99
50.87 , 75.54
50.91 , 75.87
50.28 , 75.8
50.27 , 75.98
50.67 , 75.83
50.67 , 75.92
50.45 , 76.42
50.36 , 75.81
50.44 , 76.2
50.32 , 76.02
50.55 , 75.91
50.35 , 75.96
50.53 , 76.07
50.45 , 76.19
50.33 , 76.0
50.65 , 76.1
50.29 , 75.93
50.32 , 76.06
50.02 , 76.53
50.47 , 76.37
50.31 , 76.46
50.25 , 76.39
49.99 , 76.26
50.18 , 75.73
49.91 , 76.18
50.7 , 76.01
49.72 , 76.6
49.92 , 76.56
50.15 , 76.87
50.14 , 76.69
50.09 , 76.51
50.12 , 76.5
50.46 , 76.93
50.1 , 76.5
50.12 , 76.82
50.24 , 76.6
49.65 , 77.18
50.4 , 76.74
50.11 , 76.98
50.43 , 76.68
50.08 , 76.63
50.47 , 76.61
49.87 , 76.98
50.11 , 76.73
50.16 , 76.82
49.93 , 76.86
50.06 , 76.84
50.03 , 76.84
50.03 , 76.59
50.3 , 77.09
49.95 , 77.01
50.31 , 77.0
49.52 , 76.99
49.33 , 76.87
50.18 , 76.66
49.42 , 76.86
49.89 , 77.44
49.71 , 76.97
49.46 , 77.52
49.71 , 77.13
49.99 , 77.0
49.5 , 76.94
49.69 , 77.28
49.95 , 76.96
49.59 , 76.76
49.68 , 77.66
49.77 , 77.07
50.02 , 77.27
49.92 , 77.58
49.31 , 77.21
49.54 , 77.52
49.56 , 77.27
49.07 , 77.13
49.41 , 77.02
49.59 , 77.21
49.58 , 77.53
49.62 , 77.33
49.59 , 77.06
49.4 , 77.22
49.95 , 77.06
49.37 , 77.53
49.33 , 77.57
49.15 , 77.68
49.48 , 76.91
49.06 , 77.15
49.33 , 77.39
49.47 , 77.65
49.52 , 77.63
49.15 , 77.17
49.04 , 77.64
49.09 , 77.27
49.1 , 77.68
48.97 , 77.56
49.47 , 77.83
48.85 , 77.63
49.12 , 78.27
49.19 , 77.33
49.08 , 77.69
49.1 , 77.89
49.11 , 77.74
50.04 , 77.85
49.39 , 77.77
48.56 , 78.2
49.04 , 77.97
48.79 , 77.85
49.4 , 77.56
49.59 , 78.1
49.2 , 77.8
49.32 , 77.38
49.39 , 77.42
48.93 , 78.25
49.13 , 77.47
48.62 , 77.64
48.89 , 77.77
49.25 , 77.91
49.43 , 78.35
48.67 , 78.35
49.3 , 77.76
48.87 , 77.86
48.69 , 78.07
49.0 , 77.9
48.51 , 78.28
49.23 , 78.42
48.53 , 78.03
48.79 , 78.0
49.13 , 77.96
48.77 , 78.3
48.85 , 78.29
48.78 , 78.37
48.89 , 78.27
48.93 , 78.38
48.96 , 78.42
48.88 , 78.4
48.54 , 78.21
48.67 , 78.18
48.61 , 78.2
48.54 , 78.47
49.45 , 78.88
48.68 , 78.44
48.61 , 78.38
48.8 , 78.56
48.72 , 78.7
48.52 , 78.68
48.66 , 78.27
48.92 , 78.3
48.79 , 78.37
48.41 , 78.84
48.67 , 78.58
48.36 , 78.17
48.42 , 78.57
48.75 , 78.63
48.76 , 78.52
48.73 , 78.88
48.42 , 78.89
48.89 , 78.37
48.13 , 78.56
48.3 , 78.51
48.47 , 78.42
48.87 , 78.76
48.46 , 78.75
48.25 , 78.84
48.34 , 78.92
48.55 , 78.65
47.91 , 78.7
48.4 , 78.38
48.44 , 78.93
47.98 , 78.97
48.53 , 78.91
48.41 , 79.1
48.56 , 79.27
48.08 , 78.94
48.25 , 78.76
48.26 , 79.12
48.3 , 78.58
48.05 , 78.45
48.22 , 79.07
48.37 , 79.32
47.93 , 79.09
48.19 , 79.33
48.42 , 79.11
47.76 , 79.36
48.06 , 78.74
48.14 , 78.99
48.09 , 79.52
48.06 , 79.04
48.16 , 79.19
48.07 , 79.52
48.09 , 79.41
48.0 , 79.34
47.75 , 79.14
48.24 , 79.67
47.71 , 79.53
48.18 , 79.19
48.12 , 79.54
48.23 , 79.85
47.93 , 79.53
47.69 , 79.52
47.91 , 79.42
47.92 , 79.7
48.1 , 79.7
48.3 , 79.18
47.81 , 79.52
47.74 , 79.45
47.48 , 79.5
48.11 , 79.49
47.79 , 79.72
47.78 , 79.4
47.64 , 79.94
47.59 , 79.37
48.21 , 79.72
47.46 , 79.28
47.53 , 79.4
47.67 , 79.97
47.88 , 79.67
47.83 , 79.67
47.03 , 79.97
47.45 , 79.58
47.88 , 79.84
47.83 , 80.08
47.79 , 79.84
48.1 , 79.64
47.82 , 80.36
47.52 , 79.77
47.76 , 80.21
47.68 , 79.8
47.57 , 79.62
47.78 , 80.27
47.46 , 80.16
47.42 , 80.04
47.52 , 79.99
48.18 , 79.99
47.7 , 79.86
47.5 , 80.09
47.22 , 80.32
47.6 , 80.46
47.5 , 79.9
47.58 , 80.24
47.82 , 79.61
47.32 , 80.23
47.6 , 79.94
47.61 , 80.31
46.81 , 80.83
46.77 , 80.03
47.08 , 80.41
47.16 , 80.29
47.07 , 80.45
47.45 , 80.77
46.87 , 80.19
47.07 , 80.27
47.17 , 80.56
47.04 , 80.26
47.49 , 80.77
47.63 , 80.95
46.97 , 80.8
47.32 , 80.47
47.28 , 80.35
46.84 , 80.46
46.73 , 80.45
47.11 , 80.32
46.89 , 80.1
46.77 , 80.58
46.88 , 80.65
46.87 , 80.51
46.61 , 81.06
46.95 , 80.89
46.8 , 80.4
47.05 , 80.6
46.95 , 80.88
47.1 , 80.93
46.99 , 80.29
47.05 , 81.15
47.01 , 81.05
47.02 , 80.94
47.04 , 80.46
46.34 , 80.86
47.01 , 81.0
46.78 , 80.76
46.58 , 80.99
46.9 , 81.1
46.78 , 81.25
46.61 , 81.23
46.58 , 81.32
47.01 , 80.75
46.89 , 80.77
47.19 , 81.29
46.75 , 81.13
46.7 , 80.95
46.43 , 81.06
46.94 , 81.18
46.96 , 81.37
46.79 , 80.91
46.41 , 81.06
46.09 , 80.79
46.64 , 81.52
47.15 , 81.25
46.83 , 81.31
46.36 , 81.47
46.56 , 81.41
46.09 , 81.2
46.78 , 81.24
46.53 , 81.53
46.88 , 81.67
46.54 , 81.22
46.73 , 81.21
46.17 , 81.19
46.45 , 81.23
46.24 , 81.67
46.15 , 81.14
46.44 , 81.62
46.28 , 81.24
47.0 , 81.39
47.05 , 81.33
46.69 , 81.23
46.77 , 81.69
46.41 , 81.43
46.73 , 81.92
46.34 , 81.66
46.15 , 81.79
46.22 , 81.78
45.8 , 81.78
46.53 , 81.73
46.66 , 81.51
46.54 , 81.76
46.26 , 81.86
46.57 , 81.32
46.23 , 81.75
46.4 , 81.8
46.07 , 81.88
46.38 , 81.66
46.21 , 81.82
46.0 , 81.87
46.63 , 81.77
46.26 , 82.04
46.41 , 81.84
45.79 , 82.12
45.58 , 82.02
46.31 , 82.13
46.07 , 81.94
45.91 , 82.23
45.61 , 81.73
45.88 , 82.0
46.12 , 81.99
46.0 , 81.94
46.23 , 82.3
45.54 , 82.38
46.03 , 82.16
46.14 , 82.26
45.96 , 82.28
45.46 , 82.29
45.93 , 81.94
45.74 , 82.36
45.75 , 81.99
45.79 , 82.12
45.86 , 82.56
46.33 , 82.29
45.93 , 82.07
45.97 , 82.45
45.62 , 82.52
45.61 , 82.4
45.82 , 82.4
45.82 , 82.51
45.58 , 82.47
45.89 , 82.68
45.49 , 82.35
45.58 , 82.15
45.78 , 82.95
45.51 , 82.43
45.54 , 82.51
45.42 , 83.01
45.37 , 82.72
45.85 , 82.61
45.95 , 82.18
44.85 , 82.77
45.66 , 82.59
45.61 , 82.46
45.29 , 82.47
45.53 , 82.83
45.99 , 82.64
45.08 , 82.94
45.38 , 82.49
45.64 , 82.3
45.14 , 83.22
45.31 , 82.91
45.75 , 82.51
45.45 , 83.11
45.62 , 83.18
46.01 , 83.36
45.55 , 82.73
45.57 , 82.73
44.9 , 82.56
45.34 , 82.92
45.18 , 83.22
45.27 , 82.78
45.29 , 82.98
45.43 , 82.99
45.49 , 82.91
45.22 , 83.18
45.05 , 83.11
45.27 , 83.32
44.6 , 83.41
45.11 , 83.13
45.54 , 83.25
44.82 , 83.07
45.34 , 83.09
45.24 , 83.4
45.62 , 83.03
44.72 , 83.03
44.99 , 83.48
45.15 , 83.56
45.13 , 82.94
45.16 , 83.13
45.13 , 82.91
45.23 , 83.07
44.92 , 83.56
44.95 , 83.14
45.36 , 83.3
45.23 , 83.37
44.52 , 83.36
45.05 , 83.39
45.36 , 83.04
44.75 , 83.62
45.2 , 83.69
44.67 , 83.59
45.02 , 83.96
45.41 , 83.66
45.02 , 83.74
44.82 , 83.64
44.93 , 83.63
44.99 , 83.61
44.67 , 83.9
45.03 , 83.46
44.93 , 83.45
44.85 , 83.51
44.61 , 83.8
44.52 , 83.9
45.13 , 83.67
44.53 , 83.85
44.65 , 83.4
45.23 , 83.67
45.13 , 84.02
44.83 , 83.92
44.57 , 84.0
44.49 , 83.96
44.41 , 83.89
43.9 , 83.76
44.69 , 83.93
44.66 , 84.06
45.0 , 83.82
43.66 , 84.09
44.59 , 83.99
44.71 , 84.39
44.59 , 83.79
44.69 , 83.87
44.11 , 83.79
44.48 , 83.74
44.37 , 84.2
43.88 , 84.41
44.93 , 84.09
44.4 , 84.08
43.67 , 84.21
44.02 , 84.14
44.11 , 83.98
44.18 , 83.96
43.81 , 84.52
44.07 , 84.47
44.51 , 84.19
44.32 , 84.3
44.42 , 84.4
44.21 , 84.31
44.52 , 84.14
43.84 , 83.84
44.15 , 84.61
44.75 , 84.25
44.26 , 84.2
44.23 , 84.38
44.41 , 84.64
44.28 , 84.48
44.38 , 84.43
44.47 , 84.86
44.34 , 84.93
43.97 , 84.66
44.18 , 84.37
44.18 , 84.53
44.2 , 84.62
44.24 , 84.53
44.06 , 84.85
44.36 , 84.68
43.6 , 84.88
44.17 , 84.42
43.51 , 84.31
43.6 , 85.15
43.87 , 84.69
44.15 , 85.11
43.99 , 84.75
44.19 , 85.11
43.99 , 84.67
43.65 , 85.03
43.66 , 84.7
43.35 , 84.56
44.02 , 84.73
44.05 , 84.85
43.71 , 85.13
43.86 , 84.85
44.19 , 84.71
43.52 , 84.97
43.78 , 84.52
43.7 , 84.94
43.54 , 85.07
43.22 , 85.14
43.99 , 85.6
43.4 , 85.3
43.51 , 84.69
43.69 , 84.9
43.53 , 84.91
43.78 , 85.1
43.75 , 85.21
43.75 , 85.19
43.33 , 85.36
43.52 , 85.23
43.63 , 85.26
43.42 , 85.1
43.34 , 85.19
43.73 , 85.06
43.61 , 85.72
43.18 , 85.33
43.59 , 85.28
43.37 , 85.53
43.46 , 85.43
43.2 , 85.69
43.94 , 85.34
43.55 , 85.29
43.74 , 85.55
43.48 , 85.44
43.17 , 85.53
43.49 , 85.05
43.41 , 85.06
43.75 , 85.56
43.48 , 85.36
43.79 , 85.66
43.36 , 85.54
43.11 , 85.51
43.22 , 85.33
43.56 , 85.25
43.38 , 85.97
43.33 , 85.76
43.15 , 85.44
43.67 , 85.35
43.33 , 85.46
43.35 , 85.9
43.49 , 85.77
43.19 , 85.7
43.18 , 85.78
43.36 , 85.77
43.1 , 86.39
42.84 , 85.88
43.73 , 85.55
43.46 , 85.94
43.35 , 86.07
42.72 , 86.15
42.98 , 85.57
43.17 , 85.71
42.99 , 86.05
42.66 , 86.19
43.2 , 86.04
43.22 , 86.01
43.36 , 85.94
43.02 , 86.24
43.07 , 85.71
42.87 , 86.38
42.8 , 85.76
43.03 , 85.9
43.21 , 86.0
42.3 , 85.87
42.61 , 86.02
42.93 , 86.22
43.07 , 86.02
42.71 , 86.33
42.94 , 86.46
42.44 , 86.32
42.9 , 86.42
42.7 , 86.37
42.34 , 86.08
43.03 , 86.13
42.82 , 86.9
42.33 , 86.13
42.74 , 86.47
42.73 , 86.45
42.39 , 86.36
42.91 , 86.19
42.61 , 86.46
42.87 , 86.32
42.96 , 86.58
42.68 , 86.47
42.45 , 86.25
42.78 , 86.55
42.78 , 86.76
42.35 , 86.62
42.39 , 86.16
42.78 , 86.65
42.55 , 86.95
42.23 , 86.95
42.37 , 86.77
42.5 , 86.5
42.12 , 86.98
42.35 , 86.83
42.33 , 86.81
42.38 , 86.75
42.62 , 87.2
42.16 , 86.67
42.48 , 86.74
42.36 , 87.03
42.36 , 86.61
42.56 , 86.92
42.45 , 86.94
41.87 , 87.22
42.13 , 87.21
42.0 , 86.97
42.35 , 86.82
42.38 , 87.12
42.12 , 87.16
42.26 , 87.18
42.04 , 86.89
42.1 , 86.94
42.11 , 87.21
42.28 , 86.91
42.13 , 87.23
41.97 , 87.05
42.04 , 86.92
41.88 , 86.98
42.28 , 87.09
42.2 , 87.07
41.73 , 87.09
42.29 , 87.26
41.94 , 87.33
42.05 , 87.15
41.89 , 87.36
41.92 , 86.93
42.09 , 87.02
41.57 , 87.0
41.46 , 87.66
41.9 , 87.62
42.04 , 87.32
41.57 , 87.54
41.88 , 87.4
41.58 , 87.77
41.7 , 87.55
41.89 , 87.9
42.28 , 87.62
41.8 , 87.8
42.07 , 87.14
41.85 , 87.4
42.15 , 87.96
41.62 , 87.51
41.59 , 87.75
42.01 , 87.27
41.39 , 87.8
41.82 , 87.47
41.85 , 87.96
42.11 , 87.84
41.57 , 87.93
41.84 , 87.61
42.06 , 88.1
42.23 , 87.81
41.59 , 87.75
41.68 , 87.61
41.31 , 88.26
41.82 , 87.96
41.87 , 87.73
41.53 , 87.84
41.94 , 87.88
41.65 , 87.82
41.68 , 88.08
41.56 , 87.86
42.0 , 87.75
41.35 , 88.17
41.27 , 87.77
41.61 , 88.25
42.05 , 88.52
41.59 , 88.53
41.16 , 88.04
41.08 , 88.44
41.29 , 88.17
41.33 , 88.19
41.33 , 88.32
41.65 , 88.08
41.37 , 88.12
41.17 , 88.6
40.87 , 87.78
40.93 , 88.54
41.47 , 88.52
41.03 , 88.24
41.8 , 87.97
40.79 , 87.97
41.2 , 88.54
41.46 , 88.31
41.33 , 88.35
41.13 , 88.71
41.24 , 88.36
41.21 , 88.46
41.31 , 88.7
41.18 , 88.57
41.09 , 88.34
41.63 , 88.39
41.57 , 88.15
41.55 , 88.25
41.1 , 88.57
41.1 , 88.56
40.91 , 88.78
41.0 , 88.34
41.27 , 88.74
40.88 , 88.32
41.28 , 88.68
40.98 , 88.51
40.72 , 89.03
41.09 , 88.52
41.13 , 88.79
41.0 , 88.32
41.08 , 88.92
40.67 , 88.9
40.87 , 88.84
40.66 , 89.0
40.9 , 88.81
40.96 , 88.59
40.98 , 89.29
41.02 , 88.88
40.63 , 88.95
40.82 , 88.85
40.69 , 88.91
40.96 , 88.97
40.88 , 89.04
40.17 , 89.58
40.94 , 88.97
40.75 , 89.26
40.87 , 89.42
40.37 , 89.1
40.54 , 89.14
40.78 , 89.2
40.45 , 89.29
40.91 , 89.18
40.69 , 89.52
40.88 , 89.06
40.92 , 89.3
40.39 , 89.05
40.15 , 89.03
40.6 , 89.47
40.56 , 89.15
40.49 , 89.12
40.44 , 89.73
40.56 , 89.04
40.5 , 89.16
40.25 , 89.14
40.94 , 89.15
40.29 , 89.35
40.74 , 89.93
40.6 , 89.53
40.36 , 89.39
40.77 , 89.29
40.58 , 89.25
40.37 , 89.45
40.6 , 89.06
40.0 , 89.53
40.39 , 89.74
40.0 , 89.8
40.48 , 89.53
40.66 , 89.46
40.58 , 89.94
40.27 , 89.68
40.17 , 89.7
40.39 , 89.56
40.25 , 89.77
39.93 , 89.72
40.27 , 90.1
40.34 , 89.66
40.18 , 89.91
39.94 , 89.89
39.97 , 90.04
40.42 , 89.62
40.35 , 90.02
39.84 , 89.77
40.1 , 90.1
39.94 , 90.17
40.35 , 89.87
40.01 , 89.98
40.18 , 90.07
39.71 , 89.82
39.68 , 90.26
40.25 , 89.96
40.18 , 89.75
40.02 , 90.12
39.63 , 89.99
39.73 , 90.19
39.99 , 89.84
39.76 , 90.15
40.06 , 89.75
39.89 , 89.67
40.31 , 89.74
40.46 , 89.73
39.81 , 89.74
40.0 , 89.96
40.63 , 90.2
40.2 , 89.39
40.42 , 90.16
39.68 , 89.63
40.14 , 90.19
40.28 , 89.69
39.49 , 89.87
39.75 , 89.46
39.7 , 89.71
40.54 , 89.61
40.28 , 89.36
39.76 , 89.59
39.64 , 89.28
40.08 , 89.22
40.18 , 90.0
40.27 , 89.76
39.87 , 89.35
40.06 , 89.5
39.79 , 89.18
40.32 , 89.49
40.51 , 89.71
40.18 , 89.13
39.91 , 89.03
40.3 , 89.49
40.45 , 89.1
40.39 , 89.06
40.09 , 89.04
40.2 , 89.2
40.11 , 88.59
40.2 , 89.34
40.33 , 88.78
39.59 , 89.39
40.1 , 88.95
39.83 , 88.84
39.82 , 88.81
40.21 , 88.54
40.52 , 89.26
39.67 , 88.98
40.15 , 89.13
39.33 , 89.2
40.47 , 88.72
40.01 , 89.07
40.2 , 89.25
39.81 , 88.48
40.07 , 88.79
39.99 , 88.9
39.95 , 88.86
39.83 , 89.11
40.34 , 88.73
39.92 , 88.57
39.89 , 88.28
39.88 , 88.91
40.04 , 88.84
40.17 , 88.45
39.84 , 88.46
40.14 , 88.34
39.96 , 88.23
40.48 , 88.1
40.26 , 88.16
40.05 , 88.88
39.95 , 88.52
39.87 , 88.83
40.47 , 88.74
39.96 , 87.96
39.84 , 87.95
40.44 , 88.36
40.1 , 88.07
40.26 , 88.18
40.02 , 88.29
39.9 , 87.84
40.42 , 88.63
39.67 , 88.3
39.78 , 87.99
40.07 , 88.35
39.73 , 88.46
40.16 , 88.49
39.95 , 87.51
40.36 , 87.76
40.79 , 88.1
40.44 , 87.72
40.14 , 88.02
39.72 , 87.59
40.22 , 88.05
40.06 , 88.39
40.55 , 87.39
40.03 , 87.56
39.91 , 87.71
39.69 , 87.89
40.51 , 88.13
39.76 , 87.83
40.32 , 87.63
40.64 , 87.89
40.53 , 87.73
40.36 , 87.87
39.95 , 87.22
40.21 , 87.38
40.44 , 87.34
40.33 , 87.26
40.71 , 87.62
39.91 , 87.54
40.24 , 86.9
39.93 , 87.58
40.0 , 87.38
40.59 , 87.76
40.26 , 87.54
40.63 , 87.5
39.85 , 87.44
39.91 , 87.16
40.25 , 87.33
40.22 , 87.51
40.19 , 87.36
40.44 , 87.15
40.19 , 87.18
39.97 , 87.03
40.38 , 87.24
39.91 , 87.37
40.47 , 87.4
40.6 , 87.18
40.44 , 87.08
40.04 , 87.08
40.42 , 87.15
40.15 , 86.89
40.16 , 86.94
40.25 , 87.15
40.3 , 86.45
40.52 , 86.86
40.83 , 87.41
40.6 , 86.88
40.33 , 86.55
40.72 , 86.77
40.62 , 86.96
40.85 , 86.9
40.38 , 86.7
39.96 , 86.92
40.21 , 87.03
40.7 , 86.83
40.98 , 86.84
40.62 , 86.53
40.59 , 86.68
40.78 , 86.66
39.87 , 86.88
40.72 , 86.33
40.43 , 86.71
40.64 , 86.36
40.24 , 86.44
40.33 , 86.4
40.51 , 86.18
40.57 , 86.26
40.33 , 86.32
40.68 , 86.5
40.35 , 86.53
40.23 , 86.47
40.54 , 86.41
40.17 , 86.46
40.64 , 86.45
40.39 , 86.59
40.97 , 86.61
40.59 , 86.71
40.34 , 85.83
40.32 , 86.08
40.38 , 86.19
40.62 , 86.12
40.29 , 86.1
40.68 , 85.91
40.2 , 86.02
40.48 , 86.94
40.64 , 85.94
40.5 , 85.91
40.77 , 86.59
40.7 , 85.89
40.65 , 86.67
40.38 , 85.83
40.48 , 85.86
40.03 , 85.68
40.54 , 86.11
40.37 , 85.62
40.55 , 85.54
40.15 , 85.86
40.73 , 85.73
40.75 , 85.94
40.85 , 85.73
40.79 , 85.63
40.71 , 85.96
41.1 , 85.83
40.56 , 85.57
40.39 , 85.88
41.0 , 85.47
40.58 , 85.6
40.33 , 85.31
40.84 , 85.43
40.86 , 85.67
41.07 , 85.39
41.08 , 85.43
40.74 , 85.83
40.61 , 85.21
40.91 , 85.39
40.35 , 85.77
40.58 , 85.62
40.74 , 85.21
40.79 , 85.04
41.05 , 85.11
40.79 , 85.94
40.72 , 85.32
40.45 , 85.68
40.85 , 85.33
40.44 , 85.15
40.77 , 85.12
40.64 , 84.66
40.54 , 85.72
40.91 , 85.38
40.52 , 85.46
40.7 , 85.03
40.88 , 85.07
41.01 , 84.81
40.88 , 84.76
41.44 , 84.65
41.21 , 85.32
40.81 , 84.95
40.84 , 85.09
41.02 , 85.06
41.08 , 85.01
40.67 , 85.06
40.75 , 84.62
40.99 , 84.81
40.26 , 85.04
40.92 , 84.93
40.61 , 84.75
40.78 , 84.77
41.23 , 84.53
40.86 , 84.65
41.05 , 84.33
41.14 , 84.55
41.34 , 84.98
40.92 , 84.51
40.9 , 84.46
41.26 , 85.1
40.71 , 84.4
41.07 , 84.64
41.15 , 84.24
41.25 , 84.46
41.22 , 84.47
40.72 , 84.72
41.03 , 84.33
40.75 , 84.36
41.4 , 84.74
41.29 , 84.28
41.16 , 84.46
40.98 , 84.29
41.19 , 84.12
41.08 , 84.06
41.0 , 84.19
41.26 , 84.44
41.0 , 84.31
41.55 , 83.72
41.16 , 83.87
41.51 , 84.34
41.34 , 84.28
40.81 , 84.47
41.16 , 84.12
40.87 , 84.15
40.83 , 83.73
41.85 , 84.03
41.84 , 84.44
41.6 , 83.56
41.71 , 84.06
41.15 , 84.54
41.53 , 84.21
41.05 , 83.9
41.49 , 83.93
40.85 , 83.98
41.33 , 83.84
41.44 , 83.76
41.7 , 83.45
41.19 , 83.99
41.63 , 84.24
41.65 , 83.52
41.63 , 83.7
41.76 , 84.02
41.2 , 83.68
41.48 , 83.43
41.06 , 83.62
41.64 , 84.04
41.58 , 83.72
41.37 , 83.99
41.13 , 83.77
41.76 , 83.96
41.29 , 83.35
41.41 , 83.77
41.63 , 83.54
41.76 , 83.52
41.49 , 83.94
41.45 , 83.57
41.38 , 83.59
41.41 , 83.63
41.52 , 83.42
42.16 , 83.58
41.83 , 83.3
41.52 , 83.57
41.83 , 83.45
41.9 , 82.79
41.65 , 83.59
41.8 , 83.58
41.41 , 83.4
41.46 , 82.86
42.11 , 83.41
42.07 , 83.04
41.67 , 83.02
42.01 , 83.03
41.56 , 83.05
41.59 , 82.97
42.18 , 82.83
41.51 , 82.75
42.04 , 82.85
41.94 , 83.4
41.86 , 83.49
41.62 , 83.63
42.0 , 82.63
41.95 , 82.87
42.17 , 82.63
42.05 , 82.55
41.96 , 82.48
41.21 , 83.0
41.53 , 83.16
41.87 , 82.69
42.12 , 83.29
41.76 , 82.63
41.89 , 82.49
41.79 , 82.5
42.28 , 82.46
42.25 , 82.99
41.83 , 82.68
41.68 , 83.08
41.79 , 82.72
41.83 , 82.64
42.1 , 82.74
42.24 , 82.61
42.11 , 82.19
41.88 , 82.1
42.21 , 82.54
41.67 , 82.36
42.1 , 82.86
41.88 , 82.57
41.72 , 83.06
41.75 , 82.64
42.03 , 82.23
42.38 , 82.91
42.33 , 82.41
42.36 , 82.22
42.01 , 82.07
42.01 , 82.26
42.18 , 82.13
42.02 , 81.64
42.55 , 82.5
42.3 , 82.3
41.87 , 81.92
42.1 , 82.09
42.31 , 82.05
41.62 , 82.37
42.09 , 82.28
42.21 , 82.33
42.43 , 82.0
42.34 , 82.13
42.3 , 81.76
42.13 , 82.07
42.23 , 81.54
42.52 , 82.04
42.27 , 81.8
42.16 , 82.01
42.71 , 82.28
42.38 , 81.99
42.44 , 82.15
42.67 , 82.15
42.41 , 82.17
41.94 , 81.62
42.55 , 82.08
42.26 , 82.1
42.41 , 81.8
42.46 , 81.71
42.75 , 81.7
42.33 , 81.97
42.23 , 81.76
42.33 , 81.72
42.15 , 81.62
42.13 , 81.77
42.61 , 81.44
42.22 , 81.46
42.37 , 82.02
42.79 , 81.46
42.81 , 81.69
42.33 , 81.19
42.46 , 81.25
42.46 , 81.42
42.75 , 81.09
43.17 , 81.4
42.44 , 81.3
42.45 , 81.77
42.49 , 80.85
42.53 , 81.59
42.45 , 81.41
43.09 , 81.63
42.47 , 81.59
42.78 , 81.29
43.29 , 81.18
42.98 , 81.23
42.64 , 80.97
42.95 , 81.37
43.27 , 81.07
43.18 , 81.14
42.55 , 81.31
43.11 , 81.16
43.2 , 81.65
43.3 , 81.25
42.71 , 81.6
43.01 , 81.06
42.66 , 81.27
43.42 , 81.26
42.74 , 81.16
42.89 , 81.2
43.45 , 80.65
43.09 , 80.96
43.1 , 80.95
42.8 , 81.36
42.97 , 80.89
43.34 , 81.17
43.34 , 80.78
43.01 , 81.12
42.94 , 80.66
42.87 , 80.75
42.76 , 80.73
43.01 , 81.09
42.89 , 80.8
43.05 , 80.62
42.9 , 80.79
43.35 , 80.8
42.86 , 81.05
43.23 , 80.73
42.86 , 80.64
43.7 , 80.79
43.23 , 81.21
43.57 , 80.61
43.05 , 80.43
43.25 , 80.48
43.46 , 80.42
43.57 , 80.3
42.92 , 80.88
43.1 , 80.63
43.51 , 80.59
43.67 , 80.71
43.39 , 80.52
43.74 , 80.5
43.64 , 80.67
43.27 , 80.6
44.16 , 80.21
43.67 , 79.92
43.4 , 80.3
43.6 , 80.44
43.16 , 80.07
43.48 , 80.19
43.46 , 80.38
43.53 , 80.68
43.63 , 80.4
43.36 , 80.64
43.86 , 80.32
43.55 , 80.37
43.9 , 80.5
43.47 , 80.45
43.64 , 80.04
43.58 , 80.39
44.13 , 80.1
43.56 , 80.2
43.6 , 79.83
44.03 , 79.89
43.66 , 80.14
43.7 , 80.29
43.5 , 79.76
43.85 , 80.05
43.51 , 80.24
43.88 , 79.64
43.89 , 80.16
44.03 , 79.83
43.82 , 79.97
44.01 , 79.79
43.87 , 79.87
43.88 , 79.75
44.02 , 80.17
44.28 , 79.89
44.05 , 79.91
44.07 , 79.62
43.56 , 80.23
44.65 , 79.68
44.25 , 79.91
44.37 , 79.56
44.1 , 80.32
44.63 , 79.52
44.1 , 79.7
44.6 , 79.97
43.93 , 79.88
44.1 , 79.4
44.03 , 79.94
43.65 , 80.08
44.36 , 79.9
43.71 , 79.81
44.0 , 79.27
44.03 , 79.71
44.24 , 80.28
44.55 , 79.97
44.45 , 79.65
44.32 , 80.21
44.23 , 79.27
44.44 , 79.53
44.35 , 79.2
44.16 , 79.47
44.27 , 79.57
44.75 , 79.57
44.51 , 79.37
44.07 , 79.53
44.44 , 79.26
44.26 , 79.6
44.61 , 79.38
44.68 , 79.0
44.47 , 79.71
44.43 , 79.42
44.47 , 79.42
44.29 , 78.96
44.78 , 79.42
44.82 , 79.05
44.65 , 79.23
44.08 , 78.91
44.74 , 79.65
44.51 , 79.64
44.39 , 79.36
44.59 , 78.91
44.9 , 79.01
44.82 , 79.38
44.55 , 78.97
44.7 , 79.11
45.2 , 79.27
44.61 , 79.14
44.73 , 79.06
45.03 , 79.2
44.73 , 79.25
45.08 , 79.18
44.7 , 79.4
45.23 , 78.8
45.1 , 79.18
45.02 , 79.15
44.85 , 78.9
45.71 , 79.67
44.6 , 79.48
45.14 , 78.93
45.2 , 79.24
45.02 , 79.0
45.35 , 78.64
44.66 , 78.97
45.42 , 78.74
45.16 , 78.71
45.06 , 78.77
45.62 , 78.38
44.94 , 78.44
45.2 , 79.27
44.61 , 78.03
45.3 , 78.69
45.14 , 78.72
45.17 , 78.61
45.09 , 78.7
45.07 , 78.55
45.39 , 78.81
45.49 , 78.91
45.33 , 79.08
45.4 , 78.65
44.76 , 78.86
45.41 , 78.53
44.92 , 78.47
45.08 , 78.5
45.42 , 78.49
45.33 , 78.46
45.9 , 78.25
45.55 , 78.26
45.34 , 78.75
45.19 , 78.43
45.17 , 78.8
45.56 , 78.61
45.47 , 78.68
45.19 , 78.54
44.99 , 78.7
45.4 , 78.26
45.9 , 78.35
45.73 , 78.22
45.5 , 78.58
45.46 , 78.19
45.79 , 78.23
45.28 , 78.25
46.09 , 78.1
45.32 , 78.49
45.59 , 78.12
46.26 , 78.28
45.47 , 78.38
45.67 , 78.91
45.88 , 78.13
45.68 , 78.17
45.64 , 78.37
46.34 , 77.69
45.86 , 78.3
45.88 , 78.4
46.14 , 78.16
45.76 , 78.37
45.76 , 77.95
45.89 , 78.14
45.83 , 78.01
46.04 , 78.35
45.83 , 77.83
45.69 , 77.98
46.09 , 78.18
45.95 , 77.7
45.76 , 78.25
46.26 , 78.19
46.35 , 78.0
46.01 , 77.7
46.16 , 77.88
45.89 , 77.78
45.86 , 78.06
46.24 , 78.25
46.24 , 77.84
46.43 , 77.97
45.73 , 77.87
45.93 , 77.53
46.03 , 78.14
46.75 , 77.73
46.47 , 78.03
46.43 , 78.29
46.33 , 77.66
46.05 , 77.57
46.39 , 77.28
46.69 , 77.33
46.1 , 77.6
46.34 , 77.63
46.4 , 78.16
46.39 , 77.88
46.26 , 78.09
46.49 , 77.74
46.25 , 77.45
46.57 , 77.31
46.7 , 77.7
45.85 , 77.68
46.85 , 77.39
46.73 , 78.02
46.64 , 77.56
47.08 , 77.67
47.05 , 77.33
46.68 , 77.69
46.88 , 77.78
46.98 , 77.46
46.69 , 77.44
46.97 , 77.71
46.63 , 77.61
46.75 , 77.33
46.87 , 77.71
46.78 , 77.23
47.35 , 78.04
46.69 , 77.33
46.91 , 77.43
46.86 , 77.36
47.04 , 77.03
46.8 , 77.74
46.91 , 77.64
46.93 , 77.22
46.72 , 77.44
47.11 , 76.6
46.92 , 77.68
47.31 , 77.46
46.88 , 77.37
46.91 , 77.25
47.32 , 77.55
46.74 , 77.52
47.63 , 77.02
47.2 , 77.46
47.2 , 77.44
47.25 , 77.38
47.97 , 77.5
47.22 , 76.99
47.39 , 76.91
46.97 , 77.0
47.36 , 77.03
47.38 , 76.88
47.62 , 77.17
47.33 , 76.87
47.35 , 76.98
47.35 , 76.72
47.59 , 77.08
47.87 , 77.3
47.13 , 76.85
47.6 , 77.1
47.54 , 76.98
47.68 , 77.31
47.23 , 76.98
47.27 , 76.64
47.35 , 77.2
47.96 , 77.35
47.69 , 76.89
47.63 , 77.05
47.54 , 76.91
47.47 , 76.81
47.73 , 76.93
47.85 , 77.22
47.92 , 77.05
47.58 , 77.12
48.32 , 76.79
47.27 , 76.4
48.12 , 77.06
47.86 , 76.81
48.22 , 76.72
48.06 , 76.77
48.1 , 77.14
48.1 , 77.09
47.89 , 76.93
48.14 , 77.28
48.05 , 76.87
47.87 , 76.88
47.63 , 76.7
48.39 , 76.6
48.0 , 76.93
47.9 , 76.82
47.86 , 76.63
48.43 , 76.4
47.68 , 76.3
48.33 , 76.58
48.54 , 76.27
48.29 , 76.13
48.79 , 76.85
48.16 , 76.53
48.26 , 76.13
47.77 , 76.32
48.17 , 76.33
48.68 , 76.06
48.5 , 76.33
48.3 , 76.43
48.44 , 76.71
48.11 , 76.9
48.2 , 76.19
48.4 , 76.78
48.56 , 76.47
48.86 , 76.26
48.3 , 76.95
48.84 , 76.41
48.57 , 76.38
48.64 , 76.49
48.32 , 76.18
48.59 , 76.31
48.5 , 76.37
48.62 , 76.89
48.75 , 76.31
48.8 , 76.14
48.48 , 76.49
48.51 , 76.19
49.14 , 76.85
49.01 , 76.14
48.36 , 76.19
48.5 , 76.18
48.72 , 76.47
49.41 , 76.13
48.81 , 75.97
49.26 , 76.59
49.0 , 76.14
48.9 , 76.41
48.39 , 76.33
49.11 , 76.07
49.3 , 76.17
49.15 , 76.52
49.2 , 75.99
49.14 , 76.43
48.95 , 76.0
49.12 , 76.44
49.47 , 76.61
49.25 , 75.8
49.14 , 76.14
49.53 , 76.41
48.88 , 75.87
49.26 , 75.95
48.8 , 75.77
49.6 , 76.29
48.99 , 76.13
49.16 , 75.96
49.58 , 76.48
49.61 , 76.05
49.68 , 75.78
48.91 , 75.95
49.27 , 76.32
49.15 , 76.13
49.51 , 76.19
49.33 , 75.99
49.26 , 76.05
49.3 , 76.2
49.58 , 76.03
49.57 , 76.08
49.77 , 76.32
49.11 , 76.35
49.69 , 76.25
49.9 , 75.91
49.42 , 76.25
50.12 , 75.87
49.27 , 76.21
49.93 , 75.94
49.44 , 76.42
49.66 , 76.02
49.61 , 76.32
49.87 , 76.25
50.02 , 76.1
49.77 , 75.84
49.69 , 75.83
49.52 , 76.05
50.16 , 75.92
49.23 , 75.69
49.42 , 75.8
50.33 , 75.54
49.83 , 75.86
49.98 , 75.98
50.26 , 75.98
49.95 , 75.48
50.08 , 75.69
50.12 , 75.9
49.9 , 75.84
50.11 , 75.42
50.06 , 76.0
49.67 , 75.81
50.5 , 75.56
50.12 , 75.45
50.62 , 75.87
50.3 , 75.81
50.3 , 76.0
50.34 , 75.4
50.45 , 76.45
50.64 , 75.82
50.42 , 75.66
50.25 , 75.61
50.35 , 75.74
50.41 , 75.42
50.31 , 75.81
50.64 , 75.92
50.32 , 75.9
50.52 , 76.01
50.4 , 76.07
50.52 , 75.76
50.6 , 75.74
50.37 , 75.87
50.51 , 76.0
50.61 , 75.42
50.19 , 75.41
50.88 , 75.69
50.96 , 75.87
50.88 , 75.37
50.78 , 75.42
51.13 , 75.52
50.87 , 75.54
50.91 , 76.03
50.92 , 76.03
50.21 , 75.43
50.58 , 75.69
50.61 , 76.06
50.96 , 75.73
51.55 , 75.42
50.9 , 75.75
50.84 , 75.71
50.66 , 75.69
50.73 , 75.71
50.79 , 75.87
50.91 , 75.7
50.83 , 75.71
50.59 , 74.76
50.94 , 75.81
51.36 , 75.94
51.23 , 75.27
51.21 , 75.68
51.07 , 75.65
51.41 , 75.33
51.69 , 75.3
51.18 , 75.5
51.28 , 75.29
51.69 , 75.51
51.23 , 75.27
51.49 , 75.55
51.24 , 75.57
51.9 , 75.49
51.08 , 75.62
51.86 , 75.44
51.31 , 75.61
51.43 , 75.7
51.62 , 75.52
51.45 , 75.66
51.62 , 75.31
51.69 , 75.3
51.94 , 75.47
51.61 , 75.61
51.5 , 75.33
51.88 , 75.8
51.86 , 74.94
51.7 , 75.66
51.54 , 75.45
51.7 , 75.68
52.01 , 75.59
51.23 , 75.84
51.79 , 75.42
51.54 , 75.21
52.15 , 75.14
51.94 , 75.58
51.84 , 75.75
51.69 , 75.27
52.09 , 74.95
51.85 , 75.42
52.09 , 75.56
51.94 , 75.48
52.36 , 75.4
51.76 , 75.41
52.66 , 75.16
51.93 , 75.46
52.08 , 75.09
52.2 , 75.63
52.24 , 75.58
52.19 , 75.08
52.47 , 75.28
52.53 , 75.5
52.36 , 75.31
52.2 , 74.65
52.25 , 75.18
52.24 , 75.45
52.26 , 75.03
52.55 , 74.97
52.61 , 75.32
52.62 , 75.61
52.79 , 75.37
52.45 , 75.75
52.53 , 75.28
52.42 , 75.09
52.84 , 75.56
52.82 , 74.86
52.75 , 74.85
52.21 , 75.58
52.67 , 75.71
53.05 , 74.83
52.24 , 75.64
52.45 , 75.14
52.84 , 75.51
52.91 , 74.89
52.76 , 75.22
53.13 , 75.07
53.1 , 75.5
52.81 , 75.13
53.16 , 75.63
52.57 , 74.73
52.86 , 75.34
52.82 , 74.79
52.74 , 75.36
52.68 , 75.45
53.03 , 75.15
52.48 , 74.68
53.01 , 75.29
53.21 , 75.56
53.06 , 75.14
53.18 , 75.53
53.03 , 75.53
53.4 , 74.37
53.29 , 75.62
53.19 , 75.48
53.2 , 75.28
53.16 , 75.19
52.88 , 74.87
53.02 , 75.44
53.54 , 75.24
53.49 , 74.88
53.2 , 75.31
53.09 , 74.72
52.85 , 75.52
53.37 , 75.16
53.49 , 75.51
53.1 , 74.9
53.35 , 75.67
53.12 , 74.79
53.49 , 74.98
53.81 , 75.18
53.53 , 75.51
53.1 , 74.77
53.86 , 74.76
53.48 , 75.02
54.1 , 75.2
53.75 , 75.38
53.45 , 75.39
53.8 , 74.52
53.46 , 74.82
53.91 , 75.22
54.11 , 75.29
53.37 , 74.65
53.56 , 75.11
53.36 , 74.77
53.89 , 74.8
53.88 , 75.12
53.46 , 75.26
54.17 , 75.04
54.0 , 75.13
54.08 , 74.65
53.97 , 74.86
53.87 , 74.72
53.94 , 74.76
54.44 , 74.9
53.81 , 75.26
54.4 , 74.99
54.23 , 75.06
54.08 , 75.11
54.34 , 75.13
54.19 , 74.96
54.53 , 75.39
54.0 , 75.11
54.48 , 75.02
54.28 , 75.52
54.37 , 74.77
54.2 , 74.85
54.28 , 75.11
54.43 , 74.98
54.04 , 74.84
54.58 , 75.05
54.41 , 75.0
54.87 , 75.01
54.59 , 74.94
54.69 , 74.79
54.63 , 75.19
54.46 , 74.97
54.71 , 75.59
54.95 , 75.02
55.0 , 74.75
54.68 , 75.35
54.58 , 75.17
54.93 , 74.96
54.94 , 74.44
54.7 , 75.11
54.57 , 74.78
54.71 , 75.05
54.79 , 75.03
54.03 , 74.91
54.97 , 75.12
55.06 , 75.26
55.39 , 74.99
55.87 , 75.18
54.92 , 74.7
54.93 , 75.31
55.42 , 75.14
54.79 , 75.19
54.74 , 74.66
55.45 , 74.85
55.43 , 74.81
55.15 , 74.72
55.34 , 75.38
55.13 , 74.92
54.87 , 74.65
55.49 , 74.88
54.93 , 75.22
55.16 , 75.1
54.95 , 75.12
54.82 , 75.05
55.26 , 75.19
55.03 , 75.05
56.3 , 75.3
54.89 , 74.67
55.65 , 74.94
55.36 , 75.12
55.4 , 75.22
55.17 , 75.2
55.82 , 74.77
55.25 , 74.85
55.95 , 74.67
55.43 , 74.71
55.6 , 75.22
55.85 , 74.8
55.36 , 75.4
55.66 , 75.11
55.11 , 74.96
54.96 , 75.03
55.75 , 75.2
55.67 , 75.31
56.02 , 75.03
55.93 , 75.45
56.28 , 74.69
55.99 , 75.42
56.04 , 74.81
55.91 , 75.08
55.89 , 75.07
55.56 , 75.03
55.97 , 75.28
56.21 , 75.11
56.03 , 74.93
55.96 , 75.1
55.65 , 75.35
55.8 , 75.54
56.4 , 75.1
56.17 , 75.12
56.13 , 74.6
56.06 , 74.8
56.28 , 75.09
55.9 , 75.24
56.47 , 75.09
55.81 , 75.27
56.51 , 75.24
56.81 , 74.92
55.99 , 75.23
56.01 , 75.19
56.29 , 75.32
56.47 , 75.13
56.16 , 74.94
56.53 , 75.18
56.37 , 75.1
56.26 , 75.37
56.3 , 75.35
56.86 , 75.17
56.43 , 75.22
56.21 , 74.77
56.87 , 75.21
56.53 , 75.46
56.67 , 74.79
56.57 , 75.02
56.86 , 74.97
56.61 , 75.36
56.49 , 75.08
56.94 , 75.25
56.83 , 75.1
56.42 , 75.18
57.06 , 74.82
56.75 , 75.3
56.85 , 75.18
56.98 , 75.53
56.66 , 75.04
57.08 , 74.95
56.71 , 75.74
57.19 , 74.88
56.95 , 75.37
57.27 , 75.38
56.75 , 75.03
57.23 , 75.2
56.82 , 75.31
57.12 , 74.95
56.9 , 75.24
57.28 , 75.23
56.92 , 74.68
56.92 , 74.86
57.11 , 74.92
57.25 , 74.84
57.25 , 75.53
57.16 , 74.94
57.29 , 75.68
57.15 , 74.89
57.59 , 75.2
56.94 , 75.03
57.6 , 74.86
57.14 , 75.52
57.24 , 74.87
57.36 , 75.48
56.98 , 75.49
57.49 , 75.32
57.61 , 75.19
56.99 , 75.2
57.66 , 75.76
57.38 , 74.94
57.76 , 74.93
57.47 , 75.05
57.41 , 75.13
57.57 , 74.83
57.42 , 75.38
57.64 , 74.98
57.53 , 75.44
57.8 , 74.68
57.97 , 75.47
57.63 , 75.39
57.87 , 75.87
57.69 , 74.52
57.84 , 75.31
57.14 , 75.24
58.01 , 75.35
57.81 , 75.16
57.78 , 75.47
58.17 , 75.31
57.74 , 75.27
57.67 , 75.29
58.21 , 75.27
58.19 , 74.88
58.61 , 75.44
57.84 , 75.3
57.75 , 75.35
57.86 , 75.7
58.3 , 75.48
58.0 , 75.15
57.94 , 75.71
57.84 , 75.43
58.08 , 75.39
58.34 , 75.6
58.43 , 75.44
58.06 , 75.17
58.14 , 75.5
58.51 , 75.47
58.54 , 75.44
58.12 , 75.21
58.7 , 75.53
58.43 , 75.37
58.52 , 75.5
58.29 , 75.45
58.31 , 75.29
58.5 , 75.2
58.67 , 75.37
58.74 , 75.22
58.31 , 75.95
58.92 , 75.55
58.95 , 75.63
58.71 , 75.58
59.01 , 75.76
58.35 , 75.54
58.24 , 75.42
58.63 , 75.7
58.92 , 75.44
58.73 , 75.83
58.76 , 75.4
58.72 , 75.91
58.82 , 75.6
58.82 , 75.68
58.82 , 75.86
59.21 , 75.64
58.5 , 75.88
58.96 , 75.59
58.38 , 75.74
59.05 , 74.83
59.12 , 76.25
59.38 , 75.7
58.96 , 75.45
59.44 , 75.79
58.9 , 75.29
59.23 , 75.53
59.59 , 75.88
59.16 , 75.79
59.24 , 75.41
59.3 , 75.93
59.05 , 75.55
59.31 , 75.61
59.54 , 75.88
59.52 , 75.74
59.25 , 76.02
59.42 , 75.81
59.66 , 75.51
58.95 , 75.62
59.45 , 75.96
59.33 , 75.6
59.25 , 75.69
59.32 , 76.05
60.08 , 75.69
59.48 , 75.66
59.56 , 75.56
59.48 , 75.58
59.5 , 75.59
59.74 , 75.48
59.93 , 75.8
59.29 , 75.43
59.42 , 75.38
59.63 , 76.3
59.62 , 75.95
59.73 , 75.74
60.16 , 75.91
59.4 , 75.82
59.43 , 75.76
59.81 , 76.13
59.84 , 75.64
59.86 , 75.93
59.66 , 75.8
60.14 , 76.47
59.99 , 75.66
60.12 , 75.68
59.74 , 75.81
59.51 , 76.76
60.04 , 75.87
60.15 , 75.58
59.33 , 76.0
60.2 , 75.86
59.86 , 75.97
59.92 , 76.19
60.07 , 76.08
59.67 , 75.7
59.94 , 76.01
59.92 , 75.75
59.85 , 75.84
59.77 , 75.64
60.34 , 76.11
60.65 , 76.24
60.59 , 76.1
60.09 , 75.76
60.49 , 76.23
60.08 , 76.25
60.36 , 76.11
60.12 , 75.49
60.04 , 75.94
60.58 , 75.96
60.72 , 75.74
60.85 , 76.12
60.31 , 75.94
60.71 , 75.81
60.19 , 76.07
60.67 , 76.03
60.47 , 76.37
60.55 , 76.1
61.01 , 76.53
60.36 , 75.87
60.33 , 76.28
60.79 , 76.07
60.61 , 75.97
60.74 , 76.4
60.35 , 76.01
60.91 , 76.25
60.67 , 76.15
60.09 , 75.89
60.69 , 76.14
60.59 , 76.15
60.8 , 75.93
60.83 , 76.24
60.85 , 76.32
61.06 , 76.76
60.32 , 76.77
60.94 , 76.45
60.86 , 76.36
60.86 , 76.28
61.49 , 76.41
60.75 , 76.61
60.96 , 76.05
60.7 , 76.53
61.06 , 76.51
60.69 , 76.01
61.05 , 76.5
61.01 , 76.68
61.1 , 76.12
61.3 , 76.55
61.29 , 76.47
60.84 , 76.52
61.14 , 76.03
61.24 , 76.4
61.09 , 76.58
61.11 , 76.19
61.63 , 76.54
61.59 , 76.74
61.42 , 76.82
60.87 , 76.42
61.86 , 76.17
60.94 , 76.37
61.28 , 76.34
61.37 , 76.37
61.52 , 76.48
61.64 , 76.48
61.4 , 76.61
61.25 , 76.49
61.66 , 76.45
61.79 , 76.5
61.56 , 76.65
61.64 , 76.6
61.16 , 76.6
62.25 , 76.16
61.52 , 76.48
61.78 , 76.4
61.62 , 76.54
61.35 , 76.65
62.06 , 76.69
61.74 , 76.61
61.66 , 76.29
61.8 , 76.86
61.35 , 76.23
61.89 , 77.13
62.21 , 76.8
61.62 , 77.19
61.9 , 76.53
61.66 , 77.06
61.94 , 76.98
61.7 , 76.88
61.79 , 77.02
61.6 , 77.03
61.8 , 76.71
61.74 , 77.17
62.05 , 76.81
61.9 , 76.71
62.09 , 76.79
62.07 , 76.91
62.41 , 77.0
62.21 , 76.88
61.96 , 77.07
61.89 , 76.73
62.56 , 76.4
62.16 , 76.91
62.36 , 77.14
62.35 , 77.68
62.13 , 76.75
62.11 , 77.03
62.68 , 77.06
62.33 , 77.12
62.57 , 77.31
62.0 , 77.01
62.72 , 77.04
62.16 , 77.16
62.35 , 77.07
63.06 , 76.9
62.4 , 77.16
62.32 , 77.1
62.29 , 77.07
62.02 , 77.44
62.81 , 76.96
63.01 , 76.99
62.57 , 76.68
62.62 , 76.73
62.39 , 76.14
62.67 , 76.94
62.77 , 76.5
62.6 , 76.35
62.82 , 76.64
62.4 , 76.51
62.43 , 76.89
62.41 , 76.4
62.92 , 76.27
62.58 , 76.66
62.58 , 76.83
62.56 , 76.66
62.63 , 77.02
62.81 , 76.9
62.84 , 76.36
62.67 , 76.6
62.64 , 76.11
62.74 , 76.37
62.83 , 76.39
62.86 , 76.19
62.48 , 76.38
62.93 , 76.24
62.6 , 76.14
62.15 , 76.54
62.66 , 75.93
62.9 , 76.37
63.31 , 76.47
63.07 , 76.39
63.28 , 76.33
63.03 , 76.31
62.7 , 75.88
63.16 , 76.37
63.29 , 75.98
62.23 , 76.35
62.28 , 76.06
62.62 , 75.92
62.41 , 75.89
62.53 , 76.08
62.71 , 76.1
62.48 , 76.6
63.33 , 76.12
63.1 , 76.36
62.7 , 75.99
63.43 , 75.36
63.12 , 76.04
62.89 , 76.08
63.09 , 75.78
63.13 , 75.82
63.26 , 75.98
62.85 , 76.34
62.94 , 75.91
62.97 , 76.09
62.86 , 75.59
63.18 , 75.37
63.03 , 75.91
63.5 , 75.34
62.7 , 75.52
63.22 , 75.89
62.97 , 75.97
62.95 , 75.75
63.05 , 76.06
63.48 , 75.89
63.0 , 75.18
63.04 , 75.42
62.97 , 75.35
63.06 , 75.64
63.48 , 75.76
63.57 , 74.95
63.36 , 76.07
63.47 , 75.64
63.44 , 75.39
63.15 , 75.27
63.1 , 75.31
63.07 , 75.74
63.41 , 75.58
63.69 , 75.39
63.52 , 75.12
63.37 , 75.45
62.98 , 75.44
63.31 , 75.11
63.66 , 75.25
63.3 , 75.41
63.18 , 74.82
63.55 , 75.43
63.2 , 75.2
63.36 , 75.19
63.63 , 75.13
63.55 , 75.29
63.3 , 75.15
63.29 , 75.0
63.73 , 74.82
63.6 , 74.96
63.29 , 75.02
63.28 , 74.55
63.71 , 75.13
63.33 , 74.6
63.2 , 75.33
63.22 , 74.7
63.97 , 74.34
63.19 , 74.59
63.34 , 74.28
63.53 , 74.46
63.16 , 74.85
63.27 , 74.85
63.32 , 75.14
63.23 , 74.78
63.25 , 75.04
63.08 , 74.58
63.59 , 74.54
63.52 , 74.5
63.44 , 74.68
64.07 , 74.71
63.71 , 74.41
63.38 , 74.56
63.44 , 74.94
63.62 , 74.91
63.57 , 74.78
63.26 , 74.91
63.33 , 74.5
63.62 , 74.39
63.87 , 74.17
63.8 , 73.99
63.31 , 74.56
64.04 , 74.09
63.85 , 74.24
64.12 , 74.4
64.18 , 74.18
64.21 , 74.11
64.18 , 74.42
63.38 , 74.5
63.81 , 74.43
63.54 , 74.08
63.45 , 74.57
63.78 , 73.53
64.0 , 74.16
64.49 , 74.03
63.94 , 73.98
63.03 , 74.31
63.7 , 74.23
63.86 , 73.43
63.82 , 74.23
64.11 , 74.23
63.73 , 73.64
63.98 , 73.66
64.23 , 73.87
64.09 , 73.99
64.13 , 73.98
64.03 , 73.91
63.72 , 73.42
63.5 , 74.12
63.76 , 73.9
63.46 , 73.67
64.53 , 74.26
64.14 , 73.8
64.16 , 74.25
63.68 , 73.7
63.87 , 72.92
64.03 , 73.92
63.86 , 73.35
64.38 , 73.46
63.97 , 73.46
63.97 , 73.62
64.28 , 73.66
64.61 , 73.24
64.14 , 73.46
64.68 , 73.07
64.07 , 73.72
63.89 , 73.46
64.14 , 73.55
64.17 , 73.11
64.33 , 72.77
63.88 , 73.14
64.09 , 73.39
65.04 , 73.72
64.14 , 73.38
64.53 , 73.43
64.13 , 72.76
63.64 , 73.37
64.48 , 73.2
64.86 , 73.28
63.9 , 73.31
63.94 , 73.48
64.13 , 73.04
64.22 , 73.5
63.87 , 73.43
64.67 , 73.31
64.26 , 73.32
64.14 , 72.83
64.59 , 72.63
64.39 , 72.87
64.21 , 72.98
64.17 , 73.29
64.12 , 72.65
63.97 , 72.93
64.38 , 72.88
64.38 , 72.58
64.44 , 73.07
63.98 , 72.76
64.36 , 72.73
64.16 , 72.63
64.11 , 73.19
64.06 , 72.48
64.01 , 72.78
64.15 , 72.87
64.44 , 72.79
64.62 , 72.66
64.33 , 72.67
64.7 , 72.4
64.39 , 73.03
64.56 , 72.92
64.65 , 72.13
64.38 , 72.21
64.56 , 72.5
64.69 , 72.57
64.41 , 72.78
64.17 , 72.03
64.77 , 72.56
64.71 , 72.19
64.72 , 72.57
64.57 , 72.39
64.52 , 72.48
64.21 , 72.69
64.34 , 72.05
64.91 , 72.28
64.19 , 72.33
64.46 , 72.37
64.3 , 72.22
64.52 , 72.65
64.37 , 72.47
64.88 , 72.28
64.58 , 72.29
64.45 , 72.41
64.22 , 72.48
64.57 , 71.95
64.76 , 72.52
64.68 , 72.59
64.68 , 72.13
64.36 , 72.01
64.7 , 71.84
64.37 , 71.83
64.83 , 72.14
65.21 , 71.41
65.22 , 72.15
64.76 , 72.23
64.86 , 71.45
64.97 , 71.49
64.98 , 71.5
64.37 , 72.06
64.68 , 71.62
65.29 , 71.78
65.24 , 71.68
64.81 , 71.2
65.17 , 71.59
65.11 , 71.51
64.38 , 71.75
65.15 , 71.05
64.57 , 71.95
65.31 , 71.51
64.97 , 71.74
65.02 , 71.27
65.2 , 71.98
64.97 , 71.56
64.78 , 71.64
65.12 , 71.34
64.52 , 71.09
65.1 , 71.48
64.88 , 70.87
64.6 , 71.83
64.74 , 71.12
65.26 , 71.68
64.87 , 71.38
65.13 , 71.44
64.9 , 71.3
65.18 , 71.67
65.15 , 70.79
64.8 , 70.99
65.26 , 71.6
65.2 , 70.88
64.99 , 71.14
65.31 , 71.2
65.3 , 71.01
65.6 , 70.78
65.08 , 71.36
65.33 , 70.77
64.96 , 70.95
65.36 , 71.25
64.76 , 70.94
65.21 , 71.25
65.33 , 71.3
65.07 , 70.77
65.23 , 70.99
65.82 , 70.91
65.16 , 70.61
65.27 , 70.74
65.39 , 70.81
65.01 , 70.58
65.07 , 70.79
64.54 , 70.58
65.23 , 70.41
65.43 , 70.65
65.44 , 70.77
65.18 , 71.02
65.51 , 70.35
65.24 , 70.3
65.15 , 70.6
65.18 , 70.55
65.46 , 70.88
65.48 , 70.82
65.19 , 70.45
65.61 , 70.39
65.49 , 70.54
65.52 , 70.79
65.42 , 70.33
65.19 , 70.91
65.63 , 70.1
65.04 , 69.8
65.42 , 70.22
64.78 , 70.42
65.44 , 70.84
65.47 , 69.96
65.47 , 70.32
65.17 , 69.94
65.31 , 70.25
65.75 , 70.05
65.58 , 70.65
65.25 , 69.92
65.34 , 70.32
65.26 , 70.43
65.36 , 69.97
65.63 , 70.34
65.43 , 70.07
65.77 , 70.54
65.42 , 70.28
65.83 , 70.2
65.62 , 70.09
65.31 , 69.95
65.39 , 69.84
65.66 , 70.47
65.69 , 69.84
65.93 , 69.67
65.86 , 69.69
65.73 , 70.38
65.62 , 69.68
65.62 , 69.99
65.11 , 70.34
65.4 , 69.91
65.84 , 69.57
65.62 , 70.03
65.6 , 69.9
65.7 , 69.7
65.76 , 69.78
65.66 , 69.95
65.75 , 69.69
65.17 , 69.21
65.96 , 69.79
65.84 , 69.9
65.31 , 69.53
65.97 , 69.76
66.07 , 69.73
65.77 , 69.87
65.64 , 69.4
66.26 , 69.39
66.19 , 69.25
65.84 , 69.68
65.43 , 69.38
65.29 , 69.2
65.83 , 69.36
66.13 , 69.09
66.31 , 69.24
65.62 , 69.39
66.08 , 69.5
66.05 , 69.05
65.45 , 69.67
65.97 , 69.32
66.22 , 69.44
65.66 , 68.76
65.49 , 68.78
66.12 , 69.16
65.98 , 68.89
66.0 , 69.0
65.97 , 69.23
66.01 , 69.22
65.96 , 69.38
66.47 , 68.96
66.06 , 68.96
65.93 , 69.27
66.1 , 68.34
66.37 , 69.11
65.69 , 68.96
65.99 , 68.96
66.08 , 69.54
66.36 , 69.41
66.38 , 68.77
66.44 , 69.25
66.01 , 68.93
66.3 , 68.94
66.36 , 68.29
66.42 , 69.02
66.09 , 69.15
66.21 , 69.23
66.26 , 68.82
66.36 , 68.79
66.54 , 68.48
66.02 , 68.43
66.46 , 68.5
66.32 , 68.47
66.01 , 68.44
66.22 , 68.39
66.59 , 68.68
66.44 , 68.55
66.26 , 68.03
66.27 , 68.27
66.48 , 68.41
66.35 , 68.0
66.49 , 68.48
65.72 , 68.25
66.13 , 68.44
66.99 , 68.19
66.76 , 68.56
66.24 , 68.0
66.15 , 68.35
66.33 , 68.43
66.46 , 68.23
66.37 , 68.34
66.24 , 68.19
66.21 , 68.26
66.57 , 68.37
66.4 , 67.93
66.3 , 68.27
66.29 , 68.16
66.53 , 68.29
66.24 , 68.41
66.1 , 68.31
66.57 , 68.33
66.4 , 68.09
66.3 , 67.86
66.1 , 68.01
66.4 , 68.24
66.98 , 67.65
66.88 , 68.0
66.27 , 67.45
66.56 , 67.75
66.84 , 67.69
66.98 , 67.44
66.6 , 67.88
67.01 , 67.99
66.48 , 67.9
66.71 , 67.84
66.49 , 67.57
66.33 , 67.39
66.71 , 67.83
66.49 , 67.87
66.35 , 67.49
66.53 , 67.33
66.39 , 67.66
66.58 , 67.56
66.66 , 67.31
67.01 , 67.45
67.12 , 68.11
67.02 , 67.35
67.76 , 67.45
66.92 , 67.24
66.22 , 67.36
66.87 , 67.41
67.11 , 67.58
66.98 , 67.9
66.72 , 67.51
67.04 , 67.25
66.91 , 67.63
66.44 , 67.36
66.91 , 67.51
66.89 , 67.36
67.01 , 67.64
66.83 , 67.29
66.76 , 67.4
66.71 , 66.77
66.57 , 67.01
66.61 , 67.02
66.89 , 67.14
66.72 , 67.4
67.11 , 67.11
67.16 , 67.01
66.98 , 67.31
67.06 , 67.02
66.57 , 66.89
66.77 , 67.13
67.0 , 67.01
66.57 , 67.03
67.11 , 67.26
67.25 , 66.34
67.45 , 67.38
67.29 , 66.92
66.93 , 66.54
67.0 , 67.13
67.17 , 66.82
67.1 , 66.52
66.57 , 66.83
66.76 , 66.71
67.34 , 66.55
66.81 , 66.69
66.95 , 66.6
67.17 , 66.61
67.3 , 67.03
66.74 , 65.87
66.98 , 66.1
66.83 , 66.86
67.1 , 66.52
67.06 , 66.75
67.55 , 66.08
67.44 , 66.44
66.77 , 66.15
67.21 , 66.5
66.95 , 66.63
67.14 , 66.49
66.89 , 66.33
67.68 , 65.95
67.3 , 66.29
67.42 , 66.46
67.49 , 66.35
66.8 , 66.58
67.8 , 66.02
67.16 , 66.34
66.92 , 66.23
67.37 , 66.18
67.26 , 66.4
67.26 , 66.48
67.23 , 65.93
67.56 , 66.29
66.97 , 65.79
67.31 , 66.26
67.29 , 65.94
67.32 , 66.35
66.89 , 65.87
67.16 , 66.09
67.79 , 66.28
67.46 , 65.87
67.71 , 65.84
67.24 , 66.06
67.62 , 66.11
67.05 , 65.76
67.36 , 65.89
67.49 , 65.51
67.11 , 65.51
67.09 , 66.21
67.5 , 65.26
67.24 , 65.76
67.72 , 66.09
67.72 , 65.43
67.64 , 65.4
67.62 , 65.62
67.91 , 65.45
67.87 , 65.81
67.24 , 65.24
67.63 , 65.68
67.24 , 65.65
67.12 , 65.9
67.36 , 65.61
67.48 , 65.67
67.8 , 65.06
67.73 , 65.48
67.45 , 65.62
67.76 , 65.65
67.16 , 65.47
67.56 , 65.36
68.12 , 65.48
67.99 , 65.15
67.6 , 65.1
67.62 , 65.24
67.99 , 65.09
68.04 , 65.1
68.21 , 65.11
67.58 , 65.27
67.72 , 65.02
67.97 , 65.33
68.04 , 64.81
68.05 , 64.64
67.86 , 65.0
67.6 , 65.2
67.55 , 64.92
67.58 , 65.3
68.1 , 65.03
67.86 , 64.86
68.12 , 65.2
67.7 , 64.71
68.19 , 64.66
68.03 , 65.21
67.49 , 64.99
68.04 , 65.15
68.28 , 64.68
68.03 , 64.96
68.26 , 64.92
68.07 , 64.51
68.04 , 64.8
68.05 , 64.45
67.77 , 64.78
67.78 , 65.0
68.17 , 64.64
68.33 , 64.8
68.12 , 64.76
68.47 , 64.45
68.28 , 64.78
67.81 , 64.78
67.99 , 64.41
67.96 , 64.61
67.91 , 64.33
68.07 , 64.52
67.86 , 64.29
67.8 , 64.33
68.33 , 64.58
67.86 , 64.44
68.04 , 64.5
68.2 , 63.95
67.8 , 64.44
68.04 , 64.56
67.92 , 63.84
68.79 , 64.75
68.03 , 64.66
68.02 , 64.06
68.36 , 63.71
67.87 , 63.88
68.57 , 63.91
68.21 , 64.21
68.26 , 64.25
68.47 , 64.24
68.09 , 64.16
68.31 , 64.24
68.56 , 64.03
68.1 , 63.51
68.4 , 63.99
68.48 , 63.77
68.23 , 63.83
68.04 , 63.68
68.24 , 63.8
68.51 , 64.06
68.48 , 63.82
68.47 , 63.86
67.98 , 63.65
68.3 , 64.02
68.01 , 64.32
68.34 , 63.64
68.4 , 63.69
68.41 , 63.38
68.52 , 63.86
68.99 , 63.7
68.5 , 64.1
68.22 , 63.92
68.49 , 63.53
68.2 , 64.25
68.45 , 63.83
68.56 , 63.12
68.44 , 63.52
68.83 , 63.81
68.16 , 63.55
67.87 , 63.58
68.42 , 63.81
68.76 , 63.23
68.61 , 63.43
68.49 , 63.44
68.48 , 63.74
68.46 , 64.05
68.01 , 63.26
68.49 , 63.18
67.96 , 62.95
68.58 , 63.09
69.12 , 63.21
68.66 , 63.02
68.31 , 63.66
68.31 , 63.24
68.72 , 63.21
68.84 , 63.5
68.59 , 63.4
68.96 , 63.25
69.07 , 62.94
69.07 , 62.94
68.75 , 63.27
68.92 , 63.86
68.66 , 63.36
68.21 , 63.14
68.27 , 62.42
68.44 , 63.26
68.72 , 62.94
68.65 , 62.69
68.49 , 62.97
68.05 , 63.11
68.69 , 62.85
68.6 , 63.17
68.67 , 63.12
68.47 , 62.91
68.95 , 62.9
68.74 , 62.49
69.18 , 62.4
69.22 , 63.29
68.6 , 62.91
69.17 , 62.38
68.65 , 63.12
69.13 , 63.0
68.75 , 62.58
68.68 , 62.1
68.86 , 63.09
68.98 , 62.89
68.82 , 62.28
68.72 , 62.05
68.69 , 62.02
68.94 , 62.91
68.82 , 62.52
68.92 , 62.44
68.86 , 62.53
68.42 , 62.47
68.49 , 62.48
68.61 , 62.46
69.0 , 62.48
68.8 , 62.28
68.99 , 62.16
68.77 , 62.55
68.91 , 62.34
68.91 , 62.07
69.46 , 62.07
69.08 , 62.27
69.19 , 62.35
68.69 , 62.26
68.78 , 62.12
69.26 , 61.61
69.28 , 62.28
68.75 , 62.46
69.37 , 61.93
68.83 , 62.24
68.95 , 61.51
68.96 , 62.1
69.45 , 61.82
69.1 , 61.95
69.12 , 61.91
69.39 , 62.03
69.48 , 61.48
69.46 , 61.68
68.95 , 61.91
69.33 , 62.12
68.95 , 61.91
69.5 , 61.49
69.68 , 61.75
68.76 , 61.62
69.45 , 61.7
69.45 , 61.86
69.2 , 61.32
69.36 , 61.37
69.43 , 61.79
69.28 , 61.77
69.39 , 61.47
68.88 , 61.09
69.3 , 62.07
69.17 , 61.4
69.09 , 61.56
69.31 , 61.54
69.37 , 60.95
68.79 , 61.59
69.45 , 61.26
69.41 , 61.62
68.97 , 61.43
69.31 , 61.29
69.28 , 60.77
69.47 , 61.46
69.23 , 61.33
69.3 , 61.22
69.57 , 61.18
70.08 , 61.41
69.12 , 61.38
69.69 , 60.65
69.66 , 61.04
69.42 , 61.09
69.08 , 61.07
69.48 , 61.09
69.19 , 61.09
69.52 , 60.84
69.78 , 61.14
69.78 , 61.0
69.62 , 61.4
69.68 , 60.98
69.49 , 61.2
69.61 , 60.83
69.44 , 61.15
69.38 , 60.94
69.7 , 60.43
69.87 , 60.83
69.45 , 61.11
69.61 , 60.89
69.83 , 61.05
69.71 , 60.97
69.39 , 60.63
69.9 , 60.74
69.49 , 61.08
70.01 , 60.87
69.69 , 61.09
69.62 , 60.47
69.74 , 60.59
69.82 , 60.48
70.15 , 60.63
69.91 , 60.84
70.47 , 60.5
69.68 , 60.71
69.94 , 60.66
69.89 , 60.87
70.11 , 60.77
69.22 , 60.41
69.59 , 60.33
69.69 , 60.97
69.93 , 60.14
69.9 , 60.64
70.23 , 60.39
69.79 , 60.14
69.84 , 60.3
69.52 , 60.1
70.37 , 60.59
69.51 , 60.67
70.13 , 59.89
69.88 , 60.34
69.29 , 60.08
69.8 , 60.47
69.79 , 60.26
70.06 , 59.86
69.58 , 60.31
70.12 , 60.36
69.94 , 59.91
69.49 , 60.59
69.5 , 60.08
70.02 , 59.6
69.96 , 60.16
70.12 , 59.82
69.85 , 59.93
70.1 , 60.0
69.16 , 59.68
69.91 , 59.9
70.22 , 59.75
69.66 , 59.99
70.26 , 60.17
70.48 , 60.16
70.21 , 60.28
70.4 , 59.52
70.8 , 60.07
70.24 , 59.87
70.18 , 59.71
70.45 , 59.87
70.43 , 59.62
70.6 , 60.18
70.64 , 60.14
70.6 , 60.03
70.55 , 60.26
70.5 , 59.68
70.52 , 60.06
71.02 , 60.09
70.21 , 59.87
70.51 , 60.54
70.76 , 59.93
70.39 , 60.27
70.63 , 60.11
70.49 , 60.02
71.07 , 60.37
70.74 , 59.86
70.63 , 59.64
70.85 , 59.72
70.81 , 59.92
70.92 , 60.28
70.89 , 60.14
70.8 , 59.59
70.88 , 60.3
71.11 , 60.01
71.27 , 59.71
71.2 , 60.08
70.98 , 60.12
71.39 , 59.78
71.27 , 60.11
70.97 , 59.99
70.76 , 59.98
71.23 , 60.17
70.99 , 60.32
70.97 , 60.02
71.42 , 59.83
71.16 , 60.22
71.47 , 60.22
70.79 , 60.37
71.03 , 60.25
71.13 , 60.1
70.89 , 60.48
71.19 , 60.45
71.45 , 60.19
70.89 , 59.84
71.55 , 60.07
71.37 , 60.44
71.43 , 59.9
71.33 , 59.79
71.47 , 60.11
71.37 , 59.96
71.43 , 60.07
71.68 , 59.99
71.35 , 59.82
71.45 , 59.89
71.62 , 59.84
71.48 , 60.39
71.44 , 59.66
71.45 , 59.96
71.62 , 60.16
71.79 , 60.11
71.37 , 60.36
71.54 , 59.92
71.71 , 60.12
71.75 , 59.67
72.03 , 59.75
71.52 , 59.99
71.81 , 60.02
71.64 , 59.85
71.66 , 59.91
71.98 , 60.19
72.15 , 60.22
71.35 , 59.83
71.68 , 60.09
71.68 , 60.08
72.32 , 59.85
71.99 , 60.25
71.82 , 59.89
72.28 , 59.92
72.31 , 59.71
72.22 , 60.1
71.76 , 59.86
72.0 , 60.14
72.02 , 60.02
71.88 , 60.44
72.44 , 60.1
72.14 , 60.05
71.86 , 60.01
71.7 , 59.81
72.31 , 60.45
72.56 , 60.25
72.81 , 60.03
72.56 , 59.92
72.53 , 60.03
71.82 , 59.97
72.85 , 59.75
72.6 , 60.38
72.43 , 60.08
72.37 , 59.78
72.77 , 59.98
72.42 , 60.22
72.75 , 60.2
73.15 , 59.94
72.65 , 59.86
72.54 , 60.21
72.81 , 60.06
72.91 , 59.85
72.57 , 60.08
72.64 , 59.29
72.83 , 60.23
72.64 , 59.57
73.12 , 60.07
72.87 , 60.07
72.87 , 59.82
72.77 , 60.13
72.72 , 59.91
73.05 , 59.97
72.91 , 59.85
73.24 , 59.85
72.58 , 59.65
73.01 , 59.96
73.05 , 60.07
73.22 , 60.39
73.0 , 59.88
72.83 , 60.3
72.43 , 59.97
73.55 , 59.62
72.95 , 60.03
73.36 , 60.24
73.07 , 60.09
73.31 , 59.95
73.3 , 59.89
73.24 , 60.05
73.48 , 59.88
73.3 , 60.05
73.2 , 60.07
73.26 , 60.14
73.34 , 60.1
73.27 , 59.95
73.06 , 59.58
73.83 , 60.39
73.36 , 60.19
72.89 , 60.12
73.44 , 59.73
73.72 , 60.26
73.46 , 60.06
73.58 , 59.68
73.33 , 59.52
73.4 , 59.89
73.44 , 59.77
73.68 , 60.03
73.66 , 59.95
73.61 , 59.81
74.14 , 59.97
73.83 , 60.24
73.43 , 59.93
73.98 , 59.92
73.99 , 60.2
73.85 , 60.31
74.16 , 59.99
74.16 , 60.26
73.86 , 59.7
73.99 , 60.18
73.67 , 59.68
74.08 , 60.19
74.01 , 60.02
73.88 , 59.91
74.43 , 59.56
73.82 , 60.21
74.25 , 60.0
74.01 , 60.08
74.19 , 59.98
73.93 , 59.9
74.94 , 59.91
74.9 , 59.95
74.28 , 60.14
74.04 , 60.08
74.44 , 59.75
74.15 , 59.77
74.51 , 59.91
74.55 , 60.18
74.17 , 59.91
73.95 , 60.33
74.45 , 59.82
74.51 , 60.12
74.56 , 59.72
74.64 , 60.03
74.79 , 60.13
74.09 , 59.9
74.18 , 60.08
74.5 , 60.09
74.97 , 59.62
74.73 , 60.34
74.6 , 59.93
74.7 , 59.75
74.81 , 60.28
74.85 , 59.78
74.85 , 59.94
74.76 , 59.86
75.24 , 59.76
74.73 , 60.41
74.81 , 60.08
75.19 , 60.08
75.14 , 60.07
74.72 , 60.02
74.69 , 59.93
74.99 , 59.86
74.4 , 59.95
75.0 , 59.83
74.92 , 59.85
75.12 , 59.94
75.27 , 60.12
74.77 , 60.02
75.02 , 60.03
75.07 , 59.65
74.97 , 60.46
75.07 , 60.12
75.19 , 60.05
75.14 , 59.95
75.53 , 60.26
75.18 , 59.89
74.81 , 60.52
75.46 , 59.81
74.98 , 59.53
75.0 , 60.07
75.3 , 59.77
75.66 , 59.95
75.03 , 59.98
75.23 , 60.74
75.7 , 60.38
75.59 , 60.25
75.74 , 59.73
75.31 , 59.92
75.37 , 60.11
75.19 , 60.1
75.71 , 60.04
76.1 , 59.82
75.57 , 60.39
75.8 , 59.59
75.54 , 60.01
75.47 , 59.8
75.32 , 60.17
75.6 , 60.24
76.06 , 59.79
75.81 , 59.83
75.53 , 60.12
76.02 , 59.85
75.85 , 60.53
75.86 , 60.14
75.91 , 60.23
75.71 , 60.1
75.93 , 59.61
76.15 , 60.41
76.01 , 59.95
76.09 , 59.72
75.66 , 60.43
76.13 , 59.98
76.07 , 59.97
75.92 , 60.04
76.4 , 60.14
76.21 , 60.08
75.87 , 60.07
76.13 , 59.92
75.88 , 59.58
76.38 , 59.75
76.28 , 60.55
76.32 , 59.73
76.14 , 60.09
76.43 , 59.56
76.36 , 60.02
76.21 , 60.19
76.39 , 59.86
76.39 , 59.55
76.15 , 60.26
76.67 , 60.38
76.72 , 59.71
76.82 , 60.22
76.12 , 59.57
76.53 , 59.49
76.76 , 60.05
76.44 , 60.28
76.47 , 60.15
76.08 , 59.83
76.19 , 59.7
76.57 , 60.09
76.31 , 59.84
76.75 , 59.75
76.19 , 59.98
76.74 , 60.14
76.85 , 60.27
76.85 , 59.51
76.87 , 60.21
76.89 , 60.33
76.92 , 59.92
76.59 , 59.68
77.07 , 60.31
76.95 , 59.9
76.85 , 59.94
76.95 , 59.81
77.01 , 60.08
77.5 , 60.09
77.01 , 59.91
76.81 , 60.02
76.87 , 60.3
76.83 , 60.15
77.51 , 59.72
76.81 , 60.32
77.14 , 60.53
77.19 , 59.74
77.52 , 59.84
77.47 , 60.27
77.66 , 60.05
77.19 , 59.64
77.05 , 60.11
77.61 , 59.65
77.32 , 59.99
77.18 , 59.42
77.13 , 60.14
77.54 , 60.09
77.59 , 59.71
77.02 , 59.74
77.88 , 59.67
77.44 , 59.79
77.74 , 59.68
77.42 , 59.62
77.65 , 60.02
77.5 , 59.91
77.55 , 59.84
78.17 , 60.27
77.84 , 60.04
77.34 , 60.22
77.8 , 60.07
77.79 , 60.32
78.27 , 59.8
77.88 , 60.0
77.72 , 59.96
77.62 , 60.14
77.99 , 60.54
77.4 , 60.01
77.77 , 60.74
77.93 , 59.97
77.68 , 59.68
77.53 , 59.69
78.19 , 60.42
77.32 , 59.96
77.89 , 60.14
77.55 , 59.74
78.16 , 60.28
77.92 , 59.49
78.02 , 60.21
78.0 , 59.85
78.24 , 60.02
77.79 , 60.29
78.31 , 59.8
78.53 , 60.29
78.93 , 60.42
78.27 , 59.81
78.34 , 60.11
78.43 , 59.85
77.97 , 59.73
78.4 , 60.21
78.32 , 60.26
78.46 , 59.88
78.47 , 59.87
78.21 , 59.93
78.45 , 60.16
78.39 , 59.38
78.57 , 60.15
78.41 , 59.98
78.23 , 59.64
78.79 , 60.07
78.74 , 59.87
78.85 , 60.05
78.24 , 59.89
78.57 , 60.02
78.44 , 59.74
78.43 , 59.99
78.9 , 60.18
79.08 , 60.36
78.76 , 59.8
78.7 , 59.8
78.65 , 59.82
78.8 , 59.65
78.68 , 60.53
78.11 , 60.49
78.81 , 60.02
78.82 , 59.92
79.1 , 59.89
78.79 , 59.99
78.84 , 59.98
79.13 , 60.1
79.05 , 59.61
79.16 , 60.3
78.94 , 60.11
79.26 , 60.27
79.3 , 60.06
79.34 , 59.77
79.35 , 59.92
78.96 , 59.61
78.92 , 60.03
78.77 , 59.88
79.07 , 59.98
78.97 , 60.05
79.07 , 60.04
79.5 , 59.72
79.44 , 60.04
79.64 , 59.28
79.54 , 59.83
79.58 , 59.99
79.48 , 59.9
79.55 , 60.56
79.3 , 60.03
79.59 , 60.44
79.46 , 60.15
79.24 , 60.17
79.45 , 59.61
79.55 , 60.13
79.39 , 59.84
79.55 , 59.85
79.76 , 59.76
79.83 , 59.84
80.25 , 59.72
79.95 , 59.8
79.78 , 59.92
79.68 , 59.76
79.87 , 60.25
79.53 , 59.63
80.24 , 59.73
79.59 , 60.08
79.92 , 60.39
79.92 , 60.39
80.04 , 60.05
79.6 , 60.14
79.48 , 60.2
80.46 , 60.14
80.25 , 60.07
79.79 , 60.06
79.66 , 60.21
79.86 , 59.93
79.84 , 60.44
80.11 , 60.14
80.05 , 60.03
80.01 , 59.78
80.04 , 60.32
80.09 , 60.0
80.71 , 60.12
80.49 , 59.96
80.42 , 60.25
80.22 , 60.3
80.61 , 59.45
80.86 , 60.22
80.74 , 60.54
80.61 , 60.06
80.7 , 59.81
80.03 , 59.95
80.6 , 59.82
80.74 , 59.69
80.38 , 60.48
80.43 , 60.23
80.23 , 59.89
80.89 , 59.59
80.5 , 59.64
80.61 , 59.62
80.48 , 59.87
80.37 , 60.03
80.9 , 59.96
80.52 , 60.45
81.05 , 59.9
80.75 , 59.87
80.69 , 59.94
80.75 , 59.54
80.43 , 60.04
80.67 , 60.1
80.52 , 60.28
80.93 , 59.83
80.84 , 60.16
80.81 , 60.02
81.19 , 60.02
81.11 , 59.78
81.09 , 60.0
81.11 , 60.67
81.13 , 59.95
80.89 , 60.3
80.76 , 59.88
81.36 , 59.65
80.87 , 59.92
81.38 , 60.25
81.26 , 59.83
81.53 , 60.22
81.64 , 60.2
81.09 , 60.12
81.02 , 60.48
81.24 , 59.55
81.13 , 60.12
81.3 , 60.2
81.19 , 59.92
81.52 , 59.93
81.45 , 59.77
81.48 , 60.33
81.48 , 60.61
81.15 , 59.68
81.49 , 59.57
81.34 , 60.03
81.3 , 59.97
81.21 , 60.2
81.64 , 59.58
81.84 , 59.87
81.74 , 59.51
81.31 , 60.25
81.9 , 60.18
81.46 , 60.09
82.19 , 59.93
81.87 , 59.9
81.67 , 60.14
81.53 , 60.25
82.05 , 59.96
81.77 , 59.62
81.93 , 60.16
81.82 , 59.86
81.78 , 59.91
82.62 , 60.07
81.61 , 60.27
81.91 , 59.59
82.54 , 59.75
81.91 , 60.07
82.36 , 59.94
82.42 , 59.89
81.96 , 59.85
81.91 , 59.91
82.53 , 59.9
82.22 , 60.06
82.13 , 59.92
82.27 , 59.98
81.65 , 59.86
81.72 , 60.27
82.14 , 59.9
82.56 , 59.75
82.05 , 59.75
82.44 , 60.05
82.27 , 60.17
82.74 , 59.7
82.41 , 59.82
82.35 , 60.07
82.1 , 59.51
82.68 , 59.91
82.67 , 59.78
82.7 , 60.0
82.78 , 59.89
82.27 , 59.71
82.54 , 60.14
82.33 , 60.13
82.73 , 59.7
82.51 , 60.03
82.79 , 60.12
82.56 , 59.94
82.85 , 60.22
82.71 , 60.32
82.86 , 59.83
82.97 , 60.04
82.96 , 60.25
83.04 , 60.21
83.25 , 60.04
82.56 , 59.73
82.31 , 59.54
82.76 , 59.89
82.88 , 60.27
83.06 , 60.34
83.03 , 59.84
83.14 , 60.2
82.7 , 59.98
83.13 , 59.88
83.47 , 60.12
83.29 , 59.95
83.05 , 59.54
83.0 , 60.17
83.01 , 59.95
82.65 , 59.82
83.17 , 59.98
83.03 , 59.92
83.41 , 60.23
83.4 , 60.3
83.0 , 60.19
83.4 , 59.98
83.36 , 60.18
83.11 , 60.49
83.37 , 60.37
83.16 , 60.01
83.34 , 59.65
83.67 , 59.58
83.62 , 59.98
83.59 , 59.8
83.48 , 60.12
83.32 , 60.03
83.59 , 59.8
83.58 , 60.16
83.53 , 59.66
83.45 , 59.84
83.69 , 59.72
83.82 , 59.74
83.77 , 59.68
83.66 , 60.11
83.63 , 60.48
83.66 , 59.58
83.75 , 60.35
83.58 , 60.05
83.85 , 60.18
83.82 , 60.27
83.58 , 60.01
83.58 , 59.93
83.51 , 59.88
83.71 , 60.44
83.97 , 60.54
83.94 , 60.09
84.13 , 60.25
83.81 , 59.91
84.33 , 59.88
84.04 , 59.64
83.74 , 59.89
83.96 , 59.98
84.41 , 59.65
84.11 , 59.85
84.14 , 60.02
83.93 , 59.83
83.66 , 60.45
84.02 , 60.38
83.96 , 59.82
83.92 , 60.2
84.24 , 60.03
83.67 , 59.99
84.4 , 59.88
84.45 , 59.94
84.69 , 60.17
84.1 , 59.87
84.5 , 59.77
84.5 , 60.15
84.34 , 60.05
84.39 , 60.15
83.81 , 59.97
84.51 , 59.86
84.89 , 59.61
84.64 , 59.73
84.24 , 59.93
84.18 , 59.93
85.24 , 60.17
84.75 , 59.62
84.14 , 59.85
84.41 , 60.07
84.41 , 59.87
85.31 , 59.73
84.97 , 60.13
85.4 , 59.66
84.66 , 59.92
84.96 , 59.97
85.2 , 60.09
84.64 , 60.08
85.31 , 60.06
84.9 , 60.26
84.79 , 60.1
85.31 , 60.07
85.03 , 60.27
85.43 , 60.1
85.63 , 59.88
84.72 , 60.06
85.11 , 60.21
85.66 , 60.16
85.18 , 60.22
84.78 , 59.97
85.15 , 60.31
85.38 , 60.09
85.3 , 59.84
84.99 , 59.96
85.26 , 60.13
85.5 , 59.96
85.35 , 59.69
85.62 , 59.52
85.29 , 59.89
85.23 , 60.22
85.48 , 60.5
85.43 , 59.68
85.78 , 59.93
85.6 , 60.39
85.9 , 60.21
85.36 , 60.15
85.65 , 59.59
85.38 , 60.04
85.8 , 59.9
85.57 , 59.35
86.15 , 59.66
85.72 , 60.43
85.37 , 60.27
85.48 , 59.93
85.38 , 59.96
85.78 , 60.11
85.99 , 60.02
85.48 , 59.94
85.37 , 59.63
85.74 , 60.17
85.68 , 59.99
86.02 , 59.94
85.76 , 60.17
85.98 , 60.17
85.68 , 59.99
86.07 , 59.82
86.12 , 60.22
85.77 , 60.15
86.07 , 60.34
85.63 , 59.94
86.26 , 60.28
86.14 , 60.02
86.01 , 60.41
86.29 , 60.2
86.28 , 59.81
86.56 , 60.11
86.38 , 59.75
86.55 , 60.22
86.56 , 59.83
85.73 , 59.92
86.33 , 59.76
86.22 , 59.63
86.34 , 59.84
86.13 , 60.09
86.16 , 60.26
86.3 , 59.93
86.35 , 60.45
86.52 , 60.09
86.42 , 59.89
86.02 , 60.0
86.88 , 60.06
86.66 , 60.14
86.68 , 59.69
86.74 , 59.98
86.67 , 60.15
86.7 , 59.88
86.4 , 59.71
87.2 , 60.31
87.14 , 59.52
86.61 , 59.97
86.58 , 60.15
86.49 , 59.8
86.98 , 59.7
86.58 , 59.93
87.01 , 60.03
86.83 , 59.9
86.86 , 60.11
87.36 , 59.63
86.96 , 59.61
87.37 , 59.49
86.96 , 60.19
87.09 , 60.01
86.97 , 59.94
86.65 , 60.03
86.9 , 60.39
87.13 , 60.14
87.09 , 60.2
87.05 , 59.8
87.1 , 59.89
87.24 , 60.18
87.29 , 59.82
87.29 , 60.06
87.11 , 59.92
87.2 , 59.88
87.05 , 60.39
87.24 , 59.95
86.98 , 59.69
87.08 , 60.23
87.32 , 60.28
87.25 , 59.92
87.3 , 60.47
87.29 , 60.14
87.17 , 60.39
87.46 , 60.08
87.8 , 59.75
87.55 , 60.31
87.69 , 60.0
87.39 , 60.38
87.82 , 59.68
87.67 , 60.09
87.75 , 60.24
87.78 , 59.69
87.55 , 59.71
87.57 , 59.6
87.87 , 59.67
87.43 , 60.08
87.89 , 60.11
87.81 , 59.61
88.07 , 60.15
88.1 , 59.86
87.77 , 59.77
88.13 , 59.77
88.0 , 60.36
87.31 , 60.13
87.94 , 60.22
87.88 , 60.03
87.68 , 59.77
88.73 , 60.14
87.92 , 59.88
88.23 , 60.02
87.95 , 59.77
88.04 , 60.45
88.39 , 59.7
88.41 , 59.56
87.87 , 59.76
88.23 , 60.16
87.76 , 59.98
88.24 , 60.17
88.03 , 60.02
88.54 , 60.16
88.23 , 59.94
88.8 , 59.69
88.23 , 60.07
88.63 , 60.12
88.49 , 60.1
88.17 , 60.18
88.09 , 59.74
88.3 , 60.05
88.04 , 59.72
88.27 , 59.99
88.23 , 59.62
88.84 , 60.12
88.52 , 59.87
88.78 , 59.95
88.3 , 59.86
88.71 , 60.17
88.97 , 60.06
89.11 , 59.78
88.53 , 60.38
88.66 , 60.31
88.2 , 60.21
88.87 , 60.53
89.15 , 59.75
88.6 , 59.71
89.43 , 60.24
88.89 , 60.32
89.14 , 59.51
89.14 , 59.7
89.19 , 60.04
88.88 , 59.83
89.01 , 60.28
89.06 , 59.9
89.38 , 59.96
88.93 , 59.63
88.84 , 59.83
88.82 , 60.37
88.89 , 60.49
89.18 , 60.37
89.25 , 59.67
89.24 , 59.72
88.93 , 60.48
89.56 , 60.52
89.23 , 59.84
89.22 , 59.96
89.61 , 60.25
89.35 , 60.07
88.62 , 59.72
88.95 , 60.15
89.46 , 60.11
89.47 , 60.0
89.53 , 60.06
89.58 , 59.92
89.49 , 60.0
89.05 , 60.08
89.15 , 59.81
89.54 , 60.38
89.41 , 60.07
89.86 , 59.98
90.09 , 59.79
89.73 , 59.92
89.93 , 60.33
89.75 , 59.97
89.83 , 59.88
89.27 , 59.84
89.49 , 59.91
90.18 , 60.07
89.6 , 59.91
90.06 , 60.03
90.34 , 60.41
89.92 , 60.02
89.73 , 59.42
89.77 , 60.07
89.8 , 60.38
89.88 , 60.18
90.12 , 59.91
89.82 , 60.03
90.03 , 60.12
89.58 , 59.83
90.45 , 60.02
89.47 , 59.66
90.16 , 59.82
90.18 , 60.09
89.53 , 59.55
90.11 , 59.52
90.11 , 59.74
90.11 , 59.57
89.43 , 59.96
90.03 , 59.77
90.04 , 59.87
89.78 , 59.64
89.84 , 59.71
90.21 , 59.19
90.38 , 59.75
90.2 , 59.66
89.83 , 59.51
89.77 , 59.64
90.53 , 59.34
89.98 , 59.56
90.03 , 59.61
90.36 , 59.85
90.1 , 59.25
90.15 , 59.22
90.53 , 59.48
89.67 , 59.05
90.07 , 59.45
90.25 , 59.16
89.79 , 59.04
90.28 , 59.27
90.23 , 59.57
89.89 , 59.68
90.27 , 59.01
90.21 , 58.99
90.23 , 59.05
90.73 , 59.14
89.76 , 59.44
90.56 , 59.56
90.15 , 58.7
89.93 , 59.18
90.31 , 59.05
90.24 , 58.73
90.31 , 58.82
90.3 , 59.25
90.19 , 59.65
90.21 , 58.77
90.02 , 59.03
90.43 , 59.02
90.04 , 58.85
90.1 , 59.1
90.13 , 58.73
90.36 , 58.4
89.91 , 58.86
90.15 , 58.97
90.08 , 59.25
90.15 , 58.3
90.26 , 58.37
90.09 , 58.8
90.05 , 58.29
90.41 , 58.9
90.19 , 58.62
90.24 , 58.36
90.29 , 58.66
90.59 , 58.56
90.75 , 58.29
90.29 , 58.45
89.68 , 58.43
90.24 , 58.08
90.24 , 58.54
90.22 , 58.4
89.94 , 58.29
89.9 , 58.27
90.5 , 58.23
90.59 , 58.12
89.99 , 58.19
90.52 , 58.64
90.3 , 58.3
90.3 , 58.17
90.24 , 58.74
90.25 , 57.96
90.01 , 58.05
90.49 , 57.89
90.61 , 58.24
90.21 , 58.01
90.13 , 58.23
90.21 , 58.28
90.33 , 58.45
90.29 , 57.86
90.34 , 58.16
90.43 , 58.47
90.62 , 57.91
90.1 , 57.56
89.99 , 57.42
90.38 , 58.0
89.89 , 58.06
90.04 , 57.71
90.23 , 58.09
90.24 , 57.52
90.56 , 57.7
89.87 , 58.33
90.58 , 57.23
89.9 , 57.84
90.21 , 57.74
90.23 , 57.76
89.9 , 57.42
90.16 , 57.44
90.04 , 57.46
90.08 , 57.93
90.53 , 57.68
89.74 , 57.46
90.05 , 57.52
90.34 , 57.34
90.15 , 57.62
90.78 , 57.73
90.1 , 57.42
90.05 , 57.61
89.99 , 57.3
90.07 , 57.4
90.14 , 57.49
90.92 , 57.03
90.6 , 57.06
90.44 , 56.91
90.48 , 56.87
90.79 , 57.92
90.05 , 57.26
90.14 , 56.97
90.14 , 57.05
90.21 , 57.64
90.43 , 57.29
90.52 , 56.76
90.22 , 56.98
90.8 , 56.88
90.34 , 56.72
90.5 , 57.19
90.09 , 56.85
90.51 , 57.28
90.18 , 56.72
90.56 , 57.19
90.59 , 56.68
90.33 , 57.1
90.75 , 56.78
90.77 , 56.74
90.44 , 56.71
90.04 , 56.39
90.47 , 56.66
90.36 , 56.72
90.68 , 57.08
90.25 , 56.57
90.57 , 56.25
90.42 , 57.08
90.46 , 56.63
90.12 , 56.79
90.76 , 56.33
90.63 , 56.37
90.12 , 56.96
90.65 , 56.3
90.09 , 56.35
90.1 , 56.37
90.45 , 56.26
90.98 , 56.3
90.65 , 56.76
90.62 , 56.22
90.67 , 56.26
90.25 , 56.54
90.67 , 57.0
90.64 , 56.58
90.29 , 56.44
90.61 , 56.54
90.76 , 55.79
90.15 , 56.28
90.3 , 56.37
90.7 , 56.11
90.47 , 56.32
90.6 , 55.6
91.08 , 56.15
90.48 , 55.86
90.61 , 56.11
90.85 , 56.01
90.67 , 56.06
90.63 , 56.1
90.75 , 56.3
91.04 , 56.23
90.01 , 56.02
90.81 , 56.23
90.31 , 55.71
90.32 , 55.9
90.98 , 55.89
90.67 , 56.08
90.41 , 55.82
90.44 , 55.69
90.81 , 55.71
90.64 , 55.67
90.53 , 55.72
90.62 , 55.29
90.68 , 55.39
90.93 , 55.72
90.96 , 55.1
90.52 , 55.37
90.81 , 55.75
90.65 , 55.78
90.88 , 55.65
90.51 , 55.63
90.76 , 55.08
91.01 , 55.45
90.61 , 55.37
90.39 , 55.09
90.89 , 55.16
90.68 , 55.42
90.77 , 54.81
90.85 , 55.4
90.78 , 55.12
90.46 , 55.25
90.24 , 55.46
90.85 , 55.27
90.28 , 55.3
90.59 , 55.18
90.58 , 55.32
90.55 , 55.05
90.81 , 55.73
90.84 , 55.7
90.72 , 55.18
90.66 , 55.13
90.88 , 55.02
90.44 , 55.11
91.21 , 54.76
90.37 , 55.31
90.95 , 54.62
90.38 , 55.27
90.91 , 55.14
90.55 , 55.09
90.79 , 54.35
90.94 , 55.36
90.84 , 54.94
90.52 , 55.37
91.11 , 54.5
90.9 , 54.82
91.27 , 55.14
90.7 , 54.87
90.67 , 54.71
90.23 , 54.56
90.74 , 54.46
90.44 , 54.55
90.76 , 54.42
90.78 , 54.59
90.64 , 54.44
90.98 , 54.73
90.72 , 54.6
90.61 , 54.13
91.12 , 54.22
90.89 , 54.94
90.96 , 54.65
90.86 , 54.31
90.87 , 54.58
90.63 , 54.64
90.33 , 54.15
90.98 , 54.44
90.89 , 54.28
90.56 , 54.32
90.63 , 54.47
90.66 , 54.41
91.53 , 54.29
90.99 , 53.75
90.7 , 53.92
90.43 , 53.98
90.49 , 54.46
90.63 , 54.26
90.76 , 54.27
91.02 , 54.24
90.59 , 54.29
91.08 , 54.55
91.38 , 53.97
90.64 , 54.02
90.61 , 53.95
90.96 , 53.61
91.07 , 53.7
91.14 , 54.01
91.0 , 53.43
90.94 , 53.7
90.63 , 53.62
90.88 , 53.72
91.02 , 54.04
90.7 , 54.27
90.87 , 53.3
90.66 , 53.98
90.79 , 53.51
90.8 , 53.86
91.01 , 53.3
90.76 , 53.5
90.76 , 53.97
90.92 , 53.7
90.42 , 53.28
91.09 , 53.5
90.95 , 53.58
90.73 , 53.68
91.08 , 53.46
91.17 , 53.04
91.28 , 52.85
90.68 , 53.72
91.17 , 53.37
91.34 , 53.34
90.8 , 53.53
90.71 , 53.38
90.81 , 53.07
91.14 , 53.44
91.16 , 53.39
90.94 , 53.22
90.89 , 52.62
91.11 , 53.48
91.11 , 53.18
90.96 , 53.18
91.21 , 53.13
90.69 , 53.34
90.89 , 52.84
90.74 , 53.09
91.13 , 53.2
90.63 , 53.41
91.44 , 52.92
90.46 , 53.13
91.13 , 52.96
90.98 , 53.14
91.23 , 52.19
90.61 , 53.14
90.78 , 53.24
90.75 , 52.88
90.91 , 52.76
90.62 , 52.52
90.89 , 52.62
90.97 , 52.83
91.42 , 52.85
91.04 , 52.59
90.9 , 53.1
90.99 , 52.3
90.92 , 52.43
91.1 , 52.87
91.21 , 52.5
90.89 , 52.67
90.75 , 52.36
91.41 , 52.43
90.98 , 52.51
90.66 , 52.18
91.42 , 51.97
91.22 , 52.47
91.13 , 51.93
90.99 , 52.23
91.12 , 52.16
91.44 , 52.18
90.73 , 52.56
91.19 , 52.44
91.24 , 52.28
91.6 , 52.57
90.86 , 52.32
91.24 , 52.25
91.05 , 52.48
91.15 , 51.91
91.15 , 52.15
91.07 , 52.26
90.97 , 51.82
91.31 , 52.5
91.07 , 52.04
91.03 , 52.13
91.33 , 51.74
91.11 , 51.86
91.19 , 52.04
90.8 , 51.83
91.0 , 51.66
91.07 , 51.96
91.43 , 51.67
91.12 , 51.67
90.65 , 51.39
90.79 , 51.62
91.14 , 51.79
91.42 , 51.85
91.21 , 51.35
91.45 , 52.07
91.52 , 51.99
91.01 , 51.51
91.29 , 51.83
91.25 , 51.56
91.32 , 51.3
91.22 , 51.33
91.14 , 51.48
91.08 , 51.5
91.92 , 51.65
91.03 , 51.34
91.54 , 51.53
91.38 , 51.65
91.57 , 51.21
90.95 , 51.15
91.23 , 51.39
90.97 , 51.08
91.17 , 51.37
91.47 , 51.26
91.24 , 51.46
91.12 , 51.43
91.01 , 51.33
91.38 , 51.62
91.3 , 51.14
91.5 , 51.12
91.4 , 51.47
91.21 , 51.0
91.25 , 51.48
91.36 , 51.3
91.3 , 51.0
91.58 , 50.34
91.3 , 51.41
90.97 , 51.11
90.6 , 51.33
91.36 , 50.79
91.56 , 50.75
91.21 , 50.75
91.37 , 50.72
91.57 , 50.97
91.39 , 50.44
91.37 , 51.14
91.25 , 50.78
91.38 , 50.97
91.73 , 50.74
91.19 , 50.76
90.86 , 50.81
91.12 , 49.97
91.05 , 50.84
91.05 , 50.86
90.95 , 50.77
91.7 , 50.58
91.4 , 50.62
90.67 , 50.79
90.99 , 50.38
91.64 , 50.43
91.08 , 50.31
91.58 , 50.58
90.86 , 50.49
91.58 , 50.5
91.11 , 50.33
91.13 , 50.36
91.45 , 50.71
91.29 , 50.33
91.01 , 50.36
91.8 , 50.0
91.29 , 49.88
91.03 , 50.26
91.27 , 49.83
91.46 , 50.18
91.52 , 50.14
91.28 , 50.1
91.25 , 50.21
91.52 , 50.13
91.69 , 49.57
91.13 , 50.06
91.57 , 50.48
91.34 , 49.56
91.52 , 50.56
91.35 , 50.3
91.61 , 49.68
92.0 , 49.69
91.47 , 49.8
91.31 , 50.0
91.42 , 49.88
91.32 , 49.75
91.28 , 49.77
91.05 , 49.97
91.46 , 49.87
91.98 , 49.49
91.5 , 49.63
91.46 , 49.25
91.91 , 49.8
91.42 , 49.94
91.47 , 49.88
91.94 , 49.25
91.37 , 49.36
91.57 , 49.65
91.64 , 49.9
91.33 , 49.41
91.78 , 49.79
91.26 , 49.55
91.21 , 49.57
91.54 , 49.68
91.41 , 49.33
91.06 , 49.97
91.81 , 49.15
91.42 , 49.24
91.21 , 49.49
91.64 , 49.03
91.98 , 49.61
91.42 , 49.34
91.23 , 49.05
91.73 , 49.18
91.27 , 49.51
91.36 , 49.13
91.83 , 49.02
91.66 , 49.15
91.48 , 49.27
92.23 , 48.95
91.03 , 49.51
91.56 , 48.53
91.58 , 49.02
91.63 , 49.33
91.01 , 49.19
91.83 , 48.93
91.38 , 48.86
91.71 , 48.81
91.07 , 49.32
91.56 , 49.04
91.21 , 48.77
91.7 , 48.68
91.51 , 49.05
92.05 , 48.69
91.0 , 48.85
91.55 , 49.07
91.63 , 48.5
91.7 , 48.71
91.66 , 48.83
91.54 , 48.61
91.71 , 48.71
91.9 , 48.12
91.92 , 48.46
91.53 , 49.07
91.66 , 48.37
91.57 , 48.66
91.24 , 48.34
91.58 , 48.7
91.49 , 48.72
92.07 , 48.45
91.74 , 48.52
91.45 , 48.42
91.78 , 48.52
91.38 , 48.58
91.35 , 48.23
91.28 , 48.29
91.74 , 48.36
91.73 , 48.29
91.84 , 48.4
91.91 , 48.22
91.74 , 48.03
92.19 , 48.81
91.94 , 47.96
91.21 , 48.2
91.15 , 48.38
91.79 , 48.48
92.26 , 48.24
91.21 , 48.24
91.86 , 48.29
91.42 , 48.17
91.35 , 47.88
91.81 , 47.59
91.67 , 48.11
91.66 , 47.95
91.73 , 47.88
91.62 , 47.77
91.58 , 47.63
92.0 , 48.09
91.62 , 48.03
91.97 , 47.67
91.43 , 48.14
91.47 , 47.87
91.73 , 47.7
91.47 , 47.87
91.94 , 48.12
91.51 , 47.77
91.99 , 47.35
91.1 , 47.48
91.9 , 47.93
91.48 , 47.57
91.54 , 46.85
91.69 , 47.58
92.02 , 47.79
91.7 , 47.17
91.52 , 47.95
91.97 , 47.44
91.86 , 47.32
91.31 , 47.77
92.11 , 47.23
91.94 , 47.39
91.76 , 47.32
91.7 , 46.96
91.45 , 46.92
91.86 , 47.4
91.76 , 47.15
91.85 , 47.44
91.46 , 47.71
91.45 , 47.21
91.9 , 47.02
91.85 , 47.0
92.37 , 46.94
91.83 , 47.26
91.94 , 46.95
92.0 , 47.07
92.06 , 47.19
91.87 , 46.86
91.51 , 46.53
91.78 , 47.08
91.82 , 47.43
91.68 , 47.18
91.63 , 46.77
92.04 , 46.81
91.97 , 46.68
91.8 , 47.03
91.78 , 46.76
91.84 , 47.05
91.72 , 46.74
92.05 , 46.61
91.74 , 46.66
92.18 , 46.98
91.97 , 47.01
91.93 , 46.84
91.88 , 46.37
92.09 , 46.27
91.97 , 46.32
91.78 , 46.89
91.77 , 46.65
92.1 , 46.54
91.73 , 46.59
91.91 , 46.15
92.06 , 46.5
92.14 , 46.47
92.03 , 46.04
91.82 , 46.13
92.22 , 46.83
92.09 , 46.17
91.85 , 46.28
91.89 , 46.33
92.05 , 46.35
91.65 , 46.12
91.4 , 46.52
92.43 , 46.49
92.14 , 46.02
92.1 , 46.11
92.11 , 46.2
91.83 , 45.92
92.15 , 45.85
92.23 , 45.99
92.03 , 46.32
91.93 , 46.29
92.16 , 45.53
92.42 , 45.68
91.98 , 45.88
92.05 , 46.13
92.14 , 45.75
91.55 , 45.54
91.95 , 46.3
91.82 , 45.82
91.64 , 46.19
91.83 , 46.05
92.25 , 45.81
91.89 , 45.72
92.03 , 45.61
91.75 , 46.6
92.15 , 45.47
92.56 , 45.57
92.09 , 45.67
92.55 , 45.74
92.09 , 45.62
91.69 , 45.41
92.38 , 44.89
91.79 , 45.56
91.89 , 45.96
92.18 , 45.57
92.27 , 45.84
92.15 , 45.22
92.08 , 45.72
92.25 , 45.48
92.48 , 45.86
91.54 , 45.67
92.22 , 45.56
91.37 , 45.27
92.53 , 45.91
92.49 , 44.86
92.04 , 45.59
92.32 , 44.89
91.96 , 45.01
92.07 , 45.58
91.99 , 45.21
92.2 , 45.08
91.75 , 45.25
92.5 , 45.09
92.46 , 45.48
91.82 , 45.32
92.45 , 44.87
92.16 , 45.15
92.42 , 45.08
92.23 , 45.45
92.21 , 44.87
92.08 , 44.9
92.29 , 45.19
92.03 , 45.03
92.07 , 45.06
91.98 , 45.07
92.66 , 44.81
92.23 , 44.74
92.41 , 44.35
92.69 , 44.59
92.19 , 44.78
92.27 , 44.65
92.09 , 44.54
92.28 , 44.42
92.26 , 44.81
92.33 , 44.84
92.22 , 44.64
92.47 , 44.47
92.19 , 44.33
92.47 , 44.96
91.85 , 44.68
92.31 , 44.72
92.37 , 44.64
92.77 , 43.86
92.1 , 44.78
92.3 , 44.63
92.39 , 44.72
92.13 , 44.66
92.27 , 44.74
92.26 , 44.53
92.06 , 44.62
92.04 , 44.74
92.73 , 44.64
92.26 , 43.71
91.72 , 44.21
92.7 , 43.89
92.42 , 43.98
92.05 , 43.78
92.16 , 44.09
91.98 , 43.4
92.11 , 44.09
92.1 , 44.18
92.07 , 43.87
91.94 , 44.24
92.24 , 43.88
92.53 , 44.48
92.2 , 43.85
92.68 , 43.67
92.05 , 43.76
92.1 , 44.15
91.67 , 43.92
92.45 , 43.63
92.36 , 44.03
92.25 , 43.45
92.38 , 44.02
92.08 , 43.67
92.48 , 43.83
91.84 , 43.93
92.22 , 43.42
92.72 , 43.45
92.23 , 43.69
92.63 , 43.88
92.14 , 43.81
92.09 , 43.95
92.03 , 43.03
92.41 , 43.15
92.81 , 43.4
92.85 , 43.13
92.61 , 43.41
92.41 , 43.19
92.47 , 43.47
93.1 , 43.39
92.52 , 43.28
92.65 , 43.26
92.43 , 43.31
92.41 , 43.38
92.39 , 42.96
92.62 , 43.15
92.15 , 43.0
92.42 , 43.27
92.64 , 43.06
92.22 , 43.33
92.7 , 43.43
91.88 , 43.28
92.44 , 43.09
92.37 , 43.58
92.5 , 43.31
92.07 , 42.95
92.61 , 43.27
92.72 , 43.0
92.85 , 42.89
92.26 , 42.89
92.82 , 42.85
92.11 , 42.95
92.27 , 43.18
92.48 , 42.94
92.53 , 42.4
92.14 , 42.78
92.23 , 42.94
92.53 , 42.69
92.54 , 42.76
92.06 , 42.79
92.69 , 42.54
92.3 , 42.65
92.66 , 42.73
92.3 , 42.63
92.35 , 42.25
92.07 , 42.45
92.81 , 42.89
92.23 , 43.11
92.33 , 42.23
92.04 , 42.14
92.76 , 42.55
92.54 , 42.19
92.74 , 42.2
91.95 , 42.34
92.55 , 42.73
92.25 , 42.81
93.0 , 42.23
92.66 , 42.07
92.54 , 42.13
91.82 , 42.32
92.67 , 42.4
92.91 , 42.46
92.08 , 42.33
92.57 , 42.19
92.6 , 41.97
92.42 , 41.84
92.74 , 41.82
92.64 , 42.27
92.46 , 42.27
92.51 , 42.29
92.66 , 42.31
92.57 , 42.05
92.36 , 42.14
92.88 , 42.05
92.81 , 41.81
92.3 , 41.67
92.31 , 41.89
92.32 , 41.78
92.64 , 41.81
92.35 , 41.91
92.67 , 41.51
93.15 , 42.11
92.74 , 41.5
92.44 , 41.99
93.12 , 41.61
92.22 , 42.03
92.51 , 41.93
92.41 , 41.61
92.51 , 41.35
92.85 , 41.28
92.6 , 41.74
92.51 , 41.5
92.64 , 41.79
92.45 , 41.59
92.95 , 41.49
92.32 , 41.54
91.96 , 41.44
92.74 , 41.62
92.76 , 41.18
92.87 , 41.62
92.71 , 41.39
92.58 , 41.1
92.68 , 41.18
92.91 , 41.59
92.64 , 41.76
92.79 , 41.85
92.95 , 41.64
92.27 , 41.2
93.13 , 41.09
92.3 , 40.92
92.64 , 40.98
92.52 , 40.68
92.59 , 40.91
92.82 , 41.52
92.74 , 41.28
92.7 , 41.08
92.46 , 41.0
92.92 , 40.84
92.89 , 40.61
92.87 , 40.96
92.84 , 40.79
92.69 , 41.01
93.26 , 40.74
92.89 , 41.47
92.81 , 40.9
93.11 , 40.5
92.44 , 40.61
93.29 , 40.53
92.73 , 40.57
92.87 , 40.77
92.58 , 40.65
92.96 , 40.67
92.62 , 40.41
93.35 , 40.07
92.73 , 40.62
92.66 , 40.75
92.26 , 40.53
92.48 , 40.57
92.71 , 40.62
92.34 , 40.52
92.75 , 40.41
92.65 , 40.34
93.21 , 40.67
92.79 , 40.53
93.04 , 40.29
92.49 , 40.53
92.71 , 40.53
92.88 , 39.96
93.1 , 40.23
93.12 , 40.3
93.13 , 40.21
92.56 , 40.08
92.93 , 40.83
92.81 , 39.8
92.95 , 40.31
92.88 , 40.28
92.68 , 40.12
92.7 , 39.86
92.78 , 39.9
92.51 , 40.29
92.34 , 39.77
93.13 , 40.18
92.84 , 40.28
93.17 , 39.59
92.78 , 39.96
92.66 , 39.59
92.87 , 39.45
92.7 , 39.79
92.84 , 40.06
92.83 , 40.05
93.11 , 40.04
92.59 , 39.54
92.81 , 40.15
93.19 , 39.94
92.64 , 39.74
92.81 , 39.88
93.18 , 39.28
92.61 , 39.65
92.23 , 39.53
92.85 , 39.58
93.05 , 39.4
93.31 , 39.74
92.78 , 39.63
92.99 , 39.57
92.72 , 39.84
93.0 , 39.37
92.97 , 39.67
92.9 , 39.09
92.61 , 39.54
92.97 , 39.54
92.82 , 39.15
93.34 , 39.44
92.89 , 39.7
92.7 , 39.65
92.43 , 39.49
92.86 , 39.17
93.29 , 39.29
93.2 , 39.38
93.22 , 39.75
92.94 , 39.46
93.11 , 39.07
92.9 , 39.16
92.96 , 39.67
92.88 , 39.3
93.11 , 38.91
92.74 , 39.09
92.9 , 39.2
92.96 , 39.28
92.64 , 39.18
92.96 , 39.17
92.95 , 39.14
93.04 , 38.9
93.13 , 38.74
93.08 , 38.86
92.91 , 38.58
92.4 , 38.75
93.57 , 38.65
93.08 , 39.0
93.25 , 38.61
92.93 , 38.47
92.72 , 38.53
93.17 , 38.45
93.22 , 38.73
93.34 , 38.08
92.8 , 38.51
92.92 , 38.93
92.8 , 38.6
93.24 , 38.69
92.95 , 38.34
93.04 , 38.32
93.26 , 38.22
93.4 , 38.97
92.64 , 38.87
92.5 , 38.96
93.32 , 38.22
93.26 , 38.04
92.99 , 38.16
93.5 , 38.19
92.94 , 37.95
93.09 , 38.42
93.31 , 38.23
93.2 , 38.78
93.05 , 38.16
93.04 , 38.28
93.22 , 38.16
93.05 , 38.54
92.98 , 38.07
92.93 , 38.29
93.1 , 38.09
92.78 , 38.14
93.03 , 37.74
92.98 , 37.88
92.92 , 38.4
93.01 , 38.34
92.66 , 37.64
93.41 , 38.17
93.28 , 38.27
93.31 , 38.2
93.08 , 38.03
93.08 , 37.64
92.85 , 37.66
93.53 , 38.16
92.93 , 37.71
93.26 , 37.79
92.91 , 37.96
93.07 , 37.52
92.82 , 37.87
93.18 , 37.18
93.3 , 37.48
92.98 , 37.44
92.6 , 37.76
93.49 , 37.48
93.21 , 37.55
93.31 , 38.03
93.62 , 37.36
93.72 , 37.36
93.3 , 37.51
93.54 , 36.87
93.08 , 37.65
93.07 , 37.23
93.15 , 37.25
93.35 , 36.89
93.6 , 37.7
93.61 , 37.17
93.38 , 37.14
93.55 , 37.18
93.35 , 37.98
93.2 , 37.4
93.43 , 37.18
93.12 , 37.32
93.15 , 37.09
93.01 , 37.21
93.42 , 37.22
92.92 , 36.74
93.3 , 37.05
93.38 , 37.3
93.44 , 36.87
93.07 , 37.11
93.37 , 37.22
93.42 , 37.15
92.66 , 37.01
92.63 , 36.7
92.96 , 36.56
93.36 , 36.52
93.77 , 36.78
93.3 , 36.86
93.45 , 36.68
93.8 , 36.59
93.66 , 36.58
93.07 , 36.92
93.91 , 36.38
93.47 , 36.28
92.73 , 36.8
93.39 , 36.55
93.41 , 36.65
93.27 , 36.66
93.21 , 36.59
93.55 , 36.03
93.38 , 37.0
93.68 , 36.86
93.74 , 36.72
93.13 , 35.88
93.16 , 36.43
93.46 , 36.64
93.12 , 36.44
92.66 , 36.67
93.48 , 36.38
93.34 , 36.6
93.19 , 36.39
93.23 , 36.48
93.66 , 35.95
93.06 , 36.19
93.24 , 36.33
93.43 , 36.08
93.7 , 36.38
93.25 , 36.14
93.54 , 36.52
93.55 , 35.93
93.32 , 36.4
93.52 , 36.35
93.27 , 35.89
93.44 , 36.13
93.56 , 35.9
93.77 , 36.0
93.12 , 35.95
93.33 , 36.45
93.25 , 35.68
93.52 , 36.03
93.37 , 35.79
93.36 , 36.07
93.52 , 35.81
92.87 , 35.64
92.98 , 35.76
93.21 , 35.6
93.31 , 35.91
93.76 , 35.64
93.21 , 35.87
93.54 , 35.32
93.13 , 35.97
93.54 , 35.35
93.71 , 35.62
93.78 , 35.8
93.12 , 35.05
93.42 , 35.23
93.59 , 35.82
93.6 , 35.74
93.53 , 35.92
94.1 , 35.23
93.41 , 35.88
93.32 , 35.1
93.59 , 35.81
93.6 , 35.74
93.12 , 35.44
93.23 , 35.74
93.5 , 35.69
93.47 , 35.57
93.67 , 35.1
93.62 , 35.12
93.58 , 35.34
93.6 , 35.51
93.76 , 35.2
93.31 , 35.52
93.18 , 35.28
93.53 , 34.84
93.27 , 34.95
93.82 , 35.17
93.87 , 34.97
93.45 , 35.04
93.77 , 35.32
93.5 , 35.31
93.82 , 35.46
93.64 , 34.83
93.62 , 35.15
93.75 , 34.86
93.23 , 34.5
93.73 , 34.77
93.9 , 34.61
93.6 , 35.2
93.72 , 34.74
93.89 , 35.37
93.75 , 34.68
93.7 , 34.39
93.9 , 34.02
93.38 , 34.85
93.72 , 34.65
93.24 , 34.46
93.6 , 34.81
93.59 , 34.15
93.96 , 34.86
93.8 , 34.15
93.63 , 34.53
93.51 , 34.26
93.65 , 34.57
93.76 , 34.69
93.8 , 34.25
93.32 , 34.14
93.59 , 34.39
93.6 , 34.68
93.68 , 34.2
93.74 , 33.85
93.44 , 34.17
93.66 , 34.05
93.94 , 34.35
93.64 , 34.48
94.2 , 34.25
93.65 , 34.19
93.25 , 33.99
93.72 , 34.26
93.89 , 34.2
93.79 , 33.98
93.63 , 34.07
93.98 , 33.87
93.53 , 34.08
93.55 , 33.96
93.67 , 34.16
93.5 , 33.75
93.77 , 33.76
93.81 , 33.63
94.18 , 34.03
92.86 , 33.62
93.65 , 34.12
94.06 , 33.79
93.11 , 33.63
93.84 , 33.83
93.64 , 33.9
93.35 , 34.13
93.87 , 33.65
94.21 , 33.23
94.01 , 33.92
94.12 , 33.66
93.94 , 33.54
93.86 , 33.61
93.86 , 33.7
93.94 , 33.88
93.61 , 33.23
93.76 , 33.27
94.01 , 33.48
93.65 , 33.8
93.98 , 33.85
93.8 , 33.41
93.7 , 33.77
93.99 , 33.45
93.97 , 33.65
94.25 , 33.26
93.96 , 33.35
93.73 , 33.12
94.08 , 33.04
93.79 , 33.41
93.81 , 33.13
93.99 , 33.16
94.35 , 33.43
93.9 , 33.31
94.18 , 32.61
93.62 , 33.22
93.89 , 33.35
94.03 , 33.13
94.09 , 32.88
93.95 , 33.17
94.04 , 32.99
93.87 , 33.46
94.21 , 33.04
93.7 , 33.11
93.81 , 33.36
94.05 , 32.73
94.24 , 33.01
94.12 , 33.09
94.08 , 32.83
93.64 , 32.33
94.29 , 32.67
94.03 , 33.05
94.04 , 32.98
94.07 , 32.99
93.96 , 32.5
93.43 , 32.42
94.16 , 32.47
93.81 , 32.46
93.54 , 32.86
94.08 , 32.46
93.74 , 32.84
93.95 , 32.58
93.91 , 32.73
93.82 , 32.28
93.77 , 32.53
93.79 , 32.24
93.71 , 32.4
94.1 , 32.6
94.07 , 32.78
93.66 , 32.35
93.52 , 32.41
93.97 , 31.8
94.08 , 32.04
93.94 , 32.2
94.08 , 32.77
93.88 , 32.75
93.72 , 31.98
94.31 , 32.0
94.31 , 31.83
94.13 , 32.36
93.5 , 32.24
93.89 , 32.11
93.98 , 32.33
94.28 , 32.17
93.98 , 32.17
93.41 , 32.23
93.78 , 32.07
94.05 , 32.19
93.74 , 32.22
94.52 , 32.21
93.61 , 32.0
93.54 , 32.1
94.09 , 31.62
93.98 , 31.97
93.74 , 31.83
93.94 , 31.49
94.03 , 31.83
94.11 , 32.04
94.3 , 31.77
93.63 , 31.59
94.2 , 32.27
93.87 , 31.92
93.98 , 31.35
94.45 , 31.8
93.91 , 31.43
94.09 , 32.31
93.96 , 31.67
93.74 , 31.32
94.14 , 31.71
94.19 , 31.66
94.11 , 31.48
93.95 , 31.63
94.27 , 31.38
94.33 , 31.54
94.09 , 31.11
93.89 , 31.19
94.32 , 31.16
94.26 , 31.36
94.07 , 31.29
94.39 , 31.4
94.43 , 31.04
93.53 , 31.11
94.07 , 30.88
93.87 , 31.1
93.95 , 31.33
93.93 , 30.89
93.97 , 30.77
94.02 , 31.22
93.95 , 31.35
93.96 , 31.04
93.9 , 31.22
94.28 , 31.0
93.9 , 31.44
94.25 , 31.27
93.7 , 30.81
94.44 , 30.78
93.6 , 30.96
94.3 , 31.1
93.98 , 30.72
94.04 , 30.79
94.3 , 30.81
94.17 , 30.71
94.24 , 30.67
93.94 , 30.67
93.97 , 30.68
94.53 , 30.57
94.2 , 30.7
93.99 , 30.47
94.5 , 30.54
94.09 , 30.67
94.14 , 30.4
94.68 , 30.48
94.28 , 30.43
94.06 , 30.48
94.16 , 30.29
94.23 , 30.42
94.51 , 30.92
94.01 , 30.32
94.4 , 30.45
94.11 , 30.68
94.15 , 30.28
94.24 , 30.34
94.44 , 30.18
94.15 , 29.95
94.01 , 30.63
94.63 , 29.94
94.29 , 30.03
94.24 , 29.95
94.24 , 30.12
94.09 , 30.07
93.86 , 30.07
94.31 , 30.35
94.26 , 29.87
94.12 , 29.94
94.16 , 29.74
94.05 , 30.04
94.01 , 30.36
94.34 , 29.8
94.17 , 30.18
94.14 , 29.33
94.6 , 30.26
94.42 , 30.34
94.15 , 29.66
94.44 , 29.75
94.16 , 29.83
94.09 , 29.99
94.1 , 29.5
94.39 , 29.85
94.22 , 29.92
94.28 , 30.1
94.28 , 29.36
94.34 , 29.41
94.22 , 29.66
94.41 , 29.42
94.39 , 29.72
94.5 , 29.77
94.95 , 29.34
94.55 , 29.5
94.39 , 29.68
94.42 , 29.85
94.16 , 29.51
94.49 , 29.21
94.71 , 29.08
94.12 , 29.37
94.62 , 29.34
94.25 , 29.54
94.04 , 29.39
94.26 , 29.13
94.77 , 29.54
94.34 , 29.3
94.27 , 28.88
94.19 , 29.27
93.95 , 29.62
94.1 , 29.18
94.62 , 29.14
94.54 , 29.54
94.22 , 29.1
94.8 , 29.04
94.73 , 29.25
94.55 , 29.16
93.92 , 29.13
94.52 , 29.09
94.42 , 28.89
94.0 , 29.17
94.51 , 29.26
94.62 , 29.05
94.5 , 29.13
94.33 , 29.02
94.53 , 28.55
94.76 , 29.06
94.51 , 28.96
94.66 , 28.51
94.96 , 29.24
94.48 , 28.87
94.31 , 28.72
94.26 , 28.8
94.61 , 28.56
94.01 , 28.71
94.38 , 28.27
94.27 , 28.75
94.27 , 28.3
94.47 , 28.96
94.59 , 28.6
94.45 , 28.61
94.72 , 28.71
94.36 , 28.39
94.72 , 28.53
94.88 , 28.77
94.46 , 28.32
94.33 , 28.49
94.47 , 28.8
94.72 , 27.96
94.55 , 28.07
94.58 , 27.93
94.71 , 28.24
94.75 , 27.99
94.2 , 28.2
94.65 , 28.25
94.61 , 28.04
94.55 , 28.11
94.65 , 28.13
94.15 , 28.1
95.03 , 27.8
94.78 , 27.91
94.56 , 27.92
94.28 , 27.75
94.46 , 28.32
95.06 , 27.78
93.97 , 28.0
94.67 , 27.53
94.88 , 27.43
94.65 , 27.77
94.78 , 27.84
94.76 , 28.1
94.62 , 28.16
94.54 , 27.98
94.53 , 28.2
94.21 , 27.45
94.41 , 27.98
94.78 , 28.12
94.71 , 27.3
94.29 , 27.68
94.7 , 27.82
94.59 , 27.58
94.71 , 27.51
94.45 , 27.8
94.58 , 27.57
94.16 , 27.89
94.51 , 27.7
94.61 , 27.76
94.53 , 27.53
94.69 , 27.49
94.39 , 27.44
94.53 , 27.08
94.43 , 27.51
95.56 , 27.35
94.36 , 27.1
95.06 , 27.36
95.13 , 27.37
94.82 , 27.91
94.92 , 27.47
94.42 , 27.7
94.47 , 26.83
94.88 , 27.35
95.17 , 27.17
94.63 , 27.51
94.95 , 27.21
95.04 , 27.27
94.42 , 26.96
94.92 , 26.93
94.63 , 27.47
94.74 , 27.69
94.89 , 27.07
94.48 , 26.86
94.35 , 27.12
95.01 , 27.16
94.98 , 27.1
95.11 , 27.2
94.53 , 27.0
94.44 , 26.5
94.53 , 26.69
94.87 , 26.34
94.74 , 26.58
94.48 , 26.5
95.23 , 26.79
94.47 , 25.72
94.71 , 27.09
95.25 , 26.34
95.0 , 26.69
95.1 , 26.82
94.38 , 26.63
94.89 , 26.97
94.69 , 26.62
94.48 , 26.72
94.55 , 26.11
94.9 , 26.55
94.6 , 26.46
94.86 , 25.94
94.65 , 27.05
95.15 , 26.49
94.64 , 25.89
94.63 , 26.34
94.43 , 26.37
94.76 , 26.16
94.75 , 26.46
94.67 , 26.56
95.45 , 26.27
94.49 , 25.91
94.67 , 25.98
94.67 , 26.54
95.24 , 26.11
95.07 , 26.6
94.97 , 25.99
94.72 , 26.05
94.67 , 26.24
95.18 , 26.22
94.66 , 25.83
94.82 , 25.74
94.42 , 26.19
94.52 , 26.25
94.76 , 25.83
94.73 , 26.19
94.64 , 25.79
94.6 , 25.89
94.37 , 25.87
95.14 , 26.12
94.13 , 26.14
94.83 , 26.07
95.13 , 25.68
94.76 , 26.0
95.32 , 25.36
94.86 , 25.85
95.02 , 25.94
94.56 , 26.09
94.41 , 26.02
95.02 , 26.0
94.74 , 25.54
94.55 , 25.75
95.0 , 25.28
94.85 , 25.64
94.69 , 25.17
95.44 , 25.7
94.86 , 25.91
94.66 , 25.48
94.54 , 25.81
95.18 , 25.71
95.01 , 25.35
94.93 , 25.39
94.66 , 25.1
95.0 , 25.02
94.73 , 25.57
94.63 , 25.34
95.3 , 25.35
94.92 , 24.98
95.08 , 25.37
95.23 , 25.23
95.14 , 25.5
95.12 , 24.87
94.69 , 25.18
94.97 , 25.49
95.29 , 24.77
94.9 , 24.88
94.76 , 24.6
95.0 , 25.2
95.09 , 24.64