4.69 , 10.09
5.25 , 9.87
4.68 , 9.98
5.13 , 10.28
4.71 , 9.68
5.2 , 10.12
5.41 , 10.25
5.01 , 9.93
5.68 , 9.93
4.84 , 9.72
5.07 , 10.04
4.96 , 9.99
5.12 , 10.18
5.33 , 10.06
4.61 , 10.18
4.71 , 9.96
4.7 , 10.01
4.88 , 10.06
5.91 , 9.99
5.3 , 9.68
5.02 , 10.17
5.07 , 10.1
5.12 , 9.76
5.24 , 9.81
5.57 , 9.88
5.28 , 10.01
5.35 , 9.86
5.37 , 9.98
5.44 , 10.17
5.16 , 9.82
5.33 , 10.13
5.55 , 9.92
5.28 , 10.14
5.22 , 10.06
5.2 , 9.86
4.9 , 9.91
5.31 , 10.39
5.41 , 10.28
5.36 , 10.19
5.22 , 10.21
5.62 , 9.93
5.01 , 10.5
5.25 , 10.26
5.41 , 9.73
5.8 , 10.46
5.24 , 10.2
5.24 , 9.8
5.18 , 10.11
5.49 , 10.19
5.23 , 10.36
5.03 , 10.22
5.5 , 9.95
4.78 , 9.79
5.29 , 10.15
5.63 , 9.77
5.24 , 10.18
5.21 , 9.43
5.45 , 10.6
5.51 , 9.79
5.16 , 10.08
5.89 , 10.18
5.3 , 10.41
5.26 , 10.49
5.11 , 9.9
5.46 , 10.38
5.45 , 10.1
4.84 , 9.85
5.15 , 9.89
5.45 , 9.94
5.5 , 10.05
5.23 , 10.05
5.42 , 10.24
5.2 , 9.97
4.98 , 10.43
5.69 , 9.98
5.21 , 9.72
5.38 , 10.08
5.89 , 10.09
5.15 , 9.42
5.7 , 10.08
4.95 , 10.07
4.96 , 10.9
5.64 , 10.17
5.33 , 9.49
5.34 , 9.64
5.53 , 9.5
5.16 , 10.34
5.8 , 9.74
5.01 , 10.25
5.61 , 9.79
5.23 , 9.86
5.11 , 9.86
5.72 , 10.21
5.93 , 10.01
5.38 , 9.79
5.39 , 9.71
4.98 , 10.21
5.79 , 10.24
5.77 , 10.1
5.26 , 10.06
5.35 , 9.76
5.03 , 9.67
5.45 , 10.07
5.34 , 10.39
5.51 , 10.18
5.77 , 9.83
4.98 , 10.23
5.3 , 10.37
5.56 , 10.29
5.68 , 9.52
5.67 , 9.87
5.3 , 9.93
5.69 , 10.26
5.76 , 9.63
5.36 , 9.45
5.49 , 10.19
5.32 , 10.1
5.58 , 10.29
5.32 , 9.83
5.34 , 10.48
5.81 , 10.01
5.59 , 10.07
5.59 , 9.99
5.46 , 9.73
5.39 , 10.46
5.69 , 10.06
5.51 , 10.06
5.65 , 9.88
5.62 , 10.11
5.39 , 9.85
5.33 , 9.78
5.8 , 9.46
5.52 , 9.89
5.44 , 10.07
5.88 , 10.07
5.56 , 9.89
5.57 , 10.28
5.51 , 9.76
5.3 , 9.77
5.27 , 10.32
5.71 , 9.99
5.99 , 9.89
5.82 , 10.25
5.25 , 9.66
5.41 , 10.28
5.97 , 9.74
5.91 , 9.96
5.55 , 9.91
5.58 , 9.6
5.41 , 9.74
5.79 , 10.58
6.35 , 9.97
5.25 , 9.95
5.45 , 10.55
5.83 , 9.87
5.92 , 10.19
5.29 , 9.92
5.64 , 10.06
5.74 , 9.97
5.75 , 9.91
5.49 , 10.44
5.81 , 10.17
5.32 , 10.02
5.93 , 9.74
6.0 , 9.96
5.83 , 10.03
5.79 , 10.36
5.64 , 10.45
5.55 , 9.83
5.93 , 9.79
5.66 , 10.29
6.06 , 9.62
5.89 , 10.53
6.07 , 10.0
5.62 , 9.99
5.49 , 10.0
5.74 , 10.03
6.08 , 10.01
5.43 , 10.33
5.53 , 9.95
5.77 , 9.98
5.55 , 10.0
6.35 , 9.91
5.78 , 10.35
6.0 , 10.26
6.04 , 9.57
5.61 , 10.1
5.96 , 10.39
5.95 , 10.01
5.85 , 10.01
5.91 , 10.24
5.76 , 9.86
5.64 , 10.34
6.18 , 10.32
6.08 , 10.28
5.87 , 10.24
5.61 , 10.02
5.69 , 10.25
5.74 , 10.04
5.98 , 10.41
5.69 , 9.84
6.1 , 9.79
6.01 , 9.93
5.88 , 9.62
6.09 , 9.95
5.69 , 10.59
6.09 , 10.95
6.02 , 9.99
5.95 , 10.48
5.92 , 10.19
6.06 , 9.85
5.97 , 9.95
5.63 , 10.29
6.11 , 10.09
5.72 , 9.57
6.08 , 10.05
5.54 , 10.06
5.58 , 10.07
6.0 , 10.17
6.03 , 10.12
5.69 , 9.98
5.85 , 10.02
6.05 , 10.23
6.4 , 9.44
6.1 , 10.03
6.57 , 10.31
5.59 , 10.18
5.88 , 10.33
5.75 , 10.06
5.98 , 10.06
5.88 , 9.62
6.14 , 10.33
6.01 , 9.83
6.09 , 10.22
6.0 , 10.08
6.4 , 9.8
5.91 , 9.61
5.88 , 9.9
5.82 , 9.91
6.51 , 10.04
6.04 , 10.63
6.06 , 9.65
6.18 , 9.85
6.49 , 9.77
5.94 , 9.69
6.11 , 9.83
6.08 , 9.99
5.94 , 10.32
6.34 , 10.1
5.88 , 9.82
6.18 , 10.69
6.0 , 9.89
5.95 , 9.82
5.88 , 10.04
6.49 , 10.09
6.01 , 9.69
6.19 , 10.08
5.84 , 9.82
6.14 , 10.34
6.31 , 10.14
6.07 , 10.17
6.16 , 10.64
5.88 , 10.0
6.49 , 10.03
6.53 , 10.08
6.21 , 10.0
5.84 , 9.85
6.74 , 10.26
6.34 , 10.33
6.34 , 10.35
6.13 , 10.04
6.45 , 10.01
5.88 , 10.04
6.08 , 10.25
6.04 , 9.83
6.14 , 10.49
6.21 , 10.14
6.23 , 10.17
6.47 , 10.45
5.83 , 10.44
6.24 , 10.02
6.85 , 10.06
6.74 , 10.34
6.0 , 10.22
6.45 , 10.07
5.68 , 10.02
6.22 , 9.82
6.73 , 10.04
6.18 , 10.03
6.09 , 9.91
6.31 , 10.18
6.17 , 10.08
5.95 , 10.23
6.11 , 10.16
6.08 , 9.98
6.36 , 9.8
6.93 , 10.1
6.3 , 9.92
6.72 , 10.45
6.4 , 9.76
6.21 , 10.26
6.21 , 9.81
6.05 , 9.91
6.35 , 9.95
6.36 , 10.81
6.8 , 9.85
6.45 , 10.13
6.33 , 10.37
6.29 , 10.03
6.28 , 10.08
6.7 , 10.3
6.05 , 10.0
6.19 , 10.31
6.45 , 10.33
6.38 , 9.63
6.51 , 10.17
6.53 , 9.79
6.43 , 9.94
6.24 , 10.2
6.51 , 9.89
5.99 , 9.5
6.28 , 10.39
6.42 , 9.55
6.22 , 10.22
6.86 , 10.41
6.54 , 10.16
6.18 , 10.0
6.37 , 9.92
6.47 , 10.02
6.55 , 10.48
6.65 , 10.22
6.41 , 9.74
6.45 , 10.25
6.23 , 10.43
6.4 , 10.21
6.41 , 9.81
7.01 , 9.83
6.73 , 9.98
6.57 , 9.92
6.4 , 10.35
7.0 , 9.91
6.52 , 10.36
6.36 , 10.3
6.33 , 10.27
6.64 , 10.43
6.62 , 9.82
6.7 , 9.85
6.73 , 10.5
6.7 , 9.99
6.85 , 10.17
6.24 , 10.04
6.91 , 10.05
6.59 , 10.04
6.15 , 10.0
6.66 , 10.18
6.53 , 9.59
6.89 , 10.31
6.84 , 10.45
6.48 , 9.98
6.67 , 10.55
6.18 , 10.07
6.43 , 10.27
6.98 , 10.05
6.3 , 10.14
6.55 , 9.74
6.84 , 10.0
6.8 , 9.8
6.91 , 9.77
6.9 , 9.68
6.99 , 10.04
6.26 , 10.07
6.73 , 9.88
6.53 , 10.2
6.62 , 9.37
6.55 , 10.24
6.74 , 10.39
6.5 , 10.77
6.88 , 10.21
6.95 , 10.37
6.71 , 9.98
6.94 , 10.24
6.22 , 9.86
6.81 , 10.16
6.77 , 10.3
6.74 , 10.53
6.56 , 10.04
6.8 , 10.32
6.92 , 10.51
6.61 , 10.43
6.85 , 9.88
6.7 , 10.66
6.93 , 10.02
6.14 , 9.96
6.57 , 10.16
7.33 , 10.33
6.83 , 9.91
6.46 , 10.09
6.65 , 10.89
6.67 , 9.99
7.06 , 10.16
6.47 , 10.46
6.7 , 9.81
6.87 , 10.26
6.71 , 10.32
7.0 , 9.92
6.29 , 9.55
6.77 , 10.45
7.06 , 10.49
7.28 , 10.15
7.08 , 9.76
6.99 , 10.24
6.8 , 10.04
6.55 , 10.18
7.16 , 10.06
6.97 , 9.98
6.91 , 9.9
6.94 , 10.09
6.93 , 10.0
6.56 , 10.07
7.12 , 10.54
6.79 , 10.35
7.06 , 10.25
6.49 , 10.23
6.64 , 10.44
7.08 , 10.31
6.25 , 10.31
7.07 , 9.83
7.14 , 10.17
6.86 , 9.97
6.65 , 10.04
7.68 , 10.2
6.97 , 9.99
6.77 , 10.02
6.7 , 10.37
6.86 , 10.37
6.64 , 10.39
6.93 , 10.32
6.92 , 9.93
7.25 , 10.05
6.91 , 9.93
7.01 , 10.06
7.03 , 10.24
6.79 , 9.8
7.08 , 10.39
7.15 , 9.87
7.13 , 10.25
7.05 , 10.27
6.91 , 10.21
7.22 , 10.03
6.64 , 10.13
7.05 , 9.7
6.84 , 10.31
6.97 , 10.18
6.7 , 10.39
7.46 , 10.11
6.84 , 9.87
7.25 , 10.19
6.83 , 10.47
7.23 , 10.31
6.6 , 10.14
7.2 , 9.86
7.28 , 10.52
7.31 , 9.98
6.88 , 10.4
7.31 , 10.47
7.37 , 10.14
6.97 , 9.7
7.27 , 10.74
6.96 , 10.05
7.25 , 10.26
6.75 , 9.99
6.82 , 10.67
6.92 , 10.38
7.58 , 10.64
7.46 , 10.58
6.8 , 10.08
6.93 , 10.1
7.78 , 9.75
7.26 , 9.86
7.46 , 10.5
7.01 , 10.69
7.16 , 10.5
7.22 , 10.03
7.05 , 10.14
7.31 , 10.2
7.75 , 10.12
7.04 , 9.99
6.97 , 9.81
6.92 , 10.4
7.19 , 10.13
7.27 , 10.44
7.34 , 10.37
7.05 , 10.11
7.0 , 10.15
6.99 , 10.08
7.16 , 10.12
7.14 , 10.05
7.54 , 10.09
6.96 , 10.23
6.95 , 9.91
7.24 , 9.76
6.42 , 10.25
7.49 , 9.76
7.01 , 10.32
6.74 , 9.96
6.94 , 10.13
6.76 , 10.4
7.22 , 10.26
7.18 , 9.65
7.22 , 9.85
7.27 , 9.97
7.19 , 10.13
7.47 , 10.37
7.03 , 10.18
7.65 , 10.31
7.11 , 10.15
7.21 , 10.42
7.31 , 10.28
7.86 , 9.84
7.05 , 9.75
6.91 , 10.4
7.39 , 10.59
6.83 , 9.97
7.69 , 10.44
7.55 , 10.4
7.34 , 10.18
7.35 , 10.4
7.3 , 10.27
7.71 , 9.91
7.16 , 10.33
7.29 , 10.15
7.88 , 10.29
7.26 , 10.46
8.0 , 9.91
7.21 , 10.22
7.22 , 10.73
7.51 , 10.09
7.51 , 9.99
7.24 , 10.22
7.99 , 9.63
7.51 , 10.53
7.59 , 10.67
7.52 , 10.23
7.38 , 9.98
7.83 , 9.9
7.39 , 10.06
7.23 , 9.64
7.34 , 10.23
7.47 , 10.41
7.4 , 10.03
7.52 , 10.36
7.22 , 9.82
7.2 , 10.46
7.71 , 9.98
7.49 , 10.41
7.8 , 10.03
7.41 , 10.55
8.08 , 10.58
7.19 , 10.31
7.41 , 10.18
7.32 , 10.08
7.49 , 10.65
7.67 , 10.31
7.51 , 10.01
7.45 , 10.51
7.72 , 10.69
7.58 , 10.2
7.12 , 10.3
7.09 , 10.58
7.37 , 10.2
7.2 , 10.08
7.31 , 10.49
7.6 , 9.91
7.06 , 10.19
7.43 , 9.93
7.7 , 10.16
7.59 , 10.06
7.42 , 10.09
7.17 , 10.36
7.67 , 9.78
7.6 , 10.49
7.64 , 10.53
7.52 , 10.21
7.27 , 9.98
7.14 , 9.98
7.66 , 10.34
7.9 , 10.24
7.36 , 10.32
7.58 , 10.66
8.11 , 10.45
7.34 , 10.08
7.67 , 10.03
7.76 , 10.38
7.85 , 10.27
7.42 , 10.0
7.61 , 10.54
8.04 , 10.46
7.74 , 10.38
7.86 , 10.54
7.88 , 9.83
7.91 , 10.31
7.56 , 10.35
7.75 , 10.2
7.26 , 10.24
7.82 , 10.2
7.29 , 10.33
7.87 , 10.26
7.8 , 10.13
7.54 , 10.35
7.62 , 10.26
8.53 , 10.39
7.75 , 9.81
7.74 , 10.41
7.55 , 10.16
7.17 , 10.36
7.58 , 10.39
8.08 , 10.18
7.99 , 10.28
7.7 , 10.15
7.54 , 10.54
7.98 , 9.97
7.97 , 10.04
7.39 , 10.52
7.45 , 10.52
7.82 , 10.45
7.91 , 10.51
7.87 , 10.37
7.85 , 10.5
7.69 , 10.48
8.17 , 10.21
7.91 , 10.1
7.73 , 10.29
7.72 , 10.0
7.81 , 10.27
7.9 , 10.4
7.38 , 10.58
7.78 , 10.03
7.74 , 10.34
8.05 , 10.14
7.88 , 9.83
7.89 , 10.2
7.74 , 10.45
8.3 , 10.49
7.66 , 10.61
7.78 , 10.22
7.72 , 10.34
8.01 , 10.27
7.82 , 10.19
7.78 , 10.47
7.75 , 10.19
7.84 , 10.04
7.84 , 9.87
8.0 , 10.37
7.83 , 10.62
7.7 , 10.37
8.03 , 10.1
7.86 , 10.46
7.94 , 10.3
8.27 , 10.29
7.51 , 10.05
8.14 , 10.2
7.67 , 9.74
8.02 , 10.61
7.64 , 9.7
8.08 , 10.1
7.88 , 10.16
7.74 , 10.35
8.19 , 10.33
7.83 , 10.5
7.95 , 10.38
7.75 , 10.4
8.17 , 10.56
7.99 , 10.35
7.85 , 10.46
8.19 , 10.51
7.9 , 9.94
7.99 , 10.19
7.82 , 10.39
8.25 , 10.34
8.29 , 10.34
7.78 , 10.1
7.94 , 10.41
8.26 , 10.28
8.29 , 10.04
8.01 , 10.61
8.15 , 10.5
7.58 , 9.83
7.84 , 10.49
8.46 , 10.09
7.82 , 10.0
7.85 , 10.38
7.99 , 10.71
8.25 , 10.08
8.14 , 10.21
8.28 , 10.47
8.0 , 10.47
8.23 , 10.23
8.16 , 10.42
8.02 , 10.08
8.42 , 10.25
7.97 , 10.36
7.75 , 10.26
7.79 , 10.15
7.69 , 10.07
8.35 , 10.21
7.84 , 10.68
7.98 , 10.62
8.01 , 9.89
8.6 , 10.15
8.34 , 10.55
7.83 , 10.27
8.02 , 10.4
8.16 , 9.94
8.18 , 10.44
8.1 , 10.39
8.05 , 10.24
8.27 , 10.29
8.5 , 10.49
8.4 , 10.43
8.24 , 9.97
8.46 , 10.68
8.26 , 10.2
8.2 , 10.55
8.29 , 10.02
8.18 , 10.07
8.17 , 10.04
8.01 , 10.62
8.49 , 9.87
8.0 , 10.15
8.15 , 9.92
8.46 , 9.87
8.42 , 10.43
8.17 , 10.1
8.27 , 10.3
7.75 , 9.96
8.4 , 10.24
8.17 , 10.02
8.11 , 10.08
8.96 , 9.96
8.66 , 10.38
8.34 , 10.31
8.2 , 10.66
8.42 , 10.26
8.27 , 10.31
8.03 , 10.19
8.16 , 10.42
8.46 , 9.81
8.27 , 10.51
8.01 , 9.98
8.58 , 10.24
8.23 , 9.97
8.38 , 10.13
8.4 , 10.37
8.52 , 10.19
8.22 , 10.28
8.33 , 10.31
8.23 , 10.21
8.22 , 10.13
8.41 , 10.55
8.24 , 10.41
8.46 , 10.3
8.55 , 10.14
8.53 , 10.35
7.54 , 10.36
8.54 , 10.75
8.14 , 10.3
8.49 , 10.04
8.7 , 10.38
8.22 , 9.98
8.32 , 10.86
8.95 , 9.67
7.98 , 10.44
8.41 , 10.12
8.59 , 10.3
8.51 , 10.34
8.18 , 10.6
8.34 , 10.56
8.62 , 10.29
8.49 , 10.27
8.01 , 10.2
8.57 , 9.88
8.11 , 10.54
8.68 , 9.9
8.59 , 10.27
8.73 , 10.2
8.44 , 10.1
8.54 , 10.25
8.34 , 10.2
8.32 , 10.44
8.26 , 9.9
8.28 , 10.55
8.39 , 10.44
8.7 , 10.16
8.71 , 10.41
8.52 , 10.11
8.52 , 9.97
8.47 , 10.14
8.65 , 10.37
8.39 , 10.5
8.85 , 10.3
8.37 , 10.41
7.96 , 10.14
8.71 , 10.78
8.39 , 10.66
9.15 , 10.75
8.0 , 10.56
8.63 , 10.54
8.54 , 10.14
8.54 , 10.66
8.8 , 10.22
8.7 , 10.5
8.75 , 10.28
8.45 , 10.11
8.51 , 10.15
8.23 , 9.94
8.84 , 10.01
8.3 , 10.28
8.99 , 10.6
8.53 , 10.04
8.51 , 10.07
8.51 , 10.41
8.39 , 10.1
8.59 , 10.29
8.47 , 10.1
8.38 , 10.11
8.8 , 10.23
7.9 , 10.45
8.66 , 10.08
8.62 , 9.54
8.27 , 10.58
9.22 , 10.84
8.51 , 10.31
8.89 , 9.99
9.14 , 10.12
8.8 , 10.01
8.8 , 10.29
8.99 , 10.01
8.72 , 10.75
8.43 , 10.39
8.84 , 10.17
8.67 , 10.65
9.02 , 10.44
8.81 , 10.02
8.77 , 10.75
9.01 , 9.96
8.24 , 10.13
8.8 , 10.16
8.69 , 10.39
8.99 , 10.35
9.09 , 9.95
8.9 , 10.41
8.41 , 10.62
8.39 , 9.94
9.46 , 10.63
8.89 , 10.64
9.09 , 10.02
8.93 , 10.66
8.77 , 10.32
8.7 , 10.49
8.68 , 10.16
8.52 , 10.07
8.88 , 10.42
8.73 , 10.04
8.92 , 10.4
9.16 , 10.18
8.74 , 10.44
9.23 , 10.3
8.83 , 10.07
8.76 , 10.55
9.08 , 10.59
8.45 , 10.52
8.64 , 10.46
8.28 , 10.29
8.66 , 10.63
8.92 , 10.64
8.78 , 10.81
8.78 , 10.79
8.78 , 10.07
9.13 , 10.21
8.89 , 9.97
8.82 , 10.34
8.74 , 10.41
8.34 , 10.54
8.82 , 10.69
8.84 , 10.15
8.82 , 10.38
9.09 , 10.2
8.74 , 10.42
9.16 , 9.88
8.69 , 10.15
9.39 , 10.63
9.16 , 10.44
8.68 , 10.6
8.86 , 10.12
9.46 , 9.95
9.33 , 10.37
8.75 , 10.36
8.77 , 10.37
8.83 , 10.02
9.67 , 10.19
9.25 , 10.31
9.18 , 10.0
8.75 , 9.49
9.27 , 10.43
8.72 , 10.53
9.17 , 11.06
9.09 , 10.55
9.19 , 10.52
9.03 , 10.22
9.22 , 10.64
8.75 , 10.04
9.04 , 10.78
9.0 , 9.89
9.26 , 10.52
9.56 , 10.37
9.57 , 10.14
9.3 , 10.36
8.77 , 10.26
9.42 , 10.61
8.99 , 10.61
9.32 , 10.56
9.17 , 10.41
8.89 , 10.31
9.13 , 10.14
9.04 , 10.37
9.17 , 10.6
8.86 , 10.23
9.19 , 10.23
9.21 , 10.21
9.43 , 10.27
8.85 , 10.52
9.56 , 9.84
9.11 , 10.35
9.41 , 10.71
9.11 , 9.94
9.33 , 10.59
9.28 , 10.35
8.96 , 10.95
8.87 , 9.95
9.42 , 10.41
9.35 , 10.43
9.61 , 10.7
9.05 , 10.59
8.9 , 9.91
9.5 , 10.23
8.66 , 10.33
9.04 , 10.47
9.2 , 10.14
9.03 , 10.53
8.98 , 10.37
8.97 , 10.45
9.68 , 10.48
9.51 , 10.45
8.99 , 10.26
9.26 , 10.45
9.09 , 10.5
9.07 , 10.36
9.25 , 10.05
9.51 , 10.36
9.29 , 10.33
8.74 , 9.99
9.05 , 10.59
9.13 , 10.5
9.02 , 10.13
9.17 , 10.61
8.87 , 10.3
9.4 , 10.38
9.3 , 10.54
9.38 , 10.09
9.47 , 10.15
9.23 , 10.71
9.93 , 10.71
9.43 , 10.15
9.13 , 10.77
9.41 , 10.0
9.73 , 10.49
9.67 , 10.45
8.8 , 10.16
9.31 , 10.31
9.73 , 10.18
9.33 , 10.34
9.34 , 10.09
9.06 , 9.7
9.45 , 10.3
9.43 , 10.09
9.38 , 10.11
9.13 , 10.44
9.55 , 10.5
9.38 , 10.26
9.75 , 10.67
9.24 , 10.08
9.5 , 10.43
9.18 , 10.93
8.89 , 10.14
9.48 , 10.6
8.96 , 10.25
9.79 , 10.71
9.37 , 10.37
9.21 , 10.46
9.18 , 9.85
9.06 , 10.37
9.12 , 10.64
9.78 , 10.61
9.62 , 10.64
9.53 , 10.58
9.59 , 10.56
9.22 , 10.19
9.23 , 10.57
9.61 , 10.16
9.24 , 10.21
9.71 , 10.33
9.43 , 10.19
9.47 , 10.76
9.33 , 10.27
9.94 , 10.54
9.23 , 10.64
9.2 , 10.5
8.89 , 10.11
9.76 , 10.21
9.35 , 10.38
9.54 , 10.25
9.37 , 10.82
9.92 , 10.45
9.26 , 10.23
9.48 , 10.49
9.96 , 10.24
9.6 , 10.26
9.6 , 10.19
9.67 , 10.66
9.48 , 10.29
9.61 , 10.04
10.04 , 10.03
9.5 , 10.15
9.97 , 10.25
9.47 , 10.85
9.57 , 10.17
9.6 , 10.42
9.42 , 10.32
9.56 , 10.55
9.81 , 10.58
9.59 , 10.57
9.58 , 10.66
9.73 , 10.27
9.95 , 9.99
9.4 , 10.17
9.61 , 10.06
9.35 , 9.9
9.68 , 10.18
10.21 , 10.57
9.38 , 10.71
9.7 , 10.65
9.39 , 10.67
9.95 , 10.27
9.47 , 10.28
9.75 , 10.98
10.15 , 10.75
9.64 , 10.29
9.79 , 10.31
9.59 , 10.33
9.92 , 10.36
9.77 , 10.31
9.67 , 10.3
10.04 , 10.44
10.1 , 10.34
10.0 , 10.03
9.63 , 10.37
9.58 , 10.35
9.51 , 10.34
9.58 , 10.38
9.68 , 10.13
9.65 , 10.39
9.44 , 10.41
10.08 , 10.33
9.91 , 10.54
9.57 , 10.72
10.41 , 10.13
10.32 , 10.21
10.16 , 9.93
10.08 , 10.42
9.48 , 10.18
9.54 , 10.16
9.9 , 10.34
9.18 , 10.31
9.93 , 10.41
10.24 , 9.93
9.89 , 10.4
10.01 , 10.05
9.5 , 10.35
9.86 , 9.93
9.93 , 10.39
10.03 , 9.73
9.98 , 10.17
9.74 , 10.59
10.28 , 10.43
9.84 , 10.72
9.64 , 10.35
9.75 , 10.14
9.93 , 10.9
9.94 , 10.52
9.88 , 10.68
9.94 , 10.17
9.92 , 10.75
9.88 , 10.7
9.89 , 10.9
9.98 , 10.56
9.84 , 10.6
9.86 , 10.02
10.0 , 10.09
10.3 , 10.6
9.94 , 10.57
9.28 , 10.78
9.78 , 10.57
10.59 , 9.99
9.84 , 10.48
10.06 , 9.97
9.72 , 10.77
9.81 , 10.54
9.62 , 10.17
9.51 , 10.47
10.27 , 10.42
9.91 , 10.46
10.1 , 10.33
10.13 , 10.89
10.55 , 10.26
9.68 , 10.88
10.25 , 10.71
10.16 , 10.35
10.26 , 10.68
10.31 , 10.13
10.28 , 10.32
9.93 , 10.49
9.94 , 10.99
10.18 , 10.47
9.99 , 10.47
9.98 , 10.55
10.26 , 10.62
9.74 , 10.32
10.08 , 10.1
10.16 , 10.37
10.08 , 10.5
9.91 , 10.8
10.33 , 10.27
10.2 , 10.6
9.89 , 10.32
10.26 , 9.76
9.76 , 10.49
10.25 , 10.18
10.32 , 10.97
10.16 , 10.4
10.13 , 10.16
10.25 , 10.46
10.31 , 10.77
10.13 , 10.46
10.21 , 10.85
9.77 , 10.41
9.98 , 10.45
10.35 , 10.43
10.33 , 10.46
9.97 , 10.25
9.81 , 10.47
10.06 , 10.63
10.41 , 10.19
9.89 , 10.57
9.95 , 10.47
10.33 , 10.32
10.63 , 10.22
10.29 , 10.31
9.47 , 10.37
10.15 , 10.56
10.17 , 10.24
10.07 , 10.34
10.4 , 10.35
10.52 , 10.63
10.03 , 10.68
9.65 , 10.43
9.98 , 10.4
10.52 , 10.42
10.19 , 10.74
10.05 , 10.21
10.49 , 10.58
9.89 , 10.46
10.45 , 10.38
10.16 , 10.46
10.31 , 10.25
10.48 , 10.03
10.25 , 10.96
10.01 , 10.42
9.71 , 10.22
9.99 , 10.44
10.16 , 10.89
10.06 , 10.42
10.35 , 10.59
10.53 , 10.03
10.86 , 10.35
10.13 , 10.01
10.2 , 9.98
10.37 , 10.28
10.4 , 10.23
10.35 , 10.99
10.63 , 10.47
10.09 , 10.8
9.92 , 10.08
10.67 , 10.28
10.69 , 10.57
10.9 , 10.88
10.5 , 10.27
10.51 , 10.78
10.4 , 9.71
10.28 , 10.34
10.36 , 10.34
10.67 , 10.11
10.49 , 9.93
9.84 , 10.18
10.2 , 10.21
10.22 , 10.59
10.55 , 10.45
10.46 , 10.26
10.16 , 10.08
10.31 , 10.15
10.34 , 10.62
10.56 , 10.77
10.19 , 9.88
10.15 , 10.93
10.61 , 10.33
10.77 , 10.33
10.86 , 10.34
10.35 , 10.61
10.17 , 10.4
10.94 , 10.55
10.19 , 10.37
10.46 , 10.25
10.57 , 10.75
10.49 , 10.66
10.55 , 10.47
10.3 , 10.68
10.83 , 10.33
10.27 , 10.57
10.52 , 10.72
10.63 , 10.41
10.16 , 10.6
10.54 , 10.12
10.14 , 9.98
10.68 , 10.33
9.69 , 10.22
10.37 , 10.41
10.54 , 10.36
10.72 , 10.7
10.49 , 10.84
10.52 , 10.23
10.59 , 10.09
10.48 , 10.18
10.45 , 10.49
9.95 , 10.54
10.63 , 10.39
10.75 , 10.53
10.49 , 10.19
10.77 , 10.64
10.22 , 10.26
10.29 , 10.65
10.45 , 10.13
10.98 , 10.56
10.66 , 10.51
10.56 , 10.46
10.84 , 10.56
10.5 , 10.47
11.09 , 10.31
10.3 , 10.48
10.34 , 11.11
10.79 , 10.6
10.73 , 10.94
10.39 , 10.44
10.23 , 10.76
10.63 , 10.89
10.59 , 10.19
10.48 , 10.65
10.46 , 10.52
10.49 , 10.27
10.53 , 10.86
10.41 , 10.53
10.88 , 10.27
10.31 , 10.83
11.13 , 10.39
10.39 , 10.67
10.69 , 10.25
10.61 , 9.85
10.5 , 10.15
10.38 , 10.6
10.78 , 10.88
10.05 , 10.29
10.51 , 10.79
10.99 , 10.49
10.76 , 10.27
10.61 , 10.34
10.11 , 10.93
10.93 , 10.98
11.06 , 10.58
10.97 , 10.03
10.51 , 10.67
10.67 , 10.05
10.77 , 10.13
10.77 , 10.85
10.49 , 10.34
10.92 , 10.45
10.83 , 10.25
10.71 , 9.86
10.75 , 10.78
10.52 , 10.41
10.98 , 10.77
11.1 , 10.24
10.71 , 10.9
10.7 , 10.53
10.61 , 10.29
10.08 , 10.32
10.27 , 10.21
10.59 , 10.8
11.03 , 10.56
10.71 , 10.11
10.97 , 10.25
10.82 , 10.7
10.81 , 10.46
10.61 , 10.73
11.0 , 10.64
11.28 , 10.05
10.88 , 10.63
10.96 , 10.54
11.0 , 10.08
10.87 , 10.76
10.88 , 10.42
11.11 , 10.02
11.0 , 10.85
10.84 , 10.26
11.04 , 10.35
10.71 , 10.51
10.5 , 10.64
10.62 , 10.33
11.11 , 10.46
11.0 , 10.82
11.32 , 11.0
10.8 , 10.7
10.53 , 10.67
11.28 , 10.29
11.07 , 10.68
10.92 , 10.31
11.34 , 10.14
11.01 , 10.71
11.03 , 10.87
11.35 , 10.59
11.43 , 10.66
10.67 , 10.39
11.06 , 10.52
10.56 , 11.06
10.6 , 10.19
11.12 , 10.53
11.4 , 10.53
11.11 , 10.66
10.83 , 10.15
10.9 , 10.73
10.95 , 10.79
10.89 , 10.67
11.04 , 10.69
11.04 , 10.53
10.93 , 10.79
11.04 , 10.61
11.22 , 10.25
10.85 , 10.47
11.38 , 10.21
10.81 , 10.23
10.97 , 10.21
10.87 , 10.62
10.8 , 10.48
10.79 , 10.43
11.22 , 9.97
11.11 , 10.54
11.08 , 10.55
11.21 , 10.16
11.08 , 10.65
11.44 , 10.14
10.96 , 10.14
11.12 , 10.21
10.88 , 10.68
11.7 , 9.96
11.55 , 10.25
11.31 , 10.58
11.45 , 10.44
10.94 , 10.47
11.35 , 10.26
11.26 , 10.49
11.21 , 10.49
11.32 , 10.69
11.1 , 10.4
10.63 , 10.27
10.79 , 10.66
10.91 , 10.31
11.32 , 10.74
11.5 , 10.28
11.26 , 10.76
10.99 , 10.44
10.9 , 10.33
11.39 , 10.52
11.12 , 10.35
11.6 , 10.68
10.91 , 11.04
11.12 , 10.46
11.11 , 10.35
11.4 , 10.13
11.25 , 10.41
11.69 , 10.6
11.36 , 10.63
11.4 , 10.53
10.64 , 10.6
11.18 , 10.68
11.35 , 10.36
11.05 , 10.24
11.35 , 10.47
11.06 , 10.41
11.37 , 10.33
11.26 , 10.35
10.64 , 10.52
11.32 , 10.71
11.63 , 10.32
11.46 , 10.57
11.33 , 10.71
11.54 , 10.18
11.69 , 10.46
11.16 , 10.33
11.27 , 10.22
11.61 , 10.61
11.11 , 10.71
11.4 , 10.53
11.59 , 10.48
11.29 , 10.63
10.9 , 10.2
11.49 , 10.78
10.94 , 10.51
11.2 , 10.44
11.53 , 10.88
11.82 , 10.75
11.55 , 10.54
10.92 , 10.61
11.09 , 10.23
11.43 , 10.11
11.85 , 10.66
11.5 , 10.63
11.47 , 10.53
11.59 , 10.34
11.49 , 10.55
11.62 , 10.24
11.49 , 10.48
11.59 , 10.65
11.48 , 10.63
11.55 , 10.86
11.52 , 10.65
11.22 , 10.46
11.65 , 10.78
11.22 , 10.5
11.4 , 10.53
11.35 , 10.41
11.46 , 10.55
11.73 , 10.3
11.24 , 10.71
11.61 , 10.47
11.2 , 10.78
11.23 , 10.8
11.56 , 10.48
11.46 , 10.72
11.51 , 10.08
11.34 , 9.98
11.62 , 10.75
11.78 , 10.18
12.06 , 10.98
11.5 , 10.02
11.32 , 10.78
12.06 , 10.39
11.08 , 10.28
12.03 , 10.52
11.2 , 10.0
11.72 , 10.72
11.44 , 10.47
11.59 , 10.44
11.43 , 10.38
11.43 , 10.83
11.68 , 10.78
12.05 , 9.95
11.57 , 10.77
11.54 , 10.38
11.7 , 10.39
11.39 , 10.45
11.62 , 10.53
11.84 , 10.53
11.5 , 11.29
11.56 , 10.46
11.59 , 10.35
11.23 , 10.58
12.0 , 10.07
11.45 , 10.64
11.47 , 10.66
11.63 , 10.25
11.6 , 10.4
11.79 , 9.89
11.76 , 10.86
11.7 , 10.59
11.54 , 10.62
11.64 , 10.21
11.38 , 9.95
11.79 , 10.58
11.96 , 10.6
11.86 , 10.2
11.23 , 10.39
11.62 , 10.62
11.67 , 10.49
11.72 , 10.6
11.76 , 10.61
11.59 , 10.51
11.35 , 10.26
11.66 , 10.64
11.54 , 10.18
11.98 , 10.33
11.31 , 10.29
11.45 , 9.93
11.65 , 10.96
11.57 , 10.33
12.04 , 10.56
11.74 , 10.88
11.47 , 10.52
11.9 , 10.59
11.48 , 10.31
12.23 , 10.52
11.72 , 10.81
11.34 , 10.53
11.35 , 10.89
11.55 , 10.57
11.57 , 10.57
11.89 , 10.54
11.73 , 10.61
11.76 , 10.42
11.98 , 10.76
11.49 , 10.29
11.63 , 10.62
11.48 , 10.93
11.85 , 10.58
12.06 , 10.36
11.94 , 10.65
12.17 , 10.28
12.2 , 10.7
11.92 , 10.81
11.8 , 10.5
12.08 , 10.46
12.14 , 10.89
11.93 , 10.59
11.72 , 10.32
12.25 , 10.29
11.91 , 10.62
11.67 , 10.38
11.73 , 11.08
12.0 , 10.9
12.42 , 10.81
12.24 , 10.44
11.75 , 10.92
12.29 , 10.3
12.22 , 10.63
12.13 , 10.8
12.41 , 10.4
11.94 , 10.87
11.88 , 10.69
11.93 , 10.13
11.82 , 10.78
11.83 , 10.18
11.84 , 10.59
12.09 , 10.64
12.11 , 10.3
11.83 , 10.37
11.88 , 10.67
12.32 , 10.5
12.26 , 10.84
11.71 , 10.36
12.04 , 10.22
12.48 , 10.1
11.71 , 10.76
11.83 , 10.74
11.78 , 10.83
11.88 , 10.75
12.28 , 10.19
11.82 , 10.13
11.77 , 10.8
12.04 , 10.78
12.41 , 10.83
12.24 , 10.46
11.96 , 10.65
12.28 , 10.84
12.14 , 10.5
12.05 , 10.99
12.15 , 11.07
11.91 , 10.79
12.14 , 10.76
11.91 , 10.66
12.08 , 10.51
11.8 , 10.22
12.02 , 10.71
12.18 , 10.64
12.2 , 10.24
12.38 , 10.59
11.94 , 10.44
12.38 , 10.63
11.72 , 11.1
11.77 , 11.01
12.35 , 10.33
12.46 , 10.89
12.41 , 10.74
12.24 , 10.63
12.03 , 10.65
12.48 , 10.56
12.66 , 10.2
12.18 , 10.21
11.74 , 10.65
12.1 , 10.45
11.92 , 10.53
11.79 , 10.54
12.07 , 10.27
12.3 , 10.12
12.31 , 10.65
12.34 , 10.62
12.41 , 10.52
11.95 , 10.68
12.03 , 10.5
12.26 , 10.36
12.48 , 10.21
12.54 , 10.58
12.66 , 10.86
12.41 , 10.66
12.28 , 10.25
12.12 , 10.36
12.08 , 10.56
12.07 , 10.63
12.2 , 10.47
12.37 , 10.71
11.94 , 10.51
13.01 , 10.6
12.4 , 10.37
12.53 , 10.98
12.44 , 10.56
12.31 , 10.12
12.45 , 10.52
12.41 , 10.69
12.37 , 11.12
12.55 , 10.43
12.47 , 10.75
12.34 , 10.95
12.24 , 10.16
12.07 , 10.69
12.09 , 10.63
11.97 , 10.69
12.28 , 10.37
12.21 , 10.53
12.58 , 10.66
12.31 , 10.64
12.59 , 10.71
12.81 , 10.42
12.58 , 10.63
12.22 , 10.75
12.59 , 10.84
12.51 , 10.38
12.44 , 10.7
12.81 , 10.63
12.44 , 10.99
12.42 , 10.49
12.48 , 10.79
12.45 , 10.19
12.32 , 10.85
12.24 , 10.82
12.47 , 10.41
12.63 , 10.07
11.92 , 10.22
12.57 , 10.54
12.6 , 10.59
12.48 , 10.48
12.36 , 10.85
12.65 , 10.28
12.61 , 11.11
12.66 , 10.37
12.66 , 10.66
12.4 , 10.85
12.79 , 10.48
12.52 , 10.51
12.49 , 11.0
12.39 , 10.75
12.56 , 10.63
12.23 , 10.76
12.24 , 10.79
12.49 , 10.64
12.4 , 10.4
12.27 , 10.61
12.51 , 10.68
12.46 , 10.8
12.57 , 10.64
12.48 , 10.61
12.7 , 10.44
12.25 , 10.71
12.66 , 10.62
12.62 , 10.29
12.32 , 10.61
12.56 , 10.31
12.69 , 10.15
12.88 , 10.36
12.44 , 10.36
12.25 , 10.54
12.12 , 10.53
12.63 , 10.54
12.59 , 10.26
12.15 , 10.29
12.87 , 10.69
12.17 , 11.04
12.77 , 10.88
12.87 , 10.94
12.21 , 10.64
12.44 , 11.09
12.8 , 10.62
12.57 , 10.1
12.67 , 10.41
12.98 , 10.8
12.63 , 10.52
12.93 , 10.49
12.93 , 10.67
12.59 , 10.71
13.1 , 10.23
12.86 , 10.8
12.61 , 10.98
12.85 , 10.76
12.44 , 10.77
12.37 , 10.75
13.22 , 10.4
13.08 , 10.36
12.72 , 10.8
12.35 , 10.71
12.52 , 10.47
12.92 , 10.61
12.82 , 10.63
12.82 , 11.01
12.76 , 10.56
12.74 , 10.8
12.85 , 10.1
12.72 , 10.73
13.39 , 10.48
12.68 , 10.34
12.74 , 10.19
12.55 , 10.61
12.39 , 10.56
12.6 , 10.94
13.17 , 11.15
12.81 , 10.8
13.37 , 10.47
13.21 , 10.41
13.05 , 10.24
12.7 , 10.58
12.74 , 10.15
12.83 , 10.56
13.18 , 10.78
12.28 , 10.66
13.08 , 10.61
12.65 , 10.3
12.74 , 10.4
12.76 , 10.55
13.15 , 10.39
12.92 , 10.36
12.91 , 10.89
12.71 , 10.34
12.86 , 10.64
12.7 , 10.74
12.88 , 10.8
12.53 , 10.82
13.18 , 10.43
13.37 , 10.69
12.56 , 10.37
12.7 , 10.48
12.83 , 10.71
12.84 , 10.56
12.66 , 10.13
12.73 , 10.33
13.12 , 10.04
13.19 , 9.93
12.87 , 10.64
12.64 , 10.4
13.14 , 10.37
12.9 , 10.65
13.09 , 10.33
13.26 , 10.6
13.19 , 10.29
13.22 , 10.62
13.14 , 10.48
13.17 , 10.65
12.49 , 11.26
12.8 , 10.76
12.92 , 10.53
12.88 , 10.87
13.21 , 10.88
12.58 , 10.85
12.61 , 11.22
13.09 , 10.93
12.99 , 10.68
12.82 , 11.14
12.92 , 10.92
12.81 , 10.61
12.92 , 10.62
12.89 , 10.81
13.19 , 10.25
12.92 , 10.32
13.3 , 10.34
13.15 , 10.69
13.03 , 10.16
13.47 , 10.61
13.22 , 10.91
12.8 , 10.4
13.49 , 11.14
12.86 , 10.63
13.3 , 10.62
13.4 , 10.8
13.06 , 10.82
12.96 , 10.97
12.92 , 10.98
13.71 , 10.22
13.52 , 10.28
13.08 , 11.11
13.37 , 10.82
13.2 , 10.7
13.23 , 10.61
13.04 , 10.35
13.56 , 10.65
13.6 , 10.84
13.24 , 10.38
13.07 , 10.67
13.11 , 10.58
12.57 , 10.56
13.08 , 10.54
13.07 , 10.27
12.94 , 11.03
12.92 , 10.53
12.96 , 10.62
13.04 , 11.16
12.91 , 11.0
13.06 , 10.77
13.82 , 10.66
13.19 , 9.95
13.11 , 10.61
13.23 , 10.72
12.93 , 10.43
13.4 , 10.6
13.22 , 10.83
13.24 , 10.7
12.95 , 10.67
12.8 , 11.11
13.04 , 11.09
13.11 , 10.63
13.56 , 10.72
13.29 , 10.6
13.18 , 10.49
13.06 , 10.22
13.22 , 10.47
13.61 , 11.2
13.74 , 10.37
13.18 , 10.64
12.89 , 11.06
13.46 , 10.75
13.77 , 10.8
13.21 , 10.74
13.18 , 10.8
12.97 , 10.8
13.23 , 10.57
13.21 , 10.65
12.87 , 10.83
13.27 , 11.13
13.32 , 10.91
13.32 , 10.64
13.02 , 10.56
13.19 , 10.07
13.26 , 10.5
13.42 , 10.94
13.27 , 10.98
13.66 , 10.87
13.27 , 10.71
13.77 , 11.07
13.65 , 10.25
12.8 , 11.13
13.55 , 11.02
13.52 , 10.61
13.5 , 10.67
13.76 , 10.9
13.15 , 10.49
13.65 , 10.91
13.47 , 10.77
13.09 , 10.47
13.54 , 10.23
13.54 , 10.83
13.58 , 10.9
13.9 , 10.76
13.22 , 10.26
12.87 , 10.71
13.66 , 10.27
13.49 , 10.51
13.38 , 10.74
13.46 , 10.39
13.65 , 10.66
12.99 , 10.89
13.86 , 10.59
13.87 , 10.29
13.41 , 11.02
13.81 , 10.82
13.75 , 10.59
13.67 , 10.94
13.73 , 10.79
13.71 , 10.8
13.65 , 10.31
13.66 , 10.46
13.42 , 10.71
13.58 , 10.36
13.39 , 10.76
13.42 , 10.7
13.59 , 10.75
13.39 , 10.74
13.68 , 10.38
13.74 , 10.45
13.64 , 10.85
13.71 , 10.4
13.32 , 10.4
13.7 , 10.73
13.11 , 10.88
13.86 , 10.57
13.55 , 10.76
13.32 , 10.59
13.72 , 10.61
13.58 , 10.73
14.02 , 10.77
13.68 , 10.58
13.91 , 10.72
13.59 , 11.03
13.94 , 10.47
13.53 , 11.02
13.5 , 11.1
13.58 , 11.19
13.38 , 10.21
13.26 , 11.2
13.45 , 10.59
13.49 , 10.52
13.68 , 10.74
13.49 , 10.57
13.99 , 10.95
13.9 , 11.02
13.61 , 10.93
14.08 , 10.5
14.01 , 10.09
13.19 , 10.34
13.43 , 10.46
13.56 , 10.91
13.5 , 10.61
13.36 , 10.31
13.65 , 10.52
13.92 , 10.74
13.25 , 10.89
13.4 , 10.61
13.45 , 10.5
13.56 , 10.41
13.53 , 10.64
13.9 , 10.89
14.17 , 10.3
13.63 , 11.01
13.45 , 10.67
13.92 , 11.1
13.89 , 10.79
13.71 , 10.86
13.78 , 10.79
13.6 , 10.68
13.54 , 10.44
13.55 , 10.5
13.6 , 10.56
13.39 , 10.79
13.86 , 11.1
13.19 , 10.36
13.54 , 10.49
13.81 , 10.5
13.6 , 10.89
13.75 , 10.31
14.04 , 11.27
14.09 , 10.67
14.15 , 10.69
13.73 , 10.78
14.15 , 10.74
13.75 , 10.37
13.88 , 10.44
13.81 , 10.37
13.62 , 10.47
13.68 , 10.43
14.16 , 10.91
13.77 , 10.45
14.13 , 10.65
14.0 , 10.97
13.76 , 10.83
13.98 , 10.61
13.83 , 10.56
13.03 , 10.62
14.3 , 10.97
14.57 , 10.74
14.11 , 10.56
13.71 , 10.5
14.01 , 10.91
13.43 , 10.89
14.14 , 10.92
13.59 , 10.77
14.0 , 10.39
13.64 , 11.27
13.76 , 10.6
13.44 , 10.57
14.28 , 10.82
13.73 , 10.73
14.04 , 10.87
13.7 , 10.82
13.79 , 10.6
13.75 , 10.52
14.08 , 10.28
14.02 , 11.4
13.75 , 10.65
13.96 , 11.11
13.62 , 10.86
13.96 , 11.21
13.94 , 11.22
13.75 , 10.81
13.72 , 10.58
13.69 , 10.62
14.39 , 10.59
14.63 , 11.13
14.09 , 10.73
14.1 , 10.54
14.17 , 10.75
13.54 , 10.74
14.18 , 10.74
14.11 , 10.73
13.92 , 10.99
14.39 , 10.65
14.25 , 10.46
14.37 , 10.52
14.07 , 10.97
13.94 , 10.74
14.32 , 10.59
14.16 , 11.0
14.14 , 10.54
13.98 , 10.67
14.09 , 10.89
13.7 , 10.71
14.14 , 11.11
13.74 , 10.51
14.32 , 10.72
14.38 , 10.72
13.95 , 10.72
14.42 , 10.91
14.17 , 10.77
14.39 , 10.89
14.19 , 10.91
14.16 , 10.46
14.36 , 11.03
14.49 , 10.72
13.85 , 10.84
14.01 , 10.28
14.19 , 10.55
14.18 , 10.62
14.37 , 10.95
14.29 , 11.03
14.04 , 11.32
13.75 , 10.92
14.44 , 10.64
14.22 , 10.45
14.08 , 10.81
13.88 , 10.26
14.11 , 10.53
13.97 , 10.7
13.87 , 11.01
14.5 , 10.75
14.07 , 10.73
14.2 , 10.55
14.07 , 10.85
14.01 , 10.59
14.13 , 10.5
14.3 , 10.43
14.47 , 10.92
14.24 , 10.95
14.52 , 10.65
14.24 , 10.6
14.17 , 10.65
14.29 , 10.87
14.81 , 10.83
14.51 , 10.69
14.68 , 10.77
14.24 , 10.68
14.29 , 10.65
14.34 , 11.17
14.31 , 10.56
13.85 , 10.72
14.06 , 10.56
14.34 , 10.83
14.43 , 11.03
14.09 , 10.59
14.11 , 10.5
14.17 , 10.54
14.5 , 10.49
14.87 , 10.25
14.54 , 10.37
14.23 , 10.45
14.35 , 10.86
14.25 , 10.59
14.12 , 10.54
14.15 , 10.58
14.38 , 10.96
14.2 , 10.26
14.28 , 10.95
14.13 , 10.84
14.1 , 10.44
14.44 , 10.3
14.29 , 10.09
14.14 , 10.84
14.27 , 10.58
14.53 , 10.52
14.13 , 10.65
14.39 , 10.78
14.37 , 11.03
14.55 , 10.71
14.98 , 10.37
14.48 , 10.56
14.95 , 10.82
14.63 , 10.84
14.79 , 10.62
14.66 , 10.33
14.58 , 11.02
14.66 , 10.89
14.0 , 10.77
14.38 , 11.12
14.59 , 10.91
14.78 , 10.88
14.14 , 10.55
13.97 , 11.04
14.43 , 10.44
14.6 , 10.65
14.42 , 11.07
14.0 , 10.4
14.47 , 10.69
14.78 , 10.66
14.63 , 11.17
14.18 , 10.41
14.34 , 10.7
14.25 , 10.81
14.34 , 11.03
14.65 , 10.92
14.59 , 10.8
14.14 , 10.7
14.11 , 11.07
14.27 , 10.53
14.44 , 11.29
14.29 , 11.16
14.59 , 11.38
14.51 , 10.62
14.56 , 10.62
14.4 , 10.93
14.47 , 10.97
14.73 , 10.98
14.97 , 11.01
14.36 , 11.08
14.0 , 11.06
14.89 , 10.5
14.91 , 10.3
14.85 , 10.66
14.54 , 10.72
14.48 , 10.94
14.61 , 10.75
14.64 , 10.67
14.39 , 10.91
14.84 , 10.48
14.87 , 11.07
14.69 , 11.12
14.12 , 11.1
14.47 , 10.84
14.44 , 11.36
14.56 , 10.93
14.31 , 10.69
14.78 , 10.74
14.49 , 11.13
14.31 , 10.79
14.64 , 10.68
14.85 , 10.82
14.65 , 10.93
14.68 , 10.9
15.01 , 10.83
14.72 , 10.63
15.06 , 11.0
14.85 , 10.84
14.52 , 10.79
14.8 , 10.49
14.5 , 10.74
15.2 , 10.86
14.39 , 11.08
14.96 , 10.94
14.62 , 10.74
15.28 , 11.04
15.87 , 10.33
14.38 , 10.67
14.54 , 10.61
14.95 , 11.1
14.43 , 10.91
14.99 , 10.84
15.11 , 11.06
14.59 , 10.81
14.86 , 10.49
14.74 , 11.03
14.9 , 10.79
15.44 , 10.93
15.04 , 10.57
15.11 , 10.67
14.78 , 10.68
14.52 , 10.92
14.53 , 10.98
14.64 , 11.09
14.92 , 11.07
14.57 , 10.92
15.03 , 10.85
14.83 , 10.64
14.07 , 10.91
14.55 , 10.53
14.96 , 10.14
14.69 , 10.95
14.88 , 10.73
14.69 , 10.83
14.51 , 10.65
15.08 , 10.56
14.86 , 10.7
14.59 , 10.31
14.69 , 10.6
14.65 , 10.78
14.99 , 10.94
15.0 , 10.5
15.26 , 10.88
15.11 , 10.48
15.2 , 11.35
15.06 , 11.07
14.8 , 10.83
14.93 , 10.96
14.99 , 10.86
14.73 , 10.5
14.95 , 11.41
14.72 , 10.93
15.29 , 10.64
14.57 , 10.89
14.97 , 10.58
15.35 , 10.97
14.98 , 10.46
15.3 , 11.08
15.2 , 11.2
14.74 , 10.55
15.22 , 10.91
15.0 , 10.68
15.26 , 10.86
15.23 , 10.52
15.04 , 10.9
15.28 , 10.39
14.98 , 10.64
15.04 , 10.77
15.14 , 11.0
15.11 , 10.79
15.27 , 11.15
15.07 , 10.61
15.49 , 11.03
15.6 , 10.7
14.97 , 10.76
15.05 , 10.44
15.28 , 10.44
14.4 , 10.79
14.82 , 10.87
14.8 , 10.47
14.59 , 10.5
15.03 , 11.34
15.27 , 10.65
15.44 , 10.87
14.65 , 10.38
14.74 , 10.67
15.13 , 10.66
14.99 , 10.58
15.17 , 11.01
14.87 , 11.12
14.93 , 10.74
15.56 , 10.96
15.16 , 10.34
15.17 , 10.72
15.1 , 11.09
15.02 , 11.26
15.18 , 10.85
15.09 , 10.84
15.51 , 10.87
14.93 , 10.62
15.47 , 10.95
14.98 , 10.78
15.22 , 10.96
14.96 , 10.84
14.88 , 10.62
15.15 , 11.15
15.19 , 11.23
15.31 , 11.14
15.18 , 10.37
14.68 , 10.71
15.67 , 10.78
15.11 , 10.97
15.14 , 10.73
15.29 , 10.92
15.1 , 10.62
15.65 , 10.61
15.03 , 10.78
15.22 , 10.89
15.65 , 11.15
15.26 , 10.85
15.51 , 10.79
15.32 , 10.55
15.38 , 10.8
14.93 , 10.88
15.84 , 10.91
15.1 , 11.14
15.39 , 10.87
15.68 , 11.05
15.83 , 10.63
15.2 , 10.8
15.37 , 10.53
15.39 , 10.48
15.18 , 10.76
15.39 , 10.91
15.15 , 10.91
15.41 , 10.8
15.35 , 10.7
15.8 , 11.17
15.42 , 11.16
15.14 , 10.7
15.28 , 10.94
15.28 , 10.6
15.0 , 10.56
15.61 , 10.95
15.03 , 11.29
15.26 , 10.72
15.35 , 10.84
15.3 , 10.82
15.59 , 11.06
15.23 , 10.79
15.22 , 10.72
15.39 , 10.75
15.56 , 10.6
15.51 , 11.02
15.35 , 10.75
15.58 , 10.74
15.35 , 10.89
14.82 , 11.01
15.5 , 10.98
15.1 , 10.73
15.56 , 10.97
15.31 , 10.72
15.84 , 10.9
15.77 , 10.5
15.57 , 10.7
15.35 , 11.15
15.21 , 10.6
15.31 , 10.78
15.49 , 10.94
15.8 , 10.96
15.93 , 11.1
15.63 , 10.8
15.84 , 10.77
15.75 , 10.85
15.37 , 11.01
15.69 , 10.92
15.79 , 10.87
15.34 , 10.86
15.99 , 10.6
15.08 , 10.84
15.29 , 11.18
15.58 , 10.61
15.53 , 10.61
15.67 , 11.07
15.86 , 11.11
15.56 , 11.14
15.69 , 10.53
15.91 , 10.63
15.43 , 10.46
15.37 , 10.32
15.28 , 10.64
15.29 , 10.75
15.79 , 10.77
15.7 , 11.12
15.45 , 11.21
15.59 , 10.84
15.7 , 11.18
15.31 , 11.08
15.5 , 10.87
15.37 , 10.22
15.92 , 11.04
15.37 , 10.63
15.34 , 10.84
16.15 , 10.82
15.23 , 11.03
15.43 , 10.46
15.75 , 10.85
15.7 , 11.03
15.9 , 10.34
15.71 , 11.14
15.98 , 10.6
15.22 , 10.58
15.78 , 10.8
15.89 , 10.81
15.37 , 10.58
15.64 , 11.06
16.06 , 10.61
15.81 , 10.84
15.42 , 10.56
16.1 , 10.75
15.69 , 10.97
15.81 , 11.03
15.53 , 10.76
15.79 , 10.94
15.55 , 10.44
15.95 , 11.07
15.98 , 10.83
15.3 , 10.76
16.25 , 10.94
15.82 , 10.46
15.6 , 11.1
15.85 , 10.83
16.08 , 11.04
15.91 , 10.82
15.88 , 11.12
15.86 , 10.55
15.74 , 10.79
15.9 , 11.18
15.78 , 10.76
15.98 , 10.98
15.61 , 10.98
15.86 , 10.95
15.44 , 10.37
15.45 , 10.45
16.06 , 11.11
15.51 , 11.23
15.55 , 10.67
16.37 , 10.55
16.01 , 11.07
16.12 , 11.03
15.91 , 11.25
15.83 , 10.89
15.96 , 10.78
15.83 , 11.17
16.27 , 11.02
15.85 , 10.75
15.78 , 10.78
15.77 , 10.85
15.83 , 11.14
15.54 , 10.77
16.1 , 10.77
15.8 , 11.01
15.88 , 10.63
15.95 , 11.03
15.49 , 11.1
15.49 , 11.05
15.6 , 10.93
15.92 , 11.13
15.91 , 10.77
15.75 , 10.93
15.88 , 11.09
16.05 , 11.19
16.13 , 10.92
15.94 , 11.03
16.15 , 10.55
16.06 , 10.79
16.05 , 11.08
15.5 , 10.85
16.22 , 10.45
16.04 , 10.88
15.85 , 11.1
16.22 , 10.89
16.34 , 11.25
16.05 , 11.09
16.22 , 11.31
16.21 , 11.06
16.04 , 11.07
16.41 , 10.87
16.0 , 10.65
16.66 , 10.79
15.91 , 10.75
16.33 , 10.98
15.54 , 10.93
16.5 , 10.88
16.08 , 11.61
16.0 , 10.84
16.22 , 11.49
16.17 , 10.49
16.03 , 10.84
16.26 , 10.8
16.11 , 10.58
15.77 , 10.91
16.49 , 10.65
15.7 , 11.19
16.19 , 11.09
16.06 , 10.96
16.08 , 10.9
16.56 , 10.8
16.02 , 10.9
16.08 , 11.32
16.09 , 11.0
15.83 , 11.03
16.3 , 11.06
15.74 , 10.75
15.49 , 11.32
16.12 , 11.31
16.63 , 11.16
16.0 , 10.85
16.36 , 10.42
16.51 , 11.27
16.39 , 10.83
16.27 , 10.51
15.94 , 10.79
16.0 , 11.32
16.3 , 10.3
16.48 , 11.03
16.14 , 10.73
16.72 , 10.96
16.27 , 10.51
16.07 , 11.13
16.25 , 10.79
16.14 , 10.51
15.61 , 11.04
15.87 , 10.52
16.31 , 11.14
16.15 , 11.18
16.25 , 10.13
16.65 , 10.64
16.64 , 10.84
16.24 , 10.79
16.01 , 11.06
16.68 , 11.23
16.13 , 11.03
16.53 , 11.05
15.95 , 11.42
16.1 , 10.7
16.32 , 10.97
16.15 , 10.58
15.99 , 10.91
15.83 , 11.19
16.46 , 10.97
16.36 , 10.69
16.17 , 11.14
16.19 , 11.31
16.57 , 11.09
16.27 , 10.68
16.29 , 10.67
16.24 , 10.83
16.2 , 11.2
16.12 , 10.73
16.64 , 10.98
16.47 , 10.76
16.44 , 11.24
16.36 , 11.02
16.67 , 11.07
16.68 , 10.62
15.93 , 10.64
16.48 , 10.75
15.88 , 11.37
16.71 , 10.78
16.23 , 10.74
16.58 , 11.03
16.43 , 11.26
16.2 , 10.62
16.41 , 10.91
16.44 , 11.02
16.03 , 11.32
15.97 , 11.0
16.51 , 11.13
16.49 , 10.72
16.39 , 10.58
16.4 , 10.86
15.98 , 11.47
16.3 , 11.06
16.78 , 10.91
16.35 , 10.64
16.28 , 10.74
16.43 , 11.12
16.52 , 11.3
16.57 , 10.98
15.71 , 10.88
16.55 , 10.55
16.47 , 10.75
16.44 , 10.92
16.43 , 10.91
16.59 , 11.0
16.34 , 11.15
16.52 , 11.02
16.95 , 11.34
17.06 , 10.87
16.63 , 11.05
16.55 , 10.89
16.74 , 11.21
17.08 , 10.8
16.66 , 10.74
16.48 , 10.34
17.08 , 10.53
16.58 , 10.49
16.47 , 10.67
16.04 , 10.67
16.51 , 10.9
16.09 , 11.09
16.5 , 10.65
16.96 , 10.76
16.64 , 11.31
16.6 , 10.91
16.83 , 10.82
16.61 , 10.9
16.51 , 11.12
16.67 , 11.29
16.71 , 10.58
16.71 , 10.86
16.56 , 11.18
16.73 , 10.53
17.13 , 10.9
16.22 , 10.85
16.76 , 10.65
16.43 , 10.49
16.71 , 10.8
17.03 , 11.0
16.71 , 10.78
16.9 , 10.59
16.73 , 11.06
16.47 , 10.64
16.96 , 11.39
16.77 , 11.4
16.8 , 10.89
16.58 , 10.63
16.92 , 10.8
16.53 , 11.03
16.82 , 10.76
16.75 , 10.9
16.74 , 10.9
16.61 , 10.33
16.57 , 11.24
16.64 , 10.98
16.88 , 10.69
16.75 , 10.87
16.82 , 11.09
16.76 , 10.89
16.98 , 10.97
16.38 , 11.26
16.86 , 10.8
16.74 , 10.71
16.79 , 10.58
17.02 , 11.06
16.52 , 11.07
16.41 , 10.81
16.53 , 11.12
16.95 , 10.61
16.83 , 11.07
16.7 , 11.55
16.4 , 11.28
17.17 , 10.86
16.52 , 11.25
16.19 , 10.94
16.45 , 10.94
16.67 , 10.62
16.96 , 11.24
16.48 , 11.11
16.85 , 10.78
16.7 , 11.09
17.12 , 10.88
16.23 , 11.15
16.95 , 10.46
16.72 , 10.95
16.78 , 11.02
16.64 , 11.11
16.18 , 11.04
16.72 , 10.92
17.03 , 11.29
16.62 , 10.92
16.62 , 10.96
16.74 , 10.65
17.17 , 11.04
16.89 , 11.28
16.49 , 11.05
17.3 , 10.86
16.69 , 10.75
17.22 , 11.22
17.0 , 11.18
16.75 , 10.85
17.13 , 10.72
16.98 , 10.95
16.72 , 11.0
16.62 , 10.79
16.44 , 10.64
16.72 , 11.04
16.95 , 10.64
16.89 , 11.52
16.98 , 11.05
16.43 , 10.83
17.25 , 10.59
16.74 , 10.77
16.94 , 11.1
16.54 , 11.12
16.32 , 10.72
17.09 , 10.66
16.78 , 10.82
17.39 , 10.7
17.24 , 11.45
16.91 , 10.75
17.01 , 10.7
16.92 , 10.68
16.64 , 10.55
17.25 , 10.78
16.73 , 11.22
16.98 , 10.87
16.84 , 10.95
16.95 , 10.84
16.99 , 11.15
16.99 , 11.28
17.29 , 10.69
16.81 , 10.63
16.86 , 11.13
16.97 , 10.83
17.09 , 10.4
17.15 , 10.9
17.24 , 10.88
17.33 , 11.22
17.0 , 11.1
16.86 , 10.77
16.81 , 10.9
16.79 , 10.68
17.04 , 10.58
17.25 , 10.72
17.04 , 10.88
17.36 , 11.1
17.05 , 10.8
17.33 , 10.92
16.86 , 10.99
17.28 , 10.95
17.14 , 11.33
17.0 , 11.15
17.53 , 11.38
16.85 , 11.09
17.18 , 11.56
17.47 , 11.21
17.46 , 11.1
16.9 , 11.52
16.74 , 11.15
17.37 , 11.01
17.43 , 10.95
17.38 , 11.02
17.0 , 11.21
17.05 , 11.12
16.93 , 11.02
17.34 , 11.25
16.93 , 10.83
17.21 , 10.7
17.37 , 11.56
17.39 , 11.12
17.01 , 11.11
17.36 , 11.46
17.14 , 11.28
17.15 , 10.9
17.13 , 11.04
16.87 , 10.87
17.62 , 10.51
17.48 , 11.16
17.15 , 10.77
17.55 , 10.88
17.34 , 10.91
16.99 , 11.23
17.44 , 10.73
17.56 , 10.66
16.96 , 11.19
17.18 , 10.97
17.7 , 10.7
17.45 , 10.87
17.33 , 10.92
17.11 , 10.99
17.08 , 10.98
17.08 , 10.9
17.35 , 10.62
17.31 , 11.15
17.36 , 11.21
17.08 , 11.12
17.42 , 10.28
17.34 , 11.2
17.33 , 10.99
17.32 , 10.94
17.09 , 10.8
16.81 , 11.5
17.36 , 11.03
17.53 , 11.11
17.36 , 10.58
17.08 , 11.4
17.49 , 11.15
17.12 , 10.86
17.46 , 10.78
17.7 , 10.79
17.29 , 10.69
17.5 , 11.31
17.46 , 10.98
17.32 , 11.18
17.42 , 11.42
17.36 , 10.89
17.3 , 10.5
17.49 , 11.02
17.04 , 10.69
17.17 , 10.9
17.19 , 11.18
17.75 , 10.82
17.46 , 10.72
17.79 , 10.71
17.26 , 10.99
17.26 , 11.66
17.42 , 10.92
17.23 , 10.96
17.33 , 10.88
17.74 , 10.84
17.59 , 10.83
17.75 , 10.8
17.26 , 10.93
17.82 , 10.89
17.29 , 10.95
17.33 , 11.05
17.35 , 11.07
17.74 , 11.11
17.9 , 11.07
17.99 , 11.31
17.47 , 11.19
17.35 , 10.94
17.52 , 10.79
17.62 , 10.97
18.05 , 11.19
17.5 , 10.82
17.43 , 10.82
17.38 , 11.0
17.23 , 10.92
17.7 , 10.85
17.3 , 10.87
17.8 , 10.8
17.98 , 10.58
17.39 , 11.15
17.93 , 10.95
17.19 , 10.93
17.38 , 10.83
17.52 , 10.85
17.6 , 11.03
17.55 , 10.55
17.58 , 10.35
17.64 , 10.89
17.4 , 11.52
18.05 , 11.33
17.69 , 10.88
17.76 , 11.41
17.63 , 10.96
17.51 , 10.98
17.87 , 10.77
17.93 , 11.03
18.22 , 11.05
17.99 , 10.76
18.28 , 11.02
17.66 , 11.38
17.73 , 10.7
17.84 , 11.14
17.69 , 10.89
17.3 , 11.42
17.6 , 11.1
17.58 , 10.83
17.78 , 10.79
17.95 , 10.61
17.87 , 11.3
17.62 , 11.06
17.94 , 10.9
17.68 , 10.96
18.42 , 10.81
17.7 , 10.9
17.61 , 10.78
17.59 , 11.05
18.05 , 11.42
17.45 , 10.77
17.76 , 10.77
17.58 , 10.96
17.64 , 10.8
17.84 , 10.82
17.72 , 11.09
17.97 , 11.07
18.07 , 11.05
17.43 , 11.38
18.51 , 11.22
18.21 , 11.29
17.7 , 11.17
17.65 , 10.88
17.96 , 11.04
17.66 , 10.67
18.03 , 11.02
17.87 , 10.8
17.65 , 11.01
17.38 , 11.32
17.86 , 11.29
18.09 , 10.88
17.99 , 10.74
17.64 , 11.35
17.74 , 10.83
17.99 , 11.03
18.12 , 10.71
17.82 , 10.76
17.89 , 10.96
17.66 , 10.59
17.56 , 11.26
17.81 , 10.75
17.95 , 10.75
18.14 , 11.24
17.92 , 10.88
17.46 , 11.15
18.43 , 11.08
17.79 , 11.23
17.84 , 10.73
17.91 , 11.18
17.49 , 11.29
18.35 , 11.02
17.83 , 10.68
18.09 , 10.96
18.26 , 11.42
18.27 , 11.08
17.52 , 11.36
17.85 , 10.91
18.24 , 11.15
17.72 , 10.95
17.91 , 11.0
17.7 , 11.4
17.96 , 11.2
18.26 , 11.57
18.18 , 10.85
17.9 , 11.25
18.42 , 10.67
18.49 , 10.9
17.97 , 10.93
18.17 , 10.99
18.02 , 10.81
18.4 , 11.13
18.03 , 11.57
18.21 , 11.38
17.98 , 11.07
18.02 , 11.26
18.13 , 10.62
18.21 , 10.99
18.13 , 11.28
18.0 , 11.2
18.08 , 11.02
17.96 , 11.02
18.01 , 11.24
17.52 , 11.19
18.08 , 10.78
18.29 , 11.04
18.24 , 11.38
18.16 , 10.65
17.72 , 11.03
17.82 , 11.58
18.1 , 10.6
17.59 , 10.91
17.53 , 11.17
17.56 , 11.26
18.02 , 11.33
17.85 , 10.93
18.42 , 10.65
18.32 , 11.41
17.91 , 11.01
18.57 , 11.42
18.57 , 11.03
18.08 , 11.01
18.08 , 11.26
18.39 , 11.18
18.01 , 11.25
18.31 , 11.11
18.5 , 10.96
18.23 , 11.33
18.02 , 11.27
18.39 , 11.43
18.53 , 10.91
18.66 , 10.94
17.93 , 10.99
18.14 , 10.84
18.47 , 11.19
18.39 , 10.72
18.69 , 11.18
18.53 , 11.15
18.34 , 11.25
18.3 , 11.4
18.13 , 10.56
18.17 , 11.06
18.37 , 11.09
18.38 , 11.17
18.24 , 11.2
18.42 , 10.87
17.85 , 11.12
18.41 , 11.33
18.57 , 11.14
18.59 , 10.92
18.19 , 11.4
18.01 , 11.06
18.05 , 10.77
18.85 , 10.63
18.76 , 10.96
18.14 , 10.66
18.39 , 11.22
18.48 , 10.84
18.75 , 11.12
18.48 , 11.22
18.49 , 10.99
18.44 , 10.89
18.42 , 10.83
18.01 , 10.92
18.33 , 10.9
18.3 , 10.94
18.39 , 11.5
18.53 , 11.28
18.63 , 11.29
18.49 , 11.28
18.66 , 11.04
18.33 , 11.07
18.39 , 11.19
18.3 , 10.97
18.47 , 11.2
18.39 , 10.71
18.36 , 11.28
18.37 , 11.38
18.31 , 11.02
18.63 , 11.36
18.37 , 11.44
18.49 , 11.18
18.89 , 11.29
18.4 , 11.06
18.24 , 11.35
18.55 , 11.54
18.77 , 11.09
18.32 , 11.0
18.78 , 11.05
18.76 , 11.39
18.85 , 11.15
18.67 , 10.77
18.58 , 11.09
18.73 , 10.66
18.43 , 11.65
18.55 , 10.97
18.54 , 11.05
18.43 , 11.23
18.59 , 11.37
19.14 , 11.27
18.62 , 11.45
18.2 , 11.53
18.26 , 10.97
18.56 , 10.76
18.4 , 11.13
18.66 , 10.75
17.83 , 11.25
18.16 , 11.18
18.68 , 11.29
18.43 , 10.94
19.33 , 11.07
18.33 , 10.77
18.52 , 11.51
18.76 , 10.87
18.25 , 10.94
18.59 , 11.16
18.72 , 11.37
18.28 , 10.72
18.59 , 11.24
18.48 , 11.16
18.6 , 11.38
18.57 , 10.98
18.75 , 11.34
18.47 , 11.07
18.46 , 10.82
19.24 , 10.95
18.57 , 11.01
18.45 , 11.06
18.63 , 11.19
18.52 , 10.75
18.63 , 11.27
18.98 , 11.08
18.61 , 10.92
19.04 , 10.95
18.55 , 11.09
18.63 , 11.12
18.79 , 11.52
18.82 , 11.2
18.34 , 11.65
18.83 , 11.32
18.63 , 11.08
18.62 , 11.06
18.62 , 11.3
18.98 , 11.09
18.65 , 11.31
18.68 , 11.24
18.58 , 11.45
18.63 , 11.24
19.17 , 11.2
18.68 , 11.29
19.13 , 10.56
18.66 , 11.07
18.97 , 10.74
18.97 , 11.12
18.91 , 10.86
19.09 , 11.75
18.81 , 11.26
18.53 , 10.41
18.77 , 11.05
18.96 , 11.13
18.47 , 10.56
19.07 , 11.35
18.77 , 11.05
18.98 , 10.98
18.5 , 11.42
18.48 , 11.01
19.14 , 11.23
19.1 , 11.48
18.88 , 10.75
18.41 , 10.57
19.03 , 10.76
18.82 , 11.14
18.94 , 11.11
19.17 , 11.2
19.13 , 11.1
18.87 , 11.16
18.99 , 11.31
18.75 , 11.27
19.57 , 10.45
19.04 , 11.09
18.83 , 10.97
18.6 , 11.18
18.72 , 11.51
18.98 , 11.55
18.93 , 10.76
19.02 , 11.17
19.13 , 10.52
18.94 , 11.48
18.94 , 10.61
19.03 , 11.24
19.28 , 11.26
18.69 , 11.42
19.12 , 11.42
18.9 , 11.38
18.43 , 10.79
19.1 , 11.52
19.1 , 11.16
18.92 , 11.02
19.24 , 10.68
19.04 , 11.5
18.56 , 10.56
18.73 , 11.12
19.12 , 10.98
19.19 , 11.0
18.59 , 11.38
19.0 , 10.96
18.59 , 10.49
18.74 , 11.31
18.78 , 10.79
18.82 , 11.28
19.17 , 11.44
18.81 , 11.51
19.43 , 11.24
19.3 , 11.55
19.14 , 10.91
19.18 , 11.22
19.22 , 11.79
19.06 , 11.07
19.37 , 11.14
18.75 , 11.21
19.32 , 10.72
19.5 , 11.62
18.79 , 11.2
19.18 , 11.28
19.16 , 11.31
18.89 , 11.07
19.07 , 11.25
19.59 , 11.36
18.84 , 11.23
19.59 , 11.65
19.54 , 11.16
19.31 , 11.18
18.84 , 11.15
19.02 , 10.82
19.09 , 11.04
19.07 , 11.32
18.87 , 11.16
19.24 , 11.21
19.22 , 11.16
18.75 , 10.62
19.01 , 11.04
18.93 , 10.94
19.06 , 11.57
19.14 , 11.35
19.34 , 11.19
19.42 , 11.0
19.14 , 10.85
19.16 , 11.37
18.97 , 11.12
19.13 , 11.13
19.1 , 11.22
18.89 , 11.18
19.63 , 10.87
19.42 , 10.97
19.07 , 11.6
19.39 , 11.3
19.64 , 11.31
19.21 , 10.57
19.41 , 11.58
19.13 , 10.84
18.81 , 11.3
18.65 , 11.24
19.46 , 11.03
18.99 , 11.08
19.65 , 10.86
19.06 , 11.28
19.11 , 11.48
19.09 , 10.84
18.9 , 11.09
19.56 , 11.15
19.14 , 10.76
19.36 , 10.98
19.88 , 10.85
18.96 , 10.83
19.35 , 11.3
19.37 , 11.45
19.49 , 11.0
19.74 , 10.95
19.37 , 11.16
19.61 , 11.14
19.41 , 10.66
19.32 , 11.19
19.72 , 10.72
19.04 , 11.36
19.93 , 11.19
18.82 , 10.7
19.26 , 10.93
19.49 , 11.42
19.56 , 10.92
19.19 , 11.11
19.48 , 11.3
19.28 , 11.42
19.56 , 11.08
19.44 , 11.56
19.56 , 11.08
19.31 , 11.4
19.5 , 11.19
19.22 , 11.09
19.45 , 11.6
19.09 , 11.19
19.18 , 10.81
20.0 , 10.84
19.74 , 11.42
19.55 , 11.17
19.43 , 11.29
19.54 , 11.3
19.61 , 10.75
19.13 , 11.15
19.44 , 10.82
19.7 , 11.29
19.54 , 11.43
19.63 , 11.13
19.32 , 11.45
19.36 , 10.98
19.24 , 11.34
19.55 , 11.12
19.73 , 10.96
19.7 , 11.03
19.46 , 11.12
19.56 , 11.52
19.36 , 11.43
19.83 , 11.13
19.35 , 10.88
19.51 , 11.89
19.48 , 11.2
19.29 , 11.28
19.6 , 11.42
20.07 , 11.42
19.33 , 11.14
19.22 , 11.06
19.2 , 11.46
19.01 , 11.32
19.6 , 10.78
19.76 , 11.5
20.02 , 11.11
19.77 , 11.22
19.94 , 11.17
19.87 , 10.92
19.42 , 10.9
19.55 , 10.85
19.64 , 11.03
19.25 , 11.23
19.89 , 11.3
19.7 , 11.11
19.57 , 10.77
20.12 , 10.75
19.4 , 10.91
19.36 , 11.21
19.45 , 11.03
19.73 , 10.87
19.36 , 11.29
19.52 , 10.71
19.8 , 10.81
19.65 , 11.18
19.73 , 11.24
19.56 , 11.17
19.25 , 11.24
19.19 , 11.36
19.49 , 11.4
19.66 , 11.31
19.57 , 11.11
19.81 , 11.34
19.59 , 10.49
19.73 , 11.36
20.02 , 11.11
19.97 , 10.28
19.61 , 11.02
20.24 , 11.12
20.37 , 11.19
19.61 , 11.03
19.52 , 11.21
19.77 , 10.93
20.18 , 11.45
19.66 , 11.31
19.7 , 11.05
19.53 , 11.01
20.2 , 11.61
19.73 , 11.1
20.05 , 10.97
19.95 , 10.8
19.87 , 11.37
19.99 , 11.59
20.09 , 11.08
19.44 , 10.59
19.52 , 11.15
19.65 , 11.9
19.91 , 11.3
19.84 , 11.14
19.9 , 11.48
19.83 , 11.43
20.18 , 11.24
20.0 , 11.28
20.13 , 11.42
19.89 , 11.5
20.15 , 11.25
19.54 , 11.64
19.91 , 11.38
19.91 , 11.12
19.56 , 11.2
19.82 , 11.34
19.8 , 11.19
20.07 , 11.2
19.73 , 11.32
19.81 , 10.94
19.62 , 10.98
19.74 , 10.63
19.53 , 11.05
19.8 , 11.16
20.05 , 10.93
20.3 , 11.29
19.3 , 11.19
19.66 , 11.33
20.37 , 10.84
19.95 , 10.92
19.55 , 11.36
20.15 , 11.03
19.83 , 10.89
19.77 , 11.14
19.9 , 11.38
20.0 , 11.19
19.98 , 11.36
20.1 , 10.85
19.91 , 11.31
19.77 , 10.83
19.72 , 10.89
19.92 , 11.16
20.12 , 10.71
20.1 , 11.41
20.66 , 11.13
20.18 , 10.76
20.27 , 11.63
20.07 , 11.05
20.39 , 10.96
20.47 , 10.93
20.14 , 11.28
20.07 , 11.06
19.76 , 11.56
20.14 , 10.98
19.7 , 11.4
20.38 , 11.19
19.93 , 11.35
20.17 , 11.52
20.01 , 11.03
20.04 , 10.86
19.78 , 11.07
20.02 , 11.23
19.7 , 11.12
20.58 , 10.77
19.98 , 11.09
20.24 , 11.01
20.67 , 11.07
20.15 , 11.25
20.45 , 11.32
19.74 , 11.23
19.95 , 11.51
20.24 , 11.3
20.09 , 11.03
20.38 , 11.45
20.7 , 11.15
20.41 , 10.94
20.27 , 11.22
19.86 , 11.06
20.17 , 11.16
20.07 , 11.14
20.15 , 11.1
19.72 , 11.25
20.6 , 11.17
20.2 , 11.01
19.96 , 10.97
19.83 , 11.22
19.94 , 11.3
20.2 , 10.85
20.74 , 11.13
20.22 , 11.1
19.89 , 11.21
20.33 , 10.68
20.21 , 11.25
20.67 , 10.72
20.03 , 11.5
20.02 , 11.38
19.96 , 10.93
20.41 , 11.08
19.95 , 11.23
20.53 , 11.19
20.8 , 10.89
20.66 , 11.3
20.46 , 11.41
20.18 , 11.15
19.91 , 11.04
20.07 , 11.47
20.14 , 11.31
20.24 , 11.82
20.06 , 10.99
20.43 , 10.77
20.29 , 10.97
20.07 , 11.17
20.81 , 11.45
20.5 , 11.34
20.42 , 11.05
20.34 , 11.2
20.46 , 11.44
20.02 , 10.89
20.68 , 10.94
20.62 , 11.94
20.59 , 11.31
20.29 , 11.27
20.56 , 11.99
20.56 , 11.18
20.75 , 11.23
20.68 , 11.3
20.4 , 11.42
20.32 , 11.06
20.34 , 11.25
20.27 , 11.42
20.45 , 11.3
20.28 , 11.29
20.55 , 11.15
20.32 , 11.3
20.44 , 11.08
20.6 , 11.34
20.87 , 10.94
20.07 , 11.3
20.88 , 11.47
20.41 , 11.04
20.49 , 11.11
20.21 , 11.26
20.25 , 11.16
20.24 , 11.18
20.55 , 11.25
20.5 , 10.97
20.07 , 11.21
20.44 , 11.4
20.1 , 11.46
20.42 , 10.96
20.3 , 11.12
20.8 , 11.12
20.54 , 11.01
20.12 , 11.05
20.06 , 11.15
20.42 , 11.67
20.36 , 11.51
20.64 , 11.44
20.54 , 11.2
20.61 , 11.53
20.29 , 10.92
20.35 , 10.87
20.39 , 11.15
20.32 , 11.19
20.81 , 11.25
20.8 , 11.2
20.55 , 10.89
20.84 , 11.32
20.9 , 11.22
20.38 , 11.76
20.26 , 10.74
20.74 , 10.97
20.25 , 11.31
20.35 , 11.69
21.08 , 11.79
20.42 , 11.47
20.4 , 11.11
20.51 , 11.19
20.66 , 11.16
20.93 , 10.89
20.68 , 10.84
20.72 , 11.55
20.98 , 11.4
20.64 , 11.08
20.5 , 11.29
20.42 , 10.91
20.93 , 11.38
20.73 , 11.14
20.79 , 11.14
20.73 , 11.26
20.64 , 11.09
20.81 , 11.04
21.04 , 11.48
20.58 , 11.37
20.86 , 11.26
20.37 , 11.32
20.57 , 11.2
21.18 , 11.26
20.31 , 11.44
20.94 , 11.05
20.67 , 11.08
20.75 , 11.55
21.35 , 11.2
20.73 , 11.61
20.64 , 11.48
20.54 , 12.06
20.5 , 11.44
21.12 , 11.51
21.12 , 11.5
20.73 , 11.44
20.95 , 11.32
20.95 , 11.19
20.53 , 11.62
20.79 , 11.68
21.22 , 11.16
21.16 , 11.37
20.86 , 10.83
20.65 , 11.2
20.61 , 10.97
20.34 , 11.3
20.86 , 11.48
20.41 , 10.87
21.29 , 11.23
20.76 , 11.52
20.51 , 11.22
21.0 , 11.38
21.01 , 11.16
21.18 , 10.9
20.25 , 11.21
20.84 , 11.26
20.29 , 10.93
20.73 , 11.49
21.12 , 11.69
20.51 , 11.14
20.39 , 10.96
20.52 , 11.23
20.62 , 11.34
21.19 , 11.2
20.74 , 11.27
20.8 , 11.21
20.68 , 11.3
20.72 , 11.38
20.91 , 11.53
21.01 , 11.4
20.85 , 11.16
21.02 , 11.06
20.98 , 11.69
20.71 , 11.44
21.05 , 11.27
21.16 , 11.16
20.59 , 11.4
21.02 , 11.35
21.14 , 11.0
20.7 , 11.72
20.85 , 11.54
21.03 , 10.8
20.79 , 11.97
20.98 , 11.46
20.61 , 11.25
20.67 , 11.21
20.98 , 11.09
20.6 , 11.42
21.1 , 11.15
20.78 , 11.5
20.93 , 11.57
21.13 , 11.21
21.22 , 10.82
20.74 , 11.29
21.21 , 11.49
21.12 , 11.08
20.97 , 11.75
21.17 , 11.55
21.03 , 10.98
20.91 , 11.61
20.81 , 11.6
21.14 , 10.85
21.03 , 11.15
20.97 , 11.65
20.68 , 10.88
20.95 , 11.31
21.1 , 11.32
20.82 , 11.23
21.57 , 11.41
21.26 , 11.38
21.11 , 10.91
21.18 , 11.91
20.62 , 11.44
20.74 , 11.45
21.15 , 11.26
20.77 , 11.15
21.41 , 11.22
21.07 , 11.42
20.94 , 11.24
20.72 , 11.8
21.16 , 11.44
20.96 , 11.03
21.29 , 11.17
21.12 , 11.03
21.67 , 11.27
21.2 , 11.52
20.84 , 11.34
20.8 , 11.08
21.34 , 11.58
21.25 , 11.06
21.12 , 11.48
21.04 , 11.21
21.2 , 11.5
21.0 , 10.91
21.02 , 11.25
21.11 , 11.36
21.44 , 11.29
21.27 , 11.13
21.15 , 11.43
20.89 , 11.54
20.97 , 11.22
21.33 , 11.44
21.21 , 11.14
21.67 , 11.27
21.21 , 11.31
21.24 , 11.23
21.07 , 11.04
20.93 , 11.47
21.63 , 11.34
21.26 , 11.24
21.13 , 11.77
21.28 , 11.43
21.49 , 10.59
21.4 , 11.29
21.27 , 11.33
21.41 , 11.45
21.66 , 11.2
21.36 , 11.53
21.12 , 11.26
21.42 , 11.36
21.25 , 11.37
21.94 , 11.2
21.02 , 11.35
20.84 , 11.15
20.81 , 11.6
21.49 , 11.25
20.75 , 11.01
21.04 , 12.03
20.93 , 11.3
21.52 , 11.45
21.22 , 11.16
21.57 , 11.26
20.93 , 11.13
21.18 , 11.67
21.29 , 10.88
21.24 , 11.51
21.11 , 11.17
21.03 , 11.36
21.36 , 11.17
21.39 , 11.43
21.19 , 11.29
21.52 , 11.24
20.97 , 11.45
21.35 , 11.41
21.42 , 11.7
21.03 , 11.8
21.51 , 11.49
21.17 , 11.32
21.36 , 11.42
20.99 , 11.3
20.91 , 11.84
21.24 , 11.15
21.28 , 11.46
21.65 , 11.47
20.99 , 11.22
21.48 , 11.34
21.63 , 11.18
21.36 , 10.81
21.41 , 11.47
21.49 , 11.11
21.44 , 11.32
21.22 , 11.18
21.5 , 11.47
21.94 , 11.08
21.39 , 11.52
21.35 , 11.51
21.0 , 11.74
21.72 , 11.34
21.16 , 11.22
21.29 , 11.67
21.37 , 11.38
21.64 , 11.23
21.34 , 10.77
21.71 , 11.69
21.55 , 11.09
21.63 , 11.25
20.83 , 11.24
21.02 , 11.24
21.24 , 11.53
21.14 , 11.36
21.5 , 10.93
21.55 , 11.15
21.29 , 10.96
21.55 , 11.17
21.52 , 11.31
21.92 , 11.26
21.57 , 11.66
21.45 , 11.62
21.69 , 10.84
21.94 , 11.29
21.29 , 11.26
21.63 , 11.38
22.11 , 10.89
21.67 , 11.19
21.48 , 11.21
21.41 , 11.73
21.65 , 11.31
21.69 , 10.94
21.57 , 11.2
21.38 , 11.66
21.67 , 11.48
21.48 , 11.35
21.62 , 11.48
21.67 , 11.44
21.45 , 11.45
21.75 , 11.45
21.58 , 11.39
21.64 , 11.4
21.65 , 11.21
21.53 , 11.36
21.4 , 10.72
21.65 , 11.23
21.73 , 11.48
21.76 , 11.27
21.72 , 10.91
21.83 , 11.11
21.5 , 11.45
21.54 , 11.1
21.63 , 11.08
21.9 , 11.05
21.68 , 11.6
21.78 , 11.89
21.97 , 11.41
21.42 , 11.48
22.03 , 11.56
21.87 , 11.49
21.71 , 11.43
21.84 , 11.34
22.06 , 11.12
22.06 , 11.2
21.5 , 11.26
21.55 , 11.27
21.92 , 11.64
21.96 , 10.68
22.06 , 11.16
21.87 , 11.65
22.05 , 11.77
21.8 , 11.1
21.56 , 11.81
21.71 , 11.38
21.68 , 11.12
22.17 , 11.68
21.85 , 11.5
21.63 , 11.31
21.69 , 11.58
22.13 , 11.2
21.4 , 11.54
22.34 , 11.1
22.29 , 11.42
21.91 , 10.96
21.8 , 10.99
22.01 , 11.91
21.91 , 11.17
21.71 , 11.32
21.9 , 11.7
21.89 , 11.37
21.62 , 11.12
21.93 , 11.32
21.84 , 11.47
22.28 , 11.12
22.06 , 11.58
21.77 , 11.03
21.59 , 11.39
21.93 , 11.44
22.08 , 11.6
22.24 , 11.76
21.91 , 11.39
21.7 , 11.06
21.92 , 11.08
22.26 , 11.16
22.35 , 11.18
21.9 , 11.62
22.04 , 11.7
21.74 , 11.54
21.85 , 11.47
21.62 , 11.14
21.89 , 11.46
21.71 , 11.13
21.53 , 11.22
22.37 , 11.21
21.5 , 11.01
21.71 , 11.24
22.05 , 11.57
21.87 , 11.51
21.98 , 11.52
22.26 , 11.55
21.59 , 11.54
21.92 , 10.79
22.12 , 11.3
21.71 , 10.88
22.15 , 11.43
22.19 , 11.38
22.52 , 11.19
22.06 , 11.38
22.44 , 11.68
21.91 , 11.66
21.89 , 11.57
21.67 , 10.92
22.3 , 11.47
21.97 , 10.94
21.93 , 11.22
22.25 , 11.4
21.59 , 11.17
21.8 , 11.19
21.78 , 11.65
22.37 , 11.31
21.91 , 11.13
22.09 , 11.91
22.34 , 11.49
22.4 , 11.22
21.98 , 11.48
21.83 , 11.67
21.98 , 11.05
22.36 , 11.3
22.06 , 11.71
22.49 , 11.2
22.44 , 11.0
22.5 , 11.42
22.16 , 11.75
22.26 , 10.93
22.25 , 11.6
22.42 , 11.77
22.08 , 11.07
21.78 , 11.25
22.03 , 11.42
22.6 , 11.25
21.87 , 11.38
22.24 , 11.55
22.54 , 11.5
22.28 , 11.2
22.3 , 11.63
22.12 , 11.79
22.22 , 11.57
21.81 , 11.66
22.19 , 11.26
22.28 , 11.44
22.05 , 11.06
22.34 , 11.56
22.29 , 11.32
22.19 , 10.91
22.13 , 11.2
22.22 , 10.82
21.93 , 11.26
21.8 , 11.04
22.63 , 11.32
22.14 , 11.39
22.01 , 11.4
22.16 , 11.12
22.29 , 11.55
22.29 , 11.06
22.31 , 11.22
22.18 , 11.43
22.41 , 11.59
22.21 , 12.0
22.55 , 11.57
22.75 , 11.67
22.71 , 11.68
22.23 , 11.6
22.62 , 11.59
22.67 , 11.55
22.14 , 11.35
22.11 , 11.07
22.85 , 11.61
22.67 , 11.07
22.56 , 11.28
22.54 , 11.58
22.69 , 11.2
22.69 , 11.65
22.47 , 11.13
22.08 , 10.98
21.99 , 11.59
21.99 , 11.2
22.47 , 11.28
22.52 , 11.7
22.28 , 11.56
22.68 , 11.39
22.67 , 11.39
22.47 , 11.63
22.37 , 11.36
22.57 , 11.66
22.17 , 11.68
22.49 , 11.46
22.79 , 11.18
22.23 , 11.13
22.5 , 11.53
22.09 , 11.52
22.17 , 11.46
22.99 , 11.69
22.48 , 11.64
22.67 , 10.83
22.29 , 11.6
22.63 , 11.15
22.61 , 11.52
22.48 , 11.42
22.98 , 11.6
22.73 , 10.99
22.42 , 11.62
22.58 , 11.37
22.29 , 11.5
22.5 , 11.02
23.17 , 11.38
22.08 , 11.05
22.39 , 11.3
22.33 , 11.39
22.91 , 11.16
22.83 , 11.62
22.28 , 11.07
22.75 , 11.67
22.76 , 11.57
22.41 , 11.58
22.31 , 11.57
22.8 , 11.6
22.92 , 11.58
22.85 , 11.47
23.01 , 11.42
22.97 , 11.26
22.32 , 11.48
22.6 , 11.31
22.42 , 11.63
22.73 , 11.65
22.52 , 11.52
22.38 , 11.27
22.83 , 11.63
22.67 , 11.73
22.46 , 11.77
22.61 , 11.4
22.41 , 11.77
22.41 , 11.78
23.01 , 10.98
22.65 , 11.15
22.54 , 11.43
22.6 , 11.6
22.79 , 10.99
22.37 , 11.1
22.34 , 11.56
22.65 , 11.45
22.17 , 11.34
22.14 , 11.42
22.54 , 11.54
22.83 , 11.64
22.65 , 11.53
22.46 , 11.99
22.75 , 11.16
22.74 , 11.71
22.54 , 11.72
22.65 , 11.76
22.74 , 11.22
22.78 , 11.74
22.27 , 11.19
22.84 , 11.16
22.3 , 11.44
22.63 , 11.36
22.66 , 11.5
22.54 , 11.04
22.7 , 11.36
22.72 , 11.45
22.6 , 11.04
22.89 , 11.8
22.91 , 11.46
22.93 , 11.34
22.44 , 10.95
22.82 , 11.15
22.56 , 11.53
23.04 , 11.79
22.38 , 11.37
22.62 , 11.45
22.8 , 11.55
22.76 , 11.14
22.31 , 11.88
22.67 , 11.6
22.86 , 11.62
22.84 , 11.73
22.59 , 11.56
22.96 , 11.23
22.61 , 11.24
23.17 , 11.32
23.07 , 11.33
22.92 , 11.59
22.91 , 11.32
22.75 , 11.9
23.23 , 11.58
22.74 , 11.54
23.35 , 11.27
22.92 , 11.56
22.8 , 11.4
23.1 , 11.36
22.86 , 11.51
22.58 , 11.46
23.18 , 11.71
22.45 , 11.39
23.36 , 11.19
22.71 , 11.52
22.76 , 11.24
22.75 , 11.49
23.0 , 11.53
22.57 , 11.02
23.14 , 11.41
22.98 , 11.54
23.32 , 11.72
22.82 , 11.63
23.09 , 11.8
23.19 , 12.01
23.54 , 11.52
22.75 , 11.58
22.79 , 11.44
23.24 , 11.29
22.5 , 11.3
22.74 , 11.03
23.15 , 11.58
23.07 , 11.73
22.97 , 11.97
23.07 , 11.68
22.83 , 11.56
22.94 , 11.16
23.09 , 11.22
23.27 , 11.04
22.55 , 11.78
23.2 , 11.36
22.56 , 11.28
23.11 , 11.94
22.9 , 11.88
22.62 , 11.86
23.23 , 11.27
23.41 , 11.47
22.88 , 11.36
23.3 , 11.31
22.9 , 11.41
23.04 , 11.14
23.45 , 11.92
23.07 , 11.58
23.05 , 11.19
23.19 , 11.2
22.73 , 11.32
23.21 , 11.34
23.33 , 11.63
23.37 , 11.81
22.99 , 11.65
23.3 , 11.55
23.0 , 11.6
23.18 , 11.65
23.12 , 11.32
22.78 , 11.44
23.61 , 11.52
23.16 , 11.27
23.25 , 11.49
23.21 , 11.4
22.91 , 11.25
23.02 , 11.22
22.91 , 11.54
23.18 , 11.34
23.15 , 11.74
22.89 , 11.63
22.68 , 11.86
23.32 , 12.01
23.66 , 11.5
23.37 , 11.58
22.72 , 11.71
23.42 , 11.68
23.29 , 11.18
23.06 , 10.53
23.29 , 11.28
23.09 , 11.74
23.24 , 10.76
23.49 , 11.1
22.94 , 11.21
23.56 , 11.14
23.34 , 11.62
22.72 , 11.82
23.08 , 11.88
23.16 , 11.84
23.79 , 10.92
22.97 , 11.32
23.52 , 11.89
23.32 , 11.59
23.49 , 11.23
23.14 , 11.5
23.64 , 11.29
23.47 , 11.28
23.01 , 11.5
23.35 , 11.49
23.12 , 11.33
23.55 , 11.11
23.17 , 11.18
23.35 , 11.8
23.24 , 11.3
23.25 , 11.49
23.22 , 11.23
23.43 , 11.85
23.4 , 11.3
23.69 , 11.48
23.46 , 11.44
23.48 , 11.15
23.36 , 11.43
23.32 , 11.51
24.08 , 11.23
23.3 , 11.14
23.41 , 11.34
23.64 , 11.45
23.36 , 11.49
23.9 , 11.75
23.5 , 11.75
23.35 , 11.07
23.06 , 11.61
23.5 , 11.33
23.18 , 11.69
23.31 , 11.17
23.62 , 11.51
23.12 , 11.87
23.29 , 11.34
23.25 , 11.39
23.83 , 11.4
23.64 , 11.31
23.76 , 11.8
23.67 , 11.92
23.52 , 10.98
23.15 , 11.32
23.68 , 11.51
23.55 , 11.54
23.4 , 11.46
23.34 , 11.48
23.66 , 11.9
23.85 , 11.45
23.38 , 11.38
23.04 , 11.72
23.73 , 11.59
23.52 , 11.66
23.76 , 11.81
23.14 , 12.1
23.36 , 11.84
23.25 , 11.81
24.21 , 11.75
23.55 , 11.89
23.53 , 11.53
23.43 , 11.45
23.59 , 11.31
23.86 , 11.58
23.26 , 11.3
23.55 , 11.41
23.95 , 11.23
23.58 , 11.46
23.54 , 11.65
23.73 , 11.35
23.46 , 11.59
23.58 , 11.36
23.19 , 11.58
23.49 , 11.63
23.45 , 11.48
23.55 , 11.04
23.63 , 11.57
23.6 , 11.52
23.99 , 10.99
23.38 , 11.32
23.44 , 11.37
23.31 , 11.4
23.77 , 11.32
23.81 , 11.71
23.86 , 11.56
23.17 , 11.46
23.04 , 11.1
23.83 , 10.79
23.84 , 11.34
23.84 , 11.84
23.66 , 11.24
23.84 , 11.17
23.7 , 11.48
23.97 , 11.06
23.75 , 11.97
23.66 , 11.98
23.94 , 11.09
23.85 , 11.59
23.54 , 11.44
23.26 , 11.93
23.85 , 11.42
23.94 , 11.88
23.7 , 11.48
23.89 , 11.46
24.19 , 11.76
23.8 , 11.4
23.22 , 11.22
24.3 , 11.49
24.07 , 11.0
23.45 , 11.73
24.05 , 11.14
23.38 , 11.23
23.81 , 10.94
24.21 , 11.22
23.88 , 11.71
23.77 , 11.5
23.69 , 12.0
24.09 , 11.46
23.68 , 11.49
23.24 , 11.37
23.68 , 11.85
23.93 , 11.25
23.46 , 11.67
23.93 , 11.71
23.84 , 11.6
23.86 , 11.98
23.84 , 11.25
24.07 , 11.7
23.77 , 11.85
24.0 , 11.32
23.64 , 11.92
24.1 , 11.21
23.58 , 12.0
24.56 , 11.8
23.86 , 11.42
24.1 , 11.9
23.99 , 11.47
23.53 , 11.18
23.61 , 11.01
24.01 , 11.4
24.36 , 11.78
23.92 , 12.02
24.15 , 11.45
23.93 , 11.34
23.79 , 11.5
23.83 , 11.41
23.88 , 11.54
24.28 , 11.47
23.84 , 11.67
24.0 , 11.23
23.88 , 11.49
23.77 , 11.73
24.05 , 11.37
24.26 , 11.61
23.98 , 11.59
24.19 , 11.7
23.8 , 11.6
23.96 , 11.44
23.9 , 11.8
24.01 , 12.17
23.85 , 11.75
24.28 , 11.43
24.03 , 11.8
24.48 , 11.49
23.97 , 11.61
24.2 , 11.43
24.25 , 11.65
24.04 , 11.28
24.22 , 10.97
23.79 , 11.07
23.95 , 11.47
23.96 , 11.35
24.24 , 11.03
23.67 , 11.61
24.37 , 11.62
23.76 , 11.05
24.21 , 11.6
24.09 , 11.18
23.44 , 11.73
24.53 , 11.74
24.22 , 11.65
24.04 , 11.46
24.11 , 11.31
24.19 , 11.2
24.08 , 11.97
24.49 , 11.31
24.33 , 11.68
24.36 , 11.64
24.05 , 11.83
24.4 , 11.22
24.15 , 11.45
23.87 , 11.55
24.05 , 11.02
24.64 , 11.55
24.11 , 11.59
23.92 , 11.32
24.59 , 11.42
23.73 , 11.62
24.39 , 11.34
24.01 , 11.86
24.4 , 11.22
24.06 , 11.43
24.13 , 11.2
24.14 , 11.26
24.37 , 11.58
24.07 , 11.46
24.08 , 11.76
24.33 , 11.69
23.68 , 11.71
24.19 , 11.42
23.86 , 11.82
24.61 , 11.54
24.19 , 11.35
24.44 , 11.56
24.06 , 11.86
24.37 , 11.61
24.23 , 11.47
24.05 , 11.4
24.12 , 11.76
24.01 , 11.91
24.54 , 11.38
24.07 , 11.1
24.49 , 11.72
24.69 , 11.61
24.38 , 11.46
23.97 , 11.71
24.2 , 11.53
24.1 , 11.67
23.87 , 11.23
24.57 , 11.69
24.06 , 11.6
24.4 , 11.8
24.59 , 11.8
24.18 , 12.03
24.33 , 11.72
24.48 , 11.92
24.6 , 11.12
23.98 , 11.51
24.15 , 11.79
24.73 , 11.88
24.09 , 11.68
24.59 , 11.73
24.6 , 12.23
24.57 , 11.65
24.51 , 11.63
24.28 , 11.55
24.15 , 11.3
24.4 , 11.32
24.23 , 11.38
24.1 , 10.87
24.56 , 11.89
24.45 , 11.37
24.69 , 11.64
24.06 , 11.53
24.43 , 11.33
24.55 , 11.18
24.42 , 11.73
23.95 , 11.7
24.65 , 11.34
24.14 , 11.5
24.44 , 11.5
24.36 , 11.26
23.99 , 11.37
24.68 , 11.74
24.63 , 11.5
24.31 , 11.42
24.5 , 11.2
24.56 , 11.66
24.32 , 11.78
24.65 , 10.99
24.38 , 11.52
23.9 , 11.71
24.73 , 11.69
24.46 , 11.92
24.52 , 11.63
24.62 , 11.84
24.08 , 11.79
24.6 , 11.91
24.57 , 11.54
24.35 , 11.57
24.38 , 11.69
24.54 , 11.37
24.7 , 11.54
24.44 , 11.91
24.65 , 11.67
24.36 , 11.88
24.7 , 11.26
24.48 , 11.88
24.8 , 11.54
24.62 , 11.61
23.99 , 11.74
24.93 , 11.43
24.61 , 11.81
24.65 , 11.83
24.6 , 11.5
24.42 , 11.54
24.27 , 11.27
24.62 , 11.34
24.64 , 11.54
24.57 , 11.7
24.5 , 11.31
24.55 , 11.52
24.95 , 11.82
24.29 , 11.12
24.32 , 11.71
24.18 , 11.79
24.56 , 11.85
24.7 , 11.34
24.55 , 11.62
24.94 , 11.5
24.51 , 11.6
24.47 , 11.7
24.76 , 11.79
24.45 , 11.86
25.38 , 11.92
24.7 , 11.54
24.3 , 11.69
25.2 , 11.71
24.79 , 11.56
24.41 , 12.16
24.62 , 11.98
24.71 , 11.56
24.49 , 11.61
24.76 , 11.49
24.69 , 11.53
24.5 , 11.4
25.39 , 11.25
24.9 , 11.23
24.5 , 11.81
24.38 , 11.77
25.11 , 11.52
24.94 , 11.83
24.23 , 11.48
24.65 , 11.81
24.65 , 11.26
24.43 , 11.6
24.79 , 11.69
24.5 , 11.7
24.75 , 11.33
24.46 , 12.13
24.94 , 11.49
24.94 , 11.4
25.22 , 11.73
24.23 , 11.49
24.74 , 11.61
24.51 , 11.83
24.86 , 11.95
24.87 , 11.95
25.22 , 11.61
24.9 , 11.82
24.95 , 11.56
25.43 , 11.89
24.97 , 11.29
24.58 , 11.54
24.57 , 11.23
25.01 , 11.77
24.72 , 11.59
25.15 , 11.82
25.33 , 11.54
24.78 , 11.8
25.34 , 11.56
24.8 , 11.53
25.17 , 11.9
24.65 , 11.86
25.09 , 11.92
24.78 , 11.58
25.04 , 11.73
24.67 , 11.79
25.07 , 11.54
25.03 , 11.88
24.93 , 11.62
24.67 , 11.58
24.76 , 11.35
25.18 , 11.72
25.03 , 11.65
25.29 , 11.17
25.34 , 11.49
24.73 , 11.4
24.74 , 11.56
25.16 , 11.4
25.17 , 11.48
24.98 , 11.95
24.9 , 11.32
25.0 , 11.7
24.9 , 11.5
25.15 , 11.37
24.96 , 11.4
25.16 , 11.5
25.1 , 11.6
24.99 , 11.39
25.33 , 11.47
24.99 , 11.29
25.04 , 11.4
24.76 , 11.86
25.22 , 11.68
25.09 , 11.75
25.04 , 11.66
24.8 , 11.51
25.01 , 10.97
24.75 , 11.39
25.57 , 11.21
24.6 , 11.78
24.82 , 11.73
25.06 , 12.02
25.07 , 11.82
25.04 , 11.62
25.09 , 11.6
25.45 , 12.0
25.1 , 11.56
25.15 , 11.86
25.28 , 11.63
24.71 , 12.19
25.48 , 11.73
25.2 , 11.95
25.54 , 11.64
25.2 , 11.57
25.62 , 11.53
25.03 , 11.88
25.3 , 11.62
25.36 , 11.69
25.15 , 11.71
25.3 , 11.67
25.28 , 11.66
25.3 , 11.39
25.59 , 11.88
25.25 , 11.77
25.63 , 11.74
24.87 , 11.72
24.7 , 11.58
25.55 , 11.36
24.81 , 11.54
25.3 , 12.1
25.14 , 11.61
24.91 , 12.15
25.18 , 11.74
25.48 , 11.59
25.01 , 11.51
25.21 , 11.84
25.49 , 11.5
25.15 , 11.28
25.25 , 12.16
25.36 , 11.55
25.63 , 11.74
25.54 , 12.03
24.95 , 11.64
25.21 , 11.93
25.25 , 11.66
24.77 , 11.51
25.13 , 11.38
25.32 , 11.56
25.34 , 11.86
25.39 , 11.64
25.38 , 11.36
25.2 , 11.49
25.77 , 11.32
25.22 , 11.77
25.19 , 11.79
25.03 , 11.88
25.37 , 11.09
24.97 , 11.32
25.26 , 11.54
25.42 , 11.79
25.49 , 11.75
25.14 , 11.27
25.04 , 11.73
25.11 , 11.33
25.14 , 11.73
25.03 , 11.58
25.54 , 11.84
24.94 , 11.63
25.23 , 12.25
25.32 , 11.29
25.23 , 11.63
25.27 , 11.81
25.29 , 11.65
26.24 , 11.74
25.61 , 11.64
24.79 , 12.05
25.29 , 11.81
25.06 , 11.67
25.69 , 11.36
25.9 , 11.88
25.52 , 11.57
25.66 , 11.13
25.75 , 11.15
25.31 , 11.97
25.52 , 11.17
25.03 , 11.32
25.32 , 11.43
25.7 , 11.55
25.9 , 11.97
25.16 , 11.96
25.8 , 11.35
25.39 , 11.43
25.23 , 11.63
25.56 , 11.44
25.08 , 11.8
25.82 , 11.93
25.14 , 11.51
25.42 , 11.47
25.77 , 11.42
25.43 , 11.73
25.53 , 11.71
25.48 , 11.77
25.6 , 11.66
25.67 , 11.75
25.71 , 11.76
25.65 , 11.73
25.33 , 11.52
25.47 , 11.48
25.43 , 11.48
25.38 , 11.73
26.3 , 12.13
25.56 , 11.66
25.5 , 11.59
25.71 , 11.75
25.65 , 11.88
25.47 , 11.83
25.63 , 11.41
25.9 , 11.42
25.79 , 11.47
25.43 , 11.93
25.7 , 11.65
25.41 , 11.22
25.49 , 11.61
25.84 , 11.65
25.87 , 11.52
25.85 , 11.86
25.57 , 11.86
26.05 , 11.31
25.31 , 11.48
25.5 , 11.42
25.68 , 11.31
26.1 , 11.63
25.71 , 11.61
25.52 , 11.68
25.63 , 11.74
25.85 , 11.45
25.23 , 11.49
25.74 , 11.15
25.79 , 11.68
25.36 , 11.71
25.92 , 11.63
25.82 , 11.8
25.99 , 11.95
25.52 , 11.6
25.72 , 11.41
25.74 , 11.75
25.8 , 11.19
25.56 , 11.04
25.75 , 11.65
25.93 , 11.88
25.5 , 11.63
25.78 , 11.85
26.03 , 11.61
25.39 , 11.85
25.7 , 11.21
25.8 , 11.45
25.77 , 11.96
25.75 , 11.46
25.88 , 11.59
25.8 , 11.91
25.84 , 11.78
25.77 , 11.69
25.53 , 11.48
26.05 , 11.99
25.53 , 11.83
26.02 , 11.47
25.98 , 11.81
26.11 , 12.09
25.82 , 11.76
25.6 , 11.73
25.83 , 11.61
25.86 , 11.88
26.07 , 11.85
26.28 , 11.32
25.81 , 11.65
25.75 , 11.56
25.51 , 11.59
26.16 , 11.56
25.86 , 11.77
25.87 , 11.44
25.75 , 11.96
25.71 , 11.37
26.35 , 11.71
25.61 , 11.24
25.71 , 11.35
25.86 , 11.9
26.09 , 11.58
26.06 , 11.57
25.28 , 11.85
25.71 , 11.44
26.16 , 11.69
26.14 , 11.91
26.11 , 11.65
26.44 , 11.43
26.17 , 12.13
25.9 , 11.53
26.15 , 11.95
26.09 , 11.52
25.99 , 11.32
26.22 , 11.96
25.92 , 11.82
25.9 , 11.69
26.01 , 11.63
26.7 , 11.61
26.23 , 11.46
26.05 , 11.67
25.79 , 11.88
26.19 , 12.0
26.1 , 11.43
26.21 , 11.76
26.46 , 11.11
25.97 , 11.71
26.28 , 11.4
26.3 , 11.76
25.52 , 12.26
25.5 , 11.43
25.83 , 11.8
25.93 , 11.66
25.86 , 11.8
26.25 , 12.11
25.69 , 11.51
25.91 , 11.57
26.03 , 11.84
25.91 , 11.53
26.38 , 12.02
26.54 , 12.18
25.9 , 12.02
26.26 , 11.67
26.24 , 11.53
25.82 , 11.63
25.72 , 11.59
26.12 , 11.44
25.92 , 11.21
25.82 , 11.67
25.95 , 11.72
25.96 , 11.57
25.71 , 12.1
26.07 , 11.91
25.94 , 11.41
26.21 , 11.59
26.12 , 11.85
26.3 , 11.89
26.2 , 11.22
26.27 , 12.06
26.26 , 11.95
26.29 , 11.82
26.32 , 11.33
25.64 , 11.71
26.33 , 11.83
26.11 , 11.58
25.93 , 11.78
26.27 , 11.87
26.17 , 12.01
26.02 , 11.97
26.01 , 12.05
26.45 , 11.46
26.35 , 11.46
26.67 , 11.97
26.25 , 11.79
26.22 , 11.59
25.96 , 11.68
26.49 , 11.79
26.52 , 11.95
26.38 , 11.48
26.01 , 11.61
25.71 , 11.32
26.28 , 12.04
26.81 , 11.75
26.51 , 11.79
26.05 , 11.93
26.27 , 11.86
25.82 , 11.62
26.53 , 11.65
26.29 , 11.92
26.66 , 12.05
26.33 , 11.57
26.54 , 11.55
26.0 , 11.51
26.3 , 11.53
26.11 , 11.95
26.04 , 11.41
26.34 , 11.87
26.2 , 11.47
26.94 , 11.61
27.01 , 11.53
26.67 , 11.41
26.76 , 11.85
26.43 , 11.58
26.76 , 12.05
26.39 , 11.78
26.21 , 11.89
26.31 , 11.86
25.9 , 11.84
26.65 , 11.77
26.8 , 11.54
26.7 , 11.77
26.43 , 11.85
26.76 , 11.3
26.44 , 11.71
26.62 , 11.73
26.32 , 11.8
26.65 , 11.57
26.49 , 11.71
26.3 , 11.74
26.94 , 11.62
26.6 , 11.87
26.76 , 11.66
26.16 , 11.92
25.96 , 11.8
26.72 , 11.89
26.5 , 11.68
26.35 , 11.96
26.07 , 11.44
26.36 , 11.69
26.62 , 11.67
26.51 , 11.6
26.76 , 11.94
26.09 , 12.0
26.59 , 11.76
26.72 , 11.85
26.56 , 11.85
26.08 , 11.84
26.56 , 11.48
26.39 , 11.88
26.42 , 11.5
26.48 , 11.6
26.57 , 12.03
27.05 , 11.74
26.67 , 11.5
26.73 , 11.87
26.4 , 11.92
26.41 , 11.78
26.64 , 11.76
26.65 , 11.85
26.43 , 11.79
26.76 , 11.99
26.38 , 11.64
26.48 , 11.43
26.7 , 12.21
26.45 , 11.67
26.5 , 11.73
26.4 , 12.21
26.36 , 11.91
26.86 , 11.78
26.98 , 11.33
25.9 , 11.91
26.73 , 11.71
26.69 , 11.56
26.39 , 11.56
26.65 , 11.89
27.13 , 11.69
26.24 , 11.97
26.55 , 11.5
26.83 , 11.29
26.34 , 12.2
26.54 , 11.87
26.99 , 11.45
26.71 , 12.03
26.89 , 12.09
27.3 , 12.25
26.86 , 11.6
26.91 , 11.59
26.25 , 11.39
26.71 , 11.74
26.57 , 12.02
26.68 , 11.57
26.71 , 11.74
26.87 , 11.74
26.95 , 11.65
26.69 , 11.89
26.54 , 11.81
26.78 , 12.0
26.13 , 12.07
26.66 , 11.77
27.1 , 11.88
26.4 , 11.68
26.94 , 11.68
26.85 , 11.97
27.25 , 11.59
26.37 , 11.58
26.66 , 12.0
26.84 , 12.07
26.83 , 11.43
26.89 , 11.6
26.87 , 11.36
26.99 , 11.51
26.7 , 11.97
26.75 , 11.54
27.18 , 11.68
27.06 , 11.74
26.37 , 11.71
26.92 , 11.72
27.24 , 11.35
26.65 , 11.92
27.12 , 11.97
26.6 , 11.85
26.97 , 12.21
27.39 , 11.88
27.01 , 11.95
26.83 , 11.83
26.96 , 11.8
27.04 , 11.77
26.73 , 12.04
27.11 , 11.58
27.03 , 11.55
26.97 , 11.59
26.74 , 11.87
26.67 , 11.95
27.3 , 11.71
26.72 , 11.86
26.85 , 11.4
27.45 , 11.65
27.37 , 11.99
27.09 , 11.87
26.85 , 11.92
26.78 , 11.87
26.72 , 11.78
26.23 , 11.64
27.04 , 11.79
27.02 , 11.9
27.38 , 11.65
26.06 , 11.9
27.01 , 11.78
27.14 , 12.16
27.04 , 11.55
27.16 , 11.6
26.6 , 11.51
26.98 , 11.44
26.89 , 11.89
26.43 , 12.08
27.49 , 11.74
26.98 , 11.71
26.27 , 11.82
26.63 , 11.74
26.75 , 11.56
26.83 , 11.52
26.47 , 12.06
26.75 , 12.0
27.21 , 11.7
27.04 , 11.79
27.16 , 11.88
26.97 , 11.77
27.3 , 11.58
26.64 , 11.26
26.96 , 12.01
27.57 , 11.63
27.1 , 11.57
27.09 , 11.74
27.29 , 11.97
27.18 , 11.8
27.3 , 11.73
27.4 , 12.14
27.3 , 12.2
26.94 , 11.9
27.16 , 11.6
27.19 , 11.74
27.22 , 11.82
27.29 , 11.71
27.12 , 12.01
27.44 , 11.83
26.69 , 12.01
27.29 , 11.52
26.65 , 11.4
26.74 , 12.22
27.03 , 11.75
27.33 , 12.15
27.19 , 11.77
27.41 , 12.11
27.23 , 11.65
26.9 , 12.0
26.93 , 11.65
26.64 , 11.49
27.33 , 11.65
27.37 , 11.75
27.05 , 12.01
27.22 , 11.71
27.57 , 11.55
26.92 , 11.8
27.2 , 11.33
27.13 , 11.73
27.0 , 11.84
26.69 , 11.9
27.47 , 12.34
26.9 , 12.02
27.03 , 11.39
27.23 , 11.59
27.09 , 11.58
27.36 , 11.75
27.35 , 11.85
27.36 , 11.8
26.96 , 11.96
27.16 , 11.81
27.3 , 11.82
27.1 , 11.65
27.04 , 11.72
27.45 , 11.57
27.35 , 12.22
26.93 , 11.81
27.37 , 11.74
27.16 , 11.97
27.27 , 11.85
27.03 , 12.1
27.79 , 11.73
27.42 , 11.66
27.62 , 11.9
27.38 , 11.77
27.09 , 11.85
27.42 , 11.35
27.36 , 11.34
27.72 , 11.83
27.46 , 11.61
27.8 , 11.89
27.38 , 11.76
27.15 , 11.71
27.28 , 11.51
27.64 , 11.42
27.47 , 12.11
27.44 , 11.89
27.28 , 11.55
27.82 , 11.45
27.49 , 11.53
27.53 , 11.96
27.69 , 11.81
27.41 , 11.73
27.41 , 11.79
27.61 , 11.76
27.37 , 12.36
27.13 , 11.83
28.04 , 11.49
27.78 , 11.86
27.69 , 11.97
27.08 , 12.03
27.36 , 11.44
27.57 , 11.56
27.41 , 11.88
27.09 , 12.0
27.65 , 11.84
27.69 , 11.79
27.84 , 11.7
27.52 , 11.98
27.6 , 11.43
27.41 , 12.09
27.36 , 11.45
27.6 , 11.57
27.81 , 11.65
26.91 , 11.51
27.24 , 11.64
27.58 , 11.83
27.74 , 11.61
27.4 , 11.9
27.64 , 12.01
27.16 , 11.85
27.63 , 11.94
27.46 , 11.87
27.12 , 11.56
27.82 , 11.6
27.62 , 12.35
27.15 , 11.56
27.59 , 11.88
27.59 , 11.85
27.26 , 11.73
27.81 , 11.55
27.52 , 11.8
27.8 , 11.65
27.91 , 11.88
27.65 , 11.76
27.43 , 11.52
27.78 , 11.81
27.8 , 12.0
27.39 , 11.84
27.44 , 11.36
27.85 , 11.84
27.64 , 12.11
27.34 , 12.1
27.5 , 11.9
27.65 , 11.61
27.28 , 12.07
27.53 , 11.91
27.53 , 11.87
27.6 , 11.8
27.85 , 12.22
27.41 , 11.68
27.75 , 11.73
27.64 , 12.01
27.67 , 11.57
27.89 , 11.86
27.79 , 11.86
27.23 , 12.12
27.5 , 12.1
27.39 , 11.84
27.77 , 11.68
27.81 , 11.95
27.57 , 11.98
27.73 , 11.98
27.52 , 11.67
27.6 , 11.7
27.63 , 11.96
27.81 , 11.64
27.68 , 11.94
27.55 , 11.74
27.63 , 11.59
27.49 , 11.64
27.91 , 11.73
27.84 , 11.69
27.39 , 11.69
27.97 , 11.85
27.64 , 11.9
27.77 , 11.7
27.63 , 11.9
27.67 , 11.45
27.86 , 11.53
27.36 , 11.49
27.26 , 12.13
27.73 , 12.07
27.88 , 11.75
27.43 , 11.96
27.76 , 11.79
27.48 , 12.15
27.61 , 11.91
27.82 , 12.24
28.23 , 11.94
27.77 , 12.11
28.05 , 11.43
27.86 , 11.67
28.16 , 12.22
27.66 , 11.75
27.65 , 11.97
28.08 , 11.47
27.48 , 11.99
27.93 , 11.64
27.97 , 12.11
28.25 , 11.97
27.73 , 12.04
28.02 , 11.71
28.26 , 12.19
28.44 , 11.87
27.82 , 11.79
27.93 , 11.64
27.57 , 12.27
28.1 , 11.95
28.17 , 11.71
27.85 , 11.8
28.28 , 11.82
28.0 , 11.74
28.05 , 11.99
27.95 , 11.75
28.41 , 11.62
27.78 , 12.02
27.71 , 11.61
28.07 , 12.07
28.53 , 12.32
28.09 , 12.32
27.68 , 11.81
27.61 , 12.19
27.84 , 11.9
27.9 , 11.9
27.92 , 12.02
28.26 , 11.76
27.99 , 11.79
27.81 , 12.24
27.53 , 11.41
27.6 , 12.15
28.17 , 12.11
27.74 , 11.82
28.53 , 11.53
27.53 , 11.51
27.96 , 12.06
28.25 , 11.81
28.13 , 11.83
27.95 , 12.18
28.08 , 11.81
28.07 , 11.9
28.18 , 12.12
28.07 , 11.97
28.0 , 11.72
28.55 , 11.75
28.52 , 11.5
28.52 , 11.58
28.08 , 11.88
28.1 , 11.86
27.93 , 12.06
28.03 , 11.6
28.32 , 11.98
27.95 , 11.54
28.37 , 11.89
28.08 , 11.7
27.85 , 12.2
28.23 , 11.68
28.29 , 11.93
28.18 , 11.44
28.27 , 12.03
27.88 , 11.99
28.1 , 11.91
27.91 , 12.05
28.17 , 11.84
28.24 , 11.61
28.28 , 12.28
28.34 , 11.86
27.96 , 11.92
28.17 , 11.79
28.06 , 11.84
28.35 , 11.88
28.29 , 11.93
27.6 , 12.46
28.39 , 11.83
28.22 , 12.11
28.35 , 12.24
27.87 , 11.9
28.06 , 11.93
28.31 , 11.97
28.0 , 12.04
28.48 , 11.91
28.28 , 12.24
28.48 , 11.76
28.54 , 11.99
28.03 , 11.72
27.81 , 11.68
28.27 , 12.1
28.26 , 11.77
28.2 , 11.72
28.17 , 12.3
28.31 , 11.61
28.27 , 11.71
28.03 , 11.66
28.74 , 11.66
28.11 , 11.84
28.57 , 12.41
28.46 , 11.99
28.23 , 11.83
28.66 , 11.71
28.48 , 11.65
28.3 , 11.84
28.55 , 11.43
27.96 , 11.88
28.37 , 12.07
27.99 , 12.12
28.49 , 11.83
28.69 , 11.74
28.63 , 12.21
28.33 , 11.93
28.26 , 11.93
28.49 , 11.77
28.37 , 11.97
28.07 , 11.9
28.42 , 12.26
28.51 , 11.81
28.37 , 12.04
28.16 , 12.0
28.2 , 12.13
28.67 , 11.69
28.61 , 12.08
28.12 , 11.81
28.4 , 12.12
28.26 , 12.17
28.69 , 11.86
28.37 , 11.95
28.55 , 12.02
28.1 , 11.75
28.08 , 12.18
28.68 , 11.85
28.62 , 11.63
28.46 , 12.01
28.08 , 11.91
28.19 , 12.13
28.45 , 11.8
28.22 , 12.14
28.52 , 11.76
28.35 , 11.7
28.78 , 11.79
28.93 , 11.8
28.28 , 11.83
28.47 , 12.08
29.11 , 12.34
28.68 , 11.56
28.9 , 12.34
28.17 , 11.84
28.63 , 12.42
28.77 , 11.94
27.98 , 12.15
28.24 , 11.76
28.2 , 12.03
29.04 , 11.96
28.78 , 11.73
28.26 , 11.98
28.15 , 11.69
28.59 , 11.66
28.69 , 12.46
28.79 , 12.24
28.38 , 11.85
28.58 , 12.02
28.31 , 11.73
28.85 , 12.06
29.04 , 12.3
28.71 , 11.74
28.45 , 11.67
28.83 , 12.15
28.98 , 11.78
28.93 , 11.77
28.64 , 11.76
28.74 , 11.95
28.65 , 11.36
28.75 , 12.14
28.88 , 11.6
28.14 , 12.23
28.65 , 11.81
28.39 , 11.73
28.38 , 11.72
28.77 , 11.48
29.09 , 12.22
28.24 , 11.95
28.72 , 12.13
27.9 , 12.22
29.05 , 11.76
28.59 , 12.14
28.78 , 12.34
28.4 , 11.59
28.65 , 11.92
28.58 , 12.06
28.54 , 12.04
28.43 , 12.31
28.93 , 11.95
28.52 , 11.82
28.49 , 11.55
28.49 , 12.2
28.65 , 12.15
28.78 , 11.79
28.46 , 11.82
28.76 , 11.72
28.58 , 11.64
29.1 , 11.53
28.88 , 11.61
28.67 , 12.36
28.58 , 12.02
28.5 , 12.35
29.1 , 12.28
28.59 , 11.52
28.47 , 11.53
29.08 , 11.97
28.74 , 11.7
28.9 , 11.84
28.67 , 11.97
28.54 , 11.54
29.07 , 12.35
28.33 , 12.04
28.44 , 11.76
28.73 , 12.14
28.4 , 12.27
28.83 , 12.33
28.62 , 11.36
29.03 , 11.64
29.46 , 12.0
29.11 , 11.64
28.82 , 11.96
28.39 , 11.56
28.9 , 12.04
28.74 , 12.41
29.23 , 11.43
28.72 , 11.62
28.6 , 11.79
28.39 , 12.0
29.21 , 12.25
28.46 , 11.98
29.02 , 11.8
29.34 , 12.08
29.23 , 11.94
29.07 , 12.11
28.66 , 11.49
28.93 , 11.66
29.16 , 11.64
29.05 , 11.59
29.43 , 11.98
28.63 , 11.91
28.97 , 11.29
28.66 , 12.0
28.73 , 11.82
29.32 , 12.22
29.0 , 12.03
29.37 , 12.01
28.58 , 11.97
28.65 , 11.72
28.98 , 11.9
28.95 , 12.11
28.92 , 11.98
29.17 , 11.79
28.92 , 11.84
28.7 , 11.71
29.11 , 11.95
28.63 , 12.1
29.19 , 12.16
29.33 , 11.95
29.17 , 11.88
28.76 , 11.9
29.14 , 11.99
28.87 , 11.75
28.88 , 11.82
28.96 , 12.06
29.01 , 11.37
29.23 , 11.81
29.55 , 12.38
29.31 , 11.87
29.04 , 11.56
29.43 , 11.81
29.33 , 12.02
29.55 , 11.98
29.09 , 11.8
28.66 , 12.04
28.91 , 12.18
29.4 , 12.0
29.68 , 12.03
29.31 , 11.75
29.28 , 11.91
29.48 , 11.92
28.56 , 12.16
29.41 , 11.63
29.12 , 12.03
29.33 , 11.7
28.93 , 11.81
29.02 , 11.78
29.2 , 11.59
29.25 , 11.69
29.02 , 11.77
29.36 , 11.98
29.03 , 12.03
28.91 , 11.99
29.22 , 11.95
28.85 , 12.02
29.32 , 12.03
29.07 , 12.19
29.65 , 12.24
29.27 , 12.36
29.01 , 11.51
28.99 , 11.77
29.05 , 11.9
29.29 , 11.86
28.96 , 11.86
29.34 , 11.69
28.86 , 11.83
29.14 , 12.76
29.3 , 11.79
29.15 , 11.78
29.43 , 12.48
29.36 , 11.8
29.3 , 12.6
29.03 , 11.78
29.14 , 11.83
28.68 , 11.68
29.19 , 12.13
29.02 , 11.66
29.19 , 11.61
28.8 , 11.95
29.37 , 11.83
29.4 , 12.07
29.49 , 11.88
29.43 , 11.8
29.35 , 12.16
29.74 , 12.05
29.19 , 11.81
29.03 , 12.14
29.63 , 11.76
29.21 , 11.91
28.96 , 11.64
29.47 , 11.78
29.49 , 12.04
29.69 , 11.78
29.71 , 11.84
29.36 , 12.27
29.23 , 11.67
29.54 , 11.87
28.97 , 12.27
29.2 , 12.15
29.36 , 11.75
29.41 , 11.61
29.66 , 11.7
29.4 , 12.55
29.33 , 11.95
29.06 , 12.34
29.46 , 12.01
29.04 , 11.85
29.37 , 11.84
29.25 , 11.4
29.15 , 12.49
29.51 , 12.16
29.12 , 12.27
29.3 , 11.87
29.48 , 11.92
29.6 , 11.69
29.47 , 11.66
30.04 , 11.57
29.8 , 12.26
29.4 , 11.92
29.43 , 12.08
29.61 , 12.07
29.66 , 12.04
29.26 , 12.11
29.34 , 11.69
29.58 , 11.9
28.84 , 12.16
29.5 , 12.07
29.18 , 11.9
29.35 , 11.94
29.79 , 11.73
29.42 , 11.86
29.6 , 11.57
29.68 , 11.81
29.88 , 12.26
29.45 , 11.8
29.42 , 11.79
29.78 , 12.44
29.23 , 11.76
29.58 , 12.02
29.66 , 11.65
29.76 , 11.88
29.72 , 11.91
29.21 , 12.19
29.52 , 11.82
29.23 , 11.86
29.88 , 12.27
29.76 , 11.82
29.63 , 12.02
29.44 , 11.87
29.65 , 11.73
29.54 , 11.69
29.45 , 11.84
29.71 , 12.11
29.44 , 12.0
29.98 , 11.43
29.59 , 11.6
29.93 , 12.09
29.76 , 12.05
29.22 , 12.26
29.57 , 11.93
29.27 , 11.99
29.23 , 11.58
30.24 , 11.91
30.23 , 12.33
29.99 , 11.48
30.08 , 11.99
29.53 , 12.49
29.89 , 12.18
29.41 , 11.9
29.85 , 11.95
29.2 , 12.02
29.68 , 11.9
29.78 , 11.85
30.04 , 11.55
29.53 , 12.11
29.96 , 12.38
29.98 , 11.68
29.95 , 11.89
30.08 , 12.22
29.51 , 11.91
29.78 , 11.68
29.36 , 11.88
29.93 , 12.33
29.87 , 12.03
29.65 , 12.32
29.41 , 12.11
30.03 , 12.33
29.56 , 11.74
29.68 , 12.18
29.89 , 11.97
30.01 , 11.97
29.74 , 12.41
29.7 , 12.06
29.61 , 12.11
29.65 , 12.16
29.75 , 11.97
30.39 , 12.15
30.05 , 11.89
29.74 , 12.18
30.04 , 12.09
30.11 , 11.45
29.85 , 12.27
30.0 , 12.28
29.6 , 12.12
29.64 , 11.59
30.29 , 12.17
30.24 , 11.82
29.84 , 11.82
30.18 , 11.85
29.72 , 11.89
29.75 , 11.83
30.33 , 11.71
29.66 , 11.65
30.18 , 11.77
30.08 , 12.35
29.99 , 12.45
29.75 , 12.61
30.12 , 11.63
30.06 , 11.9
30.28 , 11.67
30.16 , 11.62
30.06 , 11.57
29.3 , 12.1
29.62 , 12.29
29.96 , 11.84
30.2 , 12.46
29.83 , 11.82
29.96 , 11.7
29.85 , 11.74
30.34 , 11.72
30.3 , 12.27
29.88 , 11.97
29.72 , 12.39
29.83 , 12.05
29.86 , 12.0
30.13 , 12.12
30.26 , 12.01
30.14 , 11.6
29.9 , 11.54
30.22 , 12.0
29.67 , 11.85
30.1 , 12.37
29.87 , 12.1
29.7 , 12.61
29.72 , 12.21
29.98 , 11.82
30.33 , 12.52
30.27 , 12.04
30.28 , 11.88
29.93 , 11.75
29.92 , 11.96
30.08 , 11.85
29.91 , 11.38
30.43 , 12.27
30.17 , 12.09
29.73 , 11.73
29.95 , 11.93
30.15 , 11.91
29.45 , 12.24
29.91 , 12.18
30.02 , 12.24
30.23 , 11.94
30.13 , 12.09
30.08 , 11.75
29.9 , 12.08
30.0 , 11.56
30.27 , 12.09
30.01 , 11.86
29.89 , 12.1
30.43 , 12.4
30.09 , 12.13
30.14 , 12.3
30.36 , 12.32
30.09 , 12.37
29.61 , 11.84
30.22 , 12.32
29.91 , 12.36
30.05 , 12.08
30.09 , 12.01
30.37 , 12.02
29.94 , 12.32
29.83 , 12.13
29.92 , 12.11
29.74 , 12.03
29.71 , 12.2
30.17 , 11.9
29.77 , 11.94
29.91 , 12.52
30.33 , 11.98
30.34 , 12.24
29.84 , 11.76
29.97 , 11.84
29.96 , 12.02
30.24 , 11.72
30.65 , 12.05
29.9 , 11.97
29.91 , 12.46
29.94 , 11.57
29.97 , 12.32
29.88 , 12.17
30.51 , 12.41
29.88 , 12.39
30.18 , 12.11
30.68 , 12.02
30.36 , 12.1
30.01 , 11.86
30.31 , 12.28
30.62 , 12.0
30.52 , 12.1
29.88 , 12.29
30.43 , 12.16
30.51 , 12.66
30.6 , 12.29
30.0 , 12.66
30.29 , 12.14
29.93 , 12.38
30.69 , 12.39
29.99 , 12.3
30.14 , 12.37
30.68 , 11.84
30.31 , 12.17
30.31 , 12.18
30.0 , 12.62
30.17 , 12.17
30.52 , 12.47
30.51 , 12.11
30.18 , 12.46
30.09 , 12.02
30.01 , 12.13
29.9 , 12.14
30.14 , 12.51
30.0 , 12.25
30.15 , 12.09
29.99 , 12.28
30.44 , 12.31
29.93 , 12.58
30.3 , 12.29
29.92 , 12.22
30.75 , 12.39
30.27 , 12.83
30.6 , 12.26
30.06 , 12.09
30.26 , 12.17
30.46 , 12.13
30.56 , 12.03
29.9 , 12.63
30.07 , 12.4
30.46 , 12.39
30.62 , 12.53
30.33 , 12.36
30.66 , 12.36
30.56 , 12.55
30.18 , 12.51
31.06 , 12.13
30.56 , 11.87
30.28 , 12.27
30.47 , 12.43
30.02 , 12.08
30.32 , 12.22
30.29 , 12.43
30.35 , 12.75
30.44 , 12.49
30.16 , 12.75
30.65 , 12.45
30.32 , 12.52
30.66 , 12.66
30.22 , 12.63
30.38 , 12.25
30.3 , 12.62
30.84 , 12.35
30.26 , 12.46
30.29 , 12.11
30.7 , 12.19
30.31 , 12.46
30.34 , 12.63
30.13 , 12.12
30.47 , 12.42
30.12 , 12.64
30.47 , 12.05
30.47 , 12.59
30.59 , 12.28
30.37 , 12.44
30.55 , 12.28
30.4 , 12.38
30.39 , 12.28
30.52 , 12.72
30.77 , 12.46
30.53 , 12.5
30.53 , 12.22
30.02 , 12.85
31.09 , 12.32
30.68 , 12.57
30.78 , 12.24
30.5 , 13.02
31.02 , 12.24
30.48 , 12.44
30.96 , 12.73
30.28 , 12.65
30.44 , 12.19
30.35 , 12.75
29.96 , 12.91
30.66 , 12.75
30.0 , 12.68
30.27 , 12.16
30.29 , 12.62
30.49 , 13.21
30.79 , 12.91
30.68 , 12.62
30.53 , 13.2
30.42 , 12.28
30.63 , 12.55
30.53 , 12.25
30.32 , 12.54
30.42 , 12.66
30.88 , 12.67
30.63 , 12.49
30.18 , 12.67
30.53 , 12.42
30.34 , 12.78
30.68 , 12.57
30.74 , 12.22
30.52 , 12.95
30.46 , 12.67
30.49 , 12.7
30.3 , 12.25
30.78 , 12.74
30.8 , 12.39
30.62 , 12.58
30.03 , 12.28
30.69 , 13.04
30.44 , 13.05
30.31 , 12.79
30.49 , 12.35
30.79 , 12.48
30.7 , 12.87
30.41 , 12.48
30.56 , 12.63
31.04 , 12.81
30.43 , 12.7
30.54 , 12.64
30.83 , 12.8
30.52 , 12.86
30.85 , 12.81
30.46 , 13.05
30.98 , 12.47
30.83 , 12.87
30.75 , 12.87
30.56 , 12.63
31.4 , 13.42
30.28 , 13.25
30.82 , 12.72
30.86 , 13.05
30.67 , 12.83
30.99 , 12.49
30.28 , 12.84
31.03 , 12.62
30.75 , 12.61
30.64 , 12.7
31.19 , 12.32
30.5 , 12.4
30.74 , 13.25
30.15 , 12.03
30.82 , 12.71
30.64 , 12.76
30.67 , 12.67
30.57 , 12.77
30.54 , 12.65
30.84 , 12.93
30.93 , 13.04
30.76 , 13.23
30.82 , 12.83
30.16 , 13.05
30.8 , 12.74
30.3 , 12.7
30.45 , 12.75
30.77 , 12.76
30.67 , 12.75
31.23 , 12.55
30.86 , 12.58
30.64 , 13.08
30.46 , 12.78
30.43 , 13.17
30.81 , 12.99
30.7 , 13.08
30.41 , 12.95
30.19 , 13.13
30.58 , 12.7
31.07 , 12.82
30.88 , 12.7
30.64 , 13.08
30.58 , 12.7
30.9 , 12.76
30.37 , 12.79
31.17 , 12.66
30.38 , 13.07
30.64 , 12.71
31.29 , 12.89
30.49 , 13.01
30.67 , 13.55
30.87 , 12.78
30.66 , 12.84
30.6 , 13.06
31.28 , 12.4
30.78 , 13.02
30.79 , 13.14
31.04 , 12.91
30.64 , 13.14
30.63 , 12.73
30.74 , 12.95
30.67 , 12.83
30.86 , 13.18
30.63 , 12.68
30.48 , 12.84
30.86 , 13.06
30.71 , 12.6
30.51 , 13.16
30.99 , 13.12
31.06 , 12.94
30.71 , 12.66
30.84 , 12.86
30.55 , 12.78
30.51 , 13.07
30.87 , 13.28
30.86 , 12.88
31.03 , 13.02
30.32 , 12.94
30.5 , 12.62
30.59 , 13.25
31.29 , 12.86
31.0 , 13.17
30.94 , 13.45
30.83 , 12.83
30.53 , 12.75
30.86 , 12.49
31.14 , 12.55
30.54 , 12.84
30.77 , 12.88
30.8 , 13.43
30.78 , 13.17
30.64 , 13.39
30.85 , 13.06
30.6 , 12.78
30.9 , 12.66
31.01 , 13.07
30.15 , 13.06
31.14 , 12.79
31.0 , 13.43
30.89 , 12.99
31.31 , 13.12
31.27 , 12.8
30.89 , 13.16
31.07 , 13.27
31.15 , 12.97
30.85 , 12.96
31.12 , 13.26
30.76 , 13.16
30.86 , 12.9
30.97 , 13.3
30.86 , 12.84
31.42 , 13.67
30.74 , 12.97
30.95 , 13.08
30.89 , 13.03
31.05 , 12.72
30.79 , 13.45
30.89 , 13.36
30.89 , 12.95
30.67 , 13.19
31.04 , 12.37
30.83 , 13.46
31.21 , 13.26
30.77 , 13.18
30.78 , 13.08
31.18 , 13.4
30.58 , 13.38
31.45 , 12.9
31.01 , 13.36
30.99 , 13.35
31.03 , 13.31
31.73 , 13.44
30.97 , 12.95
31.12 , 12.88
30.68 , 12.99
31.06 , 13.04
31.07 , 12.9
31.29 , 13.21
30.99 , 12.93
31.0 , 13.06
30.98 , 12.81
31.2 , 13.18
31.46 , 13.42
30.71 , 12.98
31.17 , 13.26
31.09 , 13.15
31.21 , 13.49
30.75 , 13.18
30.77 , 12.85
30.83 , 13.42
31.43 , 13.59
31.13 , 13.13
31.06 , 13.31
30.96 , 13.18
30.86 , 13.09
31.11 , 13.23
31.21 , 13.53
31.27 , 13.37
30.91 , 13.46
31.63 , 13.14
30.56 , 12.76
31.39 , 13.44
31.12 , 13.19
31.46 , 13.12
31.28 , 13.18
31.31 , 13.56
31.29 , 13.52
31.06 , 13.38
31.29 , 13.74
31.19 , 13.35
30.98 , 13.37
30.73 , 13.2
31.47 , 13.11
31.07 , 13.45
30.95 , 13.36
30.89 , 13.18
31.44 , 12.97
30.67 , 12.88
31.31 , 13.17
31.5 , 12.88
31.23 , 12.75
31.72 , 13.48
31.07 , 13.17
31.15 , 12.78
30.65 , 12.99
31.03 , 13.01
31.52 , 12.76
31.32 , 13.04
31.11 , 13.15
31.23 , 13.44
30.88 , 13.64
30.95 , 12.95
31.14 , 13.55
31.29 , 13.25
31.57 , 13.06
30.99 , 13.76
31.51 , 13.23
31.23 , 13.22
31.28 , 13.33
30.94 , 13.04
31.19 , 13.18
31.09 , 13.26
31.18 , 13.78
31.3 , 13.22
31.33 , 13.06
30.99 , 13.43
31.01 , 13.14
31.62 , 13.81
31.47 , 13.11
30.81 , 13.17
30.93 , 13.18
31.13 , 13.48
31.8 , 13.16
31.18 , 13.01
31.62 , 13.64
31.34 , 13.21
31.22 , 13.48
30.7 , 13.42
31.4 , 13.17
31.57 , 13.28
31.41 , 13.64
31.44 , 13.12
31.36 , 13.59
31.15 , 13.16
31.31 , 13.61
31.64 , 13.8
31.4 , 13.01
31.28 , 13.36
31.65 , 13.64
30.98 , 13.11
31.34 , 13.2
30.86 , 13.04
31.64 , 13.56
31.02 , 13.42
31.17 , 13.26
31.58 , 13.79
31.59 , 13.38
31.64 , 13.12
30.86 , 13.31
31.2 , 13.69
31.06 , 13.51
31.41 , 13.59
31.21 , 13.39
31.12 , 13.47
31.15 , 13.63
31.41 , 13.48
31.38 , 13.54
31.56 , 13.79
30.88 , 13.83
31.45 , 13.74
31.63 , 13.42
31.15 , 13.77
31.82 , 13.4
30.95 , 13.76
31.6 , 13.5
31.09 , 14.0
31.3 , 13.6
31.23 , 13.92
31.47 , 13.87
31.6 , 13.72
31.34 , 13.48
31.23 , 13.48
31.05 , 13.71
31.67 , 13.59
30.72 , 13.37
30.9 , 13.49
31.78 , 13.24
31.27 , 13.57
31.4 , 13.69
31.66 , 13.71
31.34 , 13.21
31.45 , 13.43
31.47 , 13.65
31.22 , 13.6
31.42 , 13.19
31.35 , 13.78
30.95 , 13.6
31.76 , 13.35
31.36 , 13.26
31.83 , 13.69
31.5 , 13.63
31.48 , 13.84
31.5 , 13.25
31.59 , 14.3
31.77 , 13.68
31.52 , 13.53
31.34 , 13.49
31.42 , 13.63
31.46 , 13.32
31.35 , 13.72
31.65 , 13.84
31.32 , 13.82
31.5 , 13.94
31.35 , 14.02
31.46 , 13.71
31.52 , 13.7
31.27 , 13.84
31.4 , 13.99
31.47 , 13.41
31.03 , 13.41
31.71 , 13.7
31.77 , 13.89
31.67 , 13.4
31.55 , 13.45
31.88 , 13.57
31.61 , 13.59
31.62 , 14.09
31.61 , 14.11
30.89 , 13.51
31.24 , 13.78
31.26 , 14.16
31.59 , 13.84
32.16 , 13.54
31.48 , 13.87
31.41 , 13.85
31.21 , 13.84
31.26 , 13.87
31.3 , 14.04
31.4 , 13.87
31.3 , 13.89
31.05 , 12.94
31.37 , 14.01
31.78 , 14.15
31.63 , 13.48
31.59 , 13.9
31.43 , 13.88
31.76 , 13.58
32.01 , 13.55
31.49 , 13.76
31.56 , 13.56
31.96 , 13.79
31.48 , 13.55
31.72 , 13.85
31.46 , 13.88
32.09 , 13.81
31.26 , 13.95
32.02 , 13.78
31.45 , 13.96
31.55 , 14.05
31.72 , 13.88
31.53 , 14.03
31.68 , 13.69
31.74 , 13.69
31.97 , 13.87
31.62 , 14.02
31.5 , 13.74
31.85 , 14.23
31.82 , 13.37
31.64 , 14.1
31.46 , 13.91
31.6 , 14.15
31.89 , 14.07
31.09 , 14.32
31.63 , 13.91
31.36 , 13.71
31.95 , 13.65
31.73 , 14.09
31.61 , 14.28
31.44 , 13.81
31.82 , 13.49
31.57 , 13.98
31.79 , 14.12
31.61 , 14.05
32.01 , 13.98
31.4 , 14.0
32.28 , 13.76
31.54 , 14.07
31.66 , 13.71
31.76 , 14.26
31.79 , 14.22
31.72 , 13.73
31.98 , 13.93
32.02 , 14.17
31.83 , 13.98
31.66 , 13.33
31.68 , 13.87
31.66 , 14.14
31.65 , 13.74
31.93 , 13.69
31.97 , 14.04
31.97 , 14.35
32.11 , 14.11
31.75 , 14.49
31.81 , 14.03
31.69 , 13.85
32.08 , 14.32
32.05 , 13.62
31.96 , 13.62
31.4 , 14.35
31.84 , 14.49
32.2 , 13.62
31.37 , 14.43
31.56 , 13.93
31.93 , 14.31
31.98 , 13.69
31.81 , 14.03
32.16 , 13.88
32.12 , 14.32
31.8 , 13.96
32.13 , 14.46
31.52 , 13.57
31.8 , 14.18
31.73 , 13.64
31.63 , 14.21
31.56 , 14.31
31.89 , 14.02
31.32 , 13.55
31.83 , 14.16
32.02 , 14.44
31.85 , 14.03
31.95 , 14.42
31.77 , 14.43
32.13 , 13.27
31.99 , 14.52
31.87 , 14.4
31.87 , 14.2
31.81 , 14.12
31.51 , 13.8
31.63 , 14.38
32.13 , 14.18
32.06 , 13.83
31.75 , 14.25
31.62 , 13.67
31.37 , 14.48
31.87 , 14.12
31.96 , 14.48
31.56 , 13.88
31.78 , 14.65
31.54 , 13.78
31.89 , 13.98
32.19 , 14.18
31.89 , 14.51
31.44 , 13.77
32.19 , 13.77
31.79 , 14.03
32.38 , 14.22
32.01 , 14.4
31.69 , 14.42
32.02 , 13.56
31.66 , 13.86
32.1 , 14.27
32.28 , 14.35
31.52 , 13.71
31.69 , 14.17
31.47 , 13.84
31.98 , 13.87
31.95 , 14.21
31.52 , 14.35
32.2 , 14.13
32.01 , 14.23
32.07 , 13.75
31.95 , 13.97
31.82 , 13.83
31.87 , 13.88
32.36 , 14.02
31.71 , 14.39
32.28 , 14.12
32.09 , 14.2
31.92 , 14.26
32.16 , 14.28
31.99 , 14.12
32.31 , 14.55
31.76 , 14.27
32.22 , 14.19
32.01 , 14.69
32.08 , 13.95
31.88 , 14.04
31.95 , 14.3
32.08 , 14.18
31.67 , 14.05
32.19 , 14.26
32.0 , 14.21
32.44 , 14.23
32.14 , 14.16
32.22 , 14.02
32.14 , 14.43
31.96 , 14.21
32.18 , 14.84
32.41 , 14.27
32.43 , 14.01
32.1 , 14.61
31.98 , 14.43
32.31 , 14.23
32.3 , 13.72
32.04 , 14.39
31.89 , 14.06
32.01 , 14.34
32.07 , 14.33
31.29 , 14.22
32.21 , 14.43
32.29 , 14.58
32.6 , 14.3
33.06 , 14.5
32.09 , 14.03
32.08 , 14.64
32.55 , 14.48
31.9 , 14.54
31.83 , 14.01
32.52 , 14.2
32.48 , 14.16
32.18 , 14.08
32.35 , 14.73
32.13 , 14.28
31.84 , 14.01
32.45 , 14.24
31.86 , 14.58
32.07 , 14.46
31.85 , 14.48
31.7 , 14.42
32.12 , 14.55
31.87 , 14.42
33.12 , 14.67
31.69 , 14.04
32.44 , 14.31
32.12 , 14.49
32.14 , 14.59
31.89 , 14.58
32.53 , 14.15
31.94 , 14.23
32.62 , 14.05
32.08 , 14.09
32.23 , 14.6
32.46 , 14.19
31.95 , 14.78
32.23 , 14.5
31.66 , 14.35
31.49 , 14.42
32.26 , 14.59
32.16 , 14.7
32.49 , 14.42
32.38 , 14.84
32.72 , 14.09
32.4 , 14.82
32.44 , 14.21
32.28 , 14.48
32.25 , 14.47
31.9 , 14.44
32.29 , 14.69
32.51 , 14.52
32.31 , 14.33
32.22 , 14.51
31.89 , 14.76
32.02 , 14.95
32.6 , 14.51
32.36 , 14.54
32.3 , 14.01
32.21 , 14.22
32.41 , 14.51
32.01 , 14.66
32.56 , 14.51
31.88 , 14.69
32.56 , 14.67
32.84 , 14.34
32.01 , 14.66
32.0 , 14.62
32.27 , 14.75
32.42 , 14.56
32.1 , 14.37
32.45 , 14.62
32.27 , 14.54
32.14 , 14.8
32.16 , 14.79
32.7 , 14.61
32.25 , 14.66
32.01 , 14.21
32.65 , 14.65
32.29 , 14.91
32.41 , 14.24
32.29 , 14.47
32.57 , 14.42
32.29 , 14.81
32.16 , 14.53
32.58 , 14.7
32.46 , 14.55
32.03 , 14.63
32.65 , 14.28
32.32 , 14.76
32.4 , 14.64
32.51 , 14.99
32.17 , 14.5
32.57 , 14.42
32.18 , 15.2
32.65 , 14.34
32.39 , 14.84
32.69 , 14.85
32.15 , 14.5
32.61 , 14.67
32.17 , 14.79
32.46 , 14.42
32.22 , 14.72
32.58 , 14.71
32.21 , 14.16
32.18 , 14.34
32.36 , 14.4
32.48 , 14.32
32.46 , 15.02
32.35 , 14.43
32.46 , 15.17
32.29 , 14.38
32.72 , 14.68
32.05 , 14.52
32.69 , 14.35
32.21 , 15.01
32.29 , 14.37
32.39 , 14.98
31.99 , 14.99
32.48 , 14.82
32.59 , 14.69
31.95 , 14.71
32.59 , 15.26
32.29 , 14.45
32.65 , 14.43
32.35 , 14.55
32.27 , 14.64
32.41 , 14.34
32.24 , 14.88
32.44 , 14.49
32.31 , 14.94
32.56 , 14.18
32.71 , 14.97
32.36 , 14.89
32.58 , 15.37
32.38 , 14.01
32.51 , 14.79
31.79 , 14.72
32.64 , 14.83
32.42 , 14.64
32.38 , 14.94
32.75 , 14.79
32.3 , 14.75
32.21 , 14.76
32.74 , 14.74
32.69 , 14.34
33.09 , 14.9
32.31 , 14.76
32.2 , 14.81
32.29 , 15.16
32.71 , 14.93
32.4 , 14.6
32.31 , 15.16
32.19 , 14.87
32.42 , 14.83
32.66 , 15.04
32.73 , 14.88
32.34 , 14.61
32.4 , 14.94
32.75 , 14.91
32.77 , 14.87
32.33 , 14.64
32.89 , 14.95
32.6 , 14.79
32.67 , 14.92
32.42 , 14.87
32.42 , 14.71
32.59 , 14.61
32.75 , 14.78
32.8 , 14.62
32.35 , 15.36
32.95 , 14.96
32.96 , 15.03
32.7 , 14.98
32.98 , 15.15
32.29 , 14.94
32.17 , 14.81
32.54 , 15.09
32.82 , 14.82
32.61 , 15.21
32.62 , 14.78
32.55 , 15.29
32.64 , 14.98
32.62 , 15.05
32.6 , 15.23
32.98 , 15.01
32.24 , 15.24
32.68 , 14.96
32.09 , 15.1
32.74 , 14.19
32.78 , 15.6
33.03 , 15.05
32.59 , 14.8
33.05 , 15.14
32.49 , 14.64
32.81 , 14.87
33.15 , 15.22
32.7 , 15.13
32.76 , 14.74
32.8 , 15.26
32.54 , 14.89
32.77 , 14.94
32.99 , 15.2
32.94 , 15.07
32.66 , 15.34
32.81 , 15.13
33.04 , 14.82
32.3 , 14.93
32.78 , 15.27
32.64 , 14.91
32.55 , 15.0
32.6 , 15.35
33.34 , 15.0
32.73 , 14.96
32.78 , 14.86
32.68 , 14.87
32.69 , 14.88
32.91 , 14.77
33.08 , 15.08
32.42 , 14.71
32.53 , 14.67
32.72 , 15.58
32.7 , 15.23
32.78 , 15.02
33.2 , 15.18
32.42 , 15.09
32.43 , 15.02
32.79 , 15.4
32.8 , 14.91
32.8 , 15.19
32.58 , 15.05
33.05 , 15.72
32.88 , 14.91
32.99 , 14.93
32.59 , 15.06
32.34 , 16.01
32.86 , 15.12
32.95 , 14.82
32.11 , 15.24
32.96 , 15.1
32.6 , 15.2
32.64 , 15.43
32.78 , 15.31
32.35 , 14.92
32.61 , 15.23
32.57 , 14.97
32.48 , 15.05
32.38 , 14.85
32.93 , 15.31
33.23 , 15.44
33.15 , 15.29
32.64 , 14.94
33.02 , 15.41
32.59 , 15.42
32.86 , 15.27
32.6 , 14.65
32.5 , 15.09
33.02 , 15.11
33.15 , 14.88
33.26 , 15.25
32.7 , 15.07
33.08 , 14.94
32.54 , 15.19
33.01 , 15.14
32.79 , 15.48
32.85 , 15.2
33.3 , 15.62
32.63 , 14.96
32.58 , 15.35
33.02 , 15.14
32.83 , 15.03
32.94 , 15.46
32.53 , 15.06
33.07 , 15.3
32.82 , 15.19
32.22 , 14.93
32.81 , 15.17
32.69 , 15.17
32.88 , 14.95
32.89 , 15.25
32.89 , 15.32
33.09 , 15.76
32.33 , 15.77
32.94 , 15.43
32.84 , 15.34
32.82 , 15.25
33.43 , 15.38
32.67 , 15.57
32.87 , 15.01
32.59 , 15.48
32.94 , 15.45
32.55 , 14.95
32.89 , 15.44
32.83 , 15.61
32.91 , 15.04
33.08 , 15.46
33.06 , 15.37
32.59 , 15.43
32.87 , 14.93
32.95 , 15.29
32.79 , 15.47
32.79 , 15.06
33.29 , 15.41
33.24 , 15.6
33.05 , 15.67
32.48 , 15.28
33.45 , 15.02
32.52 , 15.21
32.84 , 15.18
32.92 , 15.2
33.05 , 15.31
33.15 , 15.29
32.9 , 15.42
32.73 , 15.29
33.12 , 15.24
33.23 , 15.29
32.99 , 15.44
33.05 , 15.38
32.55 , 15.38
33.62 , 14.93
32.88 , 15.24
33.12 , 15.15
32.95 , 15.29
32.65 , 15.39
33.35 , 15.43
33.01 , 15.34
32.91 , 15.01
33.04 , 15.58
32.57 , 14.94
33.09 , 15.83
33.4 , 15.5
32.79 , 15.88
33.05 , 15.22
32.79 , 15.74
33.05 , 15.66
32.8 , 15.55
32.87 , 15.69
32.66 , 15.69
32.85 , 15.36
32.77 , 15.81
33.06 , 15.45
32.89 , 15.34
33.07 , 15.42
33.03 , 15.53
33.35 , 15.62
33.13 , 15.49
32.87 , 15.67
32.78 , 15.32
33.43 , 14.99
33.02 , 15.49
33.2 , 15.72
33.17 , 16.25
32.93 , 15.32
32.9 , 15.59
33.45 , 15.61
33.09 , 15.67
33.31 , 15.85
32.72 , 15.55
33.42 , 15.57
32.84 , 15.69
33.02 , 15.58
33.71 , 15.41
33.04 , 15.68
32.95 , 15.64
32.91 , 15.64
32.64 , 16.03
33.42 , 15.58
33.62 , 15.63
33.17 , 15.34
33.22 , 15.41
32.98 , 14.85
33.25 , 15.67
33.35 , 15.26
33.17 , 15.13
33.38 , 15.44
32.96 , 15.34
32.98 , 15.74
32.95 , 15.28
33.47 , 15.17
33.11 , 15.58
33.11 , 15.78
33.08 , 15.63
33.15 , 16.01
33.32 , 15.92
33.35 , 15.41
33.17 , 15.66
33.13 , 15.2
33.23 , 15.48
33.31 , 15.53
33.33 , 15.35
32.95 , 15.57
33.39 , 15.44
33.06 , 15.37
32.61 , 15.79
33.1 , 15.21
33.34 , 15.67
33.75 , 15.8
33.49 , 15.74
33.7 , 15.71
33.44 , 15.71
33.11 , 15.3
33.56 , 15.82
33.68 , 15.45
32.62 , 15.84
32.66 , 15.57
33.0 , 15.47
32.78 , 15.46
32.89 , 15.67
33.07 , 15.72
32.84 , 16.24
33.68 , 15.78
33.44 , 16.04
33.03 , 15.7
33.76 , 15.09
33.44 , 15.8
33.21 , 15.85
33.4 , 15.58
33.43 , 15.64
33.56 , 15.83
33.15 , 16.21
33.23 , 15.81
33.25 , 16.01
33.13 , 15.53
33.45 , 15.34
33.3 , 15.9
33.75 , 15.36
32.95 , 15.56
33.46 , 15.95
33.21 , 16.05
33.18 , 15.86
33.28 , 16.19
33.7 , 16.05
33.21 , 15.36
33.25 , 15.63
33.18 , 15.58
33.26 , 15.89
33.67 , 16.03
33.76 , 15.25
33.54 , 16.4
33.65 , 15.99
33.61 , 15.76
33.31 , 15.66
33.26 , 15.73
33.22 , 16.19
33.55 , 16.04
33.83 , 15.88
33.65 , 15.63
33.5 , 15.99
33.1 , 16.0
33.42 , 15.7
33.76 , 15.86
33.4 , 16.05
33.27 , 15.47
33.64 , 16.11
33.28 , 15.91
33.44 , 15.91
33.7 , 15.88
33.62 , 16.07
33.36 , 15.95
33.34 , 15.82
33.77 , 15.66
33.64 , 15.83
33.33 , 15.91
33.31 , 15.47
33.73 , 16.07
33.34 , 15.56
33.21 , 16.32
33.23 , 15.71
33.97 , 15.37
33.18 , 15.65
33.33 , 15.36
33.52 , 15.56
33.13 , 15.98
33.24 , 16.01
33.28 , 16.32
33.19 , 15.98
33.2 , 16.27
33.02 , 15.83
33.53 , 15.82
33.46 , 15.8
33.37 , 16.0
33.99 , 16.05
33.62 , 15.78
33.29 , 15.96
33.34 , 16.36
33.51 , 16.35
33.46 , 16.24
33.15 , 16.4
33.21 , 16.01
33.49 , 15.93
33.74 , 15.73
33.66 , 15.57
33.17 , 16.17
33.88 , 15.71
33.69 , 15.89
33.96 , 16.07
34.02 , 15.88
34.04 , 15.83
34.0 , 16.17
33.19 , 16.27
33.62 , 16.22
33.34 , 15.9
33.25 , 16.41
33.57 , 15.4
33.78 , 16.05
34.26 , 15.94
33.71 , 15.92
32.8 , 16.27
33.46 , 16.21
33.61 , 15.44
33.56 , 16.26
33.85 , 16.28
33.47 , 15.72
33.71 , 15.76
33.95 , 15.99
33.81 , 16.14
33.84 , 16.16
33.73 , 16.1
33.42 , 15.64
33.19 , 16.36
33.44 , 16.17
33.14 , 15.97
34.2 , 16.58
33.81 , 16.14
33.82 , 16.62
33.33 , 16.09
33.52 , 15.33
33.68 , 16.35
33.5 , 15.81
34.01 , 15.94
33.59 , 15.97
33.59 , 16.15
33.89 , 16.21
34.22 , 15.82
33.74 , 16.06
34.28 , 15.69
33.66 , 16.36
33.47 , 16.13
33.72 , 16.24
33.74 , 15.83
33.9 , 15.51
33.44 , 15.91
33.65 , 16.18
34.59 , 16.53
33.68 , 16.22
34.07 , 16.3
33.66 , 15.64
33.16 , 16.28
34.0 , 16.13
34.37 , 16.24
33.41 , 16.29
33.44 , 16.49
33.62 , 16.06
33.71 , 16.56
33.35 , 16.51
34.15 , 16.41
33.73 , 16.44
33.6 , 15.98
34.05 , 15.81
33.84 , 16.06
33.65 , 16.2
33.61 , 16.54
33.55 , 15.92
33.4 , 16.22
33.8 , 16.2
33.79 , 15.92
33.85 , 16.44
33.38 , 16.15
33.76 , 16.14
33.56 , 16.06
33.5 , 16.65
33.44 , 15.96
33.38 , 16.28
33.52 , 16.39
33.8 , 16.34
33.98 , 16.24
33.68 , 16.27
34.04 , 16.02
33.73 , 16.68
33.89 , 16.59
33.97 , 15.82
33.7 , 15.93
33.87 , 16.24
34.0 , 16.34
33.71 , 16.57
33.47 , 15.84
34.05 , 16.39
33.99 , 16.04
34.0 , 16.46
33.84 , 16.3
33.78 , 16.41
33.47 , 16.65
33.59 , 16.03
34.16 , 16.29
33.43 , 16.35
33.7 , 16.41
33.53 , 16.29
33.74 , 16.74
33.59 , 16.59
34.09 , 16.42
33.78 , 16.46
33.65 , 16.6
33.41 , 16.69
33.76 , 16.19
33.94 , 16.78
33.85 , 16.87
33.85 , 16.44
33.53 , 16.35
33.85 , 16.2
33.52 , 16.21
33.97 , 16.54
34.35 , 15.83
34.35 , 16.6
33.88 , 16.7
33.98 , 15.95
34.08 , 16.01
34.09 , 16.05
33.47 , 16.63
33.78 , 16.21
34.38 , 16.4
34.32 , 16.33
33.89 , 15.87
34.25 , 16.28
34.18 , 16.23
33.44 , 16.48
34.2 , 15.81
33.62 , 16.73
34.35 , 16.31
34.0 , 16.57
34.05 , 16.13
34.22 , 16.86
33.98 , 16.46
33.79 , 16.57
34.13 , 16.29
33.52 , 16.06
34.1 , 16.48
33.86 , 15.89
33.58 , 16.87
33.71 , 16.19
34.23 , 16.78
33.84 , 16.5
34.09 , 16.58
33.86 , 16.46
34.13 , 16.86
34.09 , 16.0
33.73 , 16.22
34.19 , 16.86
34.12 , 16.16
33.9 , 16.45
34.22 , 16.53
34.2 , 16.37
34.5 , 16.16
33.98 , 16.76
34.22 , 16.2
33.84 , 16.4
34.23 , 16.73
33.62 , 16.43
34.07 , 16.77
34.18 , 16.85
33.91 , 16.34
34.07 , 16.59
34.65 , 16.53
33.99 , 16.25
34.1 , 16.41
34.2 , 16.49
33.83 , 16.29
33.88 , 16.52
33.34 , 16.34
34.02 , 16.19
34.21 , 16.45
34.22 , 16.6
33.96 , 16.87
34.28 , 16.23
34.01 , 16.2
33.91 , 16.52
33.93 , 16.5
34.2 , 16.85
34.22 , 16.81
33.92 , 16.47
34.33 , 16.43
34.21 , 16.61
34.24 , 16.88
34.13 , 16.44
33.89 , 17.05
34.33 , 16.26
33.73 , 15.98
34.11 , 16.43
33.46 , 16.65
34.12 , 17.09
34.14 , 16.24
34.13 , 16.62
33.83 , 16.27
33.96 , 16.6
34.39 , 16.42
34.22 , 17.05
33.88 , 16.34
33.97 , 16.76
33.88 , 16.9
33.97 , 16.46
34.24 , 16.85
34.03 , 16.61
34.37 , 17.1
34.01 , 16.87
34.42 , 16.81
34.2 , 16.72
33.88 , 16.61
33.96 , 16.52
34.22 , 17.17
34.24 , 16.57
34.48 , 16.42
34.4 , 16.47
34.26 , 17.18
34.15 , 16.51
34.14 , 16.83
33.63 , 17.21
33.92 , 16.81
34.35 , 16.49
34.12 , 16.98
34.09 , 16.87
34.19 , 16.69
34.24 , 16.79
34.14 , 16.99
34.22 , 16.75
33.63 , 16.3
34.41 , 16.9
34.3 , 17.03
33.75 , 16.69
34.4 , 16.94
34.5 , 16.93
34.2 , 17.09
34.06 , 16.65
34.67 , 16.67
34.59 , 16.55
34.24 , 17.0
33.83 , 16.73
33.68 , 16.57
34.22 , 16.76
34.5 , 16.51
34.68 , 16.68
33.99 , 16.86
34.44 , 16.99
34.41 , 16.56
33.8 , 17.2
34.32 , 16.88
34.56 , 17.03
33.99 , 16.37
33.81 , 16.41
34.44 , 16.82
34.29 , 16.57
34.31 , 16.7
34.27 , 16.96
34.3 , 16.97
34.25 , 17.15
34.76 , 16.76
34.34 , 16.79
34.2 , 17.11
34.37 , 16.21
34.63 , 17.01
33.94 , 16.87
34.24 , 16.9
34.32 , 17.51
34.59 , 17.4
34.61 , 16.78
34.66 , 17.29
34.22 , 16.99
34.51 , 17.03
34.56 , 16.4
34.62 , 17.15
34.28 , 17.3
34.4 , 17.4
34.44 , 17.03
34.54 , 17.02
34.71 , 16.73
34.18 , 16.7
34.61 , 16.79
34.47 , 16.79
34.15 , 16.78
34.36 , 16.76
34.73 , 17.07
34.57 , 16.96
34.38 , 16.46
34.39 , 16.73
34.59 , 16.9
34.45 , 16.51
34.58 , 17.01
33.81 , 16.81
34.21 , 17.02
35.07 , 16.79
34.83 , 17.19
34.31 , 16.65
34.21 , 17.03
34.38 , 17.13
34.51 , 16.96
34.42 , 17.09
34.28 , 16.96
34.24 , 17.06
34.6 , 17.19
34.42 , 16.77
34.31 , 17.13
34.29 , 17.05
34.53 , 17.2
34.23 , 17.34
34.09 , 17.27
34.55 , 17.32
34.37 , 17.1
34.26 , 16.89
34.06 , 17.07
34.36 , 17.32
34.93 , 16.75
34.82 , 17.13
34.21 , 16.6
34.49 , 16.92
34.76 , 16.89
34.9 , 16.66
34.51 , 17.12
34.92 , 17.25
34.39 , 17.19
34.61 , 17.15
34.38 , 16.91
34.22 , 16.76
34.59 , 17.22
34.36 , 17.28
34.22 , 16.92
34.39 , 16.79
34.24 , 17.14
34.43 , 17.06
34.51 , 16.84
34.84 , 17.0
34.95 , 17.68
34.84 , 16.96
35.58 , 17.08
34.73 , 16.89
34.03 , 17.03
34.67 , 17.11
34.9 , 17.3
34.76 , 17.64
34.5 , 17.28
34.82 , 17.04
34.68 , 17.45
34.2 , 17.19
34.67 , 17.37
34.64 , 17.25
34.75 , 17.55
34.57 , 17.23
34.49 , 17.36
34.44 , 16.75
34.29 , 17.02
34.32 , 17.04
34.6 , 17.19
34.42 , 17.47
34.81 , 17.21
34.86 , 17.13
34.66 , 17.46
34.74 , 17.19
34.24 , 17.08
34.43 , 17.35
34.66 , 17.25
34.22 , 17.3
34.76 , 17.55
34.9 , 16.65
35.09 , 17.71
34.92 , 17.28
34.55 , 16.92
34.62 , 17.54
34.78 , 17.26
34.7 , 16.97
34.17 , 17.31
34.36 , 17.21
34.93 , 17.08
34.39 , 17.24
34.52 , 17.17
34.74 , 17.21
34.86 , 17.65
34.3 , 16.52
34.53 , 16.77
34.38 , 17.55
34.64 , 17.23
34.6 , 17.49
35.08 , 16.85
34.97 , 17.23
34.28 , 16.96
34.72 , 17.33
34.46 , 17.49
34.64 , 17.37
34.39 , 17.23
35.17 , 16.88
34.78 , 17.24
34.89 , 17.44
34.96 , 17.35
34.26 , 17.61
35.26 , 17.07
34.61 , 17.42
34.36 , 17.33
34.81 , 17.3
34.69 , 17.54
34.69 , 17.65
34.65 , 17.13
34.97 , 17.5
34.38 , 17.02
34.72 , 17.52
34.69 , 17.23
34.71 , 17.66
34.27 , 17.21
34.54 , 17.45
35.16 , 17.66
34.82 , 17.28
35.07 , 17.27
34.6 , 17.52
34.97 , 17.59
34.39 , 17.26
34.7 , 17.41
34.82 , 17.06
34.44 , 17.08
34.41 , 17.81
34.81 , 16.87
34.55 , 17.4
35.02 , 17.76
35.01 , 17.12
34.93 , 17.12
34.9 , 17.35
35.19 , 17.21
35.14 , 17.6
34.51 , 17.04
34.88 , 17.51
34.5 , 17.5
34.36 , 17.78
34.6 , 17.51
34.71 , 17.6
35.03 , 17.01
34.95 , 17.45
34.66 , 17.61
34.97 , 17.67
34.36 , 17.52
34.76 , 17.43
35.31 , 17.57
35.17 , 17.27
34.78 , 17.24
34.8 , 17.4
35.16 , 17.28
35.2 , 17.31
35.37 , 17.34
34.73 , 17.53
34.86 , 17.31
35.11 , 17.63
35.17 , 17.14
35.17 , 17.0
34.98 , 17.38
34.72 , 17.6
34.65 , 17.34
34.68 , 17.75
35.19 , 17.5
34.94 , 17.36
35.2 , 17.72
34.77 , 17.25
35.26 , 17.23
35.09 , 17.8
34.54 , 17.61
35.09 , 17.79
35.32 , 17.34
35.07 , 17.65
35.29 , 17.63
35.1 , 17.24
35.06 , 17.55
35.07 , 17.23
34.78 , 17.59
34.78 , 17.83
35.17 , 17.49
35.32 , 17.67
35.11 , 17.66
35.45 , 17.37
35.25 , 17.72
34.78 , 17.75
34.95 , 17.4
34.91 , 17.63
34.86 , 17.37
35.01 , 17.58
34.79 , 17.38
34.73 , 17.44
35.25 , 17.71
34.78 , 17.6
34.95 , 17.68
35.11 , 17.15
34.7 , 17.67
34.94 , 17.81
34.81 , 17.12
35.67 , 18.05
34.91 , 17.99
34.89 , 17.41
35.23 , 17.08
34.73 , 17.28
35.42 , 17.33
35.06 , 17.66
35.11 , 17.72
35.3 , 17.73
34.92 , 17.68
35.13 , 17.78
35.38 , 17.6
34.92 , 17.09
35.21 , 17.6
35.28 , 17.4
35.02 , 17.48
34.83 , 17.37
35.02 , 17.5
35.29 , 17.79
35.25 , 17.58
35.23 , 17.64
34.73 , 17.45
35.05 , 17.85
34.76 , 18.17
35.08 , 17.51
35.13 , 17.58
35.14 , 17.3
35.24 , 17.8
35.7 , 17.66
35.21 , 18.09
34.93 , 17.94
35.19 , 17.57
34.89 , 18.31
35.14 , 17.91
35.24 , 17.23
35.11 , 17.65
35.5 , 17.97
34.83 , 17.73
34.53 , 17.78
35.07 , 18.03
35.4 , 17.48
35.25 , 17.71
35.12 , 17.74
35.11 , 18.06
35.08 , 18.39
34.62 , 17.63
35.1 , 17.57
34.56 , 17.37
35.17 , 17.53
35.7 , 17.68
35.24 , 17.5
34.88 , 18.18
34.88 , 17.78
35.29 , 17.77
35.4 , 18.08
35.14 , 18.01
35.5 , 17.88
35.61 , 17.59
35.6 , 17.62
35.28 , 17.97
35.44 , 18.58
35.18 , 18.11
34.72 , 17.92
34.78 , 17.22
34.94 , 18.08
35.21 , 17.78
35.14 , 17.56
34.98 , 17.86
34.53 , 18.03
35.16 , 17.79
35.06 , 18.14
35.13 , 18.11
34.92 , 17.92
35.4 , 17.94
35.17 , 17.55
35.61 , 17.49
35.65 , 18.39
35.02 , 18.03
35.58 , 17.54
35.06 , 18.3
35.53 , 18.2
35.15 , 17.8
35.07 , 17.35
35.25 , 18.36
35.36 , 18.18
35.2 , 17.6
35.08 , 17.39
35.05 , 17.39
35.29 , 18.31
35.17 , 17.94
35.27 , 17.88
35.19 , 18.0
34.75 , 17.95
34.81 , 17.99
34.93 , 17.99
35.31 , 18.03
35.1 , 17.86
35.29 , 17.77
35.07 , 18.18
35.2 , 18.0
35.19 , 17.74
35.74 , 17.77
35.35 , 18.0
35.45 , 18.09
34.95 , 18.04
35.03 , 17.91
35.5 , 17.43
35.52 , 18.12
34.99 , 18.32
35.6 , 17.82
35.06 , 18.16
35.16 , 17.45
35.17 , 18.06
35.65 , 17.81
35.3 , 17.96
35.31 , 17.94
35.57 , 18.08
35.66 , 17.56
35.63 , 17.78
35.11 , 18.04
35.49 , 18.27
35.1 , 18.08
35.65 , 17.69
35.83 , 17.97
34.9 , 17.87
35.58 , 17.97
35.57 , 18.16
35.32 , 17.64
35.47 , 17.71
35.54 , 18.15
35.38 , 18.15
35.49 , 17.88
34.97 , 17.53
35.38 , 18.53
35.25 , 17.88
35.16 , 18.07
35.38 , 18.06
35.43 , 17.5
34.84 , 18.17
35.5 , 17.86
35.45 , 18.25
35.0 , 18.07
35.34 , 17.96
35.3 , 17.46
35.49 , 18.18
35.24 , 18.08
35.3 , 17.99
35.57 , 17.97
36.07 , 18.22
35.1 , 18.21
35.67 , 17.51
35.64 , 17.92
35.39 , 18.0
35.05 , 18.0
35.44 , 18.05
35.14 , 18.07
35.46 , 17.84
35.72 , 18.17
35.72 , 18.05
35.55 , 18.48
35.6 , 18.08
35.4 , 18.33
35.51 , 17.97
35.34 , 18.32
35.27 , 18.14
35.59 , 17.65
35.76 , 18.08
35.33 , 18.37
35.48 , 18.18
35.69 , 18.36
35.57 , 18.3
35.24 , 17.99
35.75 , 18.12
35.33 , 18.49
35.85 , 18.3
35.52 , 18.54
35.44 , 17.94
35.56 , 18.09
35.63 , 18.0
35.95 , 18.18
35.71 , 18.41
36.27 , 18.1
35.47 , 18.33
35.72 , 18.31
35.66 , 18.54
35.88 , 18.46
34.98 , 18.12
35.35 , 18.07
35.44 , 18.73
35.67 , 17.93
35.64 , 18.45
35.96 , 18.23
35.52 , 18.0
35.56 , 18.18
35.24 , 18.01
36.08 , 18.52
35.21 , 18.62
35.83 , 17.87
35.57 , 18.34
34.97 , 18.1
35.47 , 18.52
35.46 , 18.33
35.72 , 17.96
35.25 , 18.43
35.77 , 18.5
35.59 , 18.08
35.14 , 18.78
35.14 , 18.3
35.65 , 17.84
35.58 , 18.42
35.74 , 18.11
35.45 , 18.23
35.68 , 18.29
34.72 , 17.98
35.45 , 18.2
35.75 , 18.06
35.16 , 18.3
35.74 , 18.49
35.94 , 18.47
35.66 , 18.6
35.83 , 17.84
36.21 , 18.4
35.63 , 18.2
35.55 , 18.05
35.8 , 18.2
35.76 , 17.96
35.91 , 18.52
35.94 , 18.49
35.87 , 18.38
35.81 , 18.61
35.74 , 18.03
35.74 , 18.42
36.22 , 18.46
35.39 , 18.23
35.67 , 18.91
35.9 , 18.3
35.51 , 18.64
35.74 , 18.49
35.57 , 18.4
36.13 , 18.76
35.78 , 18.25
35.65 , 18.03
35.85 , 18.12
35.79 , 18.32
35.88 , 18.69
35.83 , 18.55
35.73 , 18.0
35.79 , 18.71
36.0 , 18.43
36.14 , 18.13
36.05 , 18.51
35.81 , 18.54
36.2 , 18.21
36.06 , 18.54
35.74 , 18.43
35.52 , 18.42
35.96 , 18.61
35.71 , 18.77
35.66 , 18.47
36.1 , 18.28
35.81 , 18.67
36.11 , 18.68
35.4 , 18.84
35.62 , 18.72
35.71 , 18.57
35.45 , 18.96
35.73 , 18.93
35.97 , 18.67
35.39 , 18.33
36.03 , 18.55
35.83 , 18.93
35.87 , 18.4
35.75 , 18.29
35.88 , 18.61
35.75 , 18.47
35.8 , 18.57
36.03 , 18.5
35.68 , 18.33
35.75 , 18.41
35.91 , 18.36
35.75 , 18.91
35.69 , 18.19
35.68 , 18.49
35.83 , 18.69
35.98 , 18.65
35.55 , 18.9
35.7 , 18.46
35.84 , 18.67
35.86 , 18.22
36.13 , 18.3
35.6 , 18.54
35.87 , 18.58
35.68 , 18.41
35.68 , 18.48
35.98 , 18.76
36.13 , 18.8
35.31 , 18.41
35.62 , 18.67
35.6 , 18.67
36.23 , 18.44
35.87 , 18.84
35.68 , 18.48
36.12 , 18.52
36.13 , 18.31
36.02 , 18.71
35.55 , 18.47
35.76 , 18.75
35.77 , 18.64
35.6 , 19.06
36.15 , 18.72
35.82 , 18.67
35.53 , 18.64
35.35 , 18.44
35.94 , 19.08
36.17 , 18.88
36.4 , 18.67
36.13 , 18.56
36.09 , 18.68
35.36 , 18.62
36.37 , 18.4
36.1 , 19.03
35.9 , 18.74
35.82 , 18.44
36.2 , 18.65
35.84 , 18.89
36.15 , 18.87
36.53 , 18.61
36.01 , 18.54
35.88 , 18.9
36.13 , 18.74
36.21 , 18.54
35.86 , 18.77
35.91 , 17.99
36.07 , 18.93
35.86 , 18.27
36.33 , 18.77
36.05 , 18.78
36.04 , 18.54
35.92 , 18.84
35.85 , 18.63
36.15 , 18.7
36.01 , 18.58
36.31 , 18.58
35.63 , 18.38
36.04 , 18.69
36.06 , 18.81
36.21 , 19.13
35.98 , 18.63
35.79 , 19.05
35.36 , 18.73
36.46 , 18.38
35.85 , 18.79
36.24 , 19.0
35.93 , 18.86
36.15 , 18.72
36.12 , 18.66
36.04 , 18.82
36.26 , 18.66
36.06 , 18.83
35.94 , 18.85
35.99 , 18.93
36.04 , 18.9
35.96 , 18.74
35.73 , 18.38
36.48 , 19.19
35.99 , 18.99
35.5 , 18.93
36.02 , 18.54
36.29 , 19.08
36.0 , 18.88
36.11 , 18.5
35.84 , 18.35
35.89 , 18.71
35.92 , 18.61
36.13 , 18.87
36.09 , 18.79
36.02 , 18.65
36.54 , 18.82
36.2 , 19.09
35.79 , 18.78
36.32 , 18.78
36.3 , 19.06
36.15 , 19.17
36.44 , 18.85
36.42 , 19.13
36.1 , 18.57
36.21 , 19.06
35.87 , 18.56
36.26 , 19.08
36.18 , 18.9
36.02 , 18.8
36.55 , 18.45
35.92 , 19.11
36.33 , 18.9
36.08 , 18.98
36.23 , 18.89
35.96 , 18.81
36.94 , 18.82
36.89 , 18.87
36.25 , 19.05
35.99 , 19.0
36.37 , 18.67
36.06 , 18.7
36.41 , 18.84
36.42 , 19.11
36.03 , 18.85
35.78 , 19.27
36.26 , 18.77
36.31 , 19.07
36.34 , 18.68
36.4 , 18.99
36.53 , 19.09
35.81 , 18.86
35.88 , 19.04
36.18 , 19.06
36.63 , 18.59
36.37 , 19.32
36.22 , 18.91
36.3 , 18.73
36.39 , 19.27
36.42 , 18.77
36.4 , 18.93
36.29 , 18.85
36.75 , 18.76
36.21 , 19.41
36.27 , 19.08
36.64 , 19.09
36.57 , 19.08
36.13 , 19.04
36.08 , 18.95
36.36 , 18.88
35.75 , 18.98
36.34 , 18.86
36.23 , 18.88
36.41 , 18.98
36.54 , 19.16
36.02 , 19.07
36.25 , 19.08
36.28 , 18.69
36.17 , 19.51
36.25 , 19.18
36.35 , 19.1
36.28 , 19.01
36.64 , 19.32
36.28 , 18.96
35.89 , 19.59
36.52 , 18.88
36.02 , 18.61
36.03 , 19.15
36.3 , 18.86
36.64 , 19.04
35.99 , 19.07
36.18 , 19.84
36.63 , 19.48
36.49 , 19.35
36.63 , 18.84
36.17 , 19.03
36.21 , 19.22
36.02 , 19.22
36.52 , 19.16
36.89 , 18.95
36.35 , 19.51
36.55 , 18.71
36.28 , 19.15
36.18 , 18.93
36.01 , 19.31
36.27 , 19.38
36.72 , 18.93
36.45 , 18.98
36.14 , 19.27
36.62 , 19.0
36.43 , 19.69
36.42 , 19.3
36.45 , 19.39
36.23 , 19.27
36.43 , 18.79
36.63 , 19.58
36.48 , 19.13
36.53 , 18.9
36.08 , 19.61
36.53 , 19.16
36.45 , 19.16
36.29 , 19.23
36.75 , 19.34
36.54 , 19.28
36.18 , 19.28
36.42 , 19.13
36.15 , 18.79
36.63 , 18.96
36.51 , 19.77
36.53 , 18.95
36.33 , 19.32
36.6 , 18.79
36.51 , 19.25
36.34 , 19.42
36.5 , 19.09
36.48 , 18.79
36.23 , 19.5
36.73 , 19.63
36.76 , 18.96
36.83 , 19.47
36.11 , 18.82
36.51 , 18.75
36.72 , 19.32
36.38 , 19.54
36.39 , 19.42
35.98 , 19.11
36.07 , 18.98
36.43 , 19.38
36.15 , 19.13
36.57 , 19.04
35.99 , 19.27
36.53 , 19.43
36.62 , 19.57
36.6 , 18.82
36.6 , 19.52
36.59 , 19.64
36.61 , 19.23
36.26 , 18.99
36.72 , 19.63
36.58 , 19.22
36.46 , 19.26
36.54 , 19.14
36.58 , 19.41
37.06 , 19.43
36.54 , 19.25
36.33 , 19.36
36.37 , 19.65
36.31 , 19.5
36.97 , 19.08
36.25 , 19.67
36.55 , 19.89
36.59 , 19.1
36.9 , 19.21
36.83 , 19.64
37.0 , 19.42
36.51 , 19.01
36.35 , 19.49
36.89 , 19.03
36.58 , 19.38
36.43 , 18.81
36.36 , 19.53
36.74 , 19.49
36.78 , 19.11
36.19 , 19.15
37.03 , 19.08
36.57 , 19.2
36.85 , 19.09
36.51 , 19.04
36.73 , 19.44
36.55 , 19.33
36.58 , 19.26
37.18 , 19.7
36.83 , 19.47
36.31 , 19.65
36.76 , 19.51
36.72 , 19.76
37.19 , 19.25
36.77 , 19.45
36.6 , 19.41
36.48 , 19.6
36.83 , 19.99
36.22 , 19.47
36.57 , 20.21
36.71 , 19.43
36.44 , 19.15
36.27 , 19.16
36.91 , 19.9
36.03 , 19.44
36.58 , 19.63
36.21 , 19.23
36.8 , 19.77
36.54 , 18.98
36.62 , 19.71
36.59 , 19.36
36.81 , 19.53
36.34 , 19.8
36.84 , 19.31
37.04 , 19.8
37.42 , 19.94
36.74 , 19.34
36.8 , 19.64
36.86 , 19.38
36.38 , 19.27
36.79 , 19.74
36.69 , 19.8
36.82 , 19.42
36.81 , 19.42
36.53 , 19.48
36.75 , 19.71
36.67 , 18.94
36.83 , 19.71
36.65 , 19.54
36.45 , 19.21
36.99 , 19.63
36.92 , 19.45
37.01 , 19.63
36.38 , 19.47
36.69 , 19.6
36.55 , 19.33
36.51 , 19.57
36.97 , 19.77
37.13 , 19.96
36.79 , 19.4
36.7 , 19.4
36.64 , 19.42
36.77 , 19.26
36.63 , 20.14
36.04 , 20.11
36.72 , 19.64
36.71 , 19.54
36.97 , 19.51
36.64 , 19.62
36.67 , 19.61
36.95 , 19.73
36.85 , 19.25
36.94 , 19.94
36.7 , 19.76
37.0 , 19.92
37.02 , 19.71
37.03 , 19.43
37.02 , 19.58
36.62 , 19.27
36.56 , 19.7
36.39 , 19.55
36.67 , 19.65
36.55 , 19.72
36.63 , 19.72
37.04 , 19.4
36.96 , 19.72
37.15 , 18.97
37.03 , 19.52
37.05 , 19.69
36.93 , 19.6
36.97 , 20.26
36.71 , 19.74
36.98 , 20.15
36.83 , 19.86
36.59 , 19.88
36.78 , 19.33
36.86 , 19.85
36.68 , 19.56
36.83 , 19.58
37.01 , 19.49
37.06 , 19.57
37.46 , 19.45
37.14 , 19.54
36.95 , 19.67
36.83 , 19.5
37.01 , 20.0
36.65 , 19.38
37.34 , 19.49
36.67 , 19.84
36.98 , 20.15
36.96 , 20.15
37.06 , 19.82
36.61 , 19.92
36.46 , 19.98
37.43 , 19.92
37.2 , 19.85
36.71 , 19.84
36.56 , 20.0
36.75 , 19.72
36.71 , 20.24
36.96 , 19.94
36.88 , 19.83
36.82 , 19.59
36.83 , 20.13
36.86 , 19.82
37.46 , 19.93
37.22 , 19.78
37.13 , 20.07
36.91 , 20.13
37.28 , 19.28
37.51 , 20.05
37.37 , 20.38
37.23 , 19.9
37.3 , 19.65
36.6 , 19.8
37.16 , 19.67
37.28 , 19.54
36.9 , 20.33
36.93 , 20.09
36.71 , 19.76
37.35 , 19.46
36.95 , 19.51
37.03 , 19.5
36.88 , 19.75
36.76 , 19.91
37.26 , 19.85
36.87 , 20.33
37.38 , 19.79
37.06 , 19.77
36.97 , 19.84
37.02 , 19.44
36.67 , 19.95
36.9 , 20.0
36.73 , 20.19
37.12 , 19.74
37.01 , 20.08
36.96 , 19.94
37.32 , 19.94
37.22 , 19.71
37.18 , 19.93
37.18 , 20.6
37.18 , 19.89
36.92 , 20.24
36.78 , 19.82
37.36 , 19.6
36.85 , 19.87
37.34 , 20.2
37.2 , 19.79
37.45 , 20.18
37.54 , 20.16
36.97 , 20.08
36.89 , 20.45
37.08 , 19.52
36.95 , 20.1
37.11 , 20.18
36.98 , 19.9
37.28 , 19.91
37.19 , 19.76
37.21 , 20.33
37.19 , 20.61
36.84 , 19.68
37.16 , 19.57
36.99 , 20.04
36.93 , 19.98
36.82 , 20.21
37.23 , 19.6
37.41 , 19.89
37.29 , 19.53
36.84 , 20.28
37.41 , 20.21
36.95 , 20.12
37.67 , 19.97
37.33 , 19.94
37.11 , 20.18
36.95 , 20.3
37.45 , 20.01
37.15 , 19.68
37.29 , 20.22
37.16 , 19.92
37.1 , 19.98
37.92 , 20.14
36.9 , 20.34
37.17 , 19.67
37.79 , 19.82
37.13 , 20.15
37.57 , 20.03
37.61 , 19.98
37.12 , 19.94
37.05 , 20.0
37.66 , 20.0
37.33 , 20.16
37.21 , 20.02
37.34 , 20.09
36.7 , 19.97
36.75 , 20.39
37.16 , 20.01
37.55 , 19.87
37.02 , 19.88
37.39 , 20.18
37.21 , 20.3
37.66 , 19.84
37.31 , 19.96
37.23 , 20.21
36.96 , 19.65
37.52 , 20.05
37.48 , 19.93
37.5 , 20.15
37.56 , 20.05
37.03 , 19.87
37.28 , 20.31
37.05 , 20.29
37.44 , 19.87
37.19 , 20.21
37.45 , 20.29
37.21 , 20.12
37.48 , 20.4
37.31 , 20.51
37.45 , 20.02
37.54 , 20.23
37.51 , 20.45
37.57 , 20.41
37.76 , 20.24
37.05 , 19.94
36.78 , 19.75
37.22 , 20.11
37.31 , 20.49
37.47 , 20.56
37.43 , 20.06
37.51 , 20.43
37.05 , 20.21
37.46 , 20.11
37.79 , 20.36
37.58 , 20.19
37.32 , 19.79
37.25 , 20.42
37.24 , 20.2
36.87 , 20.08
37.37 , 20.23
37.21 , 20.18
37.57 , 20.49
37.54 , 20.57
37.13 , 20.46
37.5 , 20.25
37.45 , 20.45
37.18 , 20.77
37.41 , 20.65
37.18 , 20.3
37.35 , 19.94
37.66 , 19.87
37.59 , 20.27
37.54 , 20.1
37.41 , 20.43
37.23 , 20.34
37.48 , 20.11
37.46 , 20.47
37.38 , 19.98
37.28 , 20.16
37.5 , 20.04
37.62 , 20.06
37.54 , 20.01
37.41 , 20.44
37.37 , 20.82
37.37 , 19.92
37.45 , 20.69
37.26 , 20.4
37.51 , 20.53
37.46 , 20.63
37.2 , 20.36
37.18 , 20.29
37.09 , 20.24
37.28 , 20.8
37.51 , 20.91
37.47 , 20.46
37.63 , 20.63
37.3 , 20.29
37.79 , 20.26
37.49 , 20.03
37.16 , 20.28
37.37 , 20.38
37.8 , 20.05
37.48 , 20.25
37.49 , 20.42
37.26 , 20.24
36.97 , 20.86
37.32 , 20.79
37.23 , 20.23
37.18 , 20.62
37.48 , 20.46
36.88 , 20.42
37.59 , 20.3
37.63 , 20.38
37.85 , 20.61
37.23 , 20.31
37.62 , 20.22
37.6 , 20.6
37.42 , 20.5
37.45 , 20.6
36.85 , 20.43
37.53 , 20.31
37.89 , 20.07
37.62 , 20.19
37.2 , 20.4
37.13 , 20.4
38.16 , 20.64
37.66 , 20.09
37.03 , 20.33
37.28 , 20.56
37.26 , 20.36
38.14 , 20.23
37.78 , 20.62
38.19 , 20.16
37.43 , 20.42
37.71 , 20.48
37.93 , 20.6
37.35 , 20.59
38.01 , 20.58
37.57 , 20.78
37.44 , 20.62
37.94 , 20.6
37.64 , 20.8
38.03 , 20.63
38.21 , 20.41
37.28 , 20.6
37.64 , 20.75
38.18 , 20.71
37.68 , 20.77
37.26 , 20.52
37.61 , 20.87
37.82 , 20.65
37.73 , 20.4
37.39 , 20.52
37.64 , 20.7
37.86 , 20.53
37.69 , 20.27
37.95 , 20.1
37.59 , 20.48
37.52 , 20.8
37.75 , 21.09
37.68 , 20.27
38.01 , 20.53
37.81 , 20.99
38.09 , 20.81
37.53 , 20.76
37.81 , 20.2
37.51 , 20.65
37.92 , 20.51
37.66 , 19.96
38.23 , 20.28
37.77 , 21.05
37.41 , 20.9
37.5 , 20.56
37.38 , 20.6
37.76 , 20.75
37.95 , 20.66
37.42 , 20.58
37.29 , 20.27
37.64 , 20.82
37.56 , 20.64
37.88 , 20.6
37.6 , 20.84
37.8 , 20.84
37.48 , 20.66
37.86 , 20.5
37.88 , 20.89
37.51 , 20.83
37.79 , 21.02
37.34 , 20.63
37.95 , 20.97
37.81 , 20.71
37.66 , 21.1
37.92 , 20.9
37.89 , 20.51
38.15 , 20.82
37.95 , 20.45
38.1 , 20.93
38.09 , 20.54
37.24 , 20.64
37.82 , 20.48
37.7 , 20.35
37.8 , 20.56
37.56 , 20.82
37.58 , 21.0
37.7 , 20.67
37.73 , 21.19
37.87 , 20.83
37.76 , 20.64
37.34 , 20.75
38.18 , 20.81
37.94 , 20.9
37.94 , 20.45
37.98 , 20.74
37.89 , 20.92
37.9 , 20.65
37.59 , 20.49
38.36 , 21.09
38.29 , 20.3
37.74 , 20.75
37.69 , 20.94
37.58 , 20.6
38.05 , 20.5
37.63 , 20.73
38.04 , 20.83
37.84 , 20.7
37.85 , 20.91
38.33 , 20.44
37.92 , 20.43
38.3 , 20.31
37.87 , 21.01
37.98 , 20.84
37.84 , 20.77
37.5 , 20.87
37.74 , 21.22
37.95 , 20.97
37.88 , 21.04
37.83 , 20.65
37.86 , 20.74
37.98 , 21.03
38.01 , 20.67
37.99 , 20.92
37.79 , 20.79
37.87 , 20.74
37.69 , 21.26
37.86 , 20.82
37.59 , 20.56
37.66 , 21.1
37.89 , 21.16
37.8 , 20.8
37.83 , 21.36
37.79 , 21.03
37.66 , 21.28
37.93 , 20.97
38.25 , 20.65
37.99 , 21.22
38.1 , 20.9
37.78 , 21.29
38.19 , 20.59
38.02 , 21.01
38.09 , 21.16
38.1 , 20.61
37.85 , 20.63
37.85 , 20.53
38.12 , 20.6
37.67 , 21.02
38.11 , 21.05
38.01 , 20.56
38.25 , 21.09
38.26 , 20.81
37.91 , 20.72
38.26 , 20.73
38.1 , 21.32
37.4 , 21.1
38.01 , 21.19
37.92 , 21.01
37.71 , 20.74
38.74 , 21.12
37.9 , 20.86
38.2 , 21.0
37.9 , 20.75
37.97 , 21.44
38.3 , 20.69
38.3 , 20.56
37.74 , 20.76
38.08 , 21.17
37.59 , 20.99
38.05 , 21.18
37.82 , 21.04
38.32 , 21.18
37.98 , 20.96
38.53 , 20.71
37.94 , 21.1
38.33 , 21.15
38.17 , 21.13
37.83 , 21.22
37.73 , 20.78
37.92 , 21.09
37.64 , 20.77
37.85 , 21.04
37.8 , 20.67
38.38 , 21.17
38.04 , 20.93
38.29 , 21.02
37.78 , 20.93
38.18 , 21.24
38.42 , 21.14
38.54 , 20.86
37.93 , 21.46
38.05 , 21.4
37.57 , 21.3
38.22 , 21.62
38.48 , 20.85
37.91 , 20.8
38.72 , 21.34
38.17 , 21.42
38.4 , 20.62
38.38 , 20.81
38.4 , 21.15
38.07 , 20.95
38.18 , 21.4
38.22 , 21.03
38.51 , 21.09
38.05 , 20.76
37.94 , 20.97
37.9 , 21.51
37.95 , 21.63
38.22 , 21.52
38.28 , 20.82
38.24 , 20.87
37.91 , 21.63
38.52 , 21.68
38.17 , 21.0
38.15 , 21.12
38.52 , 21.42
38.23 , 21.24
37.49 , 20.89
37.8 , 21.33
38.29 , 21.29
38.28 , 21.18
38.32 , 21.25
38.35 , 21.11
38.24 , 21.2
37.78 , 21.28
37.86 , 21.01
38.23 , 21.58
38.09 , 21.27
38.51 , 21.19
38.73 , 21.01
38.35 , 21.14
38.53 , 21.55
38.33 , 21.2
38.39 , 21.11
37.81 , 21.07
38.0 , 21.15
38.68 , 21.31
38.08 , 21.15
38.52 , 21.28
38.78 , 21.66
38.34 , 21.27
38.14 , 20.67
38.15 , 21.33
38.16 , 21.65
38.23 , 21.44
38.44 , 21.17
38.12 , 21.3
38.32 , 21.4
37.86 , 21.12
38.73 , 21.34
37.75 , 21.01
38.44 , 21.19
38.46 , 21.48
37.81 , 20.97
38.39 , 20.96
38.39 , 21.21
38.39 , 21.07
37.71 , 21.48
38.31 , 21.31
38.32 , 21.44
38.06 , 21.23
38.11 , 21.34
38.49 , 20.84
38.66 , 21.42
38.48 , 21.35
38.11 , 21.23
38.05 , 21.39
38.8 , 21.12
38.26 , 21.36
38.31 , 21.43
38.63 , 21.7
38.38 , 21.13
38.42 , 21.12
38.8 , 21.4
37.94 , 21.01
38.34 , 21.43
38.53 , 21.16
38.07 , 21.07
38.55 , 21.33
38.5 , 21.65
38.16 , 21.78
38.54 , 21.14
38.48 , 21.15
38.5 , 21.23
39.01 , 21.35
38.03 , 21.67
38.83 , 21.82
38.43 , 20.99
38.2 , 21.49
38.58 , 21.38
38.51 , 21.09
38.58 , 21.2
38.57 , 21.66
38.46 , 22.09
38.48 , 21.23
38.29 , 21.52
38.7 , 21.53
38.32 , 21.39
38.37 , 21.66
38.4 , 21.32
38.63 , 21.02
38.18 , 21.5
38.42 , 21.63
38.35 , 21.94
38.42 , 21.02
38.53 , 21.11
38.36 , 21.56
38.32 , 21.09
38.68 , 21.72
38.46 , 21.46
38.51 , 21.23
38.56 , 21.55
38.86 , 21.48
39.02 , 21.23
38.56 , 21.42
37.94 , 21.42
38.51 , 21.1
38.5 , 21.58
38.49 , 21.47
38.21 , 21.38
38.16 , 21.39
38.76 , 21.38
38.86 , 21.3
38.26 , 21.39
38.78 , 21.86
38.57 , 21.55
38.57 , 21.44
38.51 , 22.04
38.52 , 21.28
38.27 , 21.4
38.75 , 21.27
38.88 , 21.64
38.48 , 21.43
38.4 , 21.68
38.48 , 21.76
38.6 , 21.95
38.56 , 21.39
38.6 , 21.71
38.69 , 22.05
38.89 , 21.51
38.36 , 21.19
38.25 , 21.07
38.64 , 21.68
38.16 , 21.77
38.3 , 21.44
38.5 , 21.85
38.51 , 21.3
38.82 , 21.51
38.13 , 22.16
38.84 , 21.09
38.16 , 21.72
38.47 , 21.65
38.49 , 21.69
38.16 , 21.38
38.42 , 21.43
38.3 , 21.47
38.34 , 21.96
38.79 , 21.75
38.0 , 21.55
38.31 , 21.64
38.6 , 21.47
38.41 , 21.78
39.04 , 21.92
38.36 , 21.63
38.31 , 21.85
38.24 , 21.57
38.33 , 21.69
38.4 , 21.81
39.18 , 21.37
38.85 , 21.42
38.7 , 21.3
38.74 , 21.29
39.05 , 22.36
38.31 , 21.73
38.4 , 21.47
38.4 , 21.57
38.47 , 22.19
38.69 , 21.85
38.78 , 21.35
38.47 , 21.6
39.06 , 21.53
38.6 , 21.39
38.75 , 21.89
38.34 , 21.57
38.76 , 22.02
38.43 , 21.49
38.82 , 21.98
38.84 , 21.5
38.58 , 21.95
39.0 , 21.65
39.02 , 21.64
38.69 , 21.63
38.29 , 21.34
38.72 , 21.63
38.62 , 21.72
38.93 , 22.1
38.5 , 21.62
38.83 , 21.33
38.67 , 22.19
38.72 , 21.76
38.38 , 21.94
39.01 , 21.51
38.88 , 21.58
38.37 , 22.19
38.9 , 21.56
38.34 , 21.63
38.35 , 21.68
38.7 , 21.59
39.24 , 21.66
38.91 , 22.15
38.87 , 21.63
38.92 , 21.69
38.5 , 22.0
38.92 , 22.48
38.89 , 22.09
38.54 , 21.97
38.86 , 22.1
39.01 , 21.37
38.4 , 21.89
38.55 , 22.01
38.95 , 21.77
38.72 , 22.01
38.85 , 21.32
39.33 , 21.88
38.73 , 21.62
38.86 , 21.9
39.09 , 21.83
38.92 , 21.9
38.88 , 21.97
38.99 , 22.19
39.28 , 22.15
38.26 , 21.96
39.05 , 22.2
38.55 , 21.7
38.56 , 21.91
39.23 , 21.93
38.92 , 22.14
38.66 , 21.92
38.68 , 21.81
39.06 , 21.86
38.88 , 21.84
38.77 , 21.91
38.87 , 21.51
38.92 , 21.63
39.18 , 21.99
39.21 , 21.39
38.76 , 21.69
39.05 , 22.1
38.89 , 22.16
39.13 , 22.04
38.75 , 22.05
39.0 , 21.53
39.25 , 21.92
38.85 , 21.87
38.64 , 21.61
39.13 , 21.71
38.93 , 22.0
39.02 , 21.41
39.09 , 22.03
39.02 , 21.78
38.7 , 21.93
38.48 , 22.16
39.1 , 22.0
38.52 , 22.05
38.83 , 21.96
38.82 , 22.12
38.79 , 21.88
39.05 , 22.58
39.08 , 22.58
38.96 , 22.09
38.9 , 22.06
39.12 , 21.98
38.68 , 22.09
39.44 , 21.77
38.61 , 22.34
39.19 , 21.68
38.61 , 22.35
39.15 , 22.25
38.79 , 22.22
39.03 , 21.51
39.17 , 22.54
39.08 , 22.15
38.76 , 22.6
39.35 , 21.77
39.14 , 22.1
39.51 , 22.45
38.94 , 22.21
38.91 , 22.07
38.47 , 21.95
38.98 , 21.87
38.67 , 21.99
39.0 , 21.88
39.02 , 22.08
38.88 , 21.95
39.21 , 22.27
38.96 , 22.17
38.85 , 21.73
39.35 , 21.84
39.12 , 22.59
39.19 , 22.32
39.09 , 22.01
39.1 , 22.3
38.86 , 22.38
38.56 , 21.92
39.21 , 22.23
39.12 , 22.1
38.79 , 22.17
38.87 , 22.34
38.89 , 22.3
39.77 , 22.21
39.22 , 21.69
38.94 , 21.89
38.66 , 21.97
38.72 , 22.49
38.86 , 22.31
38.99 , 22.34
39.25 , 22.34
38.82 , 22.41
39.31 , 22.7
39.61 , 22.15
38.87 , 22.22
38.84 , 22.18
39.19 , 21.86
39.3 , 21.98
39.37 , 22.31
39.23 , 21.76
39.17 , 22.06
38.86 , 22.0
39.11 , 22.12
39.25 , 22.47
38.93 , 22.72
39.09 , 21.78
38.89 , 22.49
39.02 , 22.04
39.02 , 22.42
39.23 , 21.89
38.99 , 22.1
38.99 , 22.61
39.15 , 22.36
38.64 , 21.97
39.32 , 22.21
39.18 , 22.31
38.96 , 22.44
39.3 , 22.25
39.4 , 21.85
39.51 , 21.69
38.91 , 22.59
39.39 , 22.26
39.57 , 22.25
39.02 , 22.47
38.93 , 22.35
39.04 , 22.05
39.37 , 22.45
39.38 , 22.43
39.17 , 22.29
39.11 , 21.71
39.34 , 22.6
39.33 , 22.32
39.19 , 22.35
39.44 , 22.32
38.91 , 22.55
39.11 , 22.09
38.96 , 22.36
39.35 , 22.5
38.85 , 22.73
39.66 , 22.27
38.68 , 22.5
39.35 , 22.35
39.2 , 22.56
39.45 , 21.63
38.83 , 22.61
39.0 , 22.74
38.97 , 22.4
39.13 , 22.3
38.85 , 22.09
39.11 , 22.22
39.19 , 22.45
39.64 , 22.5
39.26 , 22.27
39.12 , 22.79
39.21 , 22.02
39.14 , 22.19
39.32 , 22.65
39.43 , 22.3
39.11 , 22.5
38.97 , 22.21
39.63 , 22.31
39.2 , 22.42
38.88 , 22.11
39.63 , 21.93
39.44 , 22.45
39.35 , 21.94
39.21 , 22.26
39.34 , 22.22
39.66 , 22.26
38.95 , 22.66
39.4 , 22.57
39.46 , 22.44
39.81 , 22.75
39.08 , 22.52
39.46 , 22.48
39.26 , 22.74
39.37 , 22.19
39.37 , 22.46
39.29 , 22.6
39.18 , 22.18
39.53 , 22.88
39.29 , 22.45
39.25 , 22.56
39.54 , 22.2
39.32 , 22.35
39.41 , 22.56
39.01 , 22.36
39.21 , 22.23
39.28 , 22.54
39.64 , 22.28
39.33 , 22.31
38.86 , 22.05
39.01 , 22.32
39.35 , 22.51
39.63 , 22.59
39.42 , 22.11
39.66 , 22.86
39.74 , 22.81
39.23 , 22.36
39.5 , 22.69
39.46 , 22.46
39.53 , 22.22
39.43 , 22.27
39.36 , 22.44
39.29 , 22.5
40.13 , 22.67
39.24 , 22.38
39.75 , 22.6
39.59 , 22.74
39.78 , 22.33
39.16 , 22.3
39.43 , 22.56
39.18 , 22.27
39.37 , 22.59
39.67 , 22.51
39.44 , 22.73
39.33 , 22.73
39.22 , 22.65
39.59 , 22.97
39.51 , 22.52
39.71 , 22.52
39.6 , 22.9
39.42 , 22.46
39.46 , 22.96
39.57 , 22.81
39.51 , 22.53
39.78 , 21.9
39.5 , 22.99
39.18 , 22.71
38.81 , 22.96
39.56 , 22.44
39.77 , 22.43
39.41 , 22.46
39.58 , 22.45
39.77 , 22.72
39.6 , 22.22
39.58 , 22.95
39.46 , 22.61
39.58 , 22.83
39.94 , 22.62
39.39 , 22.67
39.07 , 22.75
39.33 , 21.93
39.25 , 22.82
39.25 , 22.87
39.16 , 22.8
39.9 , 22.64
39.6 , 22.71
38.88 , 22.91
39.19 , 22.52
39.84 , 22.59
39.29 , 22.5
39.79 , 22.79
39.06 , 22.73
39.79 , 22.76
39.31 , 22.62
39.33 , 22.68
39.65 , 23.06
39.49 , 22.7
39.21 , 22.75
40.0 , 22.42
39.49 , 22.33
39.23 , 22.73
39.47 , 22.32
39.66 , 22.7
39.72 , 22.68
39.48 , 22.67
39.45 , 22.8
39.72 , 22.75
39.89 , 22.21
39.33 , 22.73
39.76 , 23.18
39.54 , 22.28
39.71 , 23.31
39.55 , 23.08
39.8 , 22.48
40.2 , 22.52
39.67 , 22.65
39.51 , 22.88
39.62 , 22.78
39.52 , 22.68
39.47 , 22.72
39.25 , 22.94
39.65 , 22.87
40.18 , 22.52
39.7 , 22.68
39.66 , 22.33
40.11 , 22.91
39.62 , 23.07
39.67 , 23.04
40.14 , 22.43
39.57 , 22.56
39.77 , 22.88
39.83 , 23.15
39.52 , 22.69
39.97 , 23.09
39.45 , 22.89
39.4 , 22.92
39.73 , 23.07
39.6 , 22.73
39.25 , 23.4
40.0 , 22.61
39.62 , 22.72
39.4 , 23.0
39.83 , 22.56
40.17 , 23.17
39.62 , 22.92
39.42 , 22.67
39.92 , 22.82
39.46 , 23.17
39.55 , 22.82
40.02 , 22.73
39.85 , 22.89
39.67 , 23.03
40.42 , 22.74
39.22 , 23.32
39.75 , 22.37
39.77 , 22.88
39.82 , 23.22
39.2 , 23.11
40.02 , 22.87
39.57 , 22.83
39.9 , 22.8
39.25 , 23.34
39.75 , 23.09
39.4 , 22.84
39.89 , 22.78
39.7 , 23.17
40.24 , 22.83
39.19 , 23.02
39.74 , 23.27
39.82 , 22.72
39.89 , 22.95
39.84 , 23.1
39.73 , 22.91
39.9 , 23.03
40.09 , 22.46
40.1 , 22.83
39.72 , 23.47
39.85 , 22.8
39.75 , 23.11
39.43 , 22.82
39.77 , 23.2
39.68 , 23.25
40.25 , 23.0
39.93 , 23.1
39.63 , 23.02
39.97 , 23.14
39.56 , 23.24
39.53 , 22.91
39.46 , 22.99
39.92 , 23.08
39.91 , 23.04
40.03 , 23.18
40.09 , 23.02
39.92 , 22.86
40.37 , 23.66
40.13 , 22.84
39.39 , 23.11
39.33 , 23.31
39.97 , 23.43
40.44 , 23.22
39.39 , 23.25
40.05 , 23.33
39.61 , 23.23
39.53 , 22.97
39.99 , 22.7
39.85 , 23.24
39.84 , 23.11
39.91 , 23.07
39.8 , 22.98
39.76 , 22.87
40.18 , 23.35
39.8 , 23.31
40.15 , 22.98
39.61 , 23.48
39.65 , 23.24
39.9 , 23.09
39.65 , 23.29
40.12 , 23.56
39.69 , 23.23
40.16 , 22.84
39.27 , 22.99
40.07 , 23.48
39.66 , 23.14
39.71 , 22.44
39.87 , 23.2
40.2 , 23.43
39.87 , 22.84
39.69 , 23.64
40.14 , 23.16
40.03 , 23.06
39.48 , 23.54
40.28 , 23.03
40.12 , 23.22
39.93 , 23.16
39.87 , 22.83
39.63 , 22.82
40.03 , 23.32
39.94 , 23.1
40.03 , 23.41
39.63 , 23.71
39.63 , 23.24
40.07 , 23.07
40.03 , 23.08
40.55 , 23.04
40.0 , 23.39
40.11 , 23.1
40.17 , 23.25
40.23 , 23.4
40.04 , 23.09
39.68 , 22.78
39.95 , 23.36
40.0 , 23.73
39.85 , 23.51
39.8 , 23.12
40.21 , 23.19
40.14 , 23.08
39.97 , 23.46
39.95 , 23.21
40.01 , 23.53
39.89 , 23.24
40.22 , 23.14
39.91 , 23.22
40.35 , 23.56
40.14 , 23.62
40.1 , 23.47
40.04 , 23.03
40.26 , 22.95
40.14 , 23.03
39.95 , 23.62
39.94 , 23.41
40.27 , 23.32
39.9 , 23.4
40.08 , 22.98
40.23 , 23.36
40.31 , 23.35
40.2 , 22.95
39.99 , 23.07
40.39 , 23.79
40.26 , 23.16
40.02 , 23.29
40.05 , 23.37
40.21 , 23.42
39.81 , 23.21
39.57 , 23.64
40.59 , 23.63
40.3 , 23.19
40.27 , 23.3
40.28 , 23.42
40.0 , 23.17
40.32 , 23.11
40.4 , 23.28
40.19 , 23.64
40.1 , 23.63
40.33 , 22.9
40.58 , 23.07
40.14 , 23.3
40.22 , 23.57
40.31 , 23.22
39.71 , 23.04
40.12 , 23.82
39.98 , 23.36
39.8 , 23.76
39.99 , 23.65
40.41 , 23.43
40.05 , 23.37
40.2 , 23.28
39.91 , 24.3
40.31 , 23.2
40.72 , 23.32
40.25 , 23.45
40.71 , 23.54
40.25 , 23.45
39.85 , 23.26
40.54 , 22.77
39.95 , 23.46
40.05 , 23.89
40.34 , 23.52
40.43 , 23.82
40.31 , 23.22
40.24 , 23.75
40.41 , 23.54
40.64 , 23.94
39.7 , 23.77
40.37 , 23.69
39.53 , 23.43
40.69 , 24.1
40.65 , 23.07
40.2 , 23.82
40.48 , 23.15
40.11 , 23.29
40.23 , 23.89
40.15 , 23.54
40.36 , 23.45
39.9 , 23.64
40.66 , 23.5
40.62 , 23.92
39.97 , 23.78
40.61 , 23.36
40.31 , 23.66
40.58 , 23.62
40.39 , 24.01
40.36 , 23.46
40.24 , 23.51
40.44 , 23.83
40.18 , 23.69
40.22 , 23.75
40.13 , 23.78
40.82 , 23.55
40.38 , 23.51
40.56 , 23.14
40.84 , 23.41
40.34 , 23.62
40.42 , 23.51
40.24 , 23.43
40.43 , 23.33
40.41 , 23.76
40.48 , 23.81
40.38 , 23.64
40.63 , 23.49
40.34 , 23.38
40.63 , 24.03
40.0 , 23.77
40.46 , 23.84
40.52 , 23.79
40.92 , 23.04
40.25 , 23.98
40.45 , 23.86
40.54 , 23.97
40.28 , 23.93
40.42 , 24.04
40.41 , 23.85
40.21 , 23.97
40.19 , 24.12
40.88 , 24.05
40.41 , 23.14
39.87 , 23.67
40.85 , 23.36
40.57 , 23.48
40.2 , 23.31
40.31 , 23.65
40.13 , 22.98
40.26 , 23.69
40.25 , 23.81
40.22 , 23.53
40.08 , 23.93
40.39 , 23.58
40.68 , 24.21
40.35 , 23.61
40.83 , 23.45
40.2 , 23.57
40.25 , 23.99
39.82 , 23.78
40.6 , 23.51
40.51 , 23.94
40.4 , 23.39
40.53 , 23.98
40.23 , 23.65
40.63 , 23.85
39.98 , 23.96
40.37 , 23.48
40.86 , 23.53
40.38 , 23.8
40.77 , 24.02
40.28 , 23.97
40.23 , 24.14
40.17 , 23.25
40.55 , 23.39
40.96 , 23.67
41.0 , 23.42
40.76 , 23.73
40.55 , 23.53
40.61 , 23.84
41.25 , 23.79
40.67 , 23.7
40.79 , 23.7
40.57 , 23.78
40.56 , 23.88
40.53 , 23.47
40.76 , 23.69
40.3 , 23.57
40.56 , 23.86
40.78 , 23.68
40.37 , 23.98
40.84 , 24.11
40.02 , 23.98
40.58 , 23.81
40.51 , 24.32
40.64 , 24.08
40.21 , 23.75
40.75 , 24.1
40.86 , 23.85
40.99 , 23.77
40.4 , 23.79
40.96 , 23.78
40.25 , 23.9
40.4 , 24.15
40.62 , 23.94
40.67 , 23.43
40.28 , 23.84
40.37 , 24.02
40.67 , 23.79
40.68 , 23.89
40.2 , 23.94
40.82 , 23.72
40.44 , 23.86
40.8 , 23.96
40.44 , 23.89
40.49 , 23.53
40.21 , 23.75
40.94 , 24.22
40.37 , 24.47
40.47 , 23.61
40.18 , 23.55
40.9 , 23.99
40.67 , 23.65
40.87 , 23.68
40.08 , 23.85
40.68 , 24.26
40.39 , 24.37
41.13 , 23.82
40.79 , 23.68
40.68 , 23.77
39.96 , 23.98
40.8 , 24.08
41.05 , 24.17
40.22 , 24.07
40.71 , 23.95
40.74 , 23.76
40.55 , 23.65
40.88 , 23.66
40.77 , 24.14
40.59 , 24.16
40.65 , 24.2
40.79 , 24.25
40.7 , 24.02
40.5 , 24.13
41.01 , 24.07
40.94 , 23.86
40.43 , 23.74
40.45 , 23.98
40.45 , 23.9
40.77 , 23.96
40.48 , 24.08
40.8 , 23.7
41.28 , 24.33
40.87 , 23.75
40.57 , 24.26
41.25 , 23.91
40.35 , 24.35
40.64 , 24.28
40.54 , 23.99
40.64 , 23.75
40.98 , 23.7
40.73 , 24.19
40.63 , 23.97
40.76 , 24.29
40.58 , 24.11
41.08 , 24.04
40.44 , 24.12
40.09 , 24.05
40.86 , 24.25
40.88 , 23.83
41.0 , 24.3
40.83 , 24.1
40.71 , 23.83
40.81 , 23.94
41.04 , 24.37
40.76 , 24.57
40.91 , 24.68
41.07 , 24.5
40.39 , 24.08
41.26 , 24.0
40.42 , 23.85
40.76 , 23.94
40.65 , 23.67
40.71 , 23.92
40.94 , 24.55
40.86 , 24.34
40.82 , 24.16
40.58 , 24.11
41.04 , 23.98
41.01 , 23.77
41.0 , 24.14
40.96 , 24.0
40.81 , 24.25
41.39 , 24.0
41.01 , 24.76
40.93 , 24.21
41.23 , 23.84
40.56 , 23.98
41.41 , 23.92
40.85 , 23.98
40.99 , 24.21
40.7 , 24.12
41.08 , 24.16
40.74 , 23.92
41.47 , 23.61
40.85 , 24.19
40.78 , 24.35
40.38 , 24.15
40.6 , 24.22
40.83 , 24.29
40.46 , 24.21
40.87 , 24.13
40.77 , 24.08
41.33 , 24.44
40.91 , 24.32
41.16 , 24.11
40.61 , 24.37
40.83 , 24.4
41.0 , 23.86
41.22 , 24.15
41.23 , 24.25
41.25 , 24.19
40.67 , 24.08
41.05 , 24.85
40.93 , 23.85
41.06 , 24.39
41.0 , 24.38
40.8 , 24.25
40.82 , 24.01
40.89 , 24.07
40.63 , 24.49
40.45 , 24.0
41.24 , 24.43
40.95 , 24.56
41.28 , 23.89
40.89 , 24.28
40.78 , 23.95
40.99 , 23.83
40.81 , 24.19
40.95 , 24.49
40.94 , 24.5
41.23 , 24.52
40.71 , 24.05
40.92 , 24.68
41.31 , 24.49
40.75 , 24.32
40.92 , 24.48
41.3 , 23.92
40.72 , 24.31
40.35 , 24.21
40.97 , 24.29
41.16 , 24.13
41.42 , 24.5
40.89 , 24.42
41.1 , 24.39
40.83 , 24.68
41.11 , 24.23
41.08 , 24.56
41.01 , 24.0
40.72 , 24.48
41.08 , 24.51
40.93 , 24.14
41.45 , 24.46
41.0 , 24.74
40.81 , 24.72
40.54 , 24.58
40.97 , 24.29
41.4 , 24.44
41.31 , 24.54
41.33 , 24.95
41.05 , 24.68
41.22 , 24.31
41.01 , 24.43
41.07 , 24.96
40.98 , 24.62
41.21 , 24.26
40.84 , 24.46
41.01 , 24.59
41.07 , 24.71
40.75 , 24.63
41.06 , 24.64
41.05 , 24.64
41.15 , 24.42
41.24 , 24.29
41.19 , 24.44
41.02 , 24.18
40.5 , 24.37
41.67 , 24.3
41.18 , 24.67
41.35 , 24.31
41.03 , 24.2
40.82 , 24.29
41.27 , 24.23
41.32 , 24.53
41.44 , 23.91
40.91 , 24.36
41.02 , 24.8
40.9 , 24.51
41.34 , 24.61
41.06 , 24.3
41.14 , 24.3
41.37 , 24.22
41.5 , 25.0
40.75 , 24.93
40.61 , 25.04
41.42 , 24.33
41.37 , 24.17
41.09 , 24.32
41.6 , 24.37
41.04 , 24.16
41.19 , 24.65
41.42 , 24.49
41.3 , 25.07
41.15 , 24.47
41.14 , 24.61
41.32 , 24.52
41.15 , 24.93
41.08 , 24.48
41.03 , 24.72
41.2 , 24.55
40.88 , 24.62
41.13 , 24.25
41.08 , 24.42
41.02 , 24.96
41.11 , 24.93
40.76 , 24.26
41.51 , 24.81
41.38 , 24.93
41.41 , 24.89
41.17 , 24.74
41.18 , 24.38
40.95 , 24.43
41.63 , 24.96
41.02 , 24.53
41.36 , 24.64
41.01 , 24.83
41.17 , 24.41
40.92 , 24.79
41.28 , 24.13
41.4 , 24.45
41.07 , 24.44
40.7 , 24.78
41.58 , 24.53
41.31 , 24.62
41.4 , 25.12
41.72 , 24.48
41.82 , 24.51
41.4 , 24.68
41.64 , 24.07
41.17 , 24.87
41.16 , 24.48
41.25 , 24.53
41.44 , 24.19
41.69 , 25.02
41.71 , 24.52
41.47 , 24.51
41.64 , 24.59
41.45 , 25.4
41.3 , 24.86
41.53 , 24.66
41.21 , 24.82
41.24 , 24.62
41.1 , 24.77
41.51 , 24.8
41.01 , 24.35
41.39 , 24.68
41.47 , 24.96
41.53 , 24.55
41.16 , 24.82
41.46 , 24.95
41.51 , 24.91
40.75 , 24.79
40.72 , 24.51
41.05 , 24.39
41.45 , 24.38
41.86 , 24.67
41.39 , 24.77
41.54 , 24.62
41.89 , 24.55
41.74 , 24.56
41.16 , 24.94
42.0 , 24.42
41.56 , 24.34
40.82 , 24.89
41.48 , 24.66
41.5 , 24.79
41.36 , 24.82
41.3 , 24.78
41.63 , 24.24
41.46 , 25.24
41.76 , 25.12
41.83 , 25.01
41.21 , 24.2
41.25 , 24.77
41.54 , 25.01
41.21 , 24.83
40.74 , 25.09
41.56 , 24.82
41.43 , 25.07
41.27 , 24.88
41.31 , 25.0
41.75 , 24.49
41.14 , 24.76
41.32 , 24.92
41.51 , 24.7
41.78 , 25.03
41.33 , 24.81
41.62 , 25.21
41.63 , 24.66
41.4 , 25.15
41.6 , 25.13
41.35 , 24.69
41.52 , 24.95
41.64 , 24.75
41.85 , 24.88
41.21 , 24.85
41.41 , 25.38
41.34 , 24.63
41.61 , 25.01
41.46 , 24.79
41.44 , 25.1
41.6 , 24.87
40.95 , 24.72
41.06 , 24.87
41.29 , 24.73
41.39 , 25.07
41.84 , 24.82
41.28 , 25.07
41.62 , 24.55
41.21 , 25.23
41.62 , 24.63
41.79 , 24.93
41.85 , 25.14
41.2 , 24.41
41.49 , 24.61
41.67 , 25.23
41.68 , 25.17
41.6 , 25.38
42.18 , 24.71
41.49 , 25.39
41.4 , 24.64
41.67 , 25.37
41.68 , 25.32
41.2 , 25.05
41.31 , 25.38
41.58 , 25.35
41.55 , 25.26
41.75 , 24.81
41.7 , 24.86
41.65 , 25.11
41.67 , 25.3
41.83 , 25.01
41.38 , 25.36
41.25 , 25.15
41.6 , 24.73
41.35 , 24.86
41.9 , 25.12
41.94 , 24.94
41.52 , 25.03
41.84 , 25.33
41.57 , 25.35
41.9 , 25.52
41.72 , 24.92
41.7 , 25.27
41.82 , 25.0
41.3 , 24.67
41.8 , 24.97
41.97 , 24.83
41.67 , 25.45
41.79 , 25.02
41.96 , 25.67
41.82 , 25.01
41.77 , 24.74
41.98 , 24.39
41.45 , 25.25
41.79 , 25.07
41.31 , 24.91
41.67 , 25.29
41.66 , 24.65
42.03 , 25.39
41.87 , 24.7
41.7 , 25.1
41.58 , 24.86
41.72 , 25.19
41.82 , 25.34
41.87 , 24.93
41.39 , 24.84
41.66 , 25.12
41.67 , 25.44
41.74 , 24.98
41.81 , 24.66
41.51 , 25.0
41.73 , 24.9
42.0 , 25.23
41.7 , 25.39
42.27 , 25.18
41.72 , 25.15
41.32 , 24.97
41.78 , 25.27
41.96 , 25.24
41.85 , 25.04
41.7 , 25.16
42.04 , 24.98
41.59 , 25.21
41.62 , 25.12
41.73 , 25.34
41.57 , 24.96
41.84 , 24.99
41.88 , 24.89
42.25 , 25.32
40.93 , 24.93
41.72 , 25.45
42.12 , 25.15
41.17 , 25.02
41.9 , 25.24
41.7 , 25.34
41.41 , 25.6
41.94 , 25.14
42.27 , 24.74
42.08 , 25.46
42.19 , 25.23
42.0 , 25.13
41.93 , 25.22
41.92 , 25.34
42.0 , 25.55
41.67 , 24.93
41.82 , 24.99
42.07 , 25.23
41.71 , 25.57
42.04 , 25.64
41.86 , 25.23
41.76 , 25.62
42.05 , 25.32
42.03 , 25.55
42.31 , 25.19
42.02 , 25.3
41.79 , 25.09
42.14 , 25.04
41.85 , 25.43
41.87 , 25.18
42.05 , 25.23
42.41 , 25.53
41.95 , 25.43
42.24 , 24.76
41.67 , 25.4
41.94 , 25.55
42.09 , 25.36
42.15 , 25.13
42.01 , 25.45
42.1 , 25.29
41.93 , 25.79
42.27 , 25.39
41.76 , 25.49
41.87 , 25.77
42.11 , 25.16
42.3 , 25.47
42.17 , 25.57
42.13 , 25.34
41.69 , 24.86
42.35 , 25.23
42.08 , 25.64
42.1 , 25.59
42.12 , 25.63
42.01 , 25.16
41.48 , 25.1
42.21 , 25.18
41.87 , 25.2
41.59 , 25.63
42.14 , 25.24
41.79 , 25.65
42.0 , 25.41
41.96 , 25.6
41.87 , 25.17
41.82 , 25.44
41.84 , 25.18
41.76 , 25.36
42.15 , 25.59
42.12 , 25.8
41.71 , 25.39
41.57 , 25.48
42.02 , 24.89
42.14 , 25.15
41.99 , 25.34
42.13 , 25.93
41.93 , 25.94
41.77 , 25.2
42.36 , 25.24
42.36 , 25.1
42.18 , 25.65
41.55 , 25.56
41.94 , 25.45
42.03 , 25.7
42.33 , 25.57
42.03 , 25.6
41.46 , 25.68
41.83 , 25.54
42.1 , 25.69
41.78 , 25.74
42.57 , 25.75
41.66 , 25.57
41.59 , 25.69
42.14 , 25.25
42.02 , 25.62
41.78 , 25.51
41.98 , 25.19
42.07 , 25.56
42.16 , 25.79
42.35 , 25.54
41.67 , 25.39
42.25 , 26.09
41.91 , 25.77
42.03 , 25.22
42.49 , 25.7
41.95 , 25.36
42.13 , 26.27
42.01 , 25.65
41.79 , 25.33
42.18 , 25.74
42.23 , 25.72
42.15 , 25.57
42.0 , 25.74
42.31 , 25.52
42.38 , 25.7
42.13 , 25.3
41.94 , 25.4
42.36 , 25.4
42.3 , 25.62
42.11 , 25.58
42.43 , 25.71
42.47 , 25.38
41.57 , 25.47
42.11 , 25.27
41.91 , 25.51
42.0 , 25.77
41.97 , 25.36
42.01 , 25.26
42.06 , 25.73
41.99 , 25.89
42.0 , 25.6
41.94 , 25.81
42.32 , 25.62
41.94 , 26.08
42.29 , 25.93
41.73 , 25.51
42.48 , 25.49
41.64 , 25.7
42.34 , 25.87
42.02 , 25.52
42.08 , 25.61
42.34 , 25.65
42.21 , 25.58
42.28 , 25.56
41.98 , 25.59
42.0 , 25.62
42.57 , 25.54
42.24 , 25.7
42.03 , 25.49
42.54 , 25.59
42.13 , 25.74
42.18 , 25.5
42.72 , 25.6
42.32 , 25.58
42.1 , 25.66
42.19 , 25.49
42.27 , 25.65
42.55 , 26.17
42.04 , 25.6
42.44 , 25.75
42.15 , 26.0
42.18 , 25.63
42.27 , 25.72
42.48 , 25.58
42.19 , 25.38
42.04 , 26.08
42.67 , 25.41
42.33 , 25.54
42.28 , 25.48
42.28 , 25.68
42.13 , 25.65
41.89 , 25.68
42.34 , 25.98
42.3 , 25.53
42.15 , 25.62
42.2 , 25.45
42.08 , 25.78
42.04 , 26.12
42.37 , 25.58
42.2 , 25.99
42.17 , 25.16
42.63 , 26.12
42.45 , 26.22
42.18 , 25.58
42.47 , 25.68
42.19 , 25.79
42.12 , 25.97
42.13 , 25.51
42.42 , 25.89
42.25 , 25.98
42.31 , 26.19
42.31 , 25.47
42.37 , 25.55
42.25 , 25.83
42.44 , 25.61
42.42 , 25.93
42.52 , 26.01
42.98 , 25.61
42.58 , 25.79
42.42 , 26.0
42.45 , 26.19
42.19 , 25.88
42.52 , 25.61
42.74 , 25.5
42.15 , 25.81
42.65 , 25.81
42.27 , 26.03
42.07 , 25.91
42.28 , 25.68
42.8 , 26.11
42.37 , 25.9
42.3 , 25.5
42.21 , 25.92
41.98 , 26.29
42.13 , 25.88
42.64 , 25.86
42.57 , 26.29
42.25 , 25.87
42.82 , 25.84
42.76 , 26.08
42.57 , 26.01
41.95 , 26.0
42.54 , 25.99
42.44 , 25.82
42.02 , 26.12
42.53 , 26.24
42.64 , 26.05
42.52 , 26.16
42.35 , 26.07
42.56 , 25.63
42.79 , 26.17
42.54 , 26.09
42.68 , 25.67
42.98 , 26.42
42.5 , 26.07
42.33 , 25.95
42.28 , 26.05
42.63 , 25.84
42.03 , 26.02
42.4 , 25.6
42.29 , 26.11
42.29 , 25.68
42.49 , 26.37
42.61 , 26.04
42.47 , 26.07
42.74 , 26.2
42.38 , 25.9
42.74 , 26.06
42.9 , 26.33
42.47 , 25.91
42.35 , 26.1
42.48 , 26.43
42.73 , 25.62
42.57 , 25.75
42.6 , 25.64
42.72 , 25.98
42.76 , 25.75
42.21 , 25.99
42.66 , 26.06
42.63 , 25.88
42.56 , 25.97
42.66 , 26.03
42.17 , 26.02
43.05 , 25.75
42.8 , 25.88
42.58 , 25.91
42.3 , 25.77
42.47 , 26.37
43.08 , 25.85
41.98 , 26.09
42.68 , 25.66
42.9 , 25.58
42.66 , 25.94
42.8 , 26.04
42.78 , 26.32
42.64 , 26.41
42.55 , 26.26
42.54 , 26.5
42.23 , 25.77
42.42 , 26.33
42.8 , 26.49
42.72 , 25.7
42.3 , 26.1
42.71 , 26.28
42.61 , 26.05
42.72 , 26.01
42.46 , 26.33
42.59 , 26.13
42.17 , 26.47
42.52 , 26.3
42.62 , 26.38
42.54 , 26.19
42.7 , 26.17
42.4 , 26.15
42.54 , 25.81
42.44 , 26.26
43.57 , 26.13
42.37 , 25.91
43.07 , 26.19
43.14 , 26.23
42.83 , 26.79
42.92 , 26.38
42.43 , 26.63
42.48 , 25.79
42.89 , 26.33
43.18 , 26.18
42.64 , 26.54
42.95 , 26.27
43.04 , 26.36
42.43 , 26.07
42.93 , 26.06
42.64 , 26.64
42.75 , 26.88
42.9 , 26.28
42.49 , 26.1
42.35 , 26.39
43.01 , 26.45
42.99 , 26.42
43.11 , 26.54
42.54 , 26.37
42.44 , 25.89
42.54 , 26.1
42.88 , 25.78
42.75 , 26.05
42.48 , 25.99
43.24 , 26.31
42.47 , 25.26
42.72 , 26.66
43.25 , 25.94
43.01 , 26.31
43.1 , 26.46
42.38 , 26.3
42.89 , 26.67
42.69 , 26.34
42.48 , 26.46
42.55 , 25.88
42.9 , 26.35
42.6 , 26.28
42.86 , 25.79
42.65 , 26.92
43.15 , 26.39
42.64 , 25.82
42.63 , 26.29
42.43 , 26.34
42.76 , 26.16
42.75 , 26.48
42.67 , 26.61
43.45 , 26.35
42.49 , 26.01
42.67 , 26.11
42.67 , 26.69
43.24 , 26.28
43.07 , 26.8
42.97 , 26.22
42.72 , 26.31
42.67 , 26.52
43.18 , 26.52
42.66 , 26.16
42.81 , 26.09
42.42 , 26.57
42.52 , 26.65
42.76 , 26.26
42.73 , 26.65
42.64 , 26.28
42.6 , 26.4
42.37 , 26.4
43.14 , 26.68
42.12 , 26.72
42.83 , 26.68
43.13 , 26.32
42.76 , 26.66
43.32 , 26.04
42.85 , 26.56
43.02 , 26.68
42.55 , 26.86
42.4 , 26.81
43.01 , 26.81
42.73 , 26.38
42.55 , 26.61
42.99 , 26.17
42.84 , 26.55
42.69 , 26.11
43.43 , 26.66
42.86 , 26.9
42.65 , 26.5
42.53 , 26.85
43.18 , 26.78
43.0 , 26.45
42.92 , 26.51
42.65 , 26.24
42.99 , 26.19
42.73 , 26.76
42.63 , 26.56
43.29 , 26.59
42.92 , 26.25
43.07 , 26.67
43.22 , 26.55
43.13 , 26.84
43.11 , 26.24
42.68 , 26.57
42.96 , 26.91
43.28 , 26.22
42.89 , 26.36
42.76 , 26.1
42.99 , 26.72
43.08 , 26.19
43.15 , 26.7
42.98 , 26.58
43.24 , 26.49
42.9 , 26.41
42.76 , 26.97
42.84 , 26.23
42.55 , 26.39
43.51 , 26.63
43.26 , 26.18
43.36 , 26.75
43.17 , 26.52
42.96 , 26.49
43.15 , 26.65
43.64 , 26.49
43.2 , 26.61
42.86 , 26.67
43.06 , 26.71
42.77 , 26.82
42.91 , 26.56
42.7 , 26.44
42.65 , 26.89
43.21 , 26.55
42.94 , 26.61
43.06 , 26.39
42.95 , 26.54
43.1 , 26.86
43.29 , 26.27
43.46 , 26.79
43.31 , 27.05
43.17 , 26.78
42.98 , 26.55
43.06 , 26.88
42.74 , 26.6
43.09 , 26.83
43.28 , 26.09
42.95 , 26.07
42.95 , 26.86
43.21 , 26.82
43.12 , 26.28
43.59 , 26.88
43.59 , 26.6
43.1 , 26.67
43.19 , 26.76
43.34 , 26.87
43.29 , 26.74
43.42 , 26.92
42.79 , 27.04
43.09 , 27.14
43.17 , 26.84
43.0 , 26.57
43.12 , 26.37
43.62 , 27.01
43.37 , 26.67
43.06 , 26.57
42.87 , 27.22
42.97 , 26.83
43.29 , 26.1
43.15 , 26.97
43.5 , 27.14
42.84 , 27.3
43.32 , 26.36
42.89 , 27.01
43.35 , 26.8
43.47 , 26.7
43.48 , 26.89
43.11 , 27.13
43.46 , 26.34
43.73 , 27.12
43.21 , 26.72
43.06 , 26.66
43.09 , 26.75
43.42 , 26.33
43.07 , 26.91
43.33 , 26.48
43.38 , 26.56
43.42 , 26.88
43.04 , 26.99
43.47 , 26.92
43.28 , 26.7
43.39 , 26.61
42.95 , 26.97
43.34 , 26.75
43.43 , 26.8
43.38 , 26.93
43.48 , 27.1
43.3 , 26.79
43.46 , 26.61
43.21 , 26.91
43.09 , 26.65
43.18 , 26.97
43.23 , 26.83
43.28 , 26.79
43.56 , 26.36
43.67 , 26.89
43.15 , 27.11
43.21 , 26.86
43.44 , 26.81
43.39 , 26.87
43.21 , 26.89
43.68 , 26.73
43.54 , 27.19
42.82 , 26.99
43.34 , 26.39
43.27 , 27.09
43.22 , 27.15
43.44 , 27.09
43.35 , 27.13
43.46 , 26.07
43.21 , 26.93
43.51 , 26.66
43.25 , 27.17
43.26 , 26.96
43.19 , 26.95
43.05 , 27.01
43.44 , 26.94
43.55 , 26.58
42.89 , 27.01
43.01 , 27.05
43.71 , 26.79
43.1 , 27.2
43.4 , 26.41
43.59 , 27.05
43.42 , 26.87
43.73 , 26.91
43.86 , 26.93
43.12 , 26.96
43.61 , 26.89
43.35 , 27.11
43.0 , 26.66
43.69 , 26.8
43.2 , 26.65
43.59 , 26.68
43.13 , 26.88
43.25 , 27.05
43.35 , 27.49
43.75 , 26.77
43.66 , 27.25
43.5 , 27.03
43.78 , 26.82
43.81 , 27.27
43.7 , 26.89
43.2 , 26.94
43.16 , 26.88
43.65 , 26.86
43.7 , 26.76
43.15 , 26.84
43.78 , 27.06
43.52 , 27.02
43.41 , 26.89
43.41 , 26.67
43.75 , 27.3
43.05 , 26.96
43.38 , 26.94
43.54 , 26.97
43.2 , 26.68
43.48 , 26.47
43.21 , 27.7
43.3 , 27.26
43.42 , 26.88
43.54 , 27.24
43.77 , 26.75
43.69 , 27.0
43.36 , 27.23
43.61 , 27.31
43.63 , 27.13
43.66 , 27.07
42.96 , 27.14
43.57 , 26.69
43.46 , 27.21
43.3 , 27.69
43.77 , 26.82
43.55 , 27.03
43.43 , 27.28
43.98 , 27.0
43.59 , 27.16
43.74 , 27.03
43.64 , 27.56
43.4 , 27.41
43.13 , 26.99
43.61 , 27.26
43.51 , 26.92
43.23 , 26.8
43.42 , 26.9
42.92 , 27.51
43.68 , 27.33
43.54 , 27.29
43.42 , 27.33
44.1 , 27.62
43.49 , 27.26
43.76 , 27.0
43.41 , 26.84
43.42 , 27.53
43.45 , 28.05
44.02 , 27.07
43.81 , 27.16
43.64 , 27.07
43.8 , 26.91
43.41 , 27.44
44.04 , 27.23
43.22 , 26.73
43.36 , 27.26
43.67 , 27.24
44.02 , 27.05
43.56 , 27.12
43.57 , 27.1
43.69 , 27.07
43.17 , 27.13
43.68 , 27.31
43.54 , 27.33
43.51 , 26.99
43.04 , 27.3
43.19 , 26.92
43.75 , 27.62
43.72 , 27.59
43.32 , 27.18
43.49 , 27.29
43.79 , 26.94
43.64 , 27.21
43.82 , 27.82
43.56 , 27.2
44.08 , 26.88
43.52 , 27.03
43.6 , 27.38
43.1 , 27.96
43.49 , 27.15
43.36 , 27.4
44.01 , 27.92
43.35 , 27.78
43.45 , 27.41
43.35 , 27.3
44.07 , 27.47
43.98 , 27.22
43.76 , 27.36
43.7 , 27.29
43.22 , 27.45
43.5 , 27.4
43.35 , 27.29
43.62 , 27.87
43.81 , 27.39
43.46 , 27.22
43.77 , 27.19
43.58 , 27.14
43.68 , 27.69
43.92 , 27.06
44.0 , 27.8
43.46 , 26.99
43.62 , 27.67
44.11 , 27.38
43.52 , 27.2
43.43 , 27.54
43.8 , 27.23
43.97 , 27.34
43.48 , 27.31
43.82 , 27.1
43.71 , 27.48
43.26 , 27.15
43.91 , 27.36
43.47 , 26.9
43.86 , 27.35
43.69 , 26.91
43.95 , 27.46
43.71 , 27.46
43.88 , 27.09
43.5 , 27.19
43.61 , 27.56
44.08 , 27.46
43.95 , 27.54
43.9 , 27.22
43.96 , 27.7
43.33 , 27.57
43.89 , 27.54
43.56 , 27.44
43.92 , 27.76
44.14 , 27.04
44.22 , 27.7
44.16 , 27.88
43.8 , 27.69
43.48 , 27.36
43.94 , 27.48
43.95 , 27.22
43.57 , 27.7
43.9 , 27.35
44.13 , 27.78
43.84 , 27.99
43.91 , 27.28
44.35 , 27.18
43.81 , 27.59
43.7 , 27.83
43.88 , 27.79
43.85 , 27.37
43.8 , 27.73
44.06 , 27.64
44.32 , 27.62
43.8 , 28.02
44.05 , 27.91
43.78 , 27.69
44.23 , 27.58
43.88 , 27.85
43.76 , 27.56
43.82 , 27.49
43.6 , 27.88
43.51 , 27.71
43.77 , 27.42
43.44 , 27.37
43.93 , 27.09
43.96 , 27.17
44.02 , 27.71
44.28 , 27.84
43.69 , 27.79
43.82 , 27.23
44.19 , 27.54
43.98 , 27.72
43.73 , 27.85
44.08 , 27.37
43.75 , 27.38
44.0 , 27.33
44.51 , 27.84
43.9 , 27.76
43.97 , 27.73
43.57 , 27.61
43.91 , 27.55
43.84 , 27.79
43.61 , 28.08
43.71 , 28.04
43.92 , 27.24
43.65 , 27.87
44.25 , 27.19
43.78 , 27.87
43.86 , 27.41
44.29 , 27.66
43.58 , 27.32
44.09 , 27.43
44.4 , 27.44
44.06 , 27.8
44.12 , 27.62
43.76 , 27.68
43.12 , 28.03
44.22 , 27.94
44.24 , 27.47
43.92 , 28.09
44.17 , 27.59
44.37 , 27.14
44.07 , 28.0
44.1 , 27.63
44.41 , 27.43
44.08 , 27.92
43.71 , 27.43
44.23 , 27.63
44.05 , 27.44
43.5 , 28.15
44.29 , 27.72
43.68 , 27.88
44.44 , 27.92
43.98 , 27.65
43.95 , 27.67
44.1 , 27.82
43.88 , 28.0
43.8 , 27.21
43.95 , 27.4
44.07 , 27.73
44.16 , 28.05
44.31 , 27.93
44.32 , 27.81
43.84 , 27.19
44.4 , 27.95
44.05 , 27.56
43.71 , 27.75
44.14 , 27.75
44.2 , 27.68
43.8 , 28.01
43.94 , 27.49
44.07 , 27.99
44.12 , 28.33
43.76 , 28.23
44.26 , 28.08
44.21 , 27.9
44.28 , 27.98
44.37 , 27.78
44.17 , 27.89
43.95 , 27.8
44.06 , 27.35
43.99 , 27.75
43.93 , 28.0
44.2 , 27.61
44.2 , 28.24
43.8 , 27.57
44.27 , 27.63
44.1 , 27.74
44.1 , 27.88
44.16 , 28.11
44.18 , 27.67
44.39 , 27.78
44.22 , 27.74
44.08 , 28.07
44.49 , 27.65
43.95 , 28.0
43.79 , 27.55
44.27 , 27.82
44.03 , 27.97
43.66 , 28.25
44.03 , 27.94
44.28 , 27.97
44.39 , 27.81
44.85 , 27.68
44.07 , 27.51
44.08 , 27.79
44.38 , 27.93
44.36 , 28.06
44.52 , 27.76
44.19 , 28.13
44.17 , 28.0
44.11 , 27.69
44.1 , 28.01
44.28 , 28.12
44.45 , 27.79
44.09 , 27.7
43.82 , 27.94
44.25 , 27.89
44.39 , 27.75
43.82 , 28.15
44.35 , 27.55
44.33 , 28.28
44.52 , 28.1
44.11 , 27.69
44.1 , 27.88
44.14 , 27.91
44.59 , 28.24
44.13 , 28.1
44.31 , 27.56
44.41 , 27.73
44.16 , 28.06
43.97 , 27.81
44.21 , 28.22
44.41 , 27.93
44.28 , 28.1
44.68 , 28.13
44.31 , 28.24
44.43 , 27.93
44.12 , 28.26
44.04 , 27.78
44.35 , 27.88
44.34 , 28.04
44.24 , 28.29
44.56 , 28.49
44.02 , 28.2
44.21 , 27.91
44.1 , 27.94
44.07 , 27.7
44.17 , 28.15
44.38 , 28.49
44.33 , 27.95
43.83 , 28.43
44.38 , 28.42
44.3 , 27.66
44.65 , 28.35
44.74 , 28.33
44.0 , 27.88
44.29 , 28.48
44.18 , 28.32
45.27 , 28.37
44.5 , 28.4
44.31 , 28.21
44.35 , 27.99
44.04 , 28.41
44.26 , 28.45
44.7 , 28.24
44.14 , 27.94
44.32 , 27.64
44.24 , 27.95
44.79 , 27.89
44.65 , 27.79
44.38 , 27.97
44.63 , 28.05
44.48 , 28.13
44.44 , 28.17
44.52 , 28.32
44.56 , 28.33
44.47 , 28.2
44.17 , 28.31
44.27 , 28.09
44.5 , 28.01
44.11 , 28.16
44.45 , 27.87
44.53 , 27.81
43.99 , 28.15
44.75 , 27.94
44.46 , 28.23
44.96 , 27.95
43.97 , 28.49
44.64 , 28.13
44.36 , 27.9
44.56 , 28.2
44.45 , 27.87
44.37 , 28.26
44.56 , 28.29
44.31 , 27.89
44.47 , 28.46
44.47 , 27.91
44.37 , 28.5
44.38 , 27.86
44.76 , 28.72
44.24 , 28.61
44.41 , 27.97
44.57 , 28.73
44.42 , 28.08
44.39 , 28.15
44.75 , 27.89
44.34 , 27.84
44.72 , 28.12
44.19 , 28.45
44.29 , 28.5
44.46 , 27.64
44.87 , 27.83
44.6 , 28.13
44.72 , 28.16
44.54 , 28.08
44.28 , 28.32
44.46 , 28.04
44.59 , 28.22
44.67 , 28.55
44.25 , 28.36
44.53 , 28.53
44.93 , 28.18
44.12 , 28.81
44.74 , 28.24
44.43 , 28.45
44.83 , 28.25
45.0 , 28.33
44.85 , 28.21
44.77 , 27.81
44.82 , 28.6
44.79 , 28.0
44.37 , 28.89
44.51 , 28.58
44.7 , 28.34
44.57 , 28.38
44.7 , 28.45
45.2 , 27.69
44.45 , 28.23
44.59 , 27.99
44.41 , 27.9
44.15 , 28.64
44.38 , 28.3
44.38 , 28.9
44.81 , 28.8
44.6 , 28.35
44.7 , 28.25
44.8 , 28.67
44.75 , 28.14
44.91 , 28.02
44.48 , 28.79
44.67 , 28.08
44.43 , 28.14
44.87 , 28.54
44.65 , 28.3
44.61 , 28.67
44.8 , 28.82
44.53 , 28.56
44.72 , 28.02
45.02 , 28.64
44.77 , 28.44
44.27 , 28.29
44.72 , 29.0
44.94 , 28.06
44.66 , 28.64
44.55 , 28.09
44.48 , 27.95
44.76 , 28.31
45.01 , 28.44
44.68 , 28.33
44.62 , 28.91
44.88 , 28.16
44.87 , 28.36
44.58 , 28.51
45.0 , 28.31
44.72 , 28.28
44.49 , 27.78
45.08 , 28.45
44.15 , 28.55
44.61 , 28.6
44.66 , 28.8
45.06 , 28.51
44.28 , 27.81
44.74 , 28.6
44.66 , 28.64
44.74 , 28.52
44.7 , 28.65
44.36 , 28.64
44.54 , 28.23
44.89 , 28.72
44.62 , 28.08
45.01 , 28.74
45.22 , 28.32
44.59 , 29.09
45.1 , 28.27
44.77 , 28.0
44.78 , 28.75
44.58 , 28.71
44.94 , 28.72
44.98 , 27.92
44.7 , 28.27
44.95 , 28.94
44.95 , 29.26
44.94 , 28.03
44.74 , 28.57
44.89 , 28.75
44.49 , 28.54
44.93 , 28.45
44.66 , 28.34
44.04 , 28.52
44.58 , 28.78
44.42 , 28.88
44.68 , 28.8
45.1 , 28.65
44.69 , 29.05
44.85 , 28.21
45.06 , 28.29
44.64 , 28.51
44.89 , 28.61
44.51 , 28.28
44.97 , 28.89
44.68 , 29.11
44.81 , 28.49
44.65 , 28.99
44.92 , 28.45
44.61 , 28.28
44.88 , 28.48
45.02 , 29.03
44.51 , 28.96
45.08 , 28.35
44.72 , 28.51
45.05 , 28.31
45.22 , 29.0
45.06 , 28.5
45.24 , 28.71
45.25 , 28.77
44.88 , 28.67
45.13 , 28.92
44.83 , 29.22
44.94 , 28.83
45.11 , 29.12
44.66 , 28.19
44.78 , 28.44
45.15 , 28.83
44.92 , 28.38
44.99 , 28.7
44.87 , 28.56
45.01 , 28.74
45.13 , 28.79
45.24 , 29.23
45.3 , 28.96
44.74 , 28.69
45.35 , 29.03
45.0 , 28.74
44.61 , 28.65
44.79 , 28.74
44.88 , 29.02
45.01 , 28.63
44.49 , 28.79
44.97 , 28.57
45.19 , 28.97
45.13 , 28.6
44.71 , 29.3
45.18 , 28.52
45.05 , 28.36
44.3 , 28.92
45.12 , 28.57
45.38 , 28.95
44.85 , 28.77
44.69 , 28.63
45.08 , 28.97
45.07 , 28.67
44.59 , 28.51
45.28 , 28.98
44.77 , 28.81
44.82 , 28.62
45.1 , 29.06
44.85 , 29.03
45.04 , 28.64
45.41 , 28.67
45.12 , 28.72
45.25 , 28.77
44.92 , 29.01
45.16 , 28.71
45.21 , 29.16
44.87 , 28.31
44.79 , 28.66
45.46 , 28.59
44.81 , 28.88
44.73 , 28.71
45.34 , 28.77
44.96 , 28.98
45.0 , 28.5
45.31 , 28.48
44.85 , 28.5
44.9 , 28.85
45.47 , 28.79
45.55 , 28.85
44.74 , 29.05
45.38 , 28.54
45.0 , 28.62
45.35 , 28.74
44.79 , 28.8
45.36 , 29.1
45.13 , 28.64
45.28 , 29.13
44.93 , 28.8
45.23 , 29.11
45.24 , 29.15
45.4 , 29.06
45.23 , 28.54
45.11 , 28.66
45.1 , 29.08
45.14 , 28.7
45.46 , 29.26
45.17 , 29.15
44.77 , 28.86
45.54 , 29.33
45.38 , 28.47
45.26 , 28.62
45.15 , 29.23
45.18 , 29.09
45.14 , 28.55
44.94 , 28.86
44.91 , 29.17
45.2 , 28.8
45.49 , 29.44
45.47 , 29.12
45.53 , 29.09
44.97 , 29.1
45.11 , 29.02
44.66 , 28.93
45.67 , 28.98
45.04 , 28.87
45.19 , 29.59
45.26 , 29.35
45.08 , 29.15
44.92 , 29.43
45.14 , 28.94
45.23 , 29.55
44.94 , 29.19
44.98 , 29.1
44.94 , 29.36
45.65 , 28.91
44.72 , 28.66
44.91 , 29.21
45.18 , 28.91
45.11 , 29.16
45.46 , 29.18
45.28 , 29.14
45.0 , 28.82
45.13 , 29.01
45.27 , 28.87
45.25 , 29.09
45.41 , 29.21
45.34 , 29.13
44.85 , 28.92
45.26 , 29.1
44.98 , 29.46
45.54 , 28.98
45.6 , 28.64
45.53 , 29.14
45.14 , 28.85
45.35 , 28.89
45.27 , 28.97
45.56 , 28.6
45.43 , 29.1
45.48 , 29.34
44.58 , 29.11
45.04 , 29.07
45.27 , 29.29
45.51 , 28.89
45.81 , 29.19
45.39 , 29.0
45.19 , 29.55
45.03 , 29.35
45.57 , 29.36
45.38 , 29.15
44.9 , 28.9
45.35 , 29.26
45.54 , 29.36
45.45 , 29.15
45.71 , 29.24
45.46 , 29.63
45.27 , 28.97
45.51 , 29.17
45.6 , 28.94
45.18 , 29.34
45.41 , 29.03
45.56 , 29.15
45.35 , 29.33
45.72 , 29.44
45.08 , 28.91
45.34 , 28.79
45.33 , 29.19
45.49 , 29.12
45.16 , 29.13
45.31 , 29.79
46.02 , 29.06
45.56 , 29.29
45.45 , 29.28
45.14 , 29.24
45.33 , 29.21
45.22 , 29.44
45.35 , 28.93
45.56 , 29.29
45.24 , 29.11
45.38 , 29.59
45.65 , 28.94
45.19 , 28.84
45.49 , 29.2
45.26 , 29.36
45.35 , 29.83
45.63 , 29.32
45.91 , 29.23
45.08 , 28.7
46.04 , 29.3
45.7 , 29.32
45.31 , 29.25
45.43 , 28.75
45.03 , 29.1
45.47 , 29.46
45.62 , 29.7
45.34 , 28.82
45.51 , 29.31
45.82 , 29.37
45.54 , 29.18
45.34 , 29.71
45.36 , 28.79
45.45 , 29.3
45.2 , 28.96
45.37 , 28.83
45.43 , 29.27
45.29 , 29.12
45.29 , 29.32
45.54 , 29.17
45.18 , 29.73
45.25 , 29.29
45.1 , 29.57
45.5 , 29.38
45.85 , 29.42
45.88 , 29.46
46.02 , 29.51
45.19 , 29.69
45.56 , 29.16
45.54 , 29.48
45.48 , 29.59
45.39 , 29.15
45.17 , 29.3
45.49 , 29.32
45.63 , 29.48
45.37 , 29.31
45.64 , 29.25
45.34 , 29.62
45.39 , 29.1
45.67 , 29.53
45.87 , 29.2
45.52 , 29.24
45.49 , 29.68
45.67 , 28.72
45.62 , 29.61
45.93 , 29.53
45.5 , 29.45
44.91 , 29.56
45.66 , 29.02
45.19 , 29.25
46.07 , 29.79
45.83 , 29.22
45.08 , 29.33
45.91 , 29.76
45.35 , 29.45
45.48 , 29.29
45.63 , 29.39
45.57 , 29.65
45.57 , 28.98
45.63 , 29.62
45.29 , 29.61
45.93 , 29.53
45.48 , 29.69
45.79 , 29.69
46.3 , 29.2
45.83 , 29.32
45.41 , 29.95
45.93 , 29.32
45.56 , 29.6
45.61 , 29.74
45.64 , 29.45
45.33 , 29.22
45.38 , 29.09
45.18 , 29.59
45.99 , 29.63
46.22 , 29.18
46.04 , 29.59
45.25 , 29.42
45.52 , 29.28
45.17 , 29.58
45.87 , 29.81
46.01 , 29.42
46.04 , 29.39
46.12 , 29.7
45.75 , 30.08
45.21 , 29.66
45.72 , 29.69
46.06 , 29.87
45.6 , 29.83
46.25 , 29.73
45.51 , 29.17
45.72 , 29.21
45.79 , 29.4
45.38 , 29.5
45.96 , 30.0
45.59 , 29.51
45.4 , 29.45
45.64 , 30.13
45.4 , 28.89
45.71 , 30.03
45.79 , 29.81
45.74 , 29.59
45.58 , 29.47
45.4 , 30.08
45.41 , 29.75
46.13 , 29.91
45.55 , 29.63
45.52 , 29.53
45.74 , 29.89
45.93 , 29.54
45.84 , 30.07
45.87 , 29.81
45.82 , 29.71
45.37 , 29.78
45.58 , 29.39
45.9 , 29.98
45.84 , 29.65
45.71 , 29.53
45.74 , 29.83
45.82 , 30.17
45.32 , 29.52
45.22 , 29.96
45.92 , 29.51
45.5 , 29.8
46.11 , 29.88
45.74 , 29.74
45.69 , 29.96
45.81 , 29.89
45.74 , 30.2
45.93 , 29.61
45.88 , 29.31
45.34 , 29.85
45.91 , 29.98
45.66 , 29.91
45.59 , 29.75
45.53 , 29.94
46.21 , 29.59
45.9 , 29.84
45.43 , 29.58
45.53 , 29.71
45.77 , 29.59
45.98 , 29.51
46.08 , 29.95
45.59 , 29.3
45.68 , 29.98
45.85 , 29.63
45.83 , 29.27
45.44 , 29.48
45.94 , 29.72
45.82 , 29.57
46.04 , 29.56
45.78 , 29.76
45.83 , 29.37
45.67 , 29.9
45.94 , 29.7
45.92 , 29.45
45.94 , 29.78
45.67 , 30.12
46.09 , 29.9
45.97 , 29.98
45.82 , 29.76
46.14 , 29.97
45.69 , 29.79
45.78 , 29.49
45.55 , 29.51
45.56 , 29.69
46.18 , 29.52
45.68 , 29.78
46.04 , 29.91
45.5 , 30.23
45.88 , 30.1
45.76 , 29.71
46.2 , 29.84
46.04 , 30.07
45.6 , 30.46
46.04 , 29.81
45.84 , 29.96
46.13 , 29.99
46.01 , 29.6
45.83 , 30.08
46.09 , 29.52
46.19 , 30.01
45.64 , 29.94
45.41 , 29.41
45.78 , 29.8
45.91 , 29.91
45.94 , 30.07
45.95 , 29.9
46.07 , 30.04
46.2 , 30.41
46.1 , 29.87
45.87 , 30.16
46.02 , 29.65
45.46 , 29.82
46.02 , 29.86
46.06 , 29.88
45.77 , 29.7
45.74 , 30.0
46.34 , 29.77
45.67 , 29.92
46.34 , 29.95
45.97 , 29.85
46.02 , 29.66
45.98 , 30.07
45.86 , 29.87
46.36 , 30.25
45.72 , 29.55
46.11 , 30.16
46.24 , 29.96
46.14 , 30.2
46.18 , 30.27
45.62 , 30.24
46.15 , 29.84
45.64 , 30.14
46.02 , 30.06
45.88 , 30.14
46.29 , 29.91
46.22 , 29.98
46.19 , 30.12
46.53 , 29.79
46.56 , 29.72
45.95 , 29.84
46.18 , 30.3
46.35 , 29.78
46.1 , 30.23
46.28 , 30.03
46.35 , 29.97
45.94 , 29.71
46.38 , 30.0
45.97 , 29.76
46.29 , 30.29
46.24 , 30.33
46.03 , 30.0
45.96 , 30.16
45.82 , 30.31
46.22 , 30.1
46.48 , 29.96
46.5 , 30.05
46.1 , 30.27
45.95 , 30.07
46.56 , 30.4
45.89 , 30.06
46.42 , 30.03
45.85 , 30.29
45.9 , 30.15
46.38 , 29.08
45.94 , 30.39
46.35 , 30.32
46.25 , 30.05
46.41 , 30.05
46.17 , 30.13
46.03 , 29.79
46.2 , 30.36
46.05 , 30.56
46.11 , 29.71
45.9 , 29.62
46.66 , 30.24
46.34 , 29.92
46.35 , 30.12
46.16 , 29.87
46.16 , 29.99
46.49 , 29.85
46.12 , 30.34
46.29 , 30.12
46.62 , 30.31
45.99 , 29.67
45.93 , 30.17
46.28 , 29.79
46.35 , 30.15
45.97 , 29.96
46.28 , 30.41
46.76 , 29.98
46.11 , 30.04
46.44 , 29.92
46.13 , 30.25
46.28 , 30.06
46.46 , 30.38
46.41 , 30.02
46.11 , 30.46
46.29 , 29.81
45.84 , 29.96
46.41 , 29.95
46.19 , 29.94
46.22 , 30.18
45.89 , 29.7
46.47 , 30.19
46.13 , 29.66
46.83 , 30.24
46.25 , 30.47
46.07 , 30.33
46.24 , 30.12
46.39 , 30.14
46.75 , 29.95
45.85 , 30.01
46.28 , 30.36
46.24 , 30.12
46.26 , 30.18
45.7 , 30.37
46.21 , 30.57
46.19 , 30.52
45.74 , 30.62
46.47 , 30.06
46.32 , 30.37
46.01 , 30.15
46.48 , 30.48
46.4 , 30.24
46.08 , 30.53
46.33 , 30.25
46.58 , 30.8
46.29 , 30.44
46.36 , 30.48
46.39 , 30.26
46.04 , 30.65
46.62 , 29.98
46.03 , 30.31
46.35 , 30.27
46.25 , 30.04
46.18 , 30.02
46.31 , 30.13
46.08 , 30.41
46.53 , 30.38
46.3 , 30.13
46.31 , 30.43
46.21 , 30.11
46.35 , 30.41
46.07 , 30.28
46.15 , 29.89
46.33 , 30.06
46.25 , 30.1
46.56 , 30.42
46.5 , 30.05
46.67 , 30.16
46.62 , 30.23
45.92 , 30.8
46.47 , 30.74
46.62 , 30.21
45.91 , 30.08
46.7 , 30.59
46.73 , 30.21
46.33 , 30.32
46.33 , 30.5
46.42 , 30.34
46.45 , 30.59
46.5 , 30.52
46.76 , 30.24
46.29 , 30.52
47.08 , 30.42
46.87 , 30.73
46.81 , 30.54
46.63 , 30.02
46.62 , 30.68
46.76 , 30.15
46.58 , 30.63
46.47 , 30.23
46.6 , 30.42
46.2 , 30.62
46.01 , 30.47
46.33 , 30.44
46.27 , 30.7
46.41 , 30.21
46.61 , 30.26
46.79 , 30.83
46.1 , 30.39
46.07 , 31.19
46.68 , 30.59
46.03 , 30.22
46.36 , 30.78
47.12 , 30.29
46.23 , 30.5
46.25 , 30.42
46.19 , 30.44
46.74 , 30.64
46.57 , 30.62
46.09 , 30.8
46.12 , 30.86
46.54 , 30.5
46.77 , 30.39
46.47 , 30.45
46.65 , 30.83
46.46 , 30.55
46.55 , 30.68
46.59 , 30.52
46.75 , 30.61
46.75 , 30.93
45.81 , 30.76
46.8 , 30.58
46.51 , 30.56
46.56 , 30.72
46.54 , 30.76
46.45 , 30.77
46.6 , 30.66
46.35 , 30.4
46.35 , 30.64
46.89 , 30.98
46.23 , 31.25
46.82 , 30.35
46.49 , 30.62
46.31 , 30.41
46.57 , 30.51
46.99 , 30.38
46.83 , 30.38
46.03 , 30.74
46.41 , 30.63
47.1 , 30.7
46.69 , 30.16
46.75 , 30.65
46.64 , 30.27
46.79 , 31.07
47.04 , 30.85
46.41 , 30.73
46.4 , 30.26
46.55 , 30.75
46.49 , 30.49
46.81 , 30.77
46.68 , 30.77
47.09 , 30.61
46.94 , 30.56
46.49 , 30.74
46.67 , 31.07
46.61 , 30.55
46.71 , 30.95
46.67 , 30.4
46.58 , 30.76
46.68 , 31.08
46.82 , 30.17
46.71 , 30.61
46.73 , 30.96
46.57 , 30.73
46.71 , 30.77
46.75 , 30.44
46.72 , 31.01
47.26 , 30.39
46.97 , 30.34
46.5 , 30.59
46.68 , 30.87
46.93 , 30.97
46.81 , 31.0
46.74 , 31.05
47.0 , 30.76
46.67 , 30.85
46.37 , 30.45
46.73 , 30.41
46.85 , 30.15
46.6 , 31.03
46.41 , 31.01
46.29 , 30.55
46.51 , 30.85
46.27 , 30.61
46.33 , 30.94
47.07 , 30.65
46.56 , 30.76
47.15 , 30.6
47.13 , 30.95
46.98 , 30.77
46.88 , 30.68
47.18 , 30.54
46.94 , 30.71
46.71 , 30.77
46.58 , 30.65
46.97 , 30.66
47.09 , 30.82
46.6 , 31.25
46.74 , 30.38
47.09 , 30.82
46.34 , 30.96
46.64 , 30.92
47.12 , 30.47
46.82 , 30.9
46.56 , 30.6
46.43 , 29.97
47.1 , 31.01
46.8 , 30.78
46.55 , 30.33
47.06 , 30.99
46.94 , 30.53
47.0 , 30.7
46.45 , 30.89
46.57 , 30.73
46.99 , 30.91
47.15 , 31.15
46.69 , 30.88
47.02 , 31.08
46.4 , 30.93
46.9 , 30.81
46.76 , 31.13
46.97 , 30.68
46.94 , 31.06
46.95 , 30.94
46.73 , 30.99
47.1 , 31.0
46.97 , 31.38
46.27 , 30.91
46.72 , 31.21
47.17 , 30.9
47.02 , 30.93
46.45 , 30.51
46.93 , 30.77
47.28 , 30.52
47.02 , 31.11
46.98 , 30.64
46.75 , 30.59
47.03 , 30.97
47.18 , 30.95
47.14 , 31.02
47.03 , 30.77
47.11 , 30.82
47.1 , 30.89
47.13 , 31.06
46.77 , 31.14
46.76 , 31.17
46.78 , 30.94
47.12 , 31.12
47.15 , 31.14
46.88 , 31.42
46.93 , 30.83
46.96 , 31.49
47.25 , 30.99
46.96 , 30.87
47.12 , 30.84
46.82 , 31.07
46.82 , 30.54
46.85 , 30.82
46.75 , 31.18
47.37 , 30.94
47.06 , 31.31
47.41 , 30.94
46.74 , 31.09
47.16 , 31.01
46.72 , 30.62
46.7 , 31.15
47.43 , 31.24
46.97 , 31.06
47.12 , 31.22
47.12 , 31.31
47.13 , 30.95
47.13 , 31.2
47.32 , 31.2
47.22 , 31.43
47.33 , 30.46
47.1 , 31.1
46.86 , 31.18
47.39 , 31.11
47.18 , 31.28
47.3 , 31.51
46.86 , 31.07
46.78 , 30.75
47.23 , 31.02
47.16 , 30.7
47.06 , 30.74
46.82 , 31.08
46.98 , 31.26
47.05 , 30.74
47.05 , 31.06
46.93 , 31.11
46.69 , 30.99
46.98 , 31.24
46.75 , 30.87
47.01 , 31.22
46.8 , 31.39
47.22 , 31.37
46.98 , 31.21
47.49 , 31.29
46.9 , 31.05
46.82 , 31.04
47.0 , 30.55
46.93 , 30.73
47.28 , 31.14
47.57 , 31.26
47.41 , 31.14
46.91 , 30.9
47.08 , 31.01
47.34 , 31.18
47.27 , 30.82
47.03 , 31.3
47.5 , 30.86
46.96 , 31.52
47.35 , 31.34
47.24 , 31.3
47.29 , 31.55
47.31 , 31.01
47.18 , 31.26
47.06 , 31.33
46.81 , 31.45
47.55 , 31.17
47.31 , 31.09
47.11 , 31.33
46.76 , 31.32
46.79 , 30.75
47.12 , 31.28
47.11 , 31.4
47.11 , 31.07
47.49 , 31.26
47.28 , 31.1
47.22 , 30.92
46.88 , 31.28
46.81 , 31.21
47.2 , 31.16
47.26 , 31.39
47.07 , 31.19
47.01 , 31.42
47.1 , 31.12
47.45 , 31.34
46.92 , 31.56
47.12 , 31.72
47.46 , 31.49
46.81 , 31.37
47.03 , 31.85
47.44 , 31.41
47.81 , 31.7
46.84 , 31.34
47.03 , 30.77
47.87 , 31.46
46.74 , 31.34
47.13 , 31.37
47.11 , 31.05
47.56 , 31.64
47.21 , 31.37
47.83 , 31.49
47.52 , 31.14
47.18 , 30.98
47.96 , 31.53
47.01 , 31.02
47.37 , 31.74
47.76 , 31.14
47.46 , 31.25
46.76 , 31.09
47.02 , 31.26
47.34 , 31.39
47.32 , 31.91
46.62 , 31.54
47.63 , 31.93
46.8 , 31.62
47.57 , 31.33
47.09 , 31.21
47.33 , 31.47
47.37 , 31.72
47.38 , 30.98
47.56 , 31.37
47.52 , 31.22
47.06 , 31.4
47.23 , 31.23
47.71 , 31.25
47.17 , 31.42
47.4 , 31.46
47.41 , 31.69
46.97 , 31.44
47.65 , 31.29
47.16 , 31.62
47.64 , 31.59
47.31 , 31.65
47.37 , 31.11
47.5 , 31.74
47.57 , 30.94
47.54 , 31.47
47.35 , 31.61
47.29 , 31.6
47.26 , 31.44
47.08 , 31.24
47.53 , 31.84
47.41 , 31.57
47.26 , 31.4
47.44 , 31.34
47.16 , 31.68
47.51 , 31.33
47.35 , 31.45
47.41 , 31.78
47.44 , 31.66
47.96 , 31.48
47.68 , 31.2
47.69 , 31.08
47.33 , 31.14
47.63 , 31.53
47.24 , 31.28
47.3 , 31.62
47.4 , 31.06
47.55 , 31.12
47.64 , 31.2
47.22 , 31.75
47.62 , 31.37
47.62 , 31.83
47.23 , 31.51
47.23 , 31.01
47.42 , 31.51
47.43 , 30.99
47.43 , 31.58
47.21 , 31.49
47.78 , 31.55
47.27 , 31.33
47.26 , 31.34
47.57 , 30.98
47.63 , 31.29
46.93 , 31.39
47.73 , 32.01
47.36 , 31.82
47.74 , 31.71
47.61 , 31.31
47.21 , 31.33
47.31 , 31.42
47.65 , 31.56
47.35 , 31.84
47.36 , 32.08
47.37 , 31.0
47.37 , 31.7
47.05 , 31.44
47.25 , 31.59
47.75 , 31.78
47.39 , 31.78
47.63 , 31.36
47.62 , 31.59
47.77 , 31.37
47.49 , 31.7
47.64 , 31.86
47.47 , 31.42
48.18 , 31.86
47.62 , 31.35
47.57 , 31.73
47.38 , 32.03
48.18 , 31.44
47.28 , 31.64
47.64 , 31.86
47.57 , 31.43
47.36 , 31.38
47.62 , 32.26
47.54 , 31.71
48.13 , 31.64
48.12 , 31.68
47.7 , 31.38
47.64 , 31.61
48.0 , 31.64
47.86 , 31.37
47.39 , 32.01
47.94 , 31.81
47.59 , 31.42
47.44 , 31.75
47.45 , 31.8
47.81 , 31.73
48.11 , 31.99
47.68 , 31.82
47.71 , 31.72
47.51 , 31.73
47.98 , 31.44
47.8 , 31.93
47.57 , 31.41
47.88 , 32.23
47.86 , 31.55
47.66 , 31.59
47.42 , 31.28
47.74 , 31.91
47.83 , 31.66
47.69 , 31.38
47.41 , 31.34
47.68 , 31.56
47.42 , 32.0
47.69 , 32.06
47.64 , 31.66
47.91 , 31.62
47.66 , 31.87
47.13 , 31.56
47.63 , 31.94
47.71 , 31.85
47.64 , 31.59
48.0 , 31.76
47.67 , 31.55
47.77 , 31.57
47.74 , 31.56
47.71 , 31.83
47.94 , 31.93
47.24 , 31.86
47.92 , 31.87
47.98 , 32.01
47.86 , 32.16
47.56 , 32.2
47.43 , 31.41
47.74 , 32.11
47.34 , 31.77
47.36 , 31.86
47.63 , 32.11
47.64 , 32.04
47.63 , 31.53
47.92 , 31.69
47.73 , 32.13
47.24 , 32.03
47.97 , 31.52
47.95 , 32.06
47.22 , 32.0
47.94 , 31.55
47.28 , 32.21
47.7 , 31.55
47.88 , 31.47
47.83 , 31.98
47.52 , 31.58
47.68 , 31.99
47.59 , 31.42
47.24 , 31.79
47.47 , 31.93
47.81 , 31.81
47.92 , 32.18
47.91 , 31.71
47.98 , 32.02
47.76 , 31.77
47.74 , 31.81
47.82 , 31.92
47.4 , 31.91
47.28 , 32.03
47.58 , 31.8
48.38 , 31.97
47.99 , 31.76
47.69 , 31.61
47.52 , 32.1
47.56 , 32.14
47.75 , 32.11
48.0 , 32.16
47.79 , 32.05
48.25 , 32.01
47.81 , 32.19
47.77 , 32.08
47.71 , 31.75
48.12 , 32.06
47.69 , 32.12
47.94 , 32.35
48.0 , 31.51
47.84 , 31.98
47.97 , 31.69
47.76 , 31.9
47.59 , 31.99
48.15 , 31.85
47.7 , 31.95
47.53 , 32.13
48.14 , 31.88
47.85 , 32.17
48.01 , 31.99
47.75 , 31.85
48.04 , 32.14
48.03 , 31.92
47.71 , 32.34
47.98 , 32.19
47.75 , 32.13
47.62 , 32.43
47.45 , 32.13
47.68 , 32.5
47.79 , 31.84
47.7 , 31.74
48.23 , 31.69
47.91 , 32.08
48.04 , 32.05
47.65 , 32.13
47.9 , 31.98
48.1 , 32.08
47.65 , 32.07
48.01 , 32.13
48.01 , 32.32
47.96 , 31.83
47.47 , 32.36
48.05 , 31.93
47.73 , 32.54
48.3 , 32.14
48.12 , 32.34
48.45 , 32.41
48.25 , 32.23
48.25 , 31.99
48.24 , 32.14
47.84 , 32.3
48.25 , 32.12
47.72 , 32.05
48.08 , 32.17
48.16 , 32.47
47.79 , 32.24
48.4 , 31.82
48.03 , 31.94
48.31 , 32.3
48.1 , 32.39
47.83 , 32.12
47.7 , 32.16
47.67 , 32.23
47.96 , 31.98
48.15 , 32.03
48.12 , 32.04
47.74 , 32.36
47.79 , 32.07
48.06 , 32.1
48.19 , 32.16
48.31 , 32.38
48.05 , 31.95
47.78 , 31.55
48.06 , 32.31
48.04 , 32.19
48.29 , 32.12
48.0 , 31.9
48.24 , 32.86
48.02 , 32.18
48.16 , 32.24
47.94 , 32.15
48.26 , 32.28
48.04 , 32.0
48.09 , 31.71
48.24 , 32.08
48.36 , 31.8
48.37 , 31.93
48.0 , 32.39
48.04 , 32.51
47.95 , 32.49
48.31 , 32.7
48.41 , 32.54
47.98 , 31.94
48.36 , 32.58
48.31 , 32.88
47.98 , 32.22
47.96 , 32.68
48.04 , 32.16
48.15 , 32.59
47.76 , 31.98
48.22 , 32.91
47.48 , 32.22
48.44 , 32.29
47.99 , 32.39
48.25 , 32.15
47.64 , 32.24
47.91 , 32.21
47.99 , 32.44
48.09 , 32.25
47.58 , 31.53
48.54 , 32.76
48.12 , 32.06
48.18 , 32.32
48.18 , 32.23
48.15 , 32.34
48.26 , 32.13
48.58 , 32.67
48.27 , 32.53
48.31 , 32.36
48.3 , 32.07
48.22 , 32.41
48.56 , 32.19
48.22 , 32.47
48.28 , 32.89
47.91 , 32.66
47.91 , 32.35
48.12 , 32.46
48.46 , 32.33
48.5 , 32.46
48.05 , 31.96
48.35 , 32.46
47.92 , 32.75
47.95 , 32.51
48.55 , 32.73
48.15 , 32.2
48.34 , 32.3
48.4 , 32.71
48.34 , 32.41
48.31 , 32.33
48.25 , 32.59
48.46 , 32.46
48.33 , 32.71
48.27 , 32.48
48.07 , 32.35
48.22 , 32.07
48.36 , 32.51
48.08 , 32.75
48.3 , 32.78
48.06 , 32.36
48.53 , 32.62
48.67 , 32.25
48.77 , 32.48
48.37 , 31.98
48.46 , 32.6
48.18 , 32.33
48.43 , 32.28
48.52 , 32.5
48.52 , 32.42
48.24 , 32.73
48.27 , 32.17
48.38 , 32.41
48.65 , 32.48
48.23 , 32.24
48.36 , 33.01
48.1 , 32.65
48.31 , 32.33
48.52 , 32.75
48.57 , 32.66
47.85 , 32.45
48.47 , 32.48
48.59 , 32.37
48.53 , 32.73
48.25 , 32.8
48.34 , 32.48
48.75 , 32.33
48.35 , 32.74
48.34 , 32.34
48.18 , 32.73
48.16 , 32.54
48.25 , 32.98
48.01 , 32.83
48.73 , 32.51
48.49 , 32.46
48.67 , 32.44
48.38 , 33.17
48.46 , 32.15
48.49 , 32.56
48.07 , 32.94
48.24 , 32.53
48.75 , 32.57
48.62 , 32.6
48.33 , 32.66
48.5 , 32.18
48.01 , 32.57
48.38 , 32.63
48.46 , 32.49
48.69 , 33.09
48.73 , 32.37
48.68 , 32.93
47.94 , 32.47
47.61 , 32.77
48.57 , 32.29
48.62 , 32.71
48.36 , 32.7
48.41 , 32.54
48.32 , 32.04
48.53 , 32.43
48.43 , 32.52
48.41 , 32.74
48.35 , 33.08
48.36 , 32.25
48.55 , 32.7
48.66 , 32.62
48.89 , 32.38
48.32 , 32.99
48.58 , 32.92
48.39 , 32.54
48.3 , 32.19
48.65 , 32.59
48.18 , 33.28
48.36 , 32.57
48.86 , 32.54
48.39 , 32.76
48.51 , 33.1
48.55 , 33.09
48.48 , 32.67
48.75 , 32.73
48.43 , 32.6
48.49 , 32.88
48.27 , 32.81
48.48 , 33.06
48.45 , 32.76
48.75 , 32.48
48.49 , 33.08
48.18 , 31.95
48.73 , 32.64
48.65 , 32.52
48.85 , 32.87
48.31 , 32.69
48.68 , 33.08
48.22 , 32.84
48.19 , 32.78
48.48 , 33.63
48.98 , 32.92
48.28 , 32.39
49.14 , 32.75
48.45 , 32.73
48.38 , 32.48
49.03 , 33.17
48.36 , 33.01
48.94 , 32.48
48.34 , 33.01
48.39 , 32.86
48.54 , 32.78
48.7 , 32.93
48.41 , 32.36
48.12 , 32.76
49.26 , 32.42
48.56 , 32.56
48.03 , 32.39
48.24 , 32.78
48.47 , 32.98
48.8 , 32.72
48.6 , 32.64
48.96 , 33.04
48.22 , 32.92
48.76 , 33.18
48.65 , 33.08
48.67 , 32.8
48.78 , 32.94
48.95 , 32.33
48.5 , 32.98
48.71 , 32.87
48.77 , 32.92
48.8 , 32.76
48.12 , 33.18
48.55 , 32.81
48.62 , 32.6
48.71 , 32.75
49.08 , 32.81
48.92 , 32.96
48.49 , 32.9
48.9 , 32.58
48.99 , 32.94
48.47 , 32.91
48.57 , 32.88
48.91 , 32.64
48.92 , 32.31
48.42 , 32.47
48.42 , 32.79
48.55 , 32.83
48.81 , 32.77
48.16 , 32.74
48.96 , 32.74
48.63 , 32.89
48.56 , 32.75
48.63 , 32.89
48.83 , 32.98
48.77 , 32.52
48.48 , 32.89
48.91 , 32.92
48.57 , 32.76
48.64 , 33.17
49.21 , 33.04
48.45 , 32.94
48.4 , 32.86
48.78 , 33.2
48.81 , 32.76
48.87 , 33.04
49.1 , 32.86
48.62 , 32.86
49.2 , 32.82
49.03 , 32.69
48.74 , 32.93
48.91 , 32.94
48.81 , 32.73
48.61 , 33.48
48.77 , 33.31
48.67 , 32.72
48.5 , 33.01
49.07 , 32.95
49.16 , 33.07
49.05 , 32.97
49.0 , 32.83
48.69 , 33.14
48.97 , 32.89
49.0 , 33.12
48.52 , 33.21
49.16 , 32.83
48.67 , 32.8
48.95 , 32.62
48.64 , 33.27
48.45 , 32.92
48.52 , 32.91
48.72 , 32.89
49.08 , 33.26
48.56 , 33.06
49.25 , 33.4
49.21 , 32.84
48.76 , 32.71
49.21 , 32.84
48.76 , 33.04
48.92 , 33.06
48.81 , 33.29
48.92 , 33.19
48.8 , 33.01
48.95 , 32.93
48.99 , 33.12
49.13 , 33.08
48.83 , 32.83
48.55 , 33.09
48.73 , 33.26
48.59 , 33.12
48.83 , 33.56
48.65 , 33.12
48.48 , 33.23
48.79 , 33.04
49.02 , 32.7
48.74 , 33.07
48.92 , 33.57
48.61 , 33.26
48.98 , 33.21
48.82 , 33.13
48.93 , 33.24
49.14 , 33.29
49.34 , 33.01
48.96 , 32.84
49.02 , 33.36
48.43 , 33.1
49.34 , 33.41
48.7 , 33.11
48.93 , 33.08
48.87 , 33.21
48.87 , 33.41
48.45 , 33.35
49.11 , 33.09
49.05 , 33.04
48.93 , 32.92
49.08 , 33.43
49.31 , 33.28
48.68 , 33.05
48.85 , 33.27
48.82 , 33.17
49.04 , 32.88
48.52 , 33.15
49.25 , 32.79
49.04 , 33.03
49.13 , 33.57
48.93 , 32.92
49.04 , 33.38
49.2 , 32.82
48.96 , 32.89
48.51 , 33.19
49.36 , 33.34
48.75 , 32.9
48.89 , 33.22
48.93 , 33.1
49.08 , 33.42
48.86 , 33.4
48.76 , 33.49
48.82 , 33.55
49.14 , 33.02
49.21 , 33.07
48.96 , 33.15
48.94 , 33.56
49.03 , 33.03
49.28 , 32.86
49.09 , 33.36
49.35 , 33.32
48.98 , 33.51
49.1 , 33.4
49.02 , 32.95
49.29 , 33.53
49.05 , 33.09
49.38 , 33.63
49.0 , 33.11
48.78 , 33.31
49.0 , 32.84
48.83 , 33.14
49.03 , 33.56
49.29 , 33.04
49.13 , 33.04
49.16 , 33.08
49.17 , 32.98
49.18 , 33.85
49.03 , 33.64
49.06 , 33.32
48.76 , 33.02
48.82 , 33.73
49.2 , 33.31
49.02 , 33.24
49.08 , 33.58
48.97 , 33.41
48.69 , 33.19
48.97 , 33.59
49.47 , 33.23
49.15 , 34.07
49.45 , 33.52
49.35 , 33.28
49.3 , 33.05
49.18 , 33.11
49.0 , 32.85
49.17 , 33.81
49.41 , 33.58
49.48 , 33.29
49.19 , 33.43
48.55 , 33.58
49.45 , 33.38
48.95 , 33.67
49.15 , 33.17
49.48 , 33.5
48.9 , 33.5
49.36 , 33.88
49.73 , 33.18
49.26 , 33.6
49.57 , 33.49
49.41 , 33.62
49.2 , 33.55
48.91 , 33.22
49.16 , 33.31
49.1 , 33.32
48.77 , 33.3
49.55 , 33.66
49.2 , 33.91
49.15 , 33.58
49.1 , 33.22
49.05 , 33.37
48.5 , 33.42
48.95 , 33.64
49.53 , 33.27
49.25 , 33.88
49.48 , 33.92
49.28 , 33.11
49.16 , 33.3
49.08 , 33.57
49.33 , 33.5
49.15 , 33.72
49.14 , 33.36
49.27 , 33.65
49.39 , 34.3
49.7 , 33.92
49.35 , 33.33
49.67 , 33.34
49.47 , 34.21
49.14 , 33.91
49.38 , 33.95
49.14 , 33.99
49.41 , 33.54
49.43 , 33.33
49.72 , 33.7
49.22 , 33.63
49.24 , 33.23
49.05 , 33.54
49.06 , 33.92
49.11 , 33.16
49.26 , 34.04
49.3 , 33.73
49.47 , 33.48
49.12 , 33.07
49.51 , 33.53
49.36 , 33.64
49.43 , 33.43
49.46 , 34.06
48.79 , 33.63
49.18 , 33.52
49.35 , 33.63
49.22 , 33.48
49.41 , 33.85
49.14 , 33.52
49.43 , 33.44
49.4 , 33.88
49.57 , 33.56
49.61 , 33.14
49.32 , 33.82
49.44 , 33.88
49.22 , 33.91
49.65 , 33.81
48.87 , 33.43
49.37 , 33.73
49.47 , 33.75
49.9 , 33.84
49.47 , 33.62
49.52 , 33.75
50.04 , 34.18
49.1 , 33.55
48.97 , 33.67
49.52 , 33.69
49.64 , 33.42
49.97 , 33.76
49.27 , 33.53
49.55 , 33.59
49.96 , 33.64
49.61 , 33.76
49.34 , 34.09
49.47 , 33.44
49.44 , 33.52
49.24 , 33.94
49.23 , 33.78
49.0 , 33.4
49.37 , 33.57
49.33 , 33.93
48.84 , 34.22
49.16 , 34.01
49.71 , 33.8
49.31 , 33.75
49.39 , 33.61
49.39 , 33.58
49.25 , 33.97
49.35 , 33.66
49.48 , 33.92
49.25 , 33.98
49.64 , 33.97
49.99 , 33.3
49.04 , 33.64
49.51 , 33.81
49.44 , 34.21
49.3 , 33.82
49.62 , 33.87
49.51 , 33.94
49.69 , 33.94
49.46 , 33.45
49.56 , 33.43
49.41 , 33.88
49.36 , 33.92
49.55 , 33.57
49.21 , 34.28
49.53 , 34.36
49.97 , 33.91
49.43 , 33.8
49.42 , 33.86
49.52 , 33.66
49.86 , 33.55
49.26 , 33.99
49.21 , 33.49
49.28 , 33.69
49.56 , 34.05
48.88 , 33.9
49.67 , 33.89
49.02 , 34.05
49.24 , 33.51
49.44 , 34.07
49.35 , 33.81
49.0 , 33.87
49.36 , 33.93
49.48 , 34.15
49.56 , 33.58
49.67 , 33.49
49.46 , 34.12
49.91 , 34.06
49.11 , 34.3
49.7 , 34.31
49.64 , 34.09
49.64 , 34.06
49.7 , 33.85
49.42 , 34.29
49.88 , 33.8
49.43 , 34.07
49.7 , 34.03
49.29 , 34.15
49.41 , 33.98
49.44 , 34.15
49.63 , 33.73
49.69 , 33.85
49.59 , 33.76
49.52 , 33.97
49.32 , 33.81
49.44 , 34.22
49.48 , 33.86
49.47 , 33.81
50.09 , 33.66
49.8 , 33.87
49.51 , 33.83
49.7 , 33.97
49.89 , 34.07
49.66 , 33.28
49.51 , 34.15
49.73 , 34.41
49.94 , 33.64
49.53 , 33.99
49.54 , 33.54
50.15 , 34.25
49.21 , 33.86
49.61 , 34.16
49.61 , 34.21
49.89 , 34.07
50.24 , 34.32
49.85 , 34.24
49.44 , 34.12
49.45 , 34.15
49.7 , 34.09
49.42 , 33.8
49.52 , 33.98
49.43 , 33.7
49.43 , 34.49
49.75 , 33.71
49.97 , 34.81
49.81 , 34.21
49.92 , 34.11
49.41 , 34.1
49.94 , 34.03
49.63 , 34.21
49.52 , 34.2
50.26 , 34.02
49.78 , 34.32
50.02 , 34.12
49.66 , 34.12
49.97 , 34.29
50.29 , 34.31
49.87 , 33.81
49.32 , 34.13
49.53 , 34.29
50.09 , 34.1
49.52 , 33.88
49.76 , 34.12
49.8 , 34.14
49.82 , 34.22
49.92 , 34.12
50.07 , 34.65
49.8 , 34.01
50.08 , 34.31
49.75 , 33.96
49.82 , 34.41
49.52 , 34.18
49.99 , 34.29
49.52 , 34.29
49.98 , 33.89
49.37 , 34.66
49.93 , 34.27
49.92 , 34.07
49.59 , 33.68
49.95 , 33.91
49.63 , 34.79
50.03 , 34.25
49.78 , 34.31
49.58 , 33.87
49.74 , 34.5
50.07 , 34.26
49.86 , 33.92
50.03 , 34.34
49.64 , 34.67
50.37 , 33.79
49.67 , 34.44
49.81 , 34.19
49.57 , 34.51
49.72 , 34.46
49.7 , 34.42
49.88 , 34.48
50.03 , 34.1
49.6 , 33.96
49.91 , 34.46
49.95 , 34.12
49.8 , 34.59
49.63 , 34.2
50.11 , 33.88
50.03 , 34.46
49.9 , 33.88
49.74 , 34.55
49.52 , 34.15
49.69 , 33.95
49.53 , 34.09
49.75 , 34.38
49.99 , 34.32
49.7 , 34.39
49.86 , 34.71
49.83 , 34.08
49.88 , 34.54
49.5 , 34.67
49.68 , 34.28
49.82 , 34.38
49.64 , 34.31
50.16 , 34.19
49.92 , 34.64
49.5 , 34.25
50.09 , 34.27
49.92 , 34.2
50.14 , 34.31
49.86 , 34.09
50.11 , 34.61
49.82 , 33.96
49.75 , 34.77
50.27 , 34.91
49.93 , 33.94
49.94 , 34.46
49.87 , 34.23
49.84 , 34.25
50.49 , 34.53
49.97 , 34.25
50.35 , 34.56
50.14 , 34.27
50.06 , 34.37
49.67 , 34.37
49.9 , 34.55
50.22 , 34.17
49.89 , 34.62
50.5 , 34.1
50.27 , 34.24
50.05 , 34.74
49.94 , 34.23
49.69 , 34.54
49.83 , 34.62
49.83 , 34.26
50.0 , 34.25
49.78 , 34.23
50.15 , 34.83
50.3 , 34.65
49.94 , 34.32
50.11 , 34.52
49.75 , 34.49
49.92 , 34.46
49.91 , 34.11
49.82 , 34.04
49.94 , 34.32
49.82 , 34.54
49.73 , 34.28
49.58 , 34.52
50.24 , 34.44
50.09 , 34.53
50.11 , 34.61
50.46 , 34.75
50.35 , 34.58
50.2 , 34.82
49.94 , 34.68
49.69 , 34.78
49.92 , 34.48
50.14 , 34.67
50.6 , 34.93
50.12 , 34.33
49.65 , 34.24
50.09 , 34.65
49.59 , 34.62
49.75 , 34.76
50.62 , 34.71
49.98 , 34.48
50.22 , 34.78
50.21 , 34.26
50.8 , 34.62
50.12 , 34.99
50.19 , 34.78
50.39 , 34.72
50.19 , 34.68
50.71 , 34.79
50.13 , 34.38
50.17 , 34.57
50.03 , 34.13
50.0 , 35.01
50.27 , 34.6
49.91 , 34.52
49.77 , 34.46
50.41 , 34.29
49.88 , 34.33
49.6 , 34.05
49.9 , 34.19
50.19 , 34.37
50.21 , 34.59
50.19 , 34.51
50.23 , 34.72
50.39 , 34.56
49.95 , 34.78
50.23 , 35.09
49.96 , 34.04
50.36 , 34.86
49.99 , 34.73
50.63 , 34.34
50.29 , 34.83
50.46 , 34.7
50.08 , 35.4
50.04 , 34.99
50.27 , 34.87
50.18 , 34.8
50.29 , 34.81
50.1 , 34.59
50.25 , 34.61
49.98 , 34.79
50.08 , 34.5
50.03 , 34.8
50.28 , 34.89
50.3 , 34.26
50.28 , 34.94
50.17 , 34.55
50.09 , 34.98
50.06 , 34.57
50.01 , 34.63
50.67 , 34.55
50.0 , 34.37
50.51 , 35.16
50.09 , 34.99
50.41 , 34.41
50.26 , 34.45
50.38 , 35.05
50.17 , 34.9
49.59 , 34.55
50.42 , 35.07
49.96 , 34.85
50.04 , 34.73
50.45 , 34.92
50.28 , 34.54
50.31 , 34.85
50.21 , 34.66
49.86 , 34.73
50.86 , 34.93
50.35 , 34.56
50.84 , 34.67
50.11 , 34.74
50.34 , 34.75
50.07 , 34.49
50.26 , 34.74
50.43 , 34.35
50.46 , 35.04
50.33 , 34.17
50.38 , 34.81
50.52 , 34.92
50.3 , 35.08
50.08 , 34.63
50.31 , 34.96
49.55 , 35.16
50.37 , 34.65
50.57 , 34.78
50.52 , 35.09
51.05 , 35.11
50.65 , 34.52
50.14 , 35.14
50.35 , 34.75
50.51 , 34.89
50.4 , 34.98
50.1 , 34.78
50.62 , 34.99
50.7 , 34.7
50.5 , 34.53
50.94 , 34.75
49.95 , 34.64
50.53 , 35.1
50.9 , 35.07
50.29 , 35.29
50.09 , 35.23
50.01 , 35.16
50.17 , 34.71
50.74 , 34.93
50.48 , 35.1
50.29 , 34.77
50.07 , 35.15
50.51 , 34.68
50.1 , 34.76
50.73 , 34.57
50.49 , 34.6
50.42 , 34.83
50.37 , 34.55
50.75 , 34.76
50.19 , 34.81
50.39 , 34.94
50.0 , 34.85
50.41 , 34.89
50.81 , 34.52
50.59 , 35.0
50.67 , 34.64
50.76 , 35.34
50.43 , 35.32
50.16 , 34.89
50.56 , 34.74
50.05 , 34.71
50.7 , 34.68
50.45 , 34.56
50.74 , 34.84
50.65 , 35.02
50.49 , 34.74
50.66 , 35.13
50.52 , 34.79
50.19 , 35.3
50.77 , 34.42
50.09 , 34.98
50.51 , 35.1
50.61 , 34.68
50.73 , 35.54
50.78 , 34.61
50.72 , 34.89
50.61 , 34.91
50.5 , 35.06
50.31 , 35.09
50.61 , 35.19
50.49 , 35.08
50.36 , 34.9
50.56 , 35.22
50.33 , 34.49
50.67 , 35.51
50.15 , 35.11
50.24 , 34.89
50.55 , 34.74
50.69 , 35.31
51.0 , 35.27
50.88 , 34.78
50.45 , 35.37
50.66 , 35.02
50.59 , 34.98
50.71 , 34.86
50.66 , 35.09
50.89 , 34.84
50.82 , 35.37
50.36 , 34.96
50.51 , 35.24
50.61 , 35.14
50.77 , 34.66
50.62 , 34.82
50.65 , 35.29
50.74 , 34.71
50.72 , 35.4
50.81 , 35.22
50.56 , 35.38
50.7 , 34.91
50.79 , 34.9
51.03 , 34.87
50.92 , 34.73
51.03 , 35.31
50.64 , 35.17
50.68 , 35.1
50.82 , 35.01
50.58 , 35.57
50.47 , 35.66
50.51 , 35.1
50.55 , 35.08
50.68 , 34.68
50.05 , 35.59
50.23 , 35.13
50.21 , 35.23
50.57 , 35.16
51.01 , 35.2
50.73 , 35.52
50.64 , 35.55
50.96 , 35.41
50.94 , 35.6
50.64 , 35.1
51.21 , 34.82
50.95 , 34.89
50.54 , 35.45
50.85 , 35.15
51.0 , 35.46
50.63 , 35.21
50.67 , 35.21
50.37 , 35.34
50.61 , 35.29
50.96 , 35.33
50.77 , 35.09
51.11 , 35.28
50.66 , 34.95
51.37 , 35.1
50.7 , 35.43
50.38 , 35.42
51.04 , 34.44
51.2 , 35.25
50.45 , 35.49
50.99 , 35.27
50.74 , 34.98
50.31 , 35.24
50.67 , 35.03
50.56 , 35.25
50.75 , 35.47
51.14 , 34.92
50.69 , 34.95
50.81 , 35.63
51.09 , 35.34
50.98 , 35.15
51.11 , 35.79
50.48 , 35.4
50.63 , 35.39
51.28 , 35.73
50.61 , 34.86
51.0 , 35.3
50.76 , 35.18
50.85 , 35.43
50.86 , 35.28
50.25 , 35.53
50.91 , 35.71
50.81 , 35.21
50.64 , 35.14
50.47 , 35.29
51.29 , 34.84
50.52 , 35.21
50.9 , 35.5
50.91 , 34.82
51.16 , 35.79
51.35 , 35.49
51.53 , 35.42
50.95 , 35.34
50.94 , 35.2
51.19 , 35.71
51.04 , 35.36
51.33 , 35.18
50.69 , 35.31
50.87 , 35.26
51.21 , 35.44
50.95 , 35.44
51.17 , 35.51
50.9 , 35.63
51.09 , 35.59
50.76 , 35.52
50.28 , 35.82
50.84 , 35.26
51.13 , 35.57
51.22 , 35.5
50.74 , 34.98
50.77 , 35.55
50.89 , 35.19
50.32 , 34.94
51.11 , 34.95
50.91 , 35.21
50.77 , 34.9
50.87 , 35.25
50.76 , 35.38
50.74 , 35.43
50.71 , 35.47
51.07 , 34.94
50.58 , 35.43
50.61 , 35.17
51.36 , 35.59
50.83 , 35.49
51.23 , 35.83
50.86 , 35.32
50.65 , 35.01
51.39 , 35.75
51.25 , 35.81
51.01 , 35.54
50.79 , 35.57
50.7 , 35.45
51.23 , 35.76
51.1 , 35.64
51.5 , 35.64
50.98 , 35.57
51.13 , 35.28
51.73 , 35.33
50.82 , 35.45
51.16 , 35.48
51.29 , 35.67
50.73 , 35.71
50.86 , 35.62
50.99 , 35.75
51.12 , 35.13
51.17 , 35.16
50.74 , 35.78
50.95 , 35.68
51.16 , 35.44
51.25 , 35.73
50.86 , 35.61
50.78 , 35.4
51.06 , 35.7
50.76 , 35.5
50.99 , 35.72
50.69 , 35.48
51.23 , 35.88
50.64 , 35.3
51.67 , 35.7
50.73 , 35.53
51.28 , 35.37
51.54 , 35.26
51.14 , 36.05
51.37 , 35.46
51.27 , 35.86
51.29 , 35.6
50.8 , 35.88
50.82 , 35.16
51.4 , 35.63
50.95 , 35.92
51.35 , 35.51
51.14 , 35.54
51.07 , 35.45
50.6 , 35.15
51.24 , 35.43
50.86 , 35.98
50.98 , 35.51
51.09 , 36.07
51.06 , 35.66
50.37 , 35.23
50.77 , 35.6
51.17 , 35.75
51.2 , 35.65
50.6 , 35.72
51.28 , 35.5
51.06 , 36.03
50.82 , 35.53
51.55 , 35.77
51.04 , 35.96
51.27 , 35.88
51.09 , 35.72
50.93 , 35.66
51.14 , 36.14
51.17 , 35.6
51.3 , 35.79
50.99 , 35.71
50.96 , 35.64
50.94 , 35.67
51.38 , 35.93
51.12 , 35.71
50.8 , 35.84
51.1 , 35.91
51.13 , 35.91
51.3 , 35.5
51.04 , 35.94
50.84 , 35.91
51.18 , 35.55
50.59 , 35.74
51.34 , 35.07
51.26 , 35.77
51.32 , 35.31
51.09 , 35.39
51.1 , 35.61
51.04 , 35.36
51.57 , 35.69
51.3 , 36.08
51.11 , 35.99
51.19 , 35.68
51.33 , 36.15
50.95 , 35.69
51.21 , 35.68
51.38 , 35.81
51.32 , 35.75
51.23 , 35.82
51.07 , 35.45
51.23 , 36.01
51.03 , 35.84
51.54 , 35.49
51.14 , 35.3
51.53 , 35.61
50.89 , 35.76
51.16 , 35.54
51.63 , 35.62
51.36 , 35.97
51.19 , 35.36
51.34 , 36.12
51.18 , 36.49
51.63 , 35.55
51.13 , 36.16
51.23 , 36.2
51.11 , 35.72
51.3 , 36.42
51.51 , 36.16
51.33 , 35.97
51.35 , 36.02
51.81 , 36.02
51.33 , 36.31
51.41 , 35.72
51.48 , 35.83
51.61 , 36.01
50.77 , 35.89
51.12 , 35.98
51.27 , 36.21
51.7 , 35.54
51.37 , 36.08
51.1 , 35.71
51.1 , 35.82
51.04 , 36.04
51.39 , 36.2
51.63 , 35.87
51.35 , 35.9
51.17 , 36.08
51.27 , 35.9
51.09 , 35.75
51.28 , 35.69
51.48 , 36.26
51.54 , 35.82
51.47 , 35.92
51.13 , 36.22
51.5 , 35.88
51.65 , 36.1
51.68 , 36.3
51.21 , 36.05
51.15 , 35.37
51.78 , 35.98
51.57 , 35.86
51.27 , 36.28
51.92 , 36.06
51.56 , 35.74
51.47 , 35.85
51.27 , 35.74
51.31 , 36.05
51.36 , 36.38
50.98 , 36.09
51.18 , 36.27
51.46 , 35.98
51.7 , 35.79
51.4 , 35.91
51.81 , 36.04
51.58 , 35.82
51.5 , 36.19
51.73 , 36.41
51.52 , 36.05
51.55 , 35.98
51.85 , 35.87
51.36 , 36.38
51.45 , 36.08
51.82 , 36.24
51.97 , 35.97
51.06 , 36.11
51.59 , 35.98
51.76 , 35.81
51.47 , 35.53
51.49 , 35.6
51.64 , 36.01
51.63 , 35.9
51.32 , 36.13
51.07 , 35.9
51.33 , 36.05
51.62 , 36.15
51.74 , 36.37
51.81 , 35.82
50.84 , 36.04
51.77 , 36.17
51.38 , 36.1
51.32 , 35.99
51.5 , 35.76
51.49 , 35.83
51.29 , 36.13
51.75 , 36.5
51.78 , 36.09
51.66 , 36.07
51.43 , 36.01
51.66 , 36.26
51.24 , 35.69
51.7 , 36.4
51.63 , 36.34
51.89 , 35.97
51.81 , 36.25
51.29 , 35.69
51.24 , 36.35
51.87 , 36.07
51.39 , 36.43
51.48 , 35.64
51.63 , 35.94
51.59 , 36.51
51.31 , 36.14
51.57 , 36.5
51.96 , 36.17
51.74 , 36.36
51.32 , 36.12
51.33 , 36.04
51.42 , 35.51
51.55 , 36.47
51.68 , 36.29
51.31 , 36.24
51.65 , 36.46
51.56 , 36.45
51.58 , 36.34
51.62 , 36.45
51.95 , 36.66
51.7 , 36.21
51.24 , 35.68
51.65 , 36.2
51.25 , 35.82
51.6 , 36.54
51.8 , 36.0
51.56 , 36.52
51.58 , 36.65
51.21 , 36.36
52.06 , 36.21
52.02 , 36.36
51.15 , 35.96
51.83 , 36.18
51.79 , 35.95
51.91 , 36.85
51.46 , 36.36
52.02 , 36.28
51.69 , 36.14
51.45 , 36.05
51.57 , 36.54
51.82 , 36.5
51.34 , 36.36
52.04 , 36.01
51.66 , 36.02
51.51 , 36.27
51.56 , 35.94
52.14 , 36.28
51.7 , 36.63
51.24 , 36.28
51.73 , 35.79
51.87 , 36.5
51.53 , 36.24
52.04 , 36.24
51.68 , 36.35
51.43 , 36.33
51.91 , 36.67
51.59 , 36.93
51.44 , 36.38
51.73 , 36.24
51.93 , 36.51
51.48 , 36.17
51.95 , 36.35
51.8 , 36.59
51.88 , 36.5
51.75 , 36.31
51.78 , 36.74
51.68 , 36.76
51.53 , 36.56
51.59 , 36.34
51.87 , 36.3
51.47 , 36.49
51.37 , 36.43
52.03 , 36.69
51.92 , 36.64
51.86 , 36.58
51.97 , 36.56
52.27 , 36.34
51.66 , 36.54
51.68 , 36.62
51.63 , 36.41
52.11 , 36.0
51.58 , 36.66
51.67 , 36.75
51.73 , 36.51
51.54 , 36.6
51.9 , 36.6
52.3 , 36.69
52.27 , 36.12
51.94 , 36.4
51.88 , 36.79
51.68 , 36.53
51.67 , 37.12
51.49 , 36.3
51.87 , 36.86
52.22 , 35.96
51.72 , 36.05
51.72 , 36.5
52.04 , 36.92
52.1 , 36.11
51.91 , 36.74
52.01 , 36.41
51.87 , 36.69
51.47 , 36.51
51.95 , 36.37
51.56 , 36.49
52.04 , 36.76
51.95 , 36.91
52.06 , 36.51
51.48 , 36.82
51.68 , 36.53
51.6 , 36.65
52.29 , 36.46
51.43 , 36.56
51.67 , 36.39
51.81 , 36.31
52.16 , 36.69
51.52 , 36.37
51.73 , 36.34
52.3 , 36.53
52.31 , 36.32
52.31 , 36.44
51.66 , 36.69
51.87 , 36.69
51.36 , 36.2
51.9 , 36.48
52.01 , 36.36
51.79 , 36.62
51.95 , 36.43
52.31 , 36.56
52.1 , 36.47
51.95 , 36.66
52.13 , 36.45
52.18 , 36.33
51.84 , 36.86
51.87 , 36.4
52.01 , 36.44
51.69 , 36.37
51.76 , 36.57
52.08 , 36.41
51.54 , 36.49
51.79 , 36.62
52.1 , 36.84
52.41 , 36.66
51.83 , 35.96
51.56 , 36.22
51.93 , 36.61
51.88 , 36.96
51.91 , 36.51
52.0 , 37.02
52.29 , 36.78
52.43 , 36.37
51.71 , 36.68
51.8 , 36.25
51.79 , 36.51
52.15 , 36.91
52.05 , 36.82
52.02 , 36.47
51.84 , 36.69
51.75 , 36.89
51.71 , 36.56
52.3 , 36.93
51.67 , 36.69
52.13 , 37.07
52.25 , 36.73
52.27 , 36.75
52.07 , 36.55
51.96 , 36.54
52.24 , 36.74
52.09 , 36.86
52.24 , 36.92
51.84 , 36.71
52.2 , 37.02
52.15 , 36.66
52.37 , 36.72
51.83 , 36.63
52.2 , 36.69
52.14 , 36.81
52.21 , 36.95
52.23 , 36.5
52.05 , 37.03
51.69 , 36.72
51.87 , 36.45
51.88 , 36.29
52.0 , 36.86
52.37 , 36.46
52.19 , 36.71
51.72 , 36.73
52.04 , 36.88
52.08 , 36.77
52.08 , 36.77
52.43 , 37.12
52.04 , 36.39
52.35 , 36.65
52.06 , 36.97
52.16 , 36.68
52.1 , 36.6
52.08 , 36.88
52.28 , 36.39
51.95 , 37.17
52.53 , 36.87
51.9 , 36.86
52.19 , 36.86
52.72 , 37.09
52.62 , 36.91
51.82 , 36.51
51.92 , 36.53
52.23 , 37.14
52.41 , 37.2
52.6 , 37.42
52.24 , 37.04
52.22 , 36.9
52.46 , 36.42
52.4 , 36.9
52.3 , 36.46
52.34 , 37.3
52.51 , 37.12
51.9 , 36.54
52.43 , 37.04
52.36 , 36.96
51.85 , 36.49
52.06 , 36.73
52.21 , 37.09
52.3 , 36.91
51.65 , 36.81
52.47 , 36.94
52.14 , 37.24
52.19 , 37.18
52.56 , 36.98
52.24 , 36.76
52.41 , 36.99
52.14 , 37.01
52.28 , 36.73
52.0 , 36.47
52.35 , 37.12
51.98 , 36.92
52.22 , 36.88
52.44 , 37.25
52.66 , 37.27
52.63 , 36.96
52.29 , 37.31
52.24 , 36.71
52.14 , 37.22
52.04 , 36.93
52.66 , 36.63
52.24 , 37.09
52.17 , 36.46
52.06 , 36.94
51.92 , 36.73
52.35 , 37.22
52.7 , 36.84
51.9 , 36.77
52.33 , 37.27
52.29 , 36.83
51.95 , 36.99
52.49 , 37.15
52.0 , 36.78
52.09 , 37.11
51.97 , 36.86
52.03 , 36.99
52.38 , 36.93
52.27 , 36.83
52.41 , 36.59
52.43 , 36.89
52.02 , 36.85
52.17 , 37.1
52.7 , 37.1
52.55 , 37.36
52.9 , 37.21
52.15 , 36.69
52.0 , 37.36
52.39 , 37.38
52.7 , 36.86
52.16 , 36.79
51.96 , 37.17
52.06 , 37.24
52.14 , 37.11
52.04 , 37.18
52.52 , 37.45
52.57 , 37.32
52.24 , 37.03
52.62 , 36.76
52.45 , 37.02
52.62 , 37.23
52.59 , 36.77
52.32 , 37.06
52.77 , 36.94
52.39 , 37.25
52.32 , 36.64
52.41 , 36.7
52.47 , 36.94
52.5 , 37.28
52.49 , 37.19
52.49 , 37.33
52.68 , 37.43
52.63 , 36.89
52.73 , 37.11
52.29 , 37.16
52.82 , 37.02
52.64 , 37.47
52.43 , 36.98
52.49 , 37.16
52.36 , 37.3
52.43 , 37.43
52.42 , 36.7
52.87 , 36.91
52.63 , 37.45
52.23 , 37.07
52.33 , 37.59
52.42 , 36.87
52.25 , 37.22
52.57 , 36.99
52.43 , 36.85
52.75 , 37.66
52.66 , 37.28
52.6 , 37.13
52.43 , 37.14
52.41 , 37.38
52.53 , 36.56
52.48 , 37.13
52.25 , 37.05
52.44 , 37.41
52.3 , 37.05
52.51 , 37.22
52.77 , 37.17
52.78 , 37.87
52.77 , 37.28
52.45 , 36.85
52.72 , 37.15
52.54 , 37.24
52.49 , 37.51
52.6 , 37.02
52.43 , 37.2
52.7 , 37.22
52.56 , 37.03
52.14 , 37.19
52.6 , 36.81
52.51 , 37.12
52.71 , 37.31
52.97 , 36.99
52.56 , 37.37
53.13 , 37.33
52.1 , 37.16
52.69 , 36.7
52.41 , 37.58
52.36 , 37.33
52.74 , 37.26
52.93 , 37.08
52.36 , 37.7
52.61 , 37.04
52.49 , 37.45
53.02 , 37.25
52.7 , 37.23
52.46 , 37.56
52.06 , 37.27
52.73 , 37.21
52.83 , 37.34
52.93 , 37.5
52.86 , 37.57
52.93 , 37.03
52.44 , 37.39
52.54 , 37.37
52.95 , 37.19
52.51 , 37.13
52.45 , 37.32
52.42 , 37.59
52.61 , 37.21
52.69 , 37.43
52.47 , 37.49
52.54 , 37.47
52.58 , 37.3
52.43 , 37.65
52.52 , 37.67
52.61 , 37.14
52.61 , 37.32
52.47 , 37.06
52.95 , 37.62
52.75 , 36.9
52.87 , 37.38
52.56 , 37.27
52.58 , 37.41
52.81 , 37.36
52.57 , 37.81
52.73 , 37.59
52.76 , 37.71
52.89 , 37.2
53.06 , 37.48
52.79 , 37.83
52.89 , 37.42
52.62 , 37.65
52.33 , 37.25
52.84 , 37.47
52.46 , 37.41
52.64 , 37.42
52.8 , 37.55
53.1 , 37.45
52.67 , 37.57
52.64 , 37.48
53.1 , 37.3
52.78 , 37.39
52.98 , 37.93
53.14 , 37.39
52.79 , 37.55
52.87 , 37.58
52.66 , 37.64
52.24 , 37.72
52.71 , 37.4
52.97 , 37.42
52.98 , 37.53
53.02 , 37.54
52.6 , 37.77
52.53 , 37.72
52.49 , 37.72
52.37 , 37.52
52.61 , 37.59
52.79 , 37.63
52.54 , 37.3
53.08 , 37.74
53.27 , 37.64
53.19 , 37.43
53.11 , 37.46
52.69 , 37.32
52.83 , 37.55
52.9 , 37.6
52.47 , 37.82
52.84 , 37.27
52.67 , 37.61
52.5 , 37.69
53.02 , 37.62
52.41 , 37.69
52.84 , 37.29
52.23 , 37.51
53.08 , 37.77
53.47 , 37.22
52.66 , 37.69
52.76 , 37.66
52.67 , 37.79
53.25 , 37.88
53.01 , 37.49
53.17 , 38.11
52.53 , 37.48
53.49 , 37.16
52.66 , 37.87
52.86 , 37.78
53.04 , 37.99
52.56 , 37.99
52.79 , 38.1
52.85 , 37.54
53.12 , 37.51
53.54 , 37.37
52.44 , 37.86
52.94 , 37.61
52.76 , 37.74
52.87 , 37.38
52.78 , 37.64
52.87 , 37.94
53.18 , 37.42
53.18 , 37.37
52.56 , 37.76
52.75 , 37.48
52.85 , 37.5
53.34 , 37.71
53.21 , 37.21
53.27 , 37.65
53.08 , 37.64
52.78 , 38.05
52.87 , 37.89
53.21 , 37.9
53.13 , 37.9
52.66 , 37.9
53.06 , 37.76
53.03 , 37.8
52.64 , 37.54
52.93 , 37.68
53.08 , 37.46
53.37 , 37.61
52.65 , 37.77
52.75 , 37.86
53.26 , 37.58
53.01 , 38.34
52.87 , 37.74
53.17 , 37.64
52.93 , 37.68
52.91 , 37.79
53.12 , 37.75
52.75 , 38.05
52.83 , 37.28
53.27 , 37.7
53.11 , 38.07
53.01 , 37.38
52.79 , 37.79
53.25 , 37.79
52.98 , 38.18
52.58 , 37.54
52.91 , 37.62
52.92 , 37.99
52.9 , 37.83
53.31 , 37.97
53.11 , 37.69
52.89 , 37.23
52.67 , 37.48
53.39 , 37.94
52.9 , 38.0
52.8 , 37.58
52.93 , 37.74
53.07 , 37.52
53.08 , 37.96
53.2 , 37.95
52.87 , 37.95
52.93 , 38.16
53.23 , 37.88
52.97 , 37.49
53.42 , 37.55
53.3 , 37.85
52.89 , 37.92
53.0 , 37.74
52.87 , 37.56
53.09 , 38.12
52.9 , 37.89
52.94 , 37.58
53.17 , 37.48
53.21 , 37.98
53.16 , 37.52
53.49 , 37.53
53.28 , 37.87
52.99 , 38.19
53.01 , 37.69
53.53 , 37.87
53.11 , 37.43
53.38 , 37.74
52.99 , 38.28
53.26 , 38.02
53.66 , 37.72
52.83 , 38.1
53.31 , 38.34
52.82 , 38.22
53.34 , 38.04
53.51 , 37.8
53.27 , 37.68
53.19 , 37.83
53.15 , 37.77
53.25 , 37.66
53.36 , 38.33
53.04 , 38.27
52.92 , 38.58
53.01 , 37.97
53.0 , 38.18
53.21 , 37.85
52.53 , 37.55
52.82 , 37.54
52.99 , 38.09
53.48 , 37.42
53.59 , 38.45
53.6 , 37.78
53.0 , 37.93
53.44 , 37.79
53.61 , 37.74
53.11 , 38.55
53.1 , 37.69
53.29 , 37.79
53.27 , 38.08
53.31 , 38.21
52.94 , 37.77
53.06 , 38.07
53.18 , 37.3
52.91 , 37.85
53.03 , 37.56
53.31 , 37.75
53.2 , 37.75
53.6 , 38.52
52.83 , 38.47
53.4 , 38.26
53.42 , 37.99
53.26 , 38.2
53.49 , 37.83
53.23 , 38.13
52.32 , 37.91
53.66 , 38.23
53.15 , 38.53
53.2 , 38.61
52.99 , 37.69
53.07 , 38.54
53.69 , 38.66
53.63 , 38.64
53.83 , 38.15
53.17 , 38.26
52.92 , 37.76
53.52 , 37.83
52.98 , 37.95
53.11 , 37.93
53.02 , 38.14
53.23 , 37.95
53.48 , 38.17
53.67 , 37.98
53.14 , 37.62
53.25 , 37.64
53.34 , 38.18
53.25 , 38.31
53.37 , 37.94
53.16 , 37.79
53.66 , 38.3
53.21 , 38.05
53.41 , 37.82
53.39 , 38.2
52.9 , 37.94
53.78 , 37.83
53.01 , 38.4
53.43 , 38.68
52.95 , 38.53
53.31 , 38.27
53.23 , 38.34
53.48 , 38.19
53.38 , 38.21
53.31 , 38.27
52.92 , 38.35
53.51 , 38.2
53.82 , 38.34
53.42 , 38.16
53.85 , 38.15
53.07 , 37.94
53.4 , 38.3
53.33 , 37.64
53.68 , 38.42
53.28 , 38.38
53.18 , 38.46
53.65 , 38.18
53.18 , 38.15
53.54 , 38.27
53.34 , 38.34
53.5 , 38.76
53.95 , 38.27
52.99 , 38.66
53.36 , 38.16
53.83 , 38.25
53.41 , 38.22
53.66 , 38.3
53.39 , 38.13
53.86 , 38.16
53.37 , 38.35
53.41 , 38.44
53.62 , 38.02
54.2 , 38.28
53.46 , 38.45
53.55 , 38.72
53.7 , 38.14
53.26 , 38.29
53.68 , 38.24
53.85 , 38.57
53.62 , 38.5
53.2 , 38.4
53.38 , 38.42
53.4 , 38.54
53.51 , 38.19
53.9 , 37.76
53.51 , 38.33
53.66 , 38.51
53.71 , 38.3
53.48 , 38.53
53.44 , 38.24
53.21 , 38.47
53.6 , 38.37
53.63 , 38.62
53.47 , 38.28
53.84 , 37.89
53.72 , 38.45
53.94 , 38.24
53.85 , 38.5
53.06 , 38.52
53.24 , 38.47
53.45 , 38.48
53.77 , 38.27
53.71 , 38.71
53.72 , 38.5
53.66 , 38.35
53.5 , 38.51
53.07 , 38.26
53.79 , 38.69
53.74 , 38.21
53.72 , 38.96
53.46 , 38.51
53.76 , 38.46
54.0 , 38.08
53.62 , 38.34
53.52 , 38.26
53.73 , 38.45
53.07 , 38.56
53.74 , 38.68
53.42 , 38.57
54.02 , 38.02
53.84 , 38.45
53.74 , 38.47
53.62 , 38.17
53.6 , 38.44
53.66 , 38.34
53.44 , 38.34
53.68 , 38.63
53.53 , 38.76
53.72 , 38.35
53.5 , 38.39
53.24 , 38.13
53.42 , 38.42
53.74 , 38.45
53.52 , 38.52
53.52 , 38.42
53.58 , 38.85
53.62 , 38.73
53.7 , 38.24
53.67 , 38.89
53.57 , 38.26
53.8 , 38.97
53.65 , 38.46
54.08 , 38.52
53.53 , 38.12
53.57 , 38.69
53.5 , 38.77
53.73 , 38.2
53.2 , 38.3
53.82 , 38.03
53.75 , 38.41
54.04 , 38.28
53.9 , 38.76
53.81 , 38.69
53.69 , 38.72
53.33 , 38.51
53.95 , 37.69
54.01 , 38.56
53.71 , 38.64
53.46 , 38.82
54.02 , 38.64
53.41 , 38.48
53.31 , 38.47
53.98 , 38.42
53.77 , 38.2
54.02 , 38.57
53.65 , 38.21
53.53 , 38.58
54.0 , 38.77
53.62 , 38.7
53.97 , 38.55
53.2 , 39.1
53.74 , 38.73
54.06 , 39.04
53.78 , 38.53
53.78 , 38.73
53.22 , 38.35
54.28 , 38.71
53.7 , 38.3
53.77 , 39.01
53.18 , 38.54
53.84 , 38.78
53.66 , 38.67
53.57 , 38.91
53.37 , 38.42
53.86 , 38.2
53.95 , 38.81
53.69 , 38.25
53.7 , 38.65
53.46 , 38.6
53.26 , 38.56
54.09 , 38.81
53.66 , 38.36
53.93 , 38.63
53.58 , 38.63
53.91 , 38.7
53.79 , 39.08
53.76 , 38.67
53.47 , 38.63
54.03 , 38.65
53.47 , 38.42
53.62 , 38.78
53.53 , 38.6
53.82 , 38.82
53.74 , 38.89
53.87 , 38.85
53.66 , 38.95
53.66 , 38.48
53.66 , 39.01
54.35 , 38.52
53.98 , 38.3
53.65 , 38.46
54.19 , 38.5
53.96 , 38.73
53.91 , 38.78
53.69 , 38.54
53.68 , 39.06
54.08 , 38.56
54.03 , 39.27
54.12 , 38.81
53.91 , 38.8
53.86 , 38.53
53.6 , 38.81
53.93 , 38.82
54.21 , 38.66
54.0 , 38.61
53.81 , 38.96
53.75 , 39.43
53.83 , 38.78
53.75 , 38.72
53.76 , 38.73
53.76 , 38.89
54.06 , 38.44
54.08 , 38.9
53.94 , 38.5
54.16 , 38.7
54.16 , 38.76
54.0 , 39.2
53.69 , 38.93
53.76 , 38.81
53.76 , 38.61
54.55 , 38.75
53.62 , 38.77
53.78 , 38.64
53.59 , 39.03
53.98 , 39.06
53.52 , 39.18
53.68 , 39.08
54.57 , 38.51
53.83 , 39.02
54.37 , 38.99
54.02 , 38.75
54.5 , 38.67
53.85 , 38.5
53.84 , 39.18
53.83 , 38.8
53.98 , 39.16
53.92 , 39.09
54.21 , 38.86
54.4 , 38.9
54.03 , 39.07
54.11 , 39.12
54.28 , 39.02
53.67 , 38.82
54.18 , 38.8
54.27 , 38.76
54.0 , 38.97
53.81 , 38.99
53.91 , 39.02
53.92 , 39.01
53.87 , 38.52
54.03 , 38.72
54.01 , 38.58
53.5 , 38.91
54.22 , 38.46
54.02 , 38.99
54.07 , 39.41
53.87 , 39.06
53.6 , 39.1
54.0 , 38.93
54.09 , 39.28
54.68 , 38.99
54.4 , 38.28
54.33 , 38.85
54.15 , 38.88
54.33 , 39.14
54.18 , 39.36
54.13 , 38.31
53.75 , 39.07
54.15 , 38.97
54.26 , 39.05
53.97 , 39.01
54.09 , 38.97
53.89 , 38.63
54.15 , 39.25
53.86 , 38.72
53.76 , 39.01
53.98 , 38.87
54.74 , 39.24
54.27 , 39.02
54.29 , 39.26
54.03 , 39.25
54.24 , 38.87
54.5 , 39.14
54.57 , 38.9
53.65 , 39.15
53.93 , 39.24
53.8 , 38.9
54.13 , 39.07
54.39 , 39.54
54.28 , 39.36
54.24 , 39.17
54.26 , 39.23
54.64 , 38.77
54.57 , 38.72
53.94 , 39.16
53.97 , 38.47
54.38 , 38.89
53.79 , 39.54
53.76 , 38.81
54.0 , 39.44
54.29 , 39.04
54.31 , 39.44
54.34 , 39.42
53.9 , 38.96
54.13 , 38.99
54.3 , 39.29
54.23 , 39.45
54.22 , 39.11
54.24 , 38.89
53.97 , 38.43
53.98 , 39.34
54.9 , 38.75
54.33 , 39.28
54.22 , 39.56
54.05 , 39.44
54.21 , 39.22
53.98 , 39.14
54.14 , 39.01
54.19 , 39.12
54.5 , 39.21
54.6 , 39.04
54.42 , 38.74
54.33 , 38.68
54.34 , 39.5
54.23 , 39.46
54.66 , 39.24
54.53 , 39.09
54.27 , 38.92
54.13 , 39.36
54.64 , 38.9
54.28 , 39.23
54.28 , 39.02
54.1 , 38.99
53.87 , 39.09
54.47 , 39.27
54.44 , 39.65
54.48 , 39.5
54.32 , 39.02
54.54 , 39.14
54.51 , 39.21
54.6 , 38.94
54.15 , 39.22
54.26 , 39.31
54.52 , 39.04
54.43 , 39.33
54.11 , 39.48
54.29 , 39.2
54.43 , 39.14
54.59 , 38.99
54.69 , 39.51
54.54 , 39.64
54.75 , 39.06
54.76 , 39.35
54.65 , 39.34
54.34 , 39.43
54.67 , 39.8
54.39 , 39.27
54.56 , 39.31
54.26 , 39.53
54.2 , 39.32
54.2 , 38.91
54.65 , 39.77
54.48 , 38.97
54.67 , 39.11
54.32 , 39.11
54.29 , 39.37
54.03 , 39.23
54.37 , 39.21
54.57 , 38.91
54.33 , 39.06
54.15 , 39.59
54.45 , 39.73
54.69 , 39.33
55.03 , 39.2
54.44 , 39.39
54.47 , 39.35
54.41 , 39.28
54.65 , 39.06
54.73 , 38.9
54.51 , 39.78
54.2 , 39.14
54.15 , 39.64
54.49 , 39.42
54.28 , 38.81
54.56 , 39.49
54.58 , 39.56
54.36 , 39.38
54.5 , 39.6
54.17 , 39.84
54.33 , 39.64
54.52 , 39.25
54.36 , 39.58
54.64 , 39.65
54.9 , 39.56
54.56 , 39.56
54.47 , 39.3
54.63 , 39.69
54.91 , 39.23
54.6 , 39.18
54.48 , 39.17
54.49 , 39.31
54.61 , 39.26
54.75 , 39.0
54.57 , 39.91
55.01 , 39.75
54.83 , 39.67
53.97 , 39.22
54.57 , 39.37
54.39 , 39.93
54.75 , 39.52
54.66 , 39.8
54.38 , 39.87
54.55 , 39.98
54.51 , 39.52
54.29 , 39.81
54.89 , 39.43
54.71 , 39.18
54.62 , 39.53
54.38 , 39.72
54.25 , 39.47
54.84 , 39.4
54.74 , 39.3
54.89 , 39.1
54.36 , 39.36
54.47 , 39.28
54.57 , 39.61
54.87 , 39.66
53.98 , 39.37
54.69 , 39.23
54.91 , 39.8
54.39 , 39.57
54.34 , 39.39
54.36 , 39.72
54.92 , 39.71
54.91 , 39.82
54.53 , 39.59
54.37 , 40.03
54.55 , 39.53
54.63 , 39.32
54.91 , 39.6
54.93 , 39.63
54.13 , 39.82
54.88 , 39.81
54.88 , 39.55
54.55 , 39.93
55.29 , 39.88
54.44 , 39.15
54.51 , 39.32
54.85 , 40.28
54.94 , 39.55
54.91 , 39.31
54.61 , 39.14
55.01 , 39.74
54.78 , 39.75
54.67 , 40.03
54.4 , 39.58
54.33 , 39.66
54.82 , 39.62
54.96 , 39.15
55.04 , 39.66
54.61 , 40.18
54.53 , 39.88
54.52 , 39.66
54.42 , 39.38
54.75 , 39.54
54.61 , 39.59
54.73 , 39.65
55.05 , 39.87
54.41 , 39.82
55.11 , 39.93
54.97 , 39.76
54.59 , 40.1
54.51 , 39.99
54.86 , 39.8
54.97 , 39.23
54.82 , 39.99
55.0 , 39.95
54.77 , 39.19
54.71 , 39.74
54.9 , 39.75
54.61 , 39.88
54.87 , 39.57
54.74 , 39.71
54.84 , 39.43
54.96 , 39.73
54.54 , 39.78
55.45 , 39.83
54.86 , 40.15
54.79 , 40.07
54.8 , 39.12
55.2 , 39.71
54.89 , 39.17
54.49 , 39.88
54.92 , 39.97
54.75 , 39.81
55.03 , 39.69
54.91 , 39.49
54.69 , 39.73
54.71 , 39.58
55.27 , 39.89
55.03 , 39.42
54.75 , 39.1
54.77 , 39.69
54.88 , 40.01
54.44 , 40.06
54.36 , 39.71
54.78 , 39.4
54.56 , 39.97
55.04 , 39.82
54.97 , 40.26
55.1 , 39.57
54.74 , 39.7
54.8 , 39.53
54.75 , 39.44
54.58 , 39.75
54.51 , 40.02
55.25 , 39.6
54.6 , 40.11
54.83 , 39.79
54.9 , 39.94
55.02 , 40.11
55.02 , 39.91
54.81 , 40.12
54.55 , 39.6
55.14 , 39.94
54.87 , 40.06
55.2 , 40.46
54.7 , 39.7
54.94 , 40.11
54.82 , 39.63
54.81 , 39.94
54.83 , 39.48
54.52 , 39.94
54.51 , 40.16
55.24 , 39.7
54.74 , 39.93
54.97 , 39.61
54.6 , 39.67
55.04 , 39.96
54.86 , 39.85
55.03 , 39.95
54.98 , 39.75
55.24 , 39.78
54.88 , 39.66
55.16 , 40.39
55.13 , 39.8
54.94 , 39.9
54.89 , 39.83
55.03 , 40.14
55.08 , 39.96
55.17 , 40.12
54.91 , 40.11
55.05 , 39.96
55.37 , 40.15
55.34 , 39.4
55.13 , 39.82
54.98 , 40.29
55.41 , 39.88
54.54 , 40.36
55.19 , 40.35
54.83 , 40.08
54.81 , 39.93
55.05 , 39.69
55.49 , 39.6
55.42 , 40.11
55.01 , 40.11
54.81 , 39.93
54.84 , 39.83
54.89 , 40.13
54.82 , 40.05
55.46 , 39.65
55.22 , 40.03
55.02 , 39.85
55.05 , 40.16
55.25 , 40.03
55.24 , 39.68
54.97 , 40.03
54.85 , 39.95
54.76 , 40.1
55.01 , 39.96
55.06 , 40.45
55.0 , 40.47
54.92 , 40.61
55.05 , 39.81
55.02 , 40.02
55.38 , 40.14
55.08 , 40.31
54.79 , 40.29
55.04 , 40.27
54.89 , 40.55
55.14 , 39.97
55.15 , 40.32
54.75 , 40.09
54.88 , 39.68
55.37 , 40.17
55.12 , 40.17
55.42 , 39.97
55.05 , 40.1
54.58 , 40.36
54.94 , 39.81
55.01 , 40.24
54.99 , 40.02
54.54 , 40.47
54.52 , 40.03
55.06 , 40.62
54.89 , 40.3
55.18 , 39.76
54.86 , 40.22
55.11 , 39.9
54.62 , 40.07
54.93 , 39.99
54.4 , 40.52
54.61 , 40.58
55.0 , 40.31
55.09 , 40.48
54.64 , 40.34
55.1 , 40.51
55.34 , 39.68
55.15 , 40.3
54.67 , 40.35
54.98 , 40.22
54.67 , 40.32
54.84 , 40.58
54.96 , 40.29
55.15 , 40.64
54.93 , 40.58
55.11 , 40.26
54.76 , 40.2
55.17 , 40.06
55.68 , 40.51
55.05 , 40.49
55.45 , 40.33
55.05 , 40.16
54.88 , 40.29
55.33 , 40.71
54.71 , 40.39
55.12 , 40.14
55.06 , 40.12
55.29 , 39.87
55.26 , 40.37
55.01 , 40.49
55.24 , 40.39
55.06 , 40.28
55.29 , 40.51
54.85 , 40.39
55.15 , 40.52
55.29 , 39.85
55.01 , 40.08
55.05 , 40.27
55.36 , 40.62
54.85 , 40.05
54.91 , 39.88
55.57 , 40.44
54.74 , 40.27
54.73 , 40.38
54.9 , 40.39
54.95 , 40.51
54.99 , 40.43
54.99 , 40.51
54.96 , 40.17
55.47 , 40.58
55.09 , 40.39
54.83 , 40.22
54.52 , 40.33
54.41 , 40.68
55.03 , 40.06
54.87 , 40.43
54.8 , 40.31
55.23 , 40.43
55.21 , 40.78
54.99 , 40.25
54.78 , 40.32
55.13 , 40.45
55.26 , 40.41
54.6 , 40.59
55.28 , 41.25
54.95 , 40.32
54.71 , 41.06
54.42 , 40.34
54.83 , 40.31
54.79 , 40.71
55.22 , 40.61
54.28 , 40.27
55.14 , 40.22
55.25 , 40.36
55.31 , 40.47
55.13 , 40.5
55.43 , 40.59
54.92 , 40.65
55.08 , 40.6
54.67 , 40.79
54.89 , 40.96
55.05 , 40.45
54.98 , 40.9
54.89 , 40.32
54.71 , 40.54
54.91 , 40.67
55.03 , 40.34
55.21 , 40.71
55.48 , 40.65
55.08 , 40.15
55.02 , 40.7
54.78 , 40.45
54.77 , 40.32
54.97 , 40.71
55.08 , 40.98
55.21 , 40.31
55.09 , 40.61
55.32 , 40.99
55.12 , 41.4
55.15 , 40.56
54.62 , 40.23
54.68 , 40.82
55.29 , 40.75
54.67 , 40.41
55.1 , 40.53
54.57 , 40.73
54.96 , 40.83
54.81 , 40.87
55.4 , 40.65
55.18 , 41.1
55.2 , 40.69
55.01 , 40.69
54.73 , 40.54
54.66 , 41.2
55.31 , 40.72
55.13 , 40.52
54.9 , 40.65
55.42 , 40.54
55.31 , 40.87
54.96 , 40.92
55.15 , 40.58
54.88 , 40.78
54.76 , 40.81
55.13 , 40.76
55.18 , 40.8
55.29 , 40.44
54.97 , 40.77
54.86 , 40.65
55.02 , 40.47
55.06 , 40.65
54.56 , 40.8
55.0 , 40.6
55.31 , 40.64
54.74 , 40.72
54.68 , 40.96
54.75 , 40.37
55.21 , 40.63
55.31 , 41.08
55.06 , 40.96
54.77 , 40.79
54.42 , 41.0
54.96 , 40.56
54.87 , 41.04
54.9 , 40.67
55.14 , 40.94
54.93 , 41.19
54.75 , 40.93
54.4 , 40.59
54.99 , 40.59
55.4 , 41.17
55.14 , 40.53
54.77 , 40.73
54.82 , 40.43
55.07 , 41.05
54.69 , 40.98
55.27 , 41.05
55.22 , 40.55
54.76 , 40.55
55.12 , 40.76
54.78 , 40.67
54.43 , 40.93
55.09 , 41.14
54.67 , 41.17
55.01 , 41.44
55.31 , 40.36
54.22 , 41.16
55.19 , 40.35
54.7 , 41.4
55.52 , 41.49
55.32 , 41.36
54.8 , 40.96
54.8 , 41.28
54.91 , 41.5
55.87 , 40.95
54.58 , 40.88
55.2 , 41.08
54.57 , 41.15
55.05 , 40.94
54.89 , 40.97
55.04 , 41.37
54.88 , 41.11
55.22 , 41.27
55.12 , 41.01
54.81 , 40.94
54.77 , 40.66
54.97 , 40.82
55.12 , 41.02
54.98 , 40.84
54.82 , 41.12
55.3 , 41.0
54.74 , 41.19
55.17 , 41.02
54.92 , 41.36
54.46 , 40.81
55.06 , 41.25
55.08 , 41.5
54.81 , 40.98
54.58 , 40.71
54.6 , 40.5
54.7 , 41.26
55.41 , 40.84
55.32 , 41.02
55.04 , 41.11
55.19 , 40.92
55.13 , 41.44
54.7 , 41.45
55.18 , 41.29
54.8 , 41.07
54.98 , 41.13
54.64 , 40.96
55.16 , 41.07
55.37 , 41.27
54.9 , 40.88
54.92 , 41.15
54.9 , 40.86
54.76 , 41.24
55.11 , 40.96
55.08 , 41.6
54.86 , 41.25
54.77 , 40.92
55.27 , 41.18
54.73 , 41.12
55.17 , 41.04
55.38 , 41.17
54.82 , 41.07
54.87 , 41.18
54.98 , 40.88
54.92 , 41.24
54.64 , 41.37
54.95 , 41.44
54.98 , 41.03
54.63 , 41.21
54.82 , 41.16
55.26 , 41.73
55.21 , 41.17
54.68 , 41.44
55.03 , 41.44
54.97 , 41.24
54.68 , 41.35
55.31 , 41.12
54.62 , 41.32
55.42 , 41.09
55.31 , 41.18
55.07 , 41.58
54.63 , 41.15
55.15 , 41.35
54.78 , 41.5
55.11 , 41.46
55.2 , 41.18
55.13 , 41.19
54.82 , 41.25
54.88 , 41.48
54.81 , 41.51
55.1 , 41.66
54.62 , 41.86
55.34 , 41.09
55.31 , 41.29
54.93 , 41.16
54.87 , 41.3
54.76 , 41.23
54.66 , 41.13
55.15 , 41.23
54.22 , 41.44
55.65 , 41.68
55.21 , 41.66
54.77 , 41.54
55.18 , 41.23
55.22 , 41.12
55.13 , 41.62
55.54 , 40.84
55.42 , 41.19
55.3 , 41.3
55.46 , 41.72
54.74 , 41.15
54.95 , 41.72
54.83 , 41.54
54.9 , 41.29
54.77 , 40.93
55.09 , 41.23
55.04 , 41.42
54.77 , 41.27
55.28 , 41.37
55.07 , 41.25
55.33 , 41.25
55.05 , 41.67
54.79 , 41.71
54.61 , 41.6
55.52 , 41.74
54.86 , 41.16
54.99 , 41.16
54.78 , 41.23
55.49 , 41.32
54.95 , 41.48
54.71 , 41.49
54.8 , 41.65
55.3 , 41.54
54.86 , 41.56
55.52 , 41.24
55.13 , 41.49
54.81 , 41.58
55.0 , 41.64
54.9 , 41.55
54.59 , 41.61
55.55 , 41.75
55.22 , 41.65
55.25 , 41.61
55.15 , 41.89
54.94 , 41.36
54.89 , 41.83
54.81 , 41.29
55.13 , 41.82
55.11 , 41.43
54.96 , 42.09
55.29 , 41.56
55.2 , 41.25
55.19 , 41.16
54.94 , 41.66
55.34 , 41.65
54.81 , 41.82
55.11 , 41.84
55.12 , 41.65
55.01 , 41.97
55.2 , 41.32
55.13 , 41.62
54.95 , 41.31
54.94 , 41.54
55.15 , 41.48
55.36 , 41.68
55.34 , 41.67
55.25 , 41.53
55.15 , 41.75
55.28 , 41.65
55.2 , 41.8
54.93 , 41.73
55.04 , 42.01
55.17 , 41.69
55.21 , 41.66
55.5 , 41.82
55.07 , 41.77
54.71 , 41.76
54.93 , 41.42
55.01 , 41.37
55.11 , 41.63
55.0 , 41.84
55.18 , 41.66
55.08 , 41.35
55.02 , 41.81
55.26 , 41.64
54.97 , 41.73
55.14 , 41.4
55.03 , 41.84
54.9 , 41.46
54.62 , 42.01
54.77 , 41.75
55.0 , 41.67
54.86 , 41.76
55.38 , 41.81
55.04 , 41.74
54.97 , 41.85
55.23 , 41.75
54.65 , 41.56
54.6 , 41.62
54.69 , 41.61
55.25 , 41.61
55.4 , 41.95
54.82 , 41.24
55.27 , 41.67
55.6 , 41.67
54.8 , 41.74
54.95 , 41.76
54.7 , 42.1
55.02 , 41.86
55.21 , 42.01
54.91 , 41.94
54.65 , 41.82
54.81 , 41.91
54.87 , 42.0
54.8 , 41.3
55.0 , 42.03
55.09 , 42.09
55.39 , 42.03
54.36 , 41.79
54.57 , 42.01
54.67 , 41.82
55.52 , 42.08
54.94 , 41.88
54.87 , 41.93
54.84 , 41.91
54.93 , 42.13
55.11 , 41.71
54.95 , 42.18
55.29 , 42.01
54.72 , 41.47
54.92 , 41.73
55.24 , 41.79
55.23 , 42.29
54.73 , 41.7
55.41 , 41.54
55.13 , 41.98
55.08 , 41.87
54.89 , 42.13
55.18 , 42.08
54.93 , 41.86
55.03 , 42.15
54.58 , 41.86
55.0 , 42.3
55.3 , 42.02
54.85 , 42.21
55.14 , 42.13
54.77 , 42.46
55.36 , 41.53
55.43 , 42.07
54.79 , 41.91
55.22 , 42.3
54.97 , 42.14
54.62 , 41.93
55.1 , 42.13
54.5 , 41.75
54.96 , 42.35
55.09 , 42.45
55.05 , 42.31
55.25 , 42.57
54.88 , 41.93
54.92 , 41.71
55.27 , 41.88
54.77 , 41.97
54.87 , 42.34
54.9 , 42.61
54.56 , 42.26
55.21 , 42.22
54.74 , 42.0
54.54 , 41.98
54.96 , 42.37
55.18 , 41.88
55.22 , 42.18
54.98 , 42.21
55.24 , 42.08
54.72 , 42.4
55.38 , 42.32
55.12 , 41.96
55.18 , 42.08
54.65 , 42.26
55.19 , 42.19
54.78 , 42.34
55.53 , 42.01
54.91 , 41.96
55.31 , 42.04
55.03 , 42.31
55.52 , 42.36
55.56 , 42.31
55.36 , 42.11
55.53 , 42.26
54.72 , 42.4
55.42 , 42.14
54.76 , 42.43
54.57 , 42.3
55.12 , 42.56
55.06 , 42.11
54.85 , 42.41
54.79 , 42.3
54.78 , 42.08
54.74 , 42.51
54.81 , 42.3
55.36 , 42.35
55.1 , 41.87
55.14 , 42.29
54.98 , 42.47
54.79 , 42.22
55.12 , 42.56
55.32 , 42.32
54.54 , 41.93
55.08 , 42.17
54.77 , 42.4
55.15 , 42.42
55.38 , 42.83
54.68 , 42.45
55.13 , 42.38
55.1 , 42.6
55.23 , 41.83
54.94 , 42.08
55.03 , 42.18
55.3 , 42.54
54.65 , 42.31
55.22 , 42.15
55.06 , 42.52
54.31 , 42.78
55.27 , 42.69
55.47 , 42.34
55.06 , 42.26
54.67 , 42.15
54.59 , 42.55
55.59 , 42.25
54.86 , 42.27
55.05 , 42.41
55.11 , 42.47
55.23 , 41.68
54.93 , 42.43
54.85 , 42.2
54.96 , 42.09
55.5 , 42.33
54.83 , 42.68
54.86 , 42.4
55.5 , 42.2
55.26 , 42.56
54.76 , 42.51
54.88 , 42.48
54.84 , 42.29
55.07 , 42.79
54.89 , 42.33
54.99 , 42.25
55.1 , 42.6
54.47 , 42.6
54.74 , 42.28
55.18 , 42.44
55.47 , 43.01
54.99 , 42.6
54.92 , 41.96
55.22 , 42.4
55.31 , 42.56
55.2 , 42.51
54.96 , 42.45
54.62 , 42.62
55.2 , 43.06
54.87 , 41.88
54.77 , 42.82
54.98 , 42.69
55.38 , 42.56
55.02 , 42.15
54.51 , 42.67
55.07 , 42.97
55.01 , 42.57
55.49 , 42.53
54.96 , 42.17
54.46 , 42.82
55.28 , 42.85
54.96 , 42.18
54.75 , 42.54
54.96 , 42.5
54.71 , 42.56
54.86 , 42.08
55.46 , 42.84
54.83 , 42.79
54.95 , 42.88
55.28 , 42.67
54.96 , 42.69
55.14 , 42.96
54.79 , 42.8
55.09 , 43.09
54.86 , 43.14
54.87 , 42.38
54.92 , 42.82
55.56 , 42.8
54.87 , 42.9
55.69 , 42.62
54.71 , 42.9
54.55 , 42.77
54.88 , 42.44
55.04 , 42.79
55.01 , 43.0
55.07 , 42.58
55.04 , 43.21
55.21 , 42.51
55.3 , 42.49
55.36 , 42.81
55.32 , 42.97
54.85 , 42.79
55.0 , 43.07
54.6 , 42.65
55.05 , 42.68
55.44 , 42.96
54.87 , 42.51
55.05 , 42.36
54.99 , 42.73
55.25 , 42.5
54.89 , 42.89
54.77 , 43.18
55.5 , 42.71
54.7 , 42.91
54.5 , 42.47
55.22 , 42.47
55.58 , 42.72
55.26 , 42.9
54.86 , 42.4
55.13 , 42.62
54.92 , 42.53
54.59 , 42.93
55.2 , 42.88
55.19 , 42.7
54.99 , 42.79
54.49 , 42.88
55.2 , 42.69
54.93 , 43.28
54.84 , 43.1
55.06 , 42.89
55.21 , 43.09
55.19 , 42.5
55.21 , 43.03
55.43 , 42.7
55.18 , 42.9
55.39 , 42.84
54.87 , 42.77
55.13 , 43.5
55.02 , 42.37
55.08 , 43.41
55.17 , 43.02
54.62 , 42.97
55.13 , 42.41
54.77 , 42.38
54.37 , 43.13
54.76 , 42.89
55.34 , 42.71
55.11 , 43.13
54.76 , 42.57
55.03 , 42.83
54.92 , 42.58
55.18 , 43.58
54.83 , 42.69
54.95 , 42.41
54.91 , 42.99
54.94 , 43.11
54.56 , 42.82
54.67 , 42.71
55.05 , 42.79
55.03 , 43.2
55.2 , 42.73
54.69 , 42.84
55.36 , 43.13
55.1 , 43.02
54.78 , 42.84
55.14 , 43.09
54.58 , 43.34
55.08 , 43.17
54.7 , 43.11
55.01 , 42.74
54.55 , 43.1
54.83 , 43.13
55.15 , 42.44
54.79 , 43.02
55.0 , 43.13
55.17 , 42.59
54.73 , 43.35
55.17 , 43.14
54.93 , 43.23
54.8 , 42.67
55.28 , 42.85
54.78 , 43.1
55.11 , 43.05
55.47 , 42.85
55.18 , 42.83
54.96 , 43.55
54.91 , 42.89
54.87 , 42.84
55.13 , 43.28
54.71 , 42.85
55.58 , 43.48
54.9 , 43.45
54.92 , 42.86
54.89 , 43.13
54.9 , 43.28
54.92 , 43.06
55.16 , 42.84
55.01 , 43.01
55.15 , 43.17
55.15 , 43.61
54.94 , 43.21
54.73 , 43.1
55.29 , 42.7
55.04 , 42.97
55.19 , 42.71
55.47 , 43.14
55.49 , 43.12
54.92 , 43.31
54.81 , 42.63
55.32 , 43.27
54.59 , 43.0
54.99 , 42.88
54.88 , 43.35
54.75 , 43.49
54.95 , 43.24
54.64 , 42.92
55.18 , 43.11
55.08 , 43.18
54.88 , 42.99
54.68 , 43.5
55.25 , 43.1
54.74 , 43.44
55.15 , 43.52
55.17 , 43.38
55.06 , 43.24
55.07 , 42.89
55.12 , 43.44
54.7 , 43.25
55.41 , 43.43
55.15 , 43.32
55.19 , 42.78
54.54 , 43.2
55.11 , 43.72
55.48 , 43.58
55.14 , 42.85
55.26 , 43.22
54.99 , 42.89
55.2 , 43.6
54.92 , 43.75
55.0 , 43.19
54.84 , 43.16
54.55 , 43.31
55.02 , 43.52
55.12 , 43.38
54.99 , 43.71
55.39 , 43.49
54.94 , 43.54
55.27 , 43.15
55.21 , 43.37
55.31 , 43.04
54.98 , 43.09
54.75 , 42.95
54.67 , 43.37
55.4 , 43.62
55.09 , 43.58
55.17 , 43.7
55.04 , 43.26
54.67 , 43.34
55.02 , 43.31
54.98 , 43.54
54.91 , 43.47
55.14 , 43.0
55.27 , 43.28
55.13 , 43.41
54.73 , 43.25
54.96 , 43.63
55.08 , 43.92
55.19 , 43.92
54.75 , 43.74
55.15 , 43.39
55.13 , 43.8
54.7 , 43.23
55.07 , 43.31
55.28 , 43.71
55.52 , 43.21
55.2 , 43.85
54.95 , 43.68
55.06 , 43.39
55.36 , 43.55
55.5 , 43.05
55.08 , 43.42
54.59 , 42.85
54.91 , 43.09
54.58 , 43.32
55.12 , 43.46
54.83 , 43.37
54.99 , 44.04
55.25 , 43.32
54.94 , 43.75
55.21 , 43.03
55.04 , 43.95
54.91 , 43.35
54.92 , 43.85
54.69 , 43.86
54.78 , 43.59
55.54 , 43.54
54.8 , 43.32
55.08 , 43.4
55.23 , 43.13
54.99 , 43.2
55.4 , 43.52
55.05 , 43.62
55.1 , 43.82
54.87 , 43.78
55.16 , 43.6
54.9 , 42.95
54.59 , 43.5
54.66 , 43.41
55.08 , 43.34
55.34 , 43.4
54.7 , 43.73
55.05 , 43.64
54.7 , 43.66
55.09 , 43.35
54.64 , 43.72
55.48 , 43.54
55.12 , 43.62
55.03 , 43.47
55.14 , 43.26
54.91 , 43.64
55.15 , 43.64
55.0 , 43.92
55.2 , 43.55
55.44 , 44.01
55.05 , 43.63
54.95 , 44.0
54.79 , 43.4
54.84 , 43.56
55.13 , 43.87
55.3 , 44.17
54.83 , 43.8
54.76 , 43.45
54.98 , 43.68
54.87 , 43.65
54.88 , 43.93
54.78 , 43.82
55.29 , 43.95
55.27 , 43.46
54.71 , 43.74
54.85 , 43.91
55.01 , 43.9
54.84 , 44.38
55.12 , 43.64
54.66 , 43.75
54.61 , 43.86
55.07 , 43.73
55.12 , 43.57
54.58 , 43.59
54.3 , 43.48
54.86 , 43.61
55.06 , 43.36
55.13 , 43.85
54.84 , 43.53
55.05 , 44.0
55.13 , 44.27
55.2 , 43.79
55.12 , 43.56
55.15 , 44.29
54.97 , 44.07
54.76 , 44.01
55.23 , 43.73
55.42 , 43.78
54.79 , 44.15
55.07 , 44.14
54.94 , 44.1
54.51 , 43.66
55.44 , 43.76
55.37 , 43.92
55.29 , 43.61
54.94 , 43.58
54.94 , 43.68
54.71 , 43.87
54.76 , 43.94
55.2 , 43.81
54.99 , 44.57
54.84 , 44.29
55.3 , 43.43
54.82 , 44.08
54.79 , 43.78
55.18 , 44.31
55.22 , 43.96
54.8 , 44.16
55.2 , 44.2
54.82 , 44.1
54.8 , 43.63
54.98 , 43.76
54.88 , 43.75
54.86 , 44.17
55.4 , 44.45
55.33 , 44.02
54.81 , 43.91
55.05 , 43.8
54.84 , 44.41
54.76 , 43.87
54.78 , 43.88
55.23 , 44.36
54.46 , 44.07
54.95 , 44.15
54.63 , 43.81
55.28 , 44.19
55.0 , 43.7
55.13 , 43.96
54.94 , 44.11
54.76 , 44.32
54.92 , 44.21
54.98 , 43.96
54.74 , 43.98
54.75 , 44.29
55.3 , 44.16
55.35 , 44.24
54.89 , 43.92
55.3 , 43.81
55.01 , 43.94
54.72 , 44.01
54.79 , 43.78
54.92 , 43.94
55.07 , 43.87
54.65 , 43.8
54.85 , 43.97
54.99 , 44.32
55.2 , 44.55
54.88 , 44.46
55.3 , 43.76
55.11 , 44.16
54.97 , 44.52
55.12 , 43.87
55.28 , 44.22
55.05 , 44.3
54.95 , 44.24
55.23 , 44.18
54.72 , 44.47
55.45 , 43.96
54.95 , 44.22
54.8 , 43.89
55.22 , 43.97
55.12 , 44.81
55.23 , 44.38
55.11 , 43.95
55.24 , 43.76
54.89 , 44.2
54.76 , 44.41
54.93 , 44.26
55.05 , 44.39
54.87 , 44.21
55.49 , 44.38
54.86 , 43.96
55.02 , 44.16
55.32 , 44.44
55.02 , 44.45
55.17 , 44.54
54.93 , 44.17
54.71 , 43.91
55.02 , 44.53
54.9 , 44.5
55.24 , 44.07
55.25 , 44.22
55.39 , 44.52
55.32 , 44.36
54.61 , 44.62
54.91 , 44.21
55.02 , 43.85
55.24 , 44.6
54.97 , 44.46
55.09 , 43.91
54.7 , 44.33
54.88 , 44.14
55.02 , 44.74
54.91 , 44.27
54.82 , 44.28
55.29 , 44.27
55.05 , 44.53
55.53 , 44.75
54.56 , 44.37
55.22 , 44.28
54.92 , 44.29
54.87 , 44.59
55.01 , 44.2
54.79 , 44.39
54.98 , 44.43
54.72 , 45.05
54.81 , 44.33
54.83 , 44.64
55.12 , 44.67
54.64 , 44.73
55.07 , 44.33
54.98 , 44.61
55.01 , 44.22
55.19 , 44.22
55.29 , 44.36
55.22 , 44.17
54.87 , 44.18
54.82 , 44.48
54.79 , 44.7
54.43 , 44.95
54.72 , 44.41
54.96 , 44.79
54.78 , 44.74
55.01 , 44.3
55.3 , 44.37
54.8 , 44.9
55.26 , 44.53
55.39 , 44.52
54.83 , 44.28
54.56 , 44.7
54.92 , 44.47
55.33 , 44.86
55.21 , 44.55
55.01 , 44.65
54.72 , 44.25
55.09 , 44.08
55.15 , 44.67
55.24 , 44.85
55.01 , 44.74
55.26 , 44.63
55.07 , 44.42
55.24 , 45.05
55.15 , 44.67
54.67 , 44.13
55.22 , 45.06
54.89 , 44.79
55.14 , 44.45
55.03 , 44.78
54.78 , 44.26
55.02 , 44.37
55.08 , 44.3
54.59 , 44.64
55.04 , 44.6
55.4 , 44.58
54.97 , 44.41
54.81 , 44.85
55.29 , 44.35
54.53 , 44.9
55.34 , 44.67
55.47 , 44.48
54.62 , 44.92
55.04 , 44.59
55.47 , 44.79
54.85 , 44.55
55.13 , 44.55
55.06 , 44.3
55.09 , 44.73
55.01 , 44.98
55.24 , 45.08
54.71 , 44.88
54.67 , 44.72
54.93 , 44.87
55.07 , 44.98
54.79 , 44.48
55.32 , 44.53
55.0 , 44.63
55.07 , 44.68
55.17 , 44.95
54.73 , 44.83
54.75 , 44.82
54.84 , 44.63
55.67 , 44.8
55.06 , 44.67
54.64 , 44.35
54.64 , 45.02
54.75 , 44.88
55.24 , 44.05
55.0 , 44.81
54.71 , 45.23
55.25 , 44.76
55.45 , 44.97
55.13 , 44.32
55.02 , 44.8
54.76 , 44.58
54.69 , 44.9
55.1 , 44.49
54.85 , 44.58
54.98 , 45.33
54.96 , 44.97
55.15 , 44.68
54.3 , 44.78
54.93 , 44.69
54.72 , 44.91
54.91 , 44.42
54.93 , 44.9
55.33 , 44.67
54.91 , 45.5
54.98 , 44.69
55.16 , 44.56
55.33 , 45.09
55.27 , 45.26
54.96 , 44.93
55.44 , 44.81
54.42 , 44.59
54.76 , 44.78
54.96 , 44.91
55.2 , 44.99
54.62 , 44.76
55.2 , 44.84
54.86 , 45.41
54.95 , 44.81
54.63 , 44.86
54.88 , 44.75
54.78 , 45.14
54.94 , 44.97
54.94 , 44.97
54.96 , 44.76
54.8 , 44.77
55.37 , 44.73
54.75 , 44.79
54.96 , 45.18
55.21 , 44.88
55.02 , 45.33
55.37 , 44.96
54.44 , 45.3
55.02 , 45.49
54.49 , 45.13
55.25 , 45.41
55.24 , 44.71
54.95 , 44.87
54.89 , 45.08
54.98 , 44.99
54.9 , 45.25
54.94 , 45.19
55.21 , 44.97
55.05 , 44.84
55.35 , 44.85
54.63 , 45.18
54.5 , 45.27
55.05 , 45.25
54.77 , 45.01
55.05 , 44.97
55.71 , 44.73
54.83 , 45.14
55.13 , 44.88
55.17 , 44.74
55.04 , 45.34
54.74 , 45.12
55.0 , 44.87
54.92 , 45.05
54.94 , 45.34
54.85 , 45.24
54.86 , 45.26
55.4 , 44.91
54.81 , 45.13
54.74 , 45.05
55.13 , 44.98
55.21 , 45.25
55.05 , 45.34
55.07 , 44.82
54.61 , 44.43
55.06 , 45.13
55.1 , 45.13
54.72 , 45.05
54.93 , 45.47
54.94 , 45.0
55.06 , 44.86
54.9 , 45.18
54.82 , 44.72
54.89 , 45.26
55.41 , 45.18
55.08 , 45.19
54.83 , 45.29
55.06 , 45.31
54.93 , 45.06
55.13 , 45.43
54.92 , 45.26
54.87 , 45.45
54.87 , 45.52
55.15 , 45.4
55.62 , 45.47
55.37 , 45.4
54.48 , 45.49
54.33 , 45.29
55.26 , 44.96
54.84 , 45.37
54.82 , 45.3
55.6 , 45.86
54.99 , 44.68
55.17 , 45.39
55.12 , 44.8
54.94 , 45.25
55.08 , 45.33
55.35 , 45.52
54.58 , 45.28
54.87 , 45.54
54.93 , 44.93
54.67 , 45.53
55.54 , 44.88
54.98 , 45.51
54.98 , 45.1
55.28 , 45.24
55.38 , 44.7
55.06 , 45.52
54.92 , 45.29
54.8 , 45.13
55.21 , 45.68
54.73 , 45.87
54.78 , 45.56
55.25 , 45.39
55.06 , 45.59
55.16 , 45.37
55.47 , 45.74
55.36 , 45.2
55.42 , 45.66
55.06 , 45.19
55.14 , 45.1
55.04 , 45.21
55.07 , 45.52
55.32 , 45.43
54.83 , 45.08
54.64 , 45.49
54.95 , 45.72
54.9 , 44.85
54.96 , 45.17
54.69 , 45.4
55.19 , 45.3
54.79 , 45.54
55.03 , 45.13
55.03 , 45.38
54.68 , 45.51
54.87 , 45.35
55.24 , 45.62
54.66 , 45.54
55.27 , 45.9
55.12 , 45.49
54.96 , 45.57
54.93 , 46.0
54.92 , 45.87
55.03 , 45.87
54.96 , 45.84
54.68 , 45.46
54.74 , 45.59
55.01 , 45.26
54.92 , 45.17
55.22 , 45.48
55.21 , 45.9
54.91 , 45.62
54.97 , 45.4
54.87 , 45.73
54.91 , 45.46
54.82 , 45.8
54.94 , 45.74
54.75 , 45.73
55.15 , 45.51
54.72 , 45.2
55.67 , 44.98
55.15 , 45.4
54.76 , 45.93
54.6 , 45.68
54.92 , 45.46
54.58 , 45.93
55.04 , 45.36
55.15 , 45.46
55.27 , 45.36
55.16 , 45.53
54.91 , 45.67
54.77 , 46.01
55.19 , 46.04
55.22 , 45.67
55.13 , 45.95
54.79 , 45.5
54.48 , 45.25
54.94 , 45.42
55.04 , 45.56
54.65 , 45.75
54.81 , 45.77
55.44 , 45.47
54.79 , 46.04
54.68 , 45.55
54.7 , 45.36
54.98 , 45.62
54.94 , 45.99
54.58 , 45.54
55.29 , 46.11
55.31 , 45.23
55.57 , 45.79
54.99 , 45.87
54.67 , 45.58
55.27 , 45.44
55.07 , 45.68
54.69 , 45.77
54.75 , 45.71
55.29 , 45.85
55.1 , 45.81
55.07 , 45.82
54.46 , 45.53
55.12 , 45.55
54.69 , 45.74
55.08 , 45.76
55.42 , 45.45
55.02 , 45.41
55.09 , 45.77
54.67 , 46.17
55.06 , 45.38
54.52 , 45.41
55.02 , 45.57
54.9 , 45.67
54.87 , 45.68
55.04 , 45.79
55.29 , 45.72
54.48 , 45.21
55.04 , 45.87
54.76 , 45.85
54.7 , 46.02
55.67 , 45.63
55.31 , 45.88
54.93 , 46.0
54.79 , 45.59
54.96 , 45.47
55.15 , 45.48
54.81 , 45.84
54.76 , 45.97
54.94 , 45.75
54.6 , 45.64
54.64 , 45.38
55.25 , 46.14
55.03 , 45.46
55.26 , 46.15
54.66 , 45.78
54.77 , 46.48
55.14 , 46.07
55.18 , 45.62
55.03 , 46.11
55.36 , 46.11
54.65 , 45.42
55.19 , 46.11
54.61 , 45.78
54.75 , 45.53
55.42 , 46.38
54.92 , 46.25
54.99 , 45.55
55.13 , 46.48
54.75 , 45.78
54.9 , 45.58
54.83 , 46.07
54.81 , 45.96
55.21 , 46.23
54.84 , 45.91
55.32 , 45.75
54.86 , 46.46
54.94 , 45.93
54.72 , 45.76
54.8 , 45.81
54.63 , 46.11
55.08 , 45.92
54.6 , 46.16
55.24 , 46.07
54.68 , 46.2
54.83 , 45.84
55.1 , 46.38
55.27 , 46.09
55.16 , 46.33
55.82 , 46.11
55.14 , 45.99
55.16 , 46.15
55.31 , 46.08
54.88 , 45.57
54.99 , 45.72
54.89 , 45.8
54.51 , 46.07
54.89 , 46.32
55.12 , 46.55
55.24 , 46.1
55.11 , 45.97
54.75 , 46.38
54.53 , 46.04
55.21 , 46.09
55.12 , 46.0
54.77 , 46.33
55.25 , 45.67
54.81 , 46.12
54.94 , 45.79
55.04 , 46.32
55.65 , 45.73
55.05 , 46.1
54.92 , 46.3
55.01 , 46.39
54.73 , 46.4
54.61 , 46.13
54.79 , 46.7
54.93 , 46.14
55.0 , 46.69
55.31 , 46.24
55.11 , 46.62
55.04 , 45.99
55.61 , 46.13
55.05 , 46.46
54.84 , 45.78
55.05 , 46.04
55.15 , 46.46
55.19 , 46.52
55.08 , 46.01
54.77 , 45.99
55.3 , 45.92
54.96 , 46.65
54.92 , 45.91
54.73 , 45.92
54.85 , 45.86
54.59 , 45.83
55.21 , 46.32
54.86 , 46.08
54.69 , 46.21
55.36 , 46.11
55.33 , 45.62
54.66 , 46.11
54.69 , 45.84
54.22 , 46.15
55.06 , 46.39
54.96 , 46.84
55.03 , 46.51
55.39 , 46.29
55.23 , 45.78
55.19 , 46.39
55.34 , 46.52
54.88 , 46.43
54.98 , 45.95
54.85 , 46.41
54.86 , 45.84
55.32 , 46.34
55.2 , 46.09
55.05 , 46.46
54.24 , 46.26
55.25 , 46.05
54.59 , 46.59
55.46 , 45.84
55.14 , 45.95
55.03 , 46.22
55.13 , 46.33
55.12 , 46.37
55.1 , 46.72
54.52 , 46.5
55.04 , 46.58
55.3 , 46.04
55.06 , 46.03
55.04 , 46.63
54.63 , 46.27
55.0 , 46.21
54.98 , 46.01
54.94 , 46.35
54.82 , 46.43
54.72 , 46.53
55.12 , 46.53
54.95 , 46.8
54.88 , 46.74
54.97 , 46.13
55.37 , 46.02
55.54 , 46.32
54.67 , 45.9
55.33 , 46.53
55.32 , 45.87
54.72 , 46.77
55.15 , 46.27
55.46 , 46.16
54.92 , 46.69
55.15 , 46.23
54.7 , 46.17
54.99 , 46.74
55.19 , 46.26
54.7 , 46.38
55.02 , 46.31
55.24 , 46.43
55.01 , 46.01
54.8 , 46.49
55.06 , 46.47
54.92 , 46.32
55.08 , 46.38
54.95 , 46.34
54.9 , 46.9
54.66 , 46.52
54.88 , 46.46
54.92 , 46.49
54.46 , 46.45
54.96 , 46.62
55.2 , 45.92
54.57 , 46.73
54.79 , 46.75
55.39 , 47.04
54.77 , 46.28
55.55 , 46.33
54.85 , 47.03
55.13 , 46.75
55.23 , 46.44
55.21 , 46.78
55.12 , 46.76
54.9 , 46.55
55.23 , 46.18
54.9 , 46.62
55.29 , 46.52
55.05 , 46.33
55.38 , 47.11
55.18 , 46.45
54.69 , 46.65
55.11 , 46.65
54.68 , 46.62
55.31 , 46.4
55.28 , 46.92
55.02 , 46.72
54.73 , 46.91
55.3 , 47.05
54.6 , 46.81
54.96 , 46.61
54.53 , 47.02
55.21 , 47.07
54.99 , 47.07
55.2 , 46.88
54.98 , 46.91
55.36 , 47.1
55.11 , 46.77
54.74 , 46.75
55.46 , 46.97
54.88 , 46.57
55.57 , 46.82
55.13 , 46.79
55.41 , 46.43
55.2 , 46.8
54.92 , 46.75
55.03 , 46.74
54.9 , 46.78
55.09 , 46.62
54.88 , 46.74
54.98 , 46.93
55.1 , 46.84
55.28 , 47.24
55.02 , 46.46
55.0 , 46.71
55.03 , 46.56
55.24 , 46.47
55.1 , 47.22
54.96 , 46.75
55.14 , 46.9
54.9 , 46.53
55.3 , 46.92
54.87 , 46.82
54.66 , 46.77
55.23 , 46.95
54.81 , 46.73
55.45 , 46.94
55.11 , 47.16
55.08 , 46.99
55.55 , 47.38
55.37 , 46.93
54.53 , 47.31
55.21 , 46.9
54.6 , 46.66
55.01 , 47.2
55.2 , 46.97
55.19 , 46.79
54.97 , 47.14
55.42 , 46.88
55.21 , 46.65
55.27 , 47.16
55.05 , 47.05
55.42 , 46.95
55.19 , 47.33
54.83 , 46.66
54.85 , 46.9
54.43 , 47.09
54.97 , 47.43
55.22 , 46.73
54.79 , 46.97
54.75 , 46.74
54.86 , 47.02
54.67 , 47.01
54.93 , 47.09
55.41 , 47.07
54.65 , 47.13
54.76 , 47.16
55.05 , 46.32
55.35 , 46.96
55.49 , 47.27
54.82 , 46.86
55.67 , 47.06
54.97 , 47.39
55.23 , 46.68
54.96 , 47.09
54.74 , 47.3
55.42 , 47.25
54.74 , 46.82
54.99 , 46.63
54.98 , 47.39
55.06 , 46.69
54.89 , 46.9
54.83 , 46.74
55.04 , 47.06
54.57 , 46.95
55.21 , 47.16
54.8 , 46.87
54.78 , 47.01
54.87 , 47.18
54.41 , 46.76
54.91 , 47.09
54.87 , 47.22
54.82 , 47.03
55.56 , 46.77
54.55 , 46.78
55.07 , 47.01
54.9 , 46.78
54.51 , 47.54
55.27 , 47.06
54.97 , 47.34
55.19 , 47.34
55.05 , 47.11
54.97 , 47.03
54.74 , 47.33
54.71 , 47.32
54.98 , 47.23
55.45 , 47.22
54.36 , 47.47
54.91 , 47.39
55.04 , 47.23
55.56 , 47.21
54.99 , 47.15
54.91 , 47.04
54.59 , 47.19
54.9 , 47.59
55.09 , 47.06
55.07 , 47.35
55.21 , 46.93
54.92 , 47.21
55.38 , 47.18
54.99 , 47.22
54.9 , 47.0
54.87 , 47.03
54.87 , 47.06
54.86 , 46.94
55.39 , 46.81
54.88 , 47.49
54.95 , 46.94
54.9 , 47.04
55.02 , 47.14
54.72 , 47.27
54.82 , 47.48
55.28 , 47.06
54.73 , 47.56
55.4 , 47.04
54.87 , 46.83
54.81 , 47.46
55.1 , 47.46
55.35 , 48.02
54.71 , 47.56
54.96 , 47.42
54.83 , 46.94
55.23 , 47.22
55.16 , 47.73
55.31 , 47.43
55.04 , 47.42
55.08 , 47.72
54.55 , 47.76
54.67 , 47.24
54.79 , 47.24
55.16 , 48.04
55.07 , 46.91
54.7 , 47.36
54.91 , 47.48
54.95 , 47.51
54.99 , 47.6
55.21 , 47.87
55.46 , 47.17
54.99 , 47.12
55.06 , 47.37
54.35 , 47.44
55.27 , 47.54
54.88 , 47.26
54.65 , 47.32
54.81 , 47.47
55.14 , 47.34
54.53 , 47.52
55.34 , 47.54
55.39 , 47.34
54.53 , 47.07
54.88 , 47.27
55.02 , 47.29
55.3 , 47.38
54.93 , 47.4
54.72 , 47.61
55.27 , 47.26
54.66 , 47.8
54.99 , 47.45
54.8 , 47.19
55.08 , 47.65
54.58 , 47.45
55.16 , 47.08
55.15 , 47.09
54.88 , 47.5
54.79 , 47.53
54.99 , 47.9
55.03 , 47.81
55.36 , 47.31
55.14 , 47.85
54.76 , 47.41
54.75 , 47.27
54.96 , 47.78
54.85 , 47.21
55.33 , 47.39
54.92 , 47.54
55.0 , 47.51
55.14 , 47.43
55.08 , 47.66
54.96 , 47.75
55.1 , 47.35
55.08 , 47.37
55.32 , 47.52
54.9 , 47.45
55.39 , 47.71
54.99 , 47.58
54.92 , 47.63
54.91 , 47.43
55.06 , 47.7
54.91 , 47.9
55.32 , 47.8
54.91 , 48.15
54.82 , 47.42
55.24 , 47.81
54.84 , 47.57
55.05 , 47.78
55.08 , 48.09
54.9 , 47.04
55.25 , 47.85
55.16 , 47.5
54.98 , 47.4
55.08 , 47.61
55.29 , 47.71
54.87 , 47.43
55.33 , 48.13
55.12 , 48.02
54.67 , 47.91
54.87 , 47.91
54.98 , 47.92
54.91 , 47.86
55.35 , 47.67
54.64 , 48.13
54.98 , 47.62
54.6 , 47.83
54.96 , 47.54
54.75 , 47.51
55.13 , 47.28
54.92 , 47.94
55.21 , 47.83
55.17 , 47.71
55.07 , 47.68
54.69 , 47.98
55.34 , 48.08
55.12 , 47.76
54.95 , 47.74
55.4 , 47.6
55.0 , 47.89
54.86 , 47.95
55.42 , 47.61
54.89 , 47.89
54.94 , 47.88
55.14 , 47.5
54.94 , 47.74
54.73 , 47.96
55.33 , 47.99
54.87 , 47.76
55.53 , 48.14
55.18 , 47.56
55.16 , 47.86
54.79 , 48.0
55.42 , 47.13
55.13 , 48.19
55.45 , 47.81
55.08 , 47.81
55.07 , 47.94
55.05 , 47.99
54.66 , 48.27
54.38 , 48.44
54.86 , 48.07
54.66 , 47.53
54.87 , 47.86
54.46 , 47.74
55.01 , 48.03
54.89 , 47.89
54.96 , 47.93
55.07 , 47.45
54.76 , 48.15
54.92 , 48.2
54.83 , 48.05
55.12 , 47.85
54.67 , 48.12
54.63 , 47.72
55.07 , 48.17
55.13 , 48.09
54.7 , 48.02
54.8 , 48.37
54.58 , 48.09
55.16 , 47.97
55.13 , 47.87
54.84 , 48.3
55.17 , 47.9
55.15 , 47.94
54.67 , 47.83
55.17 , 48.08
54.91 , 48.09
55.06 , 47.84
55.19 , 47.67
55.32 , 48.42
54.8 , 48.12
54.96 , 48.11
55.05 , 48.84
54.78 , 48.03
54.81 , 47.64
55.37 , 48.12
55.4 , 48.18
54.73 , 47.83
54.88 , 48.06
55.38 , 48.09
55.14 , 47.81
55.46 , 48.09
54.78 , 48.64
54.92 , 48.15
54.85 , 48.45
54.57 , 48.16
54.67 , 48.22
55.59 , 48.49
55.04 , 48.23
55.53 , 47.59
54.92 , 47.92
54.95 , 48.18
55.26 , 47.96
55.07 , 48.08
55.03 , 48.4
55.35 , 48.27
54.85 , 48.35
54.88 , 47.9
55.06 , 47.97
55.34 , 48.26
55.46 , 48.5
54.96 , 48.06
55.15 , 48.36
55.25 , 48.23
55.12 , 47.97
55.74 , 48.82
55.28 , 47.86
54.88 , 48.37
55.07 , 48.11
54.97 , 48.14
54.79 , 48.21
54.96 , 48.07
54.87 , 48.23
55.37 , 48.4
54.57 , 48.22
54.74 , 48.54
54.55 , 48.23
55.16 , 48.21
55.18 , 47.93
55.03 , 48.19
55.45 , 48.59
54.83 , 48.1
54.79 , 48.38
55.15 , 48.04
55.27 , 48.17
54.81 , 48.42
55.2 , 48.56
55.16 , 48.26
54.29 , 48.58
55.03 , 47.88
54.76 , 48.72
55.19 , 47.98
54.77 , 48.36
54.7 , 47.88
55.44 , 48.56
55.09 , 48.17
54.8 , 48.78
54.89 , 48.23
55.31 , 48.01
54.99 , 48.23
54.98 , 48.08
55.67 , 48.7
55.37 , 48.4
55.27 , 48.15
55.08 , 48.54
55.14 , 48.23
54.91 , 47.98
55.33 , 48.62
55.18 , 48.65
55.07 , 48.51
54.86 , 48.52
55.01 , 48.29
55.16 , 48.32
54.76 , 47.89
55.34 , 48.45
55.06 , 48.49
54.96 , 48.64
55.17 , 48.62
55.17 , 48.19
55.08 , 48.9
55.11 , 48.37
54.94 , 48.54
55.19 , 48.9
54.86 , 48.57
55.2 , 48.96
54.92 , 48.62
55.11 , 48.23
55.17 , 48.67
55.13 , 48.78
55.34 , 48.5
55.15 , 48.58
55.44 , 48.24
54.94 , 48.41
55.32 , 48.01
55.25 , 48.71
54.88 , 48.29
55.11 , 48.49
54.77 , 48.53
55.46 , 48.58
54.71 , 48.02
54.85 , 48.63
55.0 , 48.07
55.12 , 48.73
54.95 , 49.03
55.05 , 48.45
55.09 , 48.48
55.05 , 48.16
55.23 , 48.48
54.88 , 48.77
54.77 , 48.83
54.53 , 48.36
54.77 , 48.33
54.75 , 48.66
55.27 , 48.28
55.52 , 48.52
55.3 , 48.46
55.14 , 49.19
55.04 , 48.9
55.06 , 48.86
54.52 , 48.74
54.53 , 48.38
55.29 , 48.69
54.98 , 48.78
54.87 , 48.3
55.07 , 48.23
54.85 , 48.54
55.19 , 48.31
54.61 , 48.97
54.97 , 48.19
55.22 , 48.16
54.65 , 48.45
55.38 , 48.53
55.14 , 48.77
55.08 , 49.26
54.96 , 48.66
54.33 , 48.66
55.59 , 48.41
55.3 , 48.81
55.21 , 48.24
54.89 , 48.59
55.29 , 48.78
54.88 , 49.12
55.21 , 48.76
54.88 , 48.82
54.64 , 49.07
54.77 , 48.98
54.77 , 49.26
54.87 , 48.82
54.72 , 48.99
54.64 , 49.01
55.52 , 48.73
55.54 , 48.09
54.81 , 48.84
55.06 , 48.85
54.94 , 49.23
55.19 , 48.74
55.29 , 48.96
55.49 , 48.6
55.3 , 48.42
54.4 , 48.85
55.01 , 48.42
54.73 , 48.89
55.07 , 48.77
55.15 , 48.6
55.3 , 48.62
54.99 , 48.73
54.94 , 48.51
55.08 , 48.69
54.66 , 49.14
55.21 , 48.86
54.82 , 48.39
55.27 , 49.14
55.07 , 48.93
55.27 , 49.0
55.12 , 48.54
55.08 , 48.84
55.28 , 49.29
54.84 , 48.56
55.17 , 49.26
54.99 , 48.66
54.69 , 48.47
54.76 , 48.74
54.95 , 48.73
55.24 , 49.14
54.25 , 48.9
54.74 , 48.72
55.14 , 49.23
55.31 , 48.8
55.04 , 48.88
54.85 , 49.19
54.9 , 48.75
54.67 , 49.04
55.21 , 49.07
55.49 , 49.16
55.24 , 49.03
55.21 , 48.87
55.32 , 49.15
54.44 , 49.28
55.0 , 49.15
54.94 , 49.05
55.04 , 49.12
55.52 , 48.87
54.66 , 48.8
55.03 , 48.58
54.79 , 49.35
55.38 , 48.96
54.9 , 48.86
55.04 , 48.87
54.97 , 49.2
55.24 , 48.69
55.09 , 49.05
55.02 , 49.02
54.82 , 49.13
54.53 , 49.04
55.23 , 49.34
54.82 , 48.75
55.09 , 48.9
54.51 , 48.79
54.74 , 49.09
55.27 , 49.04
55.28 , 49.32
55.35 , 49.54
55.27 , 48.9
54.98 , 49.06
54.71 , 49.25
54.86 , 48.99
55.11 , 49.0
55.19 , 48.95
55.35 , 49.03
54.82 , 49.21
55.25 , 48.91
55.08 , 49.25
54.65 , 49.39
55.37 , 48.59
54.94 , 49.2
54.76 , 49.04
54.87 , 49.22
55.3 , 48.97
55.33 , 49.57
55.1 , 49.12
55.39 , 49.23
55.33 , 49.26
54.64 , 49.08
54.66 , 48.79
54.3 , 49.17
54.92 , 48.77
55.05 , 49.31
55.06 , 49.13
55.07 , 49.01
55.29 , 49.08
54.46 , 48.91
55.43 , 49.06
54.95 , 48.84
54.69 , 49.27
54.77 , 49.13
55.15 , 49.24
54.99 , 49.33
55.16 , 49.61
54.73 , 48.89
55.0 , 49.21
55.03 , 49.41
55.24 , 49.2
54.87 , 49.26
55.25 , 49.1
54.72 , 49.26
54.38 , 49.26
54.94 , 49.14
55.47 , 49.35
54.67 , 49.11
54.91 , 49.63
54.94 , 49.32
55.13 , 49.2
54.77 , 49.45
54.84 , 49.41
55.05 , 48.8
54.69 , 49.62
54.92 , 49.33
54.7 , 48.83
54.95 , 49.38
55.26 , 49.29
55.41 , 48.72
54.87 , 49.64
55.43 , 50.14
54.98 , 49.24
54.65 , 49.28
54.64 , 49.65
54.73 , 49.49
55.43 , 49.43
54.82 , 49.79
55.25 , 49.81
55.47 , 49.34
55.05 , 49.28
55.35 , 49.47
54.92 , 49.23
54.68 , 49.27
54.89 , 48.83
54.64 , 49.4
54.83 , 49.56
55.02 , 49.45
54.78 , 49.33
54.64 , 49.38
55.21 , 49.06
54.68 , 49.38
54.6 , 49.6
54.97 , 49.45
54.93 , 49.25
54.89 , 49.3
55.13 , 49.49
54.76 , 49.58
55.26 , 49.07
55.11 , 49.49
54.89 , 48.78
55.21 , 49.08
54.63 , 49.35
55.07 , 49.03
54.82 , 49.17
54.85 , 49.5
55.47 , 49.4
54.64 , 49.21
54.85 , 49.52
54.84 , 49.71
55.07 , 49.06
55.13 , 49.64
55.1 , 49.39
55.26 , 49.48
54.66 , 49.44
54.54 , 49.53
55.03 , 49.25
55.29 , 49.75
54.93 , 49.63
55.18 , 49.55
54.95 , 49.79
55.08 , 49.81
54.83 , 49.77
54.73 , 50.04
55.2 , 49.21
54.88 , 50.01
55.03 , 50.17
55.16 , 49.37
55.21 , 49.4
55.32 , 49.64
54.97 , 49.92
54.67 , 49.37
55.29 , 49.71
54.44 , 49.45
55.33 , 49.19
55.18 , 49.74
55.29 , 49.42
55.04 , 49.67
55.48 , 49.84
54.69 , 50.08
54.57 , 49.55
55.06 , 49.64
54.71 , 49.64
54.9 , 49.42
55.36 , 49.63
55.43 , 49.81
54.78 , 49.87
55.11 , 49.69
55.55 , 49.98
54.79 , 49.34
55.19 , 50.0
54.72 , 49.74
54.97 , 49.56
55.24 , 49.48
55.28 , 50.25
54.89 , 49.6
54.99 , 50.19
54.66 , 49.62
55.05 , 49.76
55.24 , 49.6
55.04 , 49.41
55.16 , 49.65
54.95 , 50.03
55.24 , 49.61
54.96 , 50.01
55.43 , 50.08
55.4 , 49.52
54.86 , 49.76
54.44 , 49.51
54.92 , 49.94
55.23 , 49.47
54.72 , 49.28
54.94 , 49.97
54.99 , 49.4
55.18 , 49.67
54.98 , 49.77
55.5 , 49.95
54.99 , 49.45
54.84 , 50.21
54.88 , 49.78
55.1 , 49.77
54.98 , 50.41
54.87 , 49.62
55.24 , 50.21
54.67 , 50.14
55.14 , 49.11
54.68 , 49.81
55.02 , 49.75
55.2 , 49.8
54.93 , 49.85
54.65 , 50.05
55.09 , 49.67
55.15 , 49.84
55.04 , 49.9
54.77 , 49.82
54.92 , 50.2
55.18 , 50.18
54.84 , 50.15
54.94 , 49.95
54.91 , 49.9
55.07 , 50.21
54.67 , 49.83
55.04 , 50.05
55.18 , 49.47
55.13 , 50.18
54.81 , 49.87
55.4 , 49.59
54.81 , 50.1
54.85 , 50.09
55.54 , 49.89
55.27 , 49.94
54.98 , 49.85
54.53 , 49.82
55.22 , 50.03
54.91 , 50.52
55.26 , 50.29
54.77 , 50.23
55.31 , 49.95
54.59 , 50.03
54.91 , 49.8
54.46 , 50.09
54.57 , 50.44
55.0 , 49.75
54.89 , 50.13
54.77 , 50.3
55.15 , 50.23
55.57 , 50.29
55.09 , 50.01
55.49 , 50.63
55.39 , 50.27
54.87 , 49.76
54.95 , 49.85
54.96 , 49.99
54.82 , 50.18
54.88 , 50.12
54.97 , 50.21
55.38 , 50.4
54.68 , 50.23
54.87 , 50.29
54.94 , 50.08
55.18 , 50.19
55.22 , 50.11
55.35 , 50.05
55.05 , 50.03
54.85 , 49.78
54.92 , 50.43
55.0 , 50.37
55.36 , 50.14
54.84 , 50.13
54.81 , 49.71
55.32 , 50.32
54.76 , 49.99
54.98 , 50.08
54.79 , 49.85
54.79 , 50.15
54.86 , 50.1
55.02 , 50.33
55.33 , 50.53
55.23 , 50.62
55.37 , 50.39
54.29 , 49.85
55.19 , 50.51
55.16 , 50.22
55.06 , 50.13
54.91 , 49.95
55.62 , 50.3
55.06 , 50.14
55.02 , 50.82
54.67 , 50.02
55.05 , 50.42
54.94 , 50.42
55.01 , 50.44
54.81 , 49.98
55.55 , 50.31
55.53 , 50.13
54.91 , 50.11
55.58 , 50.44
55.38 , 50.44
54.74 , 50.25
55.2 , 50.55
54.73 , 49.75
54.49 , 50.2
55.29 , 50.63
55.03 , 50.09
55.05 , 50.42
54.99 , 50.16
55.33 , 50.34
55.11 , 50.27
55.46 , 50.78
54.97 , 50.36
55.38 , 50.18
55.19 , 50.52
54.85 , 49.82
54.79 , 49.56
55.13 , 50.19
54.9 , 50.19
55.03 , 49.81
54.66 , 50.17
54.75 , 49.94
55.02 , 50.28
54.7 , 50.23
54.95 , 50.3
54.86 , 50.01
55.11 , 50.34
55.19 , 50.29
54.76 , 50.28
55.17 , 50.43
55.27 , 50.35
54.86 , 50.63
54.61 , 50.7
55.32 , 50.45
55.42 , 49.97
55.07 , 50.74
54.95 , 50.28
54.77 , 50.55
54.71 , 50.3
54.98 , 50.19
54.99 , 50.37
54.93 , 50.45
54.82 , 50.22
55.06 , 50.83
54.89 , 50.46
55.29 , 50.33
54.94 , 50.83
54.96 , 50.55
55.18 , 50.52
54.78 , 50.16
55.44 , 49.84
55.07 , 50.41
55.03 , 50.31
55.39 , 50.58
55.47 , 50.72
54.86 , 50.63
55.46 , 50.79
55.17 , 50.34
54.93 , 50.74
55.27 , 50.88
55.26 , 50.48
54.89 , 50.55
54.8 , 50.85
54.98 , 50.46
54.99 , 50.4
55.04 , 50.61
54.8 , 49.93
54.73 , 50.84
54.92 , 50.34
54.65 , 50.98
55.13 , 50.77
55.07 , 50.62
54.83 , 50.77
55.27 , 50.45
55.45 , 50.14
54.89 , 50.61
55.53 , 50.42
54.66 , 50.71
54.7 , 51.03
54.9 , 50.3
55.32 , 50.44
55.13 , 50.75
55.16 , 50.38
55.01 , 50.48
55.24 , 50.52
54.51 , 51.27
54.92 , 50.58
54.76 , 50.77
54.78 , 50.36
54.87 , 50.55
55.32 , 50.47
54.94 , 50.22
54.93 , 50.68
55.14 , 50.52
54.94 , 50.71
55.26 , 50.56
55.13 , 50.51
54.74 , 50.7
54.99 , 50.31
54.75 , 50.64
55.36 , 50.69
54.45 , 50.78
54.68 , 50.77
54.75 , 50.82
54.85 , 50.7
55.13 , 50.52
54.68 , 50.47
55.28 , 51.04
55.31 , 50.49
55.09 , 50.48
54.98 , 50.97
55.08 , 51.09
55.47 , 50.14
54.51 , 50.36
54.97 , 50.59
55.14 , 50.87
55.26 , 50.61
55.03 , 50.65
54.93 , 50.75
55.05 , 50.91
54.53 , 51.15
55.28 , 50.87
55.01 , 50.84
54.84 , 50.8
54.93 , 50.84
55.0 , 51.05
55.26 , 51.09
54.95 , 50.61
55.04 , 50.54
55.1 , 50.84
54.8 , 51.15
55.55 , 50.7
55.06 , 50.76
55.04 , 50.59
55.32 , 51.13
55.06 , 50.91
55.03 , 50.48
54.9 , 51.08
54.57 , 50.67
54.95 , 50.81
55.4 , 50.78
55.1 , 50.57
55.34 , 51.21
55.31 , 50.88
55.08 , 51.06
54.82 , 51.03
55.34 , 50.82
55.42 , 50.9
55.34 , 51.09
55.07 , 50.65
55.48 , 51.1
54.69 , 50.88
55.14 , 50.67
54.77 , 51.12
54.72 , 51.09
55.04 , 51.13
55.09 , 50.63
55.08 , 51.05
55.07 , 51.0
55.0 , 50.44
55.06 , 50.84
55.2 , 50.59
54.73 , 50.77
54.64 , 51.49
55.12 , 50.41
55.37 , 50.54
55.45 , 50.74
54.6 , 50.94
54.93 , 50.79
55.26 , 51.23
54.73 , 50.82
54.66 , 50.95
54.92 , 50.96
55.06 , 50.99
54.8 , 51.14
55.19 , 51.34
55.13 , 50.6
55.26 , 50.73
55.18 , 51.21
55.03 , 51.04
54.95 , 50.68
54.62 , 50.95
55.11 , 50.74
54.95 , 50.95
54.97 , 50.99
54.81 , 51.33
54.87 , 51.01
55.18 , 50.84
55.14 , 51.14
54.69 , 50.77
55.35 , 50.95
55.07 , 51.19
55.27 , 51.09
55.03 , 50.82
55.17 , 51.14
54.98 , 51.02
55.04 , 50.92
54.78 , 51.09
54.57 , 51.27
54.65 , 51.37
54.71 , 51.18
55.3 , 51.27
55.0 , 51.34
54.86 , 50.85
54.94 , 50.52
55.28 , 50.98
55.39 , 51.29
54.92 , 51.24
54.93 , 51.52
55.1 , 51.19
54.99 , 51.33
55.07 , 51.05
55.43 , 51.66
55.18 , 51.44
55.07 , 51.42
55.4 , 51.02
54.95 , 51.14
54.97 , 51.33
54.63 , 51.33
55.43 , 51.32
54.88 , 51.04
54.89 , 51.67
54.82 , 51.33
55.02 , 51.27
55.31 , 50.86
55.12 , 51.49
54.48 , 51.49
55.08 , 51.26
54.75 , 50.76
54.79 , 51.07
54.97 , 51.43
55.22 , 51.1
55.2 , 50.97
55.25 , 51.03
55.05 , 51.18
55.28 , 50.84
54.83 , 50.96
55.23 , 51.69
54.91 , 51.18
54.95 , 51.23
55.26 , 51.5
55.5 , 51.43
54.62 , 51.55
54.38 , 51.31
55.22 , 51.37
55.19 , 51.26
54.83 , 51.22
55.27 , 51.23
55.2 , 51.21
55.22 , 51.16
55.3 , 51.77
54.75 , 51.72
55.01 , 51.15
54.69 , 51.37
54.92 , 51.39
55.35 , 51.57
55.16 , 51.07
54.83 , 51.91
55.16 , 51.5
55.11 , 51.6
55.4 , 51.76
54.73 , 50.82
55.08 , 51.3
54.8 , 51.39
54.86 , 51.28
54.81 , 50.97
54.91 , 51.62
54.78 , 51.13
55.46 , 51.41
54.55 , 51.3
54.74 , 51.48
55.02 , 51.81
54.57 , 51.81
54.94 , 51.59
54.56 , 51.45
54.79 , 51.49
54.92 , 51.57
55.5 , 51.1
54.72 , 51.71
55.2 , 51.51
55.25 , 51.71
55.08 , 51.55
54.84 , 51.86
54.95 , 51.55
54.78 , 50.77
54.69 , 51.94
55.02 , 51.58
55.1 , 51.55
55.04 , 51.29
55.06 , 51.87
55.17 , 51.74
54.99 , 51.28
55.07 , 51.61
54.78 , 51.73
55.08 , 51.89
55.36 , 51.01
54.89 , 51.51
55.23 , 51.43
54.89 , 51.85
55.02 , 51.26
55.27 , 51.3
55.1 , 51.77
54.79 , 51.65
55.15 , 51.45
54.83 , 52.13
54.79 , 51.85
54.88 , 51.7
54.98 , 51.54
55.26 , 51.17
54.61 , 51.6
55.56 , 51.89
54.91 , 51.42
55.09 , 51.43
54.59 , 51.75
55.4 , 51.63
54.94 , 51.74
55.04 , 51.51
55.31 , 52.1
55.36 , 51.88
54.51 , 51.35
55.13 , 51.6
55.11 , 51.93
54.82 , 51.75
55.24 , 51.52
55.11 , 51.49
54.36 , 52.14
54.92 , 51.56
54.52 , 51.7
55.01 , 51.96
55.04 , 51.47
54.82 , 51.6
55.04 , 52.38
54.99 , 51.73
54.8 , 52.0
54.76 , 52.16
54.81 , 51.53
55.36 , 51.24
54.97 , 52.3
54.63 , 51.6
55.23 , 51.32
54.49 , 51.47
54.58 , 51.7
55.21 , 51.42
55.15 , 51.88
54.86 , 51.85
55.29 , 51.79
55.21 , 51.42
54.95 , 51.37
54.81 , 52.16
54.93 , 51.86
54.67 , 52.14
55.44 , 51.67
54.96 , 52.25
54.76 , 51.74
54.99 , 51.63
54.84 , 51.84
54.99 , 52.43
55.15 , 52.03
54.83 , 51.86
55.07 , 51.91
55.51 , 52.07
55.2 , 52.03
54.76 , 51.45
55.52 , 51.92
55.13 , 51.94
55.27 , 51.62
55.09 , 52.15
54.86 , 52.11
54.91 , 52.18
55.06 , 51.79
55.13 , 52.03
54.68 , 51.8
55.21 , 52.14
55.06 , 51.97
55.03 , 51.99
54.74 , 51.87
54.88 , 51.99
54.88 , 52.27
54.67 , 52.02
54.88 , 52.06
54.83 , 52.01
54.6 , 51.99
54.83 , 51.53
54.98 , 52.22
54.57 , 52.32
55.12 , 51.56
54.88 , 52.3
55.03 , 51.89
55.02 , 52.17
55.09 , 51.98
55.34 , 51.95
55.17 , 51.57
55.06 , 52.01
55.33 , 52.22
55.01 , 52.0
54.78 , 52.08
54.84 , 51.66
54.9 , 51.95
55.04 , 51.71
55.14 , 51.95
54.69 , 51.9
55.25 , 52.24
54.99 , 52.27
54.73 , 51.92
54.62 , 52.25
55.08 , 52.02
55.22 , 52.04
55.15 , 52.53
55.18 , 52.06
55.27 , 52.06
54.7 , 52.23
54.83 , 51.96
54.68 , 52.07
55.39 , 52.11
55.11 , 52.36
54.83 , 52.34
54.91 , 51.41
55.32 , 52.01
55.23 , 52.08
55.36 , 52.13
55.03 , 52.18
54.77 , 51.74
54.9 , 51.95
54.55 , 52.13
54.32 , 51.99
55.36 , 52.1
54.89 , 52.14
54.71 , 52.38
55.13 , 52.41
54.71 , 51.99
55.13 , 52.6
54.81 , 52.09
55.02 , 52.63
55.03 , 52.03
54.77 , 51.97
55.09 , 52.26
55.0 , 52.42
55.3 , 51.84
55.25 , 52.08
55.09 , 52.43
55.23 , 52.39
55.15 , 52.31
54.84 , 52.09
54.8 , 52.38
54.99 , 52.48
55.12 , 51.98
55.48 , 52.54
55.33 , 52.38
54.91 , 52.29
54.99 , 52.24
54.52 , 52.06
55.31 , 52.03
55.25 , 51.9
54.49 , 52.11
55.0 , 52.17
55.05 , 52.18
54.99 , 52.33
55.18 , 52.09
54.99 , 52.3
55.61 , 52.13
55.5 , 52.45
55.39 , 52.33
55.29 , 52.2
55.15 , 52.16
54.77 , 52.72
54.76 , 52.34
55.25 , 52.03
54.82 , 52.64
54.91 , 52.46
55.24 , 52.57
54.68 , 51.89
55.22 , 52.17
55.39 , 52.51
54.84 , 51.95
54.88 , 52.57
55.01 , 52.8
55.26 , 52.61
54.94 , 52.38
55.17 , 52.38
55.01 , 52.56
55.06 , 52.78
54.78 , 52.6
55.03 , 52.42
55.32 , 52.12
54.95 , 52.4
55.08 , 52.62
54.96 , 52.63
55.24 , 52.42
54.86 , 52.31
54.63 , 52.35
54.45 , 52.4
54.92 , 52.66
54.87 , 52.14
54.91 , 52.42
54.43 , 52.39
55.13 , 52.5
54.8 , 52.19
54.87 , 52.34
55.15 , 52.05
55.31 , 52.45
55.05 , 52.53
54.82 , 52.09
55.15 , 52.81
55.05 , 52.37
54.86 , 52.32
54.62 , 52.65
54.92 , 52.39
54.96 , 52.28
54.79 , 52.34
55.2 , 52.68
54.86 , 51.96
54.92 , 52.76
55.22 , 52.45
55.02 , 52.47
55.04 , 52.57
55.32 , 52.69
55.15 , 52.66
54.98 , 52.0
54.96 , 52.6
55.11 , 52.7
55.36 , 52.59
55.45 , 52.59
54.78 , 52.91
54.87 , 52.53
55.12 , 52.97
55.32 , 52.48
54.92 , 53.13
54.88 , 52.96
54.35 , 52.78
55.3 , 52.56
55.36 , 52.5
54.85 , 52.92
55.15 , 52.46
54.94 , 52.91
54.84 , 52.2
55.01 , 52.33
54.93 , 52.76
54.98 , 53.01
54.99 , 52.73
55.23 , 52.35
55.12 , 52.34
55.02 , 53.01
55.06 , 52.88
55.1 , 52.37
55.12 , 52.65
54.86 , 53.03
54.89 , 52.46
55.32 , 52.58
54.93 , 52.95
54.8 , 52.27
54.97 , 52.4
55.42 , 52.38
55.19 , 52.68
54.9 , 52.44
54.87 , 52.77
54.74 , 52.66
54.98 , 52.82
54.67 , 52.76
55.27 , 52.45
55.34 , 52.71
55.03 , 53.09
55.16 , 52.96
55.44 , 52.71
55.06 , 52.68
54.88 , 52.52
54.93 , 53.1
54.64 , 52.6
54.37 , 52.96
54.46 , 52.64
54.9 , 52.77
55.11 , 53.14
55.01 , 52.87
55.03 , 53.03
54.72 , 53.02
55.01 , 52.66
54.84 , 52.95
55.44 , 52.9
55.11 , 53.04
55.16 , 52.81
54.95 , 52.9
55.13 , 52.33
54.91 , 53.14
55.12 , 53.11
54.8 , 52.61
54.84 , 53.11
54.76 , 52.99
54.95 , 52.8
54.96 , 52.65
55.16 , 52.93
54.97 , 52.81
54.86 , 52.91
54.51 , 53.22
55.39 , 52.68
55.16 , 53.07
54.94 , 52.81
55.0 , 53.07
55.27 , 52.85
54.87 , 53.01
55.32 , 52.74
55.15 , 52.98
55.11 , 52.91
54.62 , 53.19
55.23 , 52.89
55.14 , 53.16
54.98 , 52.76
55.33 , 53.2
55.08 , 53.47
54.82 , 53.1
55.1 , 53.15
55.17 , 52.94
55.01 , 53.19
55.06 , 53.16
54.54 , 53.11
55.14 , 53.46
55.42 , 52.7
55.05 , 53.28
54.67 , 52.83
55.11 , 52.97
55.37 , 53.18
54.77 , 53.02
55.1 , 53.36
54.78 , 53.13
54.97 , 53.15
54.98 , 52.99
54.63 , 53.49
55.0 , 52.88
55.17 , 52.57
54.56 , 53.26
55.53 , 53.27
54.94 , 52.93
54.85 , 53.09
54.82 , 52.7
55.01 , 53.15
54.95 , 53.35
55.15 , 53.02
54.79 , 53.48
55.29 , 53.0
55.16 , 53.08
55.37 , 52.93
55.21 , 52.5
54.93 , 53.04
55.07 , 53.3
54.36 , 52.63
55.04 , 52.87
54.96 , 52.93
55.3 , 53.19
54.88 , 53.68
55.17 , 53.48
54.97 , 53.28
54.96 , 52.78
55.22 , 53.18
54.83 , 53.11
55.17 , 52.78
55.27 , 53.56
54.84 , 53.18
54.97 , 53.25
55.21 , 53.31
55.1 , 53.4
55.08 , 53.13
55.08 , 53.14
54.88 , 52.65
55.2 , 53.07
55.15 , 53.42
54.94 , 53.26
55.36 , 53.21
54.87 , 53.29
55.14 , 53.05
55.27 , 53.05
54.94 , 52.87
54.89 , 52.94
54.75 , 53.24
55.14 , 53.1
55.35 , 53.0
55.02 , 53.11
55.04 , 53.28
54.87 , 53.41
55.1 , 53.46
54.69 , 52.83
55.17 , 53.36
55.16 , 53.02
54.96 , 53.48
54.49 , 53.32
54.98 , 53.36
55.08 , 53.62
55.05 , 52.97
55.35 , 53.55
55.25 , 53.37
55.5 , 53.18
54.74 , 53.38
55.12 , 53.31
55.16 , 53.53
54.99 , 52.93
54.85 , 53.6
55.35 , 53.36
55.09 , 53.11
54.92 , 53.19
54.98 , 53.35
54.65 , 53.12
55.52 , 53.35
54.65 , 53.01
54.84 , 53.39
54.75 , 53.61
54.94 , 53.76
54.98 , 53.41
54.81 , 53.13
55.3 , 53.0
55.12 , 53.09
54.9 , 53.32
54.73 , 53.58
54.98 , 53.75
54.86 , 53.0
54.64 , 53.69
55.12 , 53.43
54.66 , 53.5
55.1 , 52.97
54.49 , 53.37
54.7 , 53.2
54.66 , 53.41
54.9 , 53.32
55.05 , 53.32
55.24 , 53.52
55.0 , 53.59
54.53 , 53.3
54.54 , 53.9
54.94 , 53.64
54.94 , 53.57
54.9 , 53.35
54.92 , 53.62
54.8 , 53.2
55.0 , 53.54
54.46 , 53.53
55.12 , 53.21
54.79 , 53.27
54.95 , 53.54
55.14 , 53.23
55.02 , 53.62
54.92 , 53.38
55.2 , 53.45
55.37 , 53.77
55.02 , 53.84
54.99 , 53.67
55.04 , 53.55
54.53 , 53.32
55.16 , 53.46
54.55 , 53.81
54.81 , 53.73
55.09 , 53.7
54.84 , 53.42
55.27 , 53.48
55.13 , 53.17
54.67 , 53.33
55.05 , 53.34
55.38 , 53.97
54.88 , 53.5
55.41 , 53.36
54.67 , 53.92
55.04 , 53.85
55.15 , 53.57
55.2 , 53.67
54.98 , 53.34
54.93 , 53.35
55.28 , 54.0
54.85 , 53.19
55.02 , 53.99
55.21 , 53.92
55.59 , 54.09
54.88 , 53.56
54.97 , 53.91
54.63 , 53.63
54.85 , 53.67
55.06 , 53.57
55.26 , 53.64
55.33 , 53.64
54.85 , 53.61
55.25 , 53.75
54.55 , 53.69
54.7 , 53.57
55.41 , 53.82
55.35 , 53.25
54.88 , 53.92
54.93 , 53.85
55.41 , 53.8
54.69 , 53.82
54.98 , 53.75
54.82 , 53.84
55.01 , 53.92
54.74 , 54.34
54.64 , 53.59
54.98 , 53.67
55.47 , 53.93
55.0 , 53.62
55.31 , 53.65
55.28 , 54.01
55.09 , 53.88
54.92 , 53.53
54.81 , 53.93
54.99 , 53.7
54.66 , 53.97
54.56 , 53.76
54.94 , 53.83
54.9 , 53.05
55.11 , 53.45
54.72 , 54.0
54.97 , 54.04
55.17 , 53.96
55.03 , 53.9
54.92 , 53.54
55.18 , 54.02
54.85 , 53.89
55.04 , 53.81
55.5 , 53.99
55.27 , 53.74
55.16 , 53.76
54.7 , 53.9
54.84 , 53.9
55.25 , 54.19
55.14 , 53.99
55.06 , 54.3
55.25 , 53.81
55.0 , 54.17
55.34 , 54.41
54.67 , 53.89
54.86 , 53.7
54.87 , 53.96
55.14 , 54.24
54.83 , 53.61
55.03 , 53.45
55.03 , 54.05
54.86 , 54.6
55.07 , 53.77
55.11 , 53.99
55.37 , 53.74
54.93 , 53.83
55.11 , 53.58
55.37 , 54.15
54.59 , 54.36
55.14 , 53.9
55.1 , 53.89
54.84 , 53.64
55.17 , 53.92
55.27 , 54.11
55.15 , 54.4
54.79 , 53.52
55.29 , 54.5
54.78 , 54.04
55.09 , 54.03
55.2 , 53.48
55.0 , 53.7
55.09 , 53.97
55.03 , 54.2
55.33 , 53.49
54.78 , 53.7
55.06 , 54.15
55.14 , 53.93
54.84 , 54.16
55.18 , 54.02
55.33 , 54.23
55.12 , 53.89
55.35 , 54.37
55.09 , 53.75
54.51 , 54.11
55.12 , 54.0
55.23 , 54.27
55.27 , 54.39
55.4 , 54.2
55.36 , 54.45
54.82 , 54.44
55.27 , 54.06
54.92 , 54.12
54.75 , 54.42
55.14 , 54.27
54.99 , 54.42
55.32 , 54.03
54.87 , 53.98
54.82 , 54.02
54.88 , 54.12
54.69 , 53.86
54.71 , 53.76
54.66 , 53.87
55.19 , 54.29
54.91 , 54.08
55.3 , 54.1
55.29 , 54.16
54.96 , 54.38
55.25 , 54.83
55.03 , 53.95
55.03 , 54.15
54.8 , 54.2
55.34 , 54.5
54.89 , 54.13
55.34 , 54.29
54.59 , 54.33
54.89 , 54.6
55.39 , 54.37
54.86 , 54.53
55.12 , 53.85
54.86 , 54.63
55.09 , 54.6
54.88 , 53.92
54.87 , 54.11
54.76 , 54.62
55.27 , 54.27
54.6 , 53.99
55.04 , 54.21
54.76 , 54.26
54.76 , 54.55
54.9 , 53.95
55.07 , 54.85
55.51 , 54.31
55.15 , 54.85
54.72 , 53.52
54.69 , 54.06
55.1 , 54.06
54.7 , 54.5
54.98 , 54.11
54.99 , 54.33
55.36 , 54.62
54.58 , 54.45
54.73 , 54.05
54.96 , 54.6
54.59 , 54.53
54.83 , 54.64
54.95 , 54.8
54.77 , 54.06
54.6 , 54.09
55.12 , 54.09
54.93 , 54.37
55.23 , 54.32
55.21 , 54.33
54.94 , 54.22
55.24 , 54.73
55.41 , 54.45
55.71 , 54.13
55.07 , 54.46
55.25 , 54.4
54.87 , 53.92
55.08 , 54.41
55.35 , 54.3
55.27 , 54.28
54.85 , 54.72
54.92 , 54.44
55.19 , 54.65
54.85 , 54.76
54.48 , 54.19
55.09 , 54.63
54.76 , 54.64
55.06 , 54.44
54.81 , 54.47
55.35 , 54.48
54.57 , 54.09
54.86 , 54.21
54.99 , 54.19
54.85 , 54.32
54.91 , 54.68
55.31 , 54.17
54.74 , 54.35
55.22 , 54.04
54.52 , 54.83
55.54 , 54.57
55.05 , 54.15
55.2 , 54.15
54.88 , 54.82
54.7 , 54.39
55.39 , 54.66
54.74 , 54.97
55.21 , 54.55
55.01 , 54.71
55.05 , 53.97
55.09 , 54.2
54.95 , 54.28
55.17 , 54.25
55.14 , 54.35
54.92 , 54.75
54.99 , 54.54
54.35 , 54.73
54.83 , 54.72
54.68 , 54.68
54.78 , 54.49
55.03 , 54.91
54.91 , 54.6
55.31 , 54.82
55.27 , 54.3
54.83 , 54.72
55.21 , 54.96
54.58 , 54.78
55.35 , 54.78
55.33 , 54.63
54.77 , 54.61
55.22 , 54.19
55.17 , 54.93
55.42 , 55.0
55.12 , 55.06
55.42 , 54.53
54.58 , 54.48
54.86 , 54.84
54.59 , 54.73
55.27 , 54.81
54.51 , 54.42
54.79 , 54.98
55.23 , 54.82
55.25 , 55.16
55.09 , 54.85
54.9 , 54.65
55.21 , 54.37
55.12 , 55.3
55.22 , 54.98
55.01 , 55.02
55.18 , 54.54
55.04 , 55.07
55.41 , 54.73
55.16 , 54.81
54.93 , 54.9
55.2 , 54.82
55.15 , 54.77
55.17 , 54.37
55.17 , 55.01
54.91 , 55.19
54.89 , 54.99
55.21 , 54.74
55.16 , 54.96
54.91 , 54.96
55.02 , 54.02
55.45 , 54.63
55.27 , 54.92
54.88 , 55.43
54.94 , 54.99
54.93 , 55.15
55.03 , 55.07
54.93 , 54.68
54.89 , 54.95
54.84 , 55.15
54.66 , 54.61
54.83 , 55.11
55.01 , 54.9
55.1 , 54.4
54.86 , 54.37
54.61 , 54.84
55.05 , 54.72
55.05 , 54.59
55.4 , 55.12
55.15 , 54.79
55.52 , 54.91
54.88 , 55.25
54.82 , 54.61
54.96 , 54.84
54.94 , 54.93
55.03 , 54.65
54.78 , 55.14
55.08 , 54.99
55.0 , 54.76
54.86 , 55.01
55.13 , 54.63
54.72 , 54.59
55.07 , 54.48
54.65 , 54.75
54.82 , 55.19
54.88 , 54.84
54.84 , 55.03
55.13 , 55.36
55.04 , 54.64
55.28 , 54.95
54.87 , 54.92
54.99 , 54.97
55.5 , 55.41
55.05 , 54.82
55.01 , 54.71
55.04 , 54.86
54.91 , 54.65
54.98 , 54.93
54.64 , 55.3
54.4 , 55.18
54.95 , 54.94
55.02 , 55.06
54.94 , 55.1
55.13 , 54.81
54.94 , 55.15
54.66 , 54.84
55.26 , 54.74
55.26 , 55.19
55.04 , 55.02
54.84 , 55.12
55.35 , 55.37
54.73 , 54.9
54.99 , 55.65
55.23 , 54.87
55.2 , 55.19
54.96 , 55.33
54.93 , 55.02
55.13 , 55.07
55.17 , 55.0
54.62 , 54.92
55.37 , 54.77
54.79 , 54.8
55.09 , 54.95
55.56 , 54.98
54.64 , 55.34
54.61 , 55.29
55.56 , 54.76
55.36 , 55.01
55.12 , 54.88
54.85 , 55.29
55.32 , 54.9
55.26 , 55.31
54.59 , 55.37
54.64 , 54.83
55.27 , 54.78
55.12 , 55.48
54.95 , 55.44
54.92 , 55.21
55.12 , 55.26
54.96 , 55.23
54.51 , 55.15
54.84 , 55.23
54.87 , 55.26
54.94 , 55.48
55.13 , 55.04
54.89 , 55.27
55.06 , 55.57
54.77 , 55.1
54.8 , 55.36
55.02 , 55.03
55.21 , 55.2
55.05 , 55.17
54.87 , 55.3
54.91 , 55.16
54.65 , 54.6
55.16 , 55.29
55.15 , 55.36
54.45 , 54.78
54.97 , 55.2
55.45 , 55.31
55.24 , 55.62
54.96 , 55.61
54.87 , 55.52
55.1 , 55.23
55.0 , 54.89
55.0 , 55.25
55.06 , 55.07
55.04 , 55.39
55.37 , 55.33
54.53 , 55.77
54.59 , 55.11
54.6 , 54.98
54.96 , 55.18
54.63 , 54.78
55.16 , 55.33
55.03 , 55.21
55.29 , 55.23
54.6 , 55.14
54.65 , 55.77
54.78 , 55.56
54.9 , 54.95
55.38 , 55.82
55.08 , 55.05
55.14 , 55.47
55.11 , 55.34
55.1 , 55.64
55.08 , 55.12
55.29 , 55.19
55.63 , 55.26
54.92 , 55.52
55.4 , 55.83
54.97 , 55.57
54.75 , 55.31
55.21 , 55.65
55.01 , 55.26
55.27 , 55.51
55.16 , 55.51
54.41 , 55.46
54.75 , 55.26
55.05 , 55.66
54.96 , 55.79
55.2 , 55.59
54.57 , 55.55
55.17 , 55.43
54.94 , 55.34
54.97 , 55.69
54.39 , 55.85
55.26 , 55.65
54.84 , 55.41
54.66 , 55.66
54.15 , 55.46
54.87 , 55.41
55.1 , 55.72
54.59 , 55.74
55.42 , 55.47
54.81 , 55.33
55.01 , 55.45
54.75 , 55.82
54.67 , 56.09
55.56 , 55.5
54.83 , 55.99
55.27 , 55.28
54.95 , 55.72
54.98 , 55.61
55.2 , 55.71
55.59 , 55.46
55.43 , 55.85
55.07 , 55.54
54.65 , 55.7
54.58 , 55.77
54.91 , 55.24
54.91 , 55.78
54.94 , 55.61
55.05 , 55.47
55.04 , 55.75
54.68 , 54.86
55.01 , 55.58
55.4 , 55.65
54.71 , 55.32
54.87 , 55.78
55.44 , 55.79
54.93 , 55.34
54.94 , 55.96
55.12 , 55.34
54.84 , 55.63
55.09 , 56.29
55.25 , 55.62
54.68 , 55.61
54.78 , 55.58
54.73 , 55.47
55.26 , 55.96
54.92 , 55.55
55.15 , 55.64
54.87 , 55.77
54.96 , 55.72
55.01 , 55.83
55.05 , 55.97
54.75 , 55.9
54.92 , 56.09
54.65 , 55.51
55.12 , 55.7
54.96 , 55.19
54.71 , 55.79
55.03 , 55.63
55.07 , 55.96
54.71 , 55.58
55.47 , 56.21
55.06 , 55.8
55.15 , 56.02
54.99 , 55.77
54.99 , 56.07
55.17 , 55.63
54.87 , 55.86
54.99 , 55.5
54.88 , 55.76
55.08 , 55.96
54.83 , 55.79
55.07 , 55.73
54.74 , 56.01
54.97 , 56.25
54.99 , 56.1
54.6 , 56.13
54.9 , 55.67
55.35 , 56.09
54.93 , 55.87
55.1 , 55.7
54.91 , 56.28
55.18 , 55.51
55.29 , 55.18
55.09 , 55.89
54.98 , 55.76
54.88 , 55.9
54.88 , 55.39
55.31 , 55.87
55.29 , 56.04
55.13 , 55.82
55.22 , 55.75
54.67 , 55.61
54.5 , 55.72
54.51 , 55.52
55.39 , 55.67
55.17 , 55.66
54.89 , 55.26
55.02 , 55.87
54.46 , 55.99
55.31 , 56.2
54.97 , 56.33
55.14 , 55.94
55.2 , 55.84
54.37 , 56.1
54.71 , 56.2
54.68 , 55.99
55.26 , 55.87
54.93 , 56.71
54.85 , 56.1
55.22 , 56.22
55.04 , 55.54
55.68 , 56.16
55.23 , 55.81
55.35 , 56.09
55.21 , 56.15
54.72 , 55.92
54.98 , 55.55
54.45 , 56.12
54.69 , 56.0
55.55 , 56.28
55.09 , 55.86
55.14 , 55.78
55.16 , 55.87
54.95 , 55.91
54.93 , 56.08
55.16 , 56.11
55.36 , 55.58
54.95 , 55.91
55.07 , 56.38
55.09 , 56.37
55.01 , 56.0
55.55 , 55.9
54.98 , 55.84
55.03 , 55.61
54.99 , 55.8
54.78 , 56.39
54.53 , 56.1
55.33 , 55.58
55.27 , 56.73
55.15 , 55.91
54.92 , 56.31
55.41 , 56.31
54.83 , 56.01
55.06 , 56.17
54.71 , 56.02
55.01 , 56.59
54.86 , 56.32
54.89 , 55.89
54.81 , 55.82
55.26 , 56.43
54.86 , 55.89
55.14 , 55.98
55.17 , 56.07
54.89 , 56.21
55.29 , 56.87
55.06 , 56.27
55.29 , 55.91
54.75 , 56.27
55.02 , 56.01
55.12 , 55.95
55.17 , 56.3
54.97 , 56.34
54.91 , 56.39
54.96 , 56.1
54.84 , 56.16
54.72 , 55.88
55.32 , 55.97
54.92 , 56.07
55.41 , 56.47
55.13 , 56.51
55.19 , 55.44
55.14 , 56.23
54.74 , 56.05
55.03 , 56.3
54.57 , 56.32
55.09 , 56.02
55.05 , 56.16
54.67 , 56.31
55.26 , 56.3
55.56 , 56.63
54.32 , 56.44
55.18 , 55.91
54.92 , 56.2
55.0 , 56.27
55.34 , 55.89
54.64 , 56.94
54.93 , 55.9
55.16 , 56.39
54.95 , 56.6
55.09 , 56.18
55.4 , 56.58
55.09 , 56.47
55.2 , 56.8
54.79 , 56.65
55.17 , 56.39
55.0 , 56.25
55.23 , 56.25
55.17 , 56.41
54.81 , 56.89
55.09 , 56.36
54.78 , 56.16
55.06 , 56.34
55.05 , 56.77
55.36 , 56.55
55.35 , 56.15
54.85 , 56.73
54.78 , 56.84
55.56 , 56.53
54.96 , 56.53
55.29 , 56.85
54.92 , 56.54
54.74 , 56.72
54.85 , 56.63
54.88 , 56.33
54.67 , 56.74
55.03 , 56.5
55.13 , 56.23
54.92 , 56.66
55.08 , 56.32
54.71 , 56.98
54.96 , 56.28
55.01 , 56.54
55.32 , 56.23
54.84 , 56.67
54.89 , 56.42
54.3 , 56.38
54.78 , 56.81
54.77 , 56.09
54.91 , 56.75
54.94 , 56.73
54.72 , 56.5
55.09 , 56.47
54.84 , 56.81
54.69 , 56.25
55.09 , 57.22
55.31 , 56.36
55.25 , 57.09
55.1 , 56.51
54.84 , 56.56
55.22 , 56.42
55.34 , 56.69
54.86 , 56.86
55.27 , 56.53
55.57 , 56.34
54.99 , 56.15
54.68 , 56.48
55.31 , 56.76
55.58 , 56.6
54.86 , 56.63
55.12 , 56.38
55.01 , 56.54
55.31 , 56.08
55.38 , 56.84
55.22 , 56.66
55.15 , 56.52
55.13 , 56.42
55.17 , 56.28
54.95 , 56.24
54.82 , 56.51
54.78 , 56.65
54.91 , 56.84
54.67 , 56.51
55.17 , 56.5
54.47 , 57.03
55.35 , 56.7
54.77 , 56.78
54.95 , 57.01
55.14 , 56.69
54.66 , 56.85
55.04 , 57.04
55.01 , 56.56
55.2 , 56.64
55.26 , 56.77
55.04 , 56.53
54.9 , 56.36
55.03 , 56.45
54.67 , 56.44
55.46 , 56.5
55.15 , 56.86
54.89 , 56.57
54.85 , 56.51
54.86 , 56.98
55.24 , 56.85
54.62 , 56.68
54.9 , 56.86
54.8 , 56.32
54.8 , 56.91
55.3 , 56.98
55.02 , 56.7
55.29 , 56.82
54.86 , 56.77
55.2 , 56.45
55.57 , 56.56
55.07 , 56.74
55.61 , 56.79
54.71 , 56.5
54.8 , 56.74
55.28 , 56.71
54.92 , 56.27
55.27 , 57.08
54.6 , 56.51
54.78 , 56.73
54.81 , 56.97
55.02 , 57.07
54.77 , 56.93
55.34 , 56.57
54.9 , 56.73
55.11 , 56.75
54.94 , 56.82
54.89 , 57.02
55.3 , 56.8
55.21 , 57.02
54.83 , 56.76
55.19 , 56.94
55.05 , 57.04
54.76 , 56.96
55.0 , 56.71
55.73 , 56.67
54.95 , 57.0
54.63 , 57.16
55.13 , 56.68
54.76 , 56.56
54.67 , 56.79
55.0 , 57.11
55.0 , 56.73
54.72 , 57.1
54.87 , 56.75
55.12 , 57.29
55.02 , 56.94
55.09 , 56.95
55.22 , 56.83
55.05 , 57.05
55.07 , 56.72
55.41 , 56.61
55.12 , 57.03
55.11 , 56.74
55.12 , 56.42
55.06 , 56.81
55.04 , 56.98
55.33 , 56.47
55.4 , 56.6
54.57 , 56.67
55.4 , 57.2
55.51 , 57.13
54.78 , 57.05
55.06 , 57.33
55.3 , 57.55
54.67 , 56.99
55.06 , 56.89
54.79 , 57.41
54.78 , 57.14
55.18 , 57.18
55.45 , 56.98
55.32 , 57.36
55.1 , 57.32
55.33 , 57.47
54.95 , 56.9
55.01 , 56.98
54.89 , 56.83
54.93 , 56.54
54.59 , 56.6
54.74 , 57.04
54.77 , 57.09
54.6 , 56.93
55.36 , 57.53
55.22 , 56.85
55.35 , 56.89
55.09 , 57.21
55.44 , 57.22
54.99 , 57.15
54.96 , 57.01
54.84 , 57.17
55.15 , 56.96
54.9 , 56.89
54.95 , 57.41
55.17 , 57.22
54.97 , 57.03
54.96 , 57.31
54.75 , 57.25
55.52 , 56.82
54.72 , 57.19
55.54 , 57.0
55.04 , 56.98
55.18 , 57.14
55.14 , 57.22
55.15 , 57.14
54.8 , 57.41
55.31 , 57.11
54.71 , 57.41
54.95 , 57.37
55.09 , 57.29
55.05 , 57.08
54.43 , 57.39
54.97 , 57.2
55.03 , 56.91
55.21 , 57.11
55.17 , 57.16
55.08 , 56.99
54.81 , 57.56
54.68 , 56.99
54.97 , 57.69
55.56 , 57.11
55.08 , 57.21
55.05 , 56.92
54.76 , 57.03
55.34 , 57.61
54.78 , 57.45
54.74 , 57.18
54.76 , 57.49
55.05 , 56.92
54.96 , 57.42
54.72 , 57.06
55.07 , 57.6
55.32 , 57.63
54.84 , 57.16
54.81 , 57.62
55.08 , 57.51
54.79 , 57.48
54.91 , 57.65
55.1 , 57.53
54.9 , 57.34
54.99 , 57.81
55.25 , 57.28
54.82 , 57.62
54.82 , 57.48
55.04 , 57.83
55.04 , 57.48
54.47 , 57.16
54.76 , 57.45
55.05 , 57.09
54.83 , 57.87
55.13 , 57.3
54.88 , 57.79
55.16 , 57.38
54.96 , 57.15
55.14 , 57.51
55.66 , 57.3
54.9 , 57.43
55.26 , 57.54
55.44 , 57.47
55.23 , 57.54
54.9 , 57.69
55.88 , 57.61
55.17 , 57.4
54.81 , 57.6
55.14 , 57.56
55.08 , 57.4
54.75 , 57.56
54.51 , 57.99
55.29 , 57.4
55.04 , 57.74
55.23 , 57.59
55.31 , 58.01
55.08 , 57.83
54.86 , 57.36
54.96 , 57.8
54.91 , 57.58
54.92 , 57.45
54.72 , 57.68
55.19 , 57.87
54.88 , 57.26
55.35 , 57.34
54.67 , 57.88
54.88 , 57.63
55.25 , 57.69
55.09 , 57.2
55.02 , 57.46
55.02 , 57.16
55.15 , 57.32
54.8 , 57.47
55.25 , 57.39
55.14 , 57.52
54.95 , 57.82
55.06 , 57.8
55.29 , 58.11
55.3 , 57.76
55.12 , 57.87
55.35 , 57.63
55.02 , 57.43
54.77 , 57.71
54.58 , 57.61
54.88 , 57.06
55.21 , 57.43
55.21 , 57.97
55.49 , 57.46
55.0 , 57.88
54.82 , 57.99
54.81 , 57.44
55.29 , 57.89
54.59 , 57.56
54.87 , 57.7
55.03 , 57.58
54.98 , 57.7
55.3 , 57.82
55.03 , 57.67
54.92 , 57.54
55.09 , 57.37
55.13 , 57.44
54.78 , 57.61
55.06 , 58.11
55.17 , 57.93
55.02 , 57.55
55.13 , 57.77
54.89 , 57.7
54.76 , 57.14
55.25 , 57.46
55.24 , 58.25
54.92 , 57.64
54.88 , 57.57
55.21 , 57.92
55.06 , 57.95
55.27 , 57.82
55.47 , 57.79
55.02 , 58.04
55.14 , 58.13
54.82 , 57.84
54.89 , 57.9
55.42 , 57.89
54.77 , 58.26
55.12 , 57.58
55.24 , 57.56
54.96 , 58.08
54.96 , 57.4
54.99 , 57.68
54.83 , 57.61
54.98 , 57.62
54.86 , 57.89
55.48 , 58.16
54.58 , 58.21
54.78 , 57.83
55.54 , 57.42
54.52 , 57.92
55.37 , 57.75
55.13 , 57.38
55.02 , 58.09
55.18 , 58.03
55.49 , 57.62
54.85 , 57.89
54.76 , 57.84
54.43 , 57.81
54.42 , 57.86
54.74 , 57.9
54.57 , 57.43
54.89 , 57.86
55.41 , 57.83
54.9 , 58.17
54.76 , 58.02
55.32 , 57.73
55.06 , 57.68
55.12 , 57.46
54.49 , 58.36
55.28 , 57.98
54.67 , 57.86
54.87 , 57.41
54.84 , 58.09
54.74 , 58.41
54.45 , 58.11
54.93 , 58.0
55.02 , 58.25
54.56 , 57.61
54.92 , 58.03
54.96 , 58.31
55.07 , 57.96
55.25 , 58.43
54.39 , 58.47
55.02 , 57.89
55.11 , 58.22
54.93 , 58.05
54.67 , 57.83
54.64 , 58.12
55.11 , 58.32
54.76 , 58.47
54.86 , 58.04
55.13 , 57.87
55.07 , 58.22
54.92 , 58.16
55.01 , 58.17
55.37 , 57.8
55.2 , 57.88
54.91 , 58.49
54.83 , 58.55
54.91 , 58.07
55.18 , 58.1
55.1 , 57.79
55.32 , 58.29
55.07 , 58.1
54.8 , 58.32
54.69 , 58.19
54.92 , 57.79
55.05 , 57.94
54.88 , 58.21
55.09 , 58.17
55.17 , 57.88
55.02 , 58.57
55.29 , 58.48
55.04 , 57.78
54.93 , 58.12
54.84 , 57.88
55.08 , 57.94
55.1 , 57.93
55.01 , 58.06
54.84 , 58.03
55.2 , 57.95
54.51 , 57.9
54.61 , 58.32
55.1 , 58.17
55.46 , 58.37
54.77 , 58.18
54.92 , 58.46
54.86 , 57.92
55.27 , 58.58
55.27 , 58.22
55.14 , 58.08
54.96 , 58.03
55.45 , 57.91
55.35 , 57.92
55.38 , 58.14
54.43 , 58.47
55.02 , 58.55
54.75 , 58.21
54.95 , 58.58
55.11 , 58.36
55.08 , 58.54
55.37 , 58.24
55.38 , 57.92
54.73 , 58.38
54.83 , 58.14
55.06 , 58.62
55.12 , 57.84
55.08 , 58.23
54.93 , 58.21
55.32 , 58.77
54.99 , 58.65
54.87 , 58.23
54.84 , 58.65
54.47 , 58.33
54.78 , 58.32
55.01 , 58.19
54.8 , 57.82
54.7 , 58.47
55.39 , 58.78
54.73 , 58.38
55.07 , 58.48
54.84 , 58.48
55.28 , 58.24
54.94 , 58.19
54.8 , 57.87
55.2 , 58.05
54.72 , 58.17
55.11 , 58.44
55.2 , 58.46
55.14 , 58.47
54.97 , 58.6
55.18 , 58.26
55.13 , 58.79
55.03 , 58.24
54.98 , 59.03
54.88 , 58.53
55.27 , 58.5
54.97 , 58.41
55.27 , 58.52
54.96 , 58.68
54.82 , 58.95
55.39 , 58.43
54.92 , 57.96
55.21 , 57.96
55.01 , 58.13
54.81 , 58.49
54.93 , 58.89
54.84 , 58.91
55.17 , 58.35
55.23 , 58.87
54.82 , 58.37
55.23 , 58.55
54.55 , 58.25
54.8 , 58.39
54.83 , 58.2
55.12 , 58.93
55.08 , 58.46
55.01 , 58.68
55.71 , 57.78
54.67 , 58.68
54.94 , 58.24
55.55 , 58.3
55.1 , 58.35
54.9 , 58.68
54.79 , 58.68
55.02 , 58.1
54.55 , 59.1
54.98 , 58.43
54.98 , 58.19
54.77 , 58.31
55.64 , 58.57
54.69 , 58.75
55.18 , 58.22
55.16 , 58.52
55.02 , 58.87
54.88 , 58.4
54.8 , 58.86
55.02 , 58.69
55.12 , 58.68
54.88 , 58.64
55.14 , 58.35
54.52 , 59.14
55.26 , 58.45
54.58 , 58.34
54.88 , 58.64
55.36 , 58.74
54.8 , 58.57
54.7 , 58.43
55.31 , 58.08
55.2 , 58.47
55.47 , 58.54
55.34 , 58.75
54.99 , 58.41
55.1 , 58.22
55.25 , 58.45
54.69 , 58.61
55.09 , 58.76
54.68 , 58.25
55.08 , 58.54
54.57 , 58.79
55.16 , 59.22
54.93 , 58.54
55.54 , 58.75
54.82 , 58.93
55.38 , 59.06
54.82 , 58.94
55.18 , 58.92
55.17 , 58.76
55.44 , 58.96
54.96 , 58.77
54.55 , 58.73
54.83 , 58.67
55.02 , 58.55
54.98 , 58.73
54.82 , 58.6
54.86 , 58.77
55.04 , 58.6
55.3 , 58.91
54.41 , 58.71
54.78 , 58.83
54.21 , 58.74
55.26 , 58.78
55.21 , 58.38
55.71 , 58.85
55.05 , 58.65
54.98 , 58.82
54.99 , 58.68
55.41 , 58.76
55.05 , 58.68
55.16 , 58.39
55.47 , 58.75
54.78 , 59.16
54.89 , 58.79
54.97 , 58.68
55.62 , 58.8
54.72 , 59.1
55.52 , 58.77
55.4 , 58.88
55.11 , 58.61
55.33 , 59.02
55.24 , 59.18
55.18 , 58.4
55.07 , 58.73
55.26 , 59.07
54.59 , 59.27
55.14 , 59.12
55.24 , 59.06
54.98 , 59.05
54.98 , 58.67
55.46 , 59.05
54.58 , 58.52
55.13 , 58.87
55.02 , 58.7
55.0 , 59.46
55.12 , 58.95
55.06 , 58.61
55.34 , 59.38
55.02 , 59.05
54.94 , 59.29
55.15 , 59.06
54.69 , 58.88
54.93 , 58.77
54.97 , 59.15
55.01 , 58.64
55.03 , 59.0
55.08 , 59.01
54.71 , 59.25
54.99 , 58.96
55.82 , 59.18
55.28 , 59.01
55.12 , 59.4
54.9 , 58.87
55.22 , 59.2
54.8 , 58.88
54.62 , 58.86
54.86 , 59.19
54.86 , 59.66
54.64 , 58.7
54.74 , 59.12
55.21 , 59.14
55.35 , 59.02
55.15 , 59.16
55.12 , 58.74
55.19 , 58.92
54.97 , 59.13
54.83 , 59.15
55.39 , 58.98
54.94 , 59.16
54.59 , 59.39
55.46 , 59.26
54.92 , 58.9
55.32 , 59.13
55.29 , 59.15
54.77 , 59.25
55.14 , 59.14
54.65 , 58.96
54.99 , 58.86
55.25 , 59.23
55.11 , 59.14
55.33 , 59.38
54.81 , 59.27
54.72 , 59.51
54.88 , 59.07
55.12 , 59.07
55.3 , 59.37
54.83 , 59.28
55.07 , 59.5
55.19 , 59.09
55.18 , 59.8
55.25 , 59.51
55.01 , 59.35
54.39 , 58.94
54.84 , 59.32
55.05 , 59.35
55.06 , 59.56
54.88 , 59.19
55.14 , 59.06
55.51 , 59.34
54.75 , 58.76
54.91 , 58.87
54.73 , 59.06
55.41 , 59.52
54.8 , 59.52
54.89 , 59.29
54.67 , 59.04
55.51 , 59.26
55.26 , 59.19
55.18 , 59.33
55.03 , 59.36
54.99 , 59.57
55.2 , 59.04
54.7 , 59.44
54.75 , 59.15
55.21 , 59.01
54.81 , 59.43
55.22 , 58.93
55.22 , 59.64
55.57 , 59.1
54.99 , 59.39
55.61 , 59.13
55.12 , 59.89
55.06 , 59.43
54.78 , 59.17
54.36 , 58.98
55.28 , 59.57
55.07 , 59.34
54.96 , 59.37
55.49 , 59.03
54.9 , 59.5
54.88 , 59.69
55.5 , 59.15
55.12 , 59.41
55.27 , 59.37
54.71 , 59.37
54.77 , 59.16
54.62 , 59.07
54.68 , 58.94
54.9 , 59.12
54.78 , 59.55
54.88 , 59.42
55.07 , 59.27
54.95 , 58.94
54.71 , 59.71
55.31 , 59.5
55.21 , 59.76
55.13 , 59.07
54.7 , 59.01
55.56 , 59.29
54.74 , 59.26
55.43 , 59.48
55.43 , 59.09
55.25 , 59.31
55.04 , 59.93
55.19 , 59.72
55.13 , 59.67
55.32 , 59.2
54.71 , 59.38
55.51 , 59.61
55.09 , 59.49
54.85 , 59.52
55.55 , 59.29
55.34 , 59.88
54.74 , 59.47
55.22 , 59.53
54.84 , 59.1
54.73 , 59.41
55.05 , 59.53
55.14 , 59.56
55.14 , 59.5
54.76 , 59.6
54.79 , 59.17
55.71 , 59.48
54.61 , 59.34
54.95 , 59.12
54.92 , 59.79
54.94 , 59.8
54.96 , 59.43
54.67 , 59.37
55.5 , 59.2
55.33 , 59.85
55.13 , 59.58
54.84 , 59.92
54.79 , 59.34
55.07 , 59.53
54.65 , 60.51
55.18 , 59.65
55.15 , 59.68
55.1 , 59.84
55.16 , 59.26
55.33 , 59.42
55.18 , 59.64
54.91 , 59.29
54.83 , 59.66
55.02 , 59.66
55.13 , 59.76
54.77 , 59.52
54.91 , 59.56
55.28 , 59.33
55.17 , 59.88
54.81 , 60.15
55.26 , 59.67
54.61 , 60.11
54.93 , 59.42
55.16 , 59.45
54.55 , 60.06
55.16 , 59.65
55.03 , 59.45
54.34 , 59.64
54.56 , 59.69
54.78 , 59.52
55.03 , 59.9
55.12 , 59.65
54.79 , 59.45
55.02 , 59.63
54.58 , 59.45
54.74 , 60.68
54.73 , 59.46
54.96 , 59.55
54.8 , 59.74
54.54 , 60.19
54.85 , 60.1
55.09 , 59.51
55.26 , 59.75
55.15 , 59.45
54.6 , 60.09
54.67 , 59.62
54.99 , 59.7
54.99 , 60.16
55.09 , 59.73
54.57 , 60.12
55.14 , 59.88
55.17 , 59.5
54.85 , 60.24
55.28 , 60.0
55.05 , 60.17
55.15 , 59.32
55.6 , 60.07
55.32 , 60.03
55.15 , 59.62
55.1 , 59.98
54.83 , 60.01
55.66 , 59.96
54.82 , 59.51
55.09 , 59.79
55.26 , 59.84
55.11 , 59.77
55.2 , 59.55
55.58 , 60.24
55.13 , 59.91
54.96 , 60.0
54.87 , 59.18
55.12 , 59.91
54.81 , 59.62
54.77 , 60.13
54.7 , 60.08
55.15 , 60.25
54.92 , 60.09
55.17 , 60.05
55.0 , 59.93
55.13 , 59.94
54.57 , 60.03
54.91 , 60.12
54.96 , 59.83
55.09 , 60.21
55.07 , 59.83
55.23 , 60.11
55.46 , 59.9
54.79 , 60.03
54.66 , 60.15
55.13 , 59.63
55.62 , 59.87
54.8 , 60.11
54.64 , 59.86
55.11 , 60.44
55.22 , 60.52
55.17 , 59.69
54.84 , 60.09
54.81 , 60.41
55.46 , 59.86
54.78 , 60.25
55.0 , 59.95
54.86 , 60.15
55.39 , 59.69
55.34 , 60.33
54.98 , 60.51
54.84 , 60.37
55.01 , 60.15
54.71 , 60.16
55.09 , 60.11
54.88 , 59.86
55.0 , 60.07
55.11 , 60.11
55.19 , 60.31
55.42 , 59.9
55.28 , 60.11
55.2 , 59.96
55.06 , 60.36
55.12 , 59.89
55.18 , 60.16
54.72 , 60.13
54.94 , 60.24
54.79 , 60.46
55.34 , 59.94
54.62 , 59.89
55.03 , 60.13
55.28 , 60.19
54.54 , 60.25
55.11 , 60.82
54.75 , 60.34
54.72 , 60.03
55.06 , 59.93
54.97 , 60.09
55.08 , 60.42
54.87 , 59.98
55.08 , 60.34
55.29 , 60.09
55.07 , 60.35
54.86 , 59.74
54.78 , 60.14
54.89 , 60.65
54.88 , 60.38
55.15 , 60.23
54.6 , 59.99
54.82 , 60.62
54.83 , 60.12
55.27 , 59.98
54.91 , 60.02
54.63 , 60.19
55.02 , 60.42
55.36 , 59.71
55.49 , 60.56
54.86 , 60.4
55.16 , 60.29
54.66 , 60.58
55.18 , 60.18
54.85 , 60.24
54.63 , 60.63
54.58 , 60.58
54.66 , 60.27
54.87 , 60.13
55.68 , 60.18
55.01 , 60.18
54.83 , 60.1
54.89 , 60.07
55.13 , 60.18
54.64 , 60.41
54.58 , 60.66
54.84 , 60.58
54.86 , 60.76
55.0 , 60.39
54.99 , 60.11
55.36 , 60.57
54.69 , 60.7
55.02 , 60.23
55.33 , 60.43
54.75 , 60.58
54.71 , 60.66
54.78 , 60.0
55.19 , 60.31
54.94 , 60.66
55.12 , 60.29
54.82 , 60.4
55.11 , 60.5
54.88 , 60.19
55.03 , 60.74
55.52 , 60.36
55.16 , 59.99
54.7 , 60.39
55.08 , 60.85
54.99 , 60.36
54.69 , 60.69
54.86 , 60.45
54.97 , 61.04
54.83 , 60.71
55.23 , 60.98
54.72 , 60.53
54.46 , 60.83
55.27 , 60.34
55.14 , 60.33
54.53 , 60.5
55.01 , 60.56
55.38 , 60.5
54.4 , 60.42
54.83 , 60.35
55.5 , 60.42
54.8 , 60.29
54.89 , 60.56
54.85 , 60.25
54.53 , 60.61
54.99 , 60.45
55.29 , 60.59
55.25 , 60.37
54.73 , 60.92
55.22 , 60.68
54.93 , 60.06
55.24 , 60.47
54.51 , 60.72
54.79 , 60.38
54.95 , 60.88
54.67 , 60.54
55.2 , 60.44
54.83 , 60.35
54.66 , 60.82
54.89 , 60.88
55.22 , 60.9
54.86 , 60.92
54.69 , 60.9
54.74 , 60.62
54.7 , 60.7
55.29 , 61.18
55.24 , 60.54
55.27 , 60.51
55.26 , 60.5
55.21 , 60.3
54.54 , 60.91
54.9 , 60.74
54.79 , 61.11
54.82 , 60.45
55.23 , 60.51
54.84 , 61.27
54.96 , 60.92
54.88 , 60.57
54.62 , 60.71
54.86 , 61.07
55.46 , 60.77
54.46 , 60.45
54.96 , 60.59
55.02 , 60.94
55.02 , 60.97
55.13 , 60.79
54.75 , 60.6
54.92 , 60.73
55.08 , 60.27
54.96 , 60.94
55.06 , 60.54
55.27 , 60.71
55.08 , 60.79
55.26 , 60.67
54.94 , 60.8
54.85 , 60.85
55.24 , 60.73
54.96 , 60.72
54.78 , 60.67
55.11 , 60.84
55.25 , 61.01
54.54 , 60.74
54.89 , 60.81
55.36 , 60.69
55.0 , 60.49
55.27 , 60.77
55.11 , 60.7
55.09 , 60.84
54.45 , 60.9
54.81 , 60.87
54.9 , 61.02
55.02 , 61.26
54.77 , 60.68
54.77 , 60.85
54.57 , 60.25
54.95 , 61.02
54.83 , 60.58
55.25 , 60.87
54.86 , 60.65
55.03 , 60.87
54.99 , 60.79
55.02 , 60.64
54.86 , 60.51
54.95 , 60.67
54.68 , 60.9
55.05 , 60.95
55.28 , 60.91
54.59 , 61.34
55.07 , 60.6
55.14 , 60.71
55.19 , 61.07
54.84 , 61.09
55.2 , 60.85
54.86 , 60.96
54.89 , 60.85
55.16 , 60.91
54.93 , 60.75
55.1 , 60.85
55.14 , 60.85
55.07 , 61.01
54.42 , 61.2
55.36 , 61.44
54.9 , 61.01
54.91 , 60.72
54.95 , 60.65
54.99 , 60.62
54.43 , 61.02
54.84 , 60.92
54.92 , 61.12
54.45 , 61.36
55.03 , 60.76
54.65 , 60.83
54.65 , 60.35
55.2 , 60.87
54.85 , 60.84
54.91 , 61.26
55.21 , 61.26
54.84 , 61.47
55.23 , 60.88
54.95 , 60.23
55.3 , 60.73
54.98 , 61.37
54.99 , 61.29
55.21 , 60.8
54.72 , 61.02
54.69 , 61.04
55.41 , 60.77
54.94 , 61.02
55.04 , 61.01
55.06 , 60.83
54.88 , 60.77
54.96 , 61.41
54.82 , 61.3
55.06 , 61.2
55.13 , 61.17
55.14 , 61.23
54.65 , 61.18
54.74 , 60.93
55.19 , 61.32
55.08 , 61.08
55.03 , 61.45
54.94 , 61.22
54.9 , 61.08
54.89 , 60.95
54.38 , 60.85
54.72 , 60.78
55.27 , 61.31
54.82 , 61.3
55.21 , 61.51
54.93 , 61.37
55.07 , 61.3
54.68 , 61.4
54.96 , 60.53
55.41 , 61.61
54.99 , 61.3
54.8 , 61.42
55.24 , 61.11
54.4 , 60.9
55.14 , 61.16
55.24 , 61.48
55.14 , 61.07
55.25 , 61.07
54.94 , 61.29
54.87 , 61.4
54.51 , 61.29
54.94 , 61.26
54.78 , 61.62
55.52 , 61.51
55.15 , 61.68
54.72 , 61.56
55.02 , 61.55
55.02 , 61.41
55.23 , 61.45
55.23 , 61.1
54.87 , 61.08
55.1 , 61.0
54.93 , 61.54
54.93 , 61.4
55.04 , 61.57
54.72 , 61.14
55.04 , 61.28
54.82 , 61.57
55.23 , 61.15
54.94 , 60.95
54.97 , 61.55
54.83 , 60.84
54.74 , 61.3
55.07 , 61.59
55.21 , 61.53
55.16 , 61.45
55.27 , 61.78
55.23 , 61.55
54.85 , 60.95
55.14 , 61.33
54.61 , 61.29
54.84 , 61.52
54.94 , 60.93
55.18 , 60.85
55.17 , 61.26
54.95 , 61.74
55.08 , 61.38
54.83 , 61.44
54.82 , 61.51
55.0 , 62.17
54.81 , 61.04
55.29 , 61.44
54.87 , 61.36
54.83 , 61.46
54.91 , 61.42
54.88 , 61.46
54.8 , 61.32
55.15 , 60.98
54.88 , 61.4
55.14 , 61.35
54.78 , 61.61
55.19 , 61.47
55.14 , 61.23
55.1 , 61.58
54.57 , 61.6
54.96 , 62.29
55.01 , 61.12
55.47 , 61.48
54.79 , 61.12
54.75 , 61.31
55.31 , 61.32
54.63 , 61.27
54.76 , 61.47
54.92 , 61.66
55.59 , 61.63
54.97 , 61.87
54.65 , 61.54
55.12 , 61.35
55.0 , 61.7
55.12 , 61.53
54.63 , 61.7
55.3 , 61.75
54.88 , 61.11
54.55 , 61.41
55.27 , 61.5
55.02 , 62.03
54.73 , 61.75
55.13 , 61.28
55.35 , 61.56
54.95 , 61.6
55.19 , 61.67
55.38 , 61.56
55.05 , 61.27
55.06 , 61.71
55.2 , 61.71
55.04 , 61.68
54.49 , 61.42
54.95 , 61.38
54.67 , 62.0
55.29 , 61.75
54.75 , 61.96
54.92 , 62.05
55.07 , 61.8
55.03 , 61.81
55.11 , 61.86
55.14 , 61.63
54.76 , 61.83
54.83 , 61.55
55.13 , 61.37
55.0 , 61.44
55.1 , 61.36
55.13 , 61.15
55.23 , 61.91
54.78 , 61.17
54.79 , 61.54
55.02 , 61.89
54.43 , 61.51
54.74 , 61.73
54.84 , 62.09
54.9 , 61.46
55.03 , 62.06
55.1 , 61.42
54.66 , 61.62
55.1 , 61.98
55.1 , 61.7
54.95 , 61.53
55.44 , 61.71
54.32 , 61.85
55.33 , 62.05
54.9 , 61.87
55.08 , 62.01
55.01 , 62.1
54.83 , 61.84
55.07 , 61.75
54.78 , 61.81
55.1 , 62.06
55.24 , 61.62
55.23 , 61.65
55.01 , 61.83
54.69 , 61.78
54.81 , 62.09
54.92 , 61.84
54.82 , 61.95
55.74 , 61.68
54.77 , 62.15
55.09 , 61.45
55.19 , 61.58
55.36 , 61.81
54.56 , 61.92
55.28 , 62.03
55.05 , 62.23
54.79 , 61.71
54.91 , 61.95
55.2 , 61.87
55.17 , 62.3
55.33 , 61.76
55.17 , 61.43
55.04 , 61.69
55.09 , 61.71
54.78 , 61.77
55.01 , 62.33
55.19 , 61.84
54.97 , 61.53
55.02 , 61.78
55.2 , 61.87
54.84 , 62.5
54.99 , 61.7
55.42 , 61.88
54.72 , 62.11
55.2 , 61.86
55.18 , 61.82
55.21 , 62.56
54.98 , 61.92
55.44 , 61.36
54.99 , 62.39
54.83 , 62.0
55.35 , 62.2
54.9 , 62.17
55.3 , 61.98
54.34 , 61.99
55.25 , 62.16
55.18 , 62.07
55.14 , 61.79
55.27 , 62.46
54.82 , 61.42
54.59 , 62.0
55.1 , 62.01
54.78 , 62.4
55.05 , 62.2
55.13 , 61.72
54.93 , 61.99
55.56 , 61.89
55.24 , 62.35
55.32 , 62.07
54.85 , 62.01
54.75 , 62.36
54.82 , 62.22
55.1 , 61.77
55.12 , 61.74
54.82 , 62.08
55.03 , 61.99
54.83 , 62.48
55.34 , 62.4
55.1 , 61.69
55.18 , 62.16
55.06 , 62.01
54.95 , 62.24
54.9 , 62.05
54.98 , 62.39
55.0 , 61.94
54.62 , 62.1
55.15 , 62.49
55.04 , 62.01
54.68 , 62.19
54.78 , 62.29
54.85 , 62.41
54.76 , 61.7
55.07 , 62.19
54.88 , 62.03
55.01 , 61.99
55.31 , 61.9
54.9 , 62.37
54.76 , 62.1
55.32 , 62.12
54.61 , 62.14
54.65 , 62.41
54.85 , 62.01
55.04 , 62.27
55.04 , 62.17
55.3 , 62.62
54.84 , 62.64
55.3 , 61.77
54.94 , 62.34
54.61 , 62.44
54.74 , 61.9
54.72 , 62.18
54.86 , 62.35
54.55 , 62.33
54.79 , 61.75
55.04 , 62.5
55.22 , 61.67
55.48 , 62.61
54.9 , 62.35
54.79 , 62.36
55.27 , 62.23
54.73 , 61.97
54.9 , 62.06
55.14 , 62.0
55.17 , 62.78
55.19 , 62.02
55.12 , 62.03
54.95 , 62.51
55.3 , 62.69
54.9 , 62.82
54.76 , 62.65
55.24 , 62.25
54.97 , 62.44
55.04 , 62.42
54.49 , 62.55
54.96 , 62.52
54.96 , 62.44
54.88 , 62.36
54.96 , 62.18
54.91 , 62.47
54.95 , 62.54
54.65 , 62.52
54.7 , 62.33
55.1 , 62.64
54.88 , 62.32
55.03 , 62.46
55.48 , 62.46
55.09 , 62.68
54.8 , 62.1
55.0 , 62.39
55.1 , 62.79
54.96 , 62.37
54.62 , 62.13
54.68 , 62.05
54.93 , 62.59
54.92 , 62.19
54.61 , 62.63
55.0 , 62.13
55.24 , 62.4
54.55 , 62.27
54.89 , 62.39
54.63 , 62.61
55.16 , 62.63
54.81 , 62.39
55.52 , 62.55
55.06 , 62.19
55.02 , 62.52
54.69 , 62.36
55.01 , 62.52
55.08 , 62.35
55.36 , 62.24
54.75 , 62.11
55.39 , 62.49
55.03 , 62.09
54.81 , 62.4
54.81 , 62.7
54.87 , 62.55
55.32 , 62.5
55.39 , 62.52
54.72 , 62.09
54.82 , 62.86
55.14 , 62.71
55.32 , 62.05
54.7 , 62.62
54.95 , 62.72
55.01 , 62.61
55.16 , 62.86
55.17 , 62.6
54.76 , 62.39
55.12 , 62.59
54.74 , 62.22
55.11 , 62.81
55.13 , 63.08
54.52 , 62.64
54.96 , 62.62
54.84 , 62.26
55.17 , 62.46
54.62 , 62.78
55.14 , 62.58
55.08 , 62.59
54.84 , 61.74
54.94 , 62.47
54.82 , 62.99
54.85 , 62.86
54.8 , 62.84
54.68 , 62.35
55.31 , 62.71
55.09 , 62.77
54.83 , 62.45
54.76 , 62.89
55.13 , 62.7
54.92 , 62.35
55.32 , 62.73
54.88 , 62.96
55.01 , 62.42
55.33 , 62.58
54.84 , 62.8
55.0 , 62.17
54.95 , 62.42
54.94 , 63.07
55.11 , 62.53
54.8 , 62.78
55.04 , 62.99
54.9 , 62.43
55.36 , 62.59
55.03 , 62.89
54.98 , 62.84
54.76 , 62.59
55.42 , 62.67
54.8 , 62.73
55.06 , 62.33
54.75 , 62.33
55.06 , 63.24
55.15 , 62.81
55.0 , 62.99
55.1 , 63.24
54.87 , 62.94
55.04 , 63.21
55.36 , 63.08
55.24 , 62.89
54.38 , 62.43
55.1 , 62.97
55.22 , 62.82
54.68 , 62.79
55.03 , 62.73
54.69 , 63.12
55.14 , 63.05
54.93 , 63.04
54.76 , 62.96
54.79 , 62.89
55.02 , 63.01
55.06 , 62.52
54.81 , 62.94
55.1 , 62.35
55.17 , 62.96
55.28 , 62.93
55.06 , 63.08
54.82 , 63.0
54.59 , 62.99
54.68 , 63.22
54.66 , 62.9
54.75 , 62.44
55.13 , 62.89
54.84 , 63.12
54.56 , 62.79
54.8 , 63.44
55.36 , 63.38
54.95 , 63.35
54.84 , 62.78
55.17 , 63.08
54.52 , 63.15
55.64 , 63.26
55.25 , 62.85
55.31 , 62.77
54.86 , 62.75
55.2 , 62.98
55.12 , 62.86
54.93 , 63.45
54.98 , 62.63
55.04 , 63.23
54.35 , 62.93
54.76 , 62.96
54.91 , 62.71
55.24 , 62.44
54.49 , 63.37
54.86 , 63.18
55.49 , 63.45
54.87 , 62.32
55.04 , 63.47
55.55 , 63.02
54.53 , 63.19
55.2 , 63.01
55.14 , 63.31
54.97 , 62.7
54.45 , 62.84
55.08 , 62.97
54.68 , 63.08
55.31 , 62.84
54.66 , 62.93
54.92 , 63.31
54.47 , 63.43
54.33 , 63.01
54.59 , 63.08
55.3 , 63.02
54.95 , 63.11
55.19 , 63.13
54.36 , 63.72
55.07 , 62.67
54.47 , 63.45
54.81 , 63.6
54.97 , 63.26
55.17 , 63.45
55.1 , 63.5
54.88 , 63.39
55.0 , 63.53
55.5 , 63.46
55.26 , 63.04
54.75 , 63.69
55.09 , 63.08
55.07 , 63.34
54.73 , 63.28
55.35 , 63.59
54.72 , 63.21
54.95 , 63.43
55.13 , 63.11
54.99 , 63.47
54.85 , 63.31
54.8 , 63.12
54.89 , 63.54
54.78 , 63.37
54.88 , 63.25
54.79 , 63.05
55.14 , 63.2
54.95 , 63.23
55.35 , 63.57
54.9 , 63.18
54.55 , 63.32
54.49 , 63.17
55.35 , 63.58
55.12 , 63.04
55.24 , 63.9
54.76 , 63.29
54.66 , 62.73
55.0 , 62.92
54.97 , 63.68
55.29 , 63.3
55.29 , 63.26
54.36 , 62.99
55.08 , 63.57
55.14 , 63.68
54.56 , 63.71
55.0 , 63.3
54.74 , 63.29
55.28 , 63.35
55.05 , 63.51
55.28 , 63.51
54.87 , 62.97
55.04 , 63.63
54.77 , 63.24
55.42 , 63.5
54.82 , 63.37
55.51 , 62.91
55.31 , 63.24
55.11 , 63.72
55.41 , 63.52
54.78 , 63.08
55.06 , 63.38
55.43 , 63.36
55.09 , 63.17
54.94 , 63.13
55.24 , 63.36
55.27 , 63.27
54.93 , 63.07
55.28 , 63.15
55.37 , 63.71
55.42 , 63.43
55.06 , 63.57
54.76 , 63.53
54.72 , 63.76
55.25 , 63.69
54.62 , 63.26
55.2 , 63.12
55.18 , 63.53
55.58 , 63.04
54.63 , 63.41
54.98 , 63.84
54.95 , 63.71
55.31 , 63.84
54.71 , 63.37
55.18 , 63.59
54.82 , 63.21
54.62 , 63.92
54.86 , 63.8
54.98 , 63.5
55.2 , 63.76
54.92 , 63.56
54.97 , 63.33
55.01 , 63.25
54.81 , 63.8
55.13 , 63.5
55.1 , 63.71
54.87 , 63.91
55.14 , 63.3
55.2 , 63.63
54.7 , 63.81
55.31 , 62.93
54.48 , 63.61
55.44 , 63.76
54.8 , 63.33
54.9 , 63.64
54.86 , 63.91
55.27 , 63.79
54.42 , 64.05
55.14 , 63.18
54.64 , 63.23
54.83 , 63.53
54.95 , 63.72
54.99 , 63.26
54.89 , 63.51
55.17 , 63.6
55.0 , 63.64
54.85 , 63.28
55.43 , 63.3
55.01 , 64.05
55.25 , 63.89
55.06 , 63.86
54.87 , 63.68
55.39 , 63.92
54.97 , 63.7
54.98 , 64.05
54.93 , 63.49
54.72 , 63.85
54.72 , 63.25
54.94 , 63.38
54.61 , 63.61
54.88 , 63.88
55.52 , 63.51
55.17 , 63.88
54.59 , 63.54
55.48 , 63.7
54.77 , 63.81
54.86 , 63.49
55.01 , 63.91
55.45 , 63.41
55.08 , 63.81
55.32 , 63.28
54.73 , 63.93
55.31 , 64.03
54.88 , 64.03
54.84 , 64.01
55.04 , 63.36
54.7 , 64.24
54.49 , 63.59
55.45 , 63.94
55.11 , 63.93
55.02 , 63.29
55.16 , 63.94
54.61 , 64.17
54.93 , 63.74
55.06 , 63.72
54.75 , 63.66
54.83 , 63.89
54.64 , 63.73
54.92 , 63.91
55.37 , 63.91
54.89 , 63.65
55.33 , 63.79
55.07 , 64.04
55.03 , 63.76
54.99 , 63.85
54.86 , 63.78
55.04 , 64.11
55.22 , 63.61
54.72 , 63.62
54.7 , 63.81
55.27 , 64.13
55.25 , 64.15
54.6 , 63.94
55.07 , 63.95
54.98 , 64.09
54.65 , 64.35
54.72 , 63.77
54.98 , 64.05
54.67 , 63.69
54.88 , 64.19
54.62 , 64.02
54.95 , 63.9
54.99 , 64.18
54.65 , 63.99
55.03 , 63.73
54.9 , 63.9
54.62 , 63.89
54.69 , 64.4
55.33 , 64.26
55.23 , 63.61
55.22 , 63.81
55.19 , 63.59
55.19 , 63.92
55.34 , 63.7
55.14 , 63.81
55.56 , 64.01
54.97 , 63.92
55.03 , 64.07
55.02 , 63.79
55.02 , 64.07
54.96 , 63.92
54.87 , 63.84
55.49 , 64.58
54.87 , 63.52
55.04 , 64.2
54.99 , 63.72
55.38 , 63.99
54.82 , 64.15
54.73 , 63.79
55.04 , 64.43
55.85 , 63.8
55.17 , 64.18
55.26 , 63.9
54.63 , 64.16
55.14 , 64.23
55.65 , 64.09
55.25 , 63.68
55.25 , 63.98
55.04 , 64.12
54.94 , 63.76
54.76 , 63.8
54.75 , 64.58
54.8 , 64.18
55.15 , 64.04
54.94 , 64.23
55.22 , 64.34
54.95 , 63.96
54.99 , 64.05
55.04 , 64.1
55.22 , 64.01
55.0 , 64.12
55.3 , 63.9
55.26 , 64.22
55.05 , 64.71
54.59 , 63.91
54.87 , 64.31
55.06 , 64.23
54.98 , 64.46
55.21 , 64.2
55.16 , 64.07
55.18 , 64.1
55.17 , 64.39
54.97 , 64.29
54.58 , 64.28
55.28 , 64.05
54.96 , 64.04
55.08 , 64.63
55.1 , 64.61
55.02 , 63.99
54.8 , 64.41
54.72 , 64.09
55.24 , 64.53
55.21 , 64.28
54.88 , 64.15
55.15 , 64.03
55.06 , 64.2
55.12 , 63.96
54.9 , 63.6
54.88 , 64.52
54.92 , 63.82
54.81 , 63.97
54.58 , 63.86
54.71 , 64.12
54.88 , 64.27
54.91 , 64.28
55.11 , 63.85
55.08 , 64.46
55.39 , 64.79
54.7 , 64.37
54.63 , 64.03
55.35 , 64.89
55.02 , 64.72
55.27 , 64.5
54.86 , 64.22
55.21 , 63.9
55.02 , 64.41
55.37 , 64.27
55.21 , 64.77
54.9 , 64.08
54.81 , 64.42
54.77 , 64.63
55.13 , 64.44
54.97 , 64.54
55.26 , 64.38
54.8 , 64.8
55.1 , 64.31
55.1 , 64.52
54.83 , 64.56
54.94 , 64.42
54.92 , 64.36
54.77 , 64.51
54.92 , 64.26
54.7 , 64.62
54.83 , 64.44
54.86 , 64.36
55.41 , 64.69
54.69 , 64.66
54.71 , 64.19
54.83 , 64.16
54.73 , 64.48
55.11 , 64.22
54.57 , 64.46
54.6 , 64.57
55.27 , 64.54
55.29 , 64.42
55.14 , 64.45
55.15 , 64.42
55.0 , 64.65
55.15 , 64.56
54.81 , 64.29
54.76 , 64.93
55.02 , 64.71
54.96 , 64.74
54.99 , 64.46
54.99 , 64.56
54.54 , 64.3
55.13 , 64.46
54.37 , 64.33
55.18 , 64.35
55.11 , 64.41
54.91 , 64.41
55.3 , 63.84
54.83 , 64.59
55.08 , 64.61
55.21 , 64.44
54.52 , 64.36
54.97 , 64.52
55.08 , 64.52
54.95 , 64.46
55.22 , 64.44
55.09 , 64.95
55.04 , 64.73
55.33 , 64.73
55.02 , 65.03
55.22 , 64.89
55.1 , 64.53
55.1 , 64.6
55.2 , 65.3
55.0 , 64.55
55.02 , 64.82
54.78 , 64.38
55.24 , 65.08
55.28 , 64.59
54.84 , 64.89
54.79 , 64.91
54.81 , 64.86
54.72 , 64.45
55.09 , 64.16
55.01 , 64.79
55.02 , 64.47
54.88 , 64.84
54.85 , 64.9
55.03 , 64.7
55.01 , 64.58
55.23 , 64.52
54.9 , 64.59
54.8 , 64.45
55.19 , 64.33
54.92 , 64.27
55.19 , 64.24
55.38 , 63.96
55.15 , 64.53
55.08 , 65.0
54.59 , 64.43
55.24 , 64.67
55.11 , 64.85
55.18 , 64.4
54.92 , 64.83
55.14 , 64.89
55.16 , 64.87
54.84 , 64.65
55.15 , 64.74
55.63 , 64.68
55.2 , 65.0
54.87 , 64.99
54.97 , 64.55
55.21 , 65.02
55.02 , 64.83
54.97 , 64.67
54.43 , 64.95
55.11 , 64.8
55.11 , 64.68
54.92 , 64.53
54.97 , 64.45
54.65 , 64.65
55.19 , 64.51
54.89 , 64.72
54.48 , 64.75
54.62 , 65.12
54.86 , 64.99
55.11 , 64.37
55.09 , 64.92
55.43 , 64.81
54.57 , 65.05
55.36 , 64.89
54.97 , 64.62
54.95 , 64.91
54.52 , 64.62
54.93 , 64.71
54.68 , 65.25
54.94 , 64.69
54.79 , 65.32
55.12 , 64.97
54.79 , 64.74
55.06 , 64.82
55.03 , 64.91
54.76 , 64.69
55.02 , 65.1
55.15 , 64.95
54.73 , 64.67
55.22 , 64.64
54.91 , 64.97
54.51 , 64.6
55.05 , 64.96
55.0 , 64.54
54.95 , 64.6
55.04 , 64.66
55.23 , 65.18
55.03 , 65.07
54.99 , 64.59
55.03 , 65.52
54.89 , 65.11
54.87 , 65.05
55.35 , 65.35
55.08 , 65.3
55.33 , 64.64
54.79 , 64.94
55.38 , 64.75
54.7 , 65.23
55.53 , 65.08
55.43 , 65.21
54.76 , 65.56
54.83 , 65.17
55.16 , 64.74
54.63 , 65.0
55.25 , 65.02
54.7 , 64.96
55.18 , 65.27
55.35 , 64.75
54.7 , 64.7
54.92 , 65.14
55.3 , 65.29
54.91 , 65.01
54.83 , 65.41
55.48 , 64.88
54.63 , 64.78
54.92 , 64.91
54.63 , 65.33
55.14 , 64.63
54.73 , 65.34
55.15 , 65.15
54.89 , 64.9
54.79 , 65.38
54.87 , 64.8
55.04 , 65.17
55.03 , 65.04
55.21 , 65.27
55.01 , 65.23
55.1 , 65.29
54.57 , 65.29
54.87 , 65.03
55.5 , 65.55
54.95 , 64.9
54.73 , 65.43
54.89 , 64.8
54.91 , 65.36
55.24 , 65.02
54.9 , 65.73
55.55 , 65.01
54.82 , 64.8
54.44 , 65.07
54.93 , 65.25
55.0 , 65.16
54.85 , 65.05
54.71 , 65.33
54.8 , 65.29
54.71 , 65.61
54.34 , 65.05
54.8 , 65.01
55.31 , 65.29
55.08 , 65.32
54.79 , 64.85
55.04 , 65.36
55.22 , 65.31
55.06 , 65.35
54.94 , 65.37
54.93 , 65.01
55.03 , 65.33
55.0 , 65.23
54.72 , 65.28
55.12 , 65.35
55.05 , 65.28
54.25 , 65.02
54.81 , 65.35
54.66 , 65.35
55.38 , 65.35
54.67 , 65.26
55.4 , 65.24
55.38 , 65.4
55.04 , 65.35
55.19 , 65.04
54.95 , 65.3
54.95 , 65.51
54.84 , 64.94
54.76 , 65.54
54.68 , 65.07
54.74 , 65.06
54.82 , 65.17
54.78 , 65.28
54.91 , 65.66
54.52 , 65.56
55.03 , 65.46
55.24 , 65.25
55.28 , 65.22
55.18 , 65.49
55.02 , 65.19
55.32 , 65.36
55.4 , 65.29
55.33 , 65.51
55.17 , 65.45
54.89 , 65.7
54.7 , 65.22
54.71 , 65.56
55.03 , 65.64
55.2 , 64.98
54.85 , 65.35
54.75 , 65.54
54.73 , 65.43
55.52 , 65.82
55.16 , 65.14
54.83 , 65.61
54.84 , 65.94
54.92 , 65.17
55.65 , 66.04
54.72 , 65.72
54.56 , 65.85
54.99 , 65.16
54.96 , 65.92
54.59 , 65.61
54.61 , 64.93
55.25 , 65.39
55.06 , 65.26
55.14 , 65.5
54.87 , 65.24
55.17 , 65.35
54.87 , 65.23
55.32 , 65.2
54.78 , 65.44
55.07 , 65.71
54.85 , 65.62
55.02 , 65.85
54.73 , 65.3
55.02 , 65.47
54.78 , 65.81
55.09 , 65.9
54.94 , 65.66
54.9 , 65.39
55.04 , 65.64
55.39 , 65.23
55.28 , 65.65
54.84 , 65.46
54.85 , 65.89
55.38 , 65.81
55.06 , 65.56
54.82 , 65.48
55.08 , 65.67
55.04 , 65.43
54.96 , 65.46
54.69 , 65.54
55.04 , 65.7
55.23 , 65.92
54.91 , 65.65
54.81 , 65.44
55.1 , 65.64
54.91 , 65.6
55.16 , 65.76
55.28 , 66.11
54.99 , 65.73
55.34 , 65.73
55.35 , 65.78
55.01 , 65.26
55.18 , 66.0
54.96 , 66.11
54.69 , 66.33
54.84 , 65.93
54.68 , 65.78
54.95 , 65.9
55.54 , 66.01
54.96 , 65.63
55.06 , 65.74
54.62 , 65.52
55.64 , 65.76
54.79 , 65.47
54.95 , 65.37
54.75 , 65.34
55.24 , 65.95
55.22 , 65.94
54.71 , 65.72
55.12 , 65.77
55.2 , 65.51
54.79 , 65.79
55.03 , 65.42
55.11 , 66.37
55.23 , 65.92
55.41 , 65.31
54.81 , 65.81
55.03 , 65.59
55.46 , 65.87
54.92 , 66.05
55.13 , 66.26
55.46 , 65.65
54.87 , 66.1
54.85 , 66.03
54.73 , 65.44
54.69 , 65.87
54.74 , 65.79
54.8 , 65.37
55.18 , 65.65
55.49 , 65.68
55.03 , 65.82
55.15 , 65.64
55.2 , 65.44
55.06 , 66.01
55.26 , 65.85
55.11 , 66.06
55.41 , 66.0
55.12 , 65.57
54.65 , 65.87
54.75 , 65.83
55.29 , 65.86
54.8 , 66.0
54.5 , 65.76
55.34 , 66.03
55.03 , 65.93
54.69 , 66.09
54.67 , 66.46
54.61 , 65.68
54.99 , 66.11
55.53 , 66.09
54.52 , 65.54
54.85 , 65.88
54.73 , 65.84
55.31 , 65.57
55.4 , 66.03
54.87 , 66.07
54.54 , 65.53
55.38 , 66.09
55.42 , 65.85
55.2 , 66.3
55.4 , 65.76
54.57 , 66.09
54.86 , 66.31
54.89 , 65.51
55.06 , 65.76
54.78 , 66.39
54.77 , 65.83
54.87 , 65.99
54.76 , 66.15
55.1 , 66.2
55.34 , 66.15
54.86 , 66.06
55.22 , 65.94
54.69 , 66.06
55.37 , 65.99
54.84 , 66.12
54.92 , 66.19
55.13 , 65.82
54.87 , 65.82
55.17 , 65.82
55.32 , 65.78
54.9 , 65.73
55.16 , 66.23
54.75 , 66.11
54.82 , 66.07
55.43 , 66.0
54.84 , 66.2
55.47 , 66.04
54.93 , 66.42
55.18 , 66.07
54.76 , 66.34
55.1 , 66.13
54.9 , 65.76
54.91 , 66.3
55.23 , 66.15
55.2 , 66.14
55.26 , 66.31
55.3 , 65.93
55.13 , 66.33
54.82 , 66.2
55.06 , 66.46
55.39 , 66.28
55.12 , 66.06
54.84 , 66.21
55.31 , 66.11
55.14 , 66.19
54.76 , 66.55
55.22 , 65.88
55.33 , 66.09
55.35 , 66.89
54.75 , 66.53
55.47 , 65.98
54.45 , 66.31
54.89 , 65.86
55.03 , 66.32
54.94 , 66.57
55.05 , 66.42
55.07 , 65.98
54.85 , 66.16
54.82 , 66.43
54.77 , 66.17
54.87 , 66.0
54.68 , 66.39
55.06 , 66.4
54.75 , 66.5
54.68 , 65.72
54.95 , 66.4
55.06 , 66.48
55.04 , 66.32
54.4 , 66.03
55.34 , 65.98
55.09 , 66.21
55.86 , 66.41
55.03 , 66.42
54.55 , 66.49
55.05 , 66.34
55.12 , 65.81
55.06 , 66.59
54.61 , 66.17
54.78 , 67.11
54.73 , 66.11
55.16 , 66.35
54.87 , 66.28
55.06 , 66.58
54.98 , 66.55
54.76 , 66.26
54.99 , 66.2
54.76 , 66.6
54.97 , 66.28
55.57 , 66.57
54.88 , 66.43
54.88 , 66.16
54.75 , 66.75
54.92 , 66.48
55.29 , 66.24
54.42 , 66.32
55.16 , 66.7
55.35 , 65.83
54.99 , 65.95
54.75 , 66.14
55.01 , 66.02
55.08 , 66.71
55.22 , 66.26
55.0 , 66.28
55.21 , 66.26
55.04 , 66.27
54.97 , 66.51
55.25 , 67.03
54.8 , 66.5
55.23 , 67.14
54.82 , 66.33
54.82 , 66.57
55.08 , 66.28
54.91 , 66.61
55.33 , 66.53
54.96 , 66.82
55.33 , 66.58
55.31 , 66.39
54.73 , 66.35
55.07 , 66.15
54.93 , 66.49
54.94 , 66.52
54.59 , 66.68
54.91 , 66.39
54.98 , 66.78
54.88 , 66.65
55.21 , 66.45
55.14 , 66.69
55.03 , 66.2
55.55 , 66.5
55.42 , 67.03
55.05 , 66.68
54.49 , 66.71
54.93 , 67.63
54.86 , 66.53
55.0 , 66.53
55.13 , 66.67
55.36 , 66.43
55.14 , 66.61
55.26 , 66.79
54.5 , 66.5
54.79 , 66.2
55.22 , 66.37
55.01 , 66.99
54.98 , 66.56
54.45 , 66.37
54.91 , 66.63
55.1 , 66.96
55.0 , 66.59
55.45 , 66.72
55.5 , 66.89
54.9 , 66.43
55.29 , 66.27
55.33 , 66.01
54.65 , 66.41
54.79 , 66.62
55.32 , 66.51
55.01 , 66.71
54.97 , 66.51
54.97 , 67.14
54.86 , 66.7
54.43 , 66.7
54.87 , 66.57
54.93 , 66.74
55.31 , 66.91
54.83 , 66.96
54.75 , 66.41
55.02 , 66.6
54.76 , 67.06
54.63 , 66.27
55.21 , 67.02
54.63 , 66.76
55.07 , 67.15
54.87 , 66.73
54.74 , 66.83
54.73 , 66.66
54.94 , 66.3
55.14 , 66.3
54.87 , 66.78
54.46 , 66.12
55.07 , 66.8
54.81 , 66.92
55.24 , 66.69
55.06 , 67.27
54.96 , 66.81
55.11 , 66.98
55.37 , 67.35
54.4 , 66.77
55.16 , 67.31
54.69 , 66.68
55.28 , 66.43
55.28 , 66.7
55.36 , 66.89
55.15 , 67.0
54.7 , 66.72
55.29 , 67.21
54.89 , 66.8
54.95 , 66.7
55.34 , 67.05
54.7 , 66.75
55.33 , 66.79
55.22 , 66.92
55.59 , 66.74
54.41 , 66.98
54.85 , 66.91
54.79 , 66.96
55.08 , 66.73
55.14 , 66.84
55.04 , 67.25
55.04 , 66.82
55.07 , 67.11
54.84 , 67.13
55.33 , 67.3
54.43 , 67.09
55.0 , 66.75
54.2 , 67.13
55.02 , 67.17
55.2 , 66.79
55.12 , 66.96
55.22 , 66.94
54.84 , 67.2
55.22 , 67.03
55.02 , 67.8
54.79 , 66.87
54.9 , 67.22
55.11 , 67.16
55.07 , 66.91
55.19 , 66.83
54.85 , 66.82
54.96 , 66.79
55.03 , 67.38
55.44 , 67.04
55.0 , 67.18
54.97 , 67.13
54.93 , 67.05
55.23 , 66.6
54.59 , 67.31
54.99 , 66.72
54.91 , 67.17
54.62 , 66.97
55.17 , 66.49
54.96 , 66.96
54.62 , 67.18
55.01 , 67.11
54.94 , 66.67
55.31 , 66.68
55.07 , 66.87
54.78 , 67.35
54.73 , 67.11
54.85 , 67.21
55.02 , 67.76
55.26 , 66.86
55.12 , 67.19
54.9 , 67.26
55.26 , 67.62
54.73 , 67.37
55.19 , 67.14
55.33 , 67.52
55.33 , 67.33
54.91 , 67.22
54.76 , 67.23
54.96 , 66.56
55.49 , 67.2
55.19 , 67.73
55.27 , 67.39
54.73 , 67.43
54.66 , 67.21
54.47 , 66.78
54.58 , 67.26
54.72 , 66.97
55.48 , 67.11
55.47 , 67.09
55.28 , 66.91
55.0 , 67.09
55.02 , 67.51
54.71 , 67.17
55.33 , 67.04
54.81 , 67.34
54.79 , 67.13
54.95 , 67.4
55.39 , 67.36
54.76 , 67.39
54.85 , 66.6
54.93 , 67.13
55.21 , 67.18
54.52 , 67.3
55.34 , 67.44
54.93 , 67.15
55.36 , 66.98
54.87 , 67.65
55.28 , 67.37
55.21 , 67.11
54.62 , 67.54
55.02 , 67.0
54.95 , 67.03
55.32 , 66.89
54.94 , 66.91
55.56 , 67.42
54.75 , 67.17
55.04 , 67.08
55.13 , 67.16
55.05 , 67.15
55.13 , 67.28
55.09 , 67.64
55.16 , 67.34
55.3 , 67.34
54.99 , 67.22
54.95 , 67.35
54.74 , 67.78
54.37 , 67.5
54.87 , 66.99
54.84 , 67.41
55.13 , 67.29
55.06 , 67.36
55.05 , 67.62
54.75 , 67.51
54.93 , 67.33
55.03 , 67.45
54.63 , 67.46
55.19 , 67.4
55.05 , 67.46
54.94 , 67.26
55.07 , 67.18
55.01 , 67.67
54.64 , 67.32
54.62 , 67.78
54.93 , 67.34
54.85 , 67.29
55.22 , 67.44
54.84 , 67.32
54.96 , 67.45
55.13 , 67.63
54.81 , 66.9
55.24 , 67.46
54.71 , 67.4
54.75 , 67.86
55.52 , 67.5
55.07 , 68.42
55.2 , 67.52
54.97 , 67.53
55.37 , 67.74
55.0 , 66.97
55.16 , 67.43
55.39 , 67.63
55.07 , 67.34
55.14 , 67.76
54.73 , 67.99
55.14 , 66.94
55.19 , 68.03
54.83 , 67.37
54.96 , 67.93
55.46 , 67.4
54.85 , 67.54
54.92 , 68.0
54.88 , 67.37
55.25 , 67.58
55.26 , 67.77
55.27 , 67.66
54.7 , 67.53
54.74 , 67.53
54.85 , 67.49
54.65 , 67.39
54.74 , 67.69
54.82 , 67.58
54.69 , 67.8
55.35 , 67.97
55.29 , 67.49
54.53 , 67.68
55.16 , 67.94
55.08 , 67.86
54.8 , 67.73
55.09 , 68.11
55.14 , 67.42
54.6 , 67.85
54.95 , 67.65
54.98 , 67.59
54.86 , 67.22
54.97 , 68.02
55.2 , 67.72
55.3 , 67.62
55.04 , 67.39
55.28 , 68.06
55.09 , 67.94
55.27 , 67.07
55.02 , 67.68
54.7 , 67.73
54.8 , 67.39
54.78 , 67.58
54.98 , 67.82
54.8 , 67.44
54.69 , 67.62
55.14 , 67.89
55.25 , 67.94
54.69 , 67.9
54.57 , 67.65
54.86 , 67.97
55.39 , 67.89
54.81 , 67.56
55.44 , 67.69
54.94 , 67.84
55.07 , 67.5
54.95 , 67.84
54.93 , 67.62
54.59 , 67.89
55.4 , 67.87
55.45 , 67.94
54.89 , 67.45
54.9 , 67.88
55.13 , 67.78
54.97 , 67.7
55.08 , 67.76
55.11 , 67.99
55.23 , 68.16
55.04 , 67.77
55.5 , 68.13
54.86 , 68.0
55.07 , 67.58
55.25 , 67.74
54.87 , 67.98
55.17 , 68.3
55.22 , 67.93
54.82 , 68.18
54.66 , 67.88
55.07 , 67.95
54.89 , 68.2
55.05 , 68.27
55.02 , 67.83
54.71 , 67.44
54.68 , 67.96
55.09 , 67.14
54.87 , 67.63
54.74 , 67.67
55.29 , 67.88
54.58 , 67.92
54.87 , 67.63
55.45 , 67.94
55.58 , 68.17
55.02 , 67.65
54.81 , 68.21
55.27 , 68.35
54.52 , 67.34
55.11 , 68.11
55.39 , 68.13
55.11 , 68.56
54.98 , 68.09
55.09 , 68.55
54.84 , 67.96
55.16 , 67.88
55.04 , 67.97
55.1 , 67.93
55.08 , 67.89
55.17 , 68.03
54.88 , 68.23
55.3 , 68.07
54.98 , 67.96
55.2 , 68.18
54.58 , 68.15
54.93 , 68.14
54.91 , 68.13
54.68 , 67.98
54.88 , 68.41
54.72 , 68.42
54.91 , 68.0
55.28 , 67.74
54.85 , 68.1
55.47 , 68.1
55.31 , 68.23
54.88 , 67.87
55.03 , 68.25
55.54 , 68.13
54.84 , 68.22
55.16 , 68.46
55.23 , 67.5
54.85 , 68.08
54.3 , 68.02
54.94 , 68.19
54.72 , 67.94
54.75 , 68.3
55.44 , 68.26
55.14 , 68.25
55.48 , 68.42
54.97 , 68.39
54.76 , 68.38
54.74 , 68.3
55.29 , 67.77
55.3 , 67.84
54.88 , 68.32
55.09 , 68.36
55.13 , 68.23
55.06 , 68.11
55.01 , 67.55
54.98 , 67.78
55.38 , 68.17
55.62 , 68.15
55.47 , 68.34
54.82 , 68.19
55.13 , 68.32
54.97 , 68.28
54.99 , 68.33
54.89 , 68.5
54.87 , 68.1
54.76 , 67.94
55.09 , 68.33
54.73 , 68.34
55.17 , 68.01
55.07 , 68.43
54.82 , 68.3
54.65 , 68.08
55.2 , 68.28
55.25 , 67.77
55.11 , 68.21
54.62 , 68.51
55.32 , 68.21
54.54 , 68.02
54.99 , 68.21
54.89 , 68.06
55.18 , 68.44
54.44 , 67.85
54.39 , 68.13
55.06 , 68.45
54.45 , 69.01
55.0 , 68.42
55.01 , 68.39
54.8 , 68.37
54.96 , 68.18
55.21 , 68.32
54.89 , 68.62
55.19 , 68.09
55.23 , 68.16
54.91 , 68.11
54.74 , 68.57
55.12 , 68.37
54.87 , 68.2
54.98 , 68.67
54.81 , 68.58
55.2 , 68.42
54.82 , 68.24
55.05 , 68.48
55.08 , 68.32
54.87 , 69.13
55.12 , 67.81
54.89 , 67.98
55.04 , 68.94
55.28 , 68.21
55.09 , 68.54
55.02 , 68.65
55.31 , 68.42
55.05 , 68.31
55.08 , 68.18
54.77 , 68.45
55.3 , 68.26
55.33 , 68.22
55.11 , 68.2
55.08 , 68.66
55.3 , 68.54
54.82 , 69.03
54.98 , 68.16
55.26 , 68.47
54.86 , 68.55
54.99 , 68.34
54.96 , 68.65
54.7 , 68.54
55.27 , 68.56
55.18 , 68.54
55.09 , 68.71
55.4 , 68.45
54.92 , 68.37
55.03 , 68.51
54.8 , 68.7
54.92 , 69.19
54.96 , 68.6
55.26 , 68.72
54.58 , 68.85
55.05 , 68.74
55.01 , 68.8
54.78 , 68.98
55.15 , 68.54
54.51 , 68.67
55.6 , 68.4
55.2 , 68.29
55.18 , 69.15
55.26 , 68.83
55.2 , 68.49
54.57 , 69.22
54.94 , 68.57
55.25 , 68.76
55.06 , 68.3
55.48 , 68.64
55.28 , 69.01
54.99 , 68.62
55.0 , 68.38
55.17 , 68.61
54.82 , 69.04
54.66 , 68.12
54.91 , 68.92
55.1 , 68.57
54.92 , 68.33
55.04 , 68.73
54.85 , 68.9
54.6 , 68.69
55.06 , 68.58
55.06 , 68.59
55.03 , 68.0
55.14 , 68.59
54.97 , 68.9
54.87 , 68.48
54.85 , 68.24
55.23 , 68.43
55.32 , 68.12
54.97 , 68.21
55.12 , 68.95
54.7 , 68.91
55.48 , 68.85
55.26 , 68.96
54.86 , 69.09
55.18 , 68.61
55.19 , 68.12
55.27 , 68.9
55.24 , 68.43
54.73 , 68.72
55.25 , 68.97
55.02 , 68.46
55.01 , 68.96
54.81 , 69.16
54.94 , 68.63
54.69 , 69.39
54.99 , 68.37
55.1 , 68.74
54.98 , 69.15
55.02 , 68.69
54.91 , 68.85
55.07 , 68.54
55.02 , 68.61
54.85 , 68.89
55.0 , 68.94
55.03 , 68.95
55.04 , 68.64
55.16 , 69.12
55.11 , 68.96
54.83 , 69.15
55.0 , 69.04
54.89 , 68.5
55.14 , 68.63
54.74 , 68.84
54.5 , 68.86
54.91 , 69.2
54.75 , 68.56
55.21 , 68.89
54.96 , 68.99
54.81 , 69.06
55.2 , 69.01
54.87 , 69.1
54.52 , 68.79
55.04 , 68.73
55.07 , 68.86
54.91 , 68.79
54.82 , 68.92
55.05 , 68.69
54.35 , 69.25
55.04 , 69.21
54.91 , 69.11
55.03 , 69.21
54.91 , 68.91
54.57 , 69.08
54.73 , 68.96
55.24 , 69.22
54.89 , 68.9
54.83 , 68.74
54.84 , 69.23
54.93 , 69.02
55.01 , 69.42
55.72 , 68.9
54.8 , 68.88
55.28 , 69.05
55.31 , 69.13
54.97 , 68.18
54.52 , 68.84
54.55 , 68.94
54.89 , 68.77
54.78 , 69.13
54.92 , 69.13
54.91 , 69.26
54.82 , 69.13
54.92 , 69.32
55.21 , 69.11
54.94 , 69.27
54.88 , 68.99
54.86 , 69.28
55.42 , 69.46
55.1 , 69.32
54.61 , 68.96
55.07 , 69.26
55.3 , 69.25
55.2 , 68.67
54.92 , 68.69
55.14 , 68.97
54.8 , 69.44
54.99 , 68.79
54.82 , 68.73
54.96 , 69.14
54.84 , 69.34
55.67 , 69.23
55.34 , 69.17
54.87 , 68.89
55.2 , 69.42
54.89 , 69.06
54.72 , 69.49
55.29 , 69.24
55.02 , 68.9
54.76 , 69.37
55.17 , 69.37
54.93 , 69.09
54.83 , 68.81
55.04 , 69.11
55.01 , 69.08
54.61 , 69.39
54.85 , 69.56
55.49 , 69.33
54.79 , 69.55
54.62 , 69.35
55.24 , 69.25
54.68 , 69.08
54.51 , 69.2
55.06 , 69.3
55.14 , 69.61
54.91 , 68.74
55.34 , 68.97
55.18 , 69.28
55.09 , 69.21
55.09 , 69.11
54.58 , 69.27
55.11 , 69.56
55.08 , 69.38
54.63 , 69.2
55.06 , 69.01
54.54 , 69.05
54.95 , 68.48
54.89 , 69.04
55.12 , 69.32
54.98 , 69.8
55.13 , 69.24
54.88 , 69.45
55.71 , 69.59
55.16 , 68.85
55.31 , 69.28
55.09 , 69.24
54.94 , 69.15
55.05 , 69.04
54.8 , 69.8
54.78 , 69.59
55.01 , 69.7
54.84 , 69.23
54.54 , 69.27
55.28 , 69.78
54.99 , 68.99
54.97 , 69.51
54.78 , 69.31
55.18 , 69.11
55.24 , 69.6
54.99 , 69.11
54.76 , 69.44
55.64 , 69.05
54.81 , 69.35
54.97 , 69.48
54.57 , 69.3
54.98 , 69.68
54.83 , 69.83
54.67 , 69.63
54.86 , 69.48
54.9 , 69.25
55.15 , 69.65
55.12 , 69.44
54.5 , 69.63
54.86 , 69.59
54.82 , 69.61
55.49 , 70.06
54.71 , 69.25
54.79 , 69.59
55.25 , 69.85
54.85 , 69.5
55.24 , 69.56
54.72 , 69.28
55.11 , 70.05
55.33 , 69.62
55.05 , 69.25
54.89 , 69.12
54.55 , 69.28
55.09 , 69.73
54.53 , 69.85
54.93 , 69.63
55.14 , 69.1
55.37 , 69.27
55.37 , 69.36
55.04 , 69.49
54.67 , 69.59
55.28 , 69.44
55.09 , 69.53
55.25 , 69.74
54.77 , 69.65
55.19 , 69.74
55.15 , 69.71
55.22 , 69.92
55.02 , 69.69
55.23 , 69.24
54.71 , 69.22
54.69 , 69.52
55.05 , 69.79
55.31 , 69.79
54.94 , 69.38
54.77 , 69.52
55.23 , 69.8
54.77 , 69.06
54.99 , 69.65
55.01 , 69.46
55.34 , 70.12
55.41 , 69.8
54.33 , 69.49
54.67 , 70.26
54.68 , 69.45
54.94 , 69.7
54.84 , 70.17
55.11 , 69.62
54.76 , 69.81
54.78 , 69.01
55.52 , 69.34
54.97 , 69.49
55.29 , 69.48
54.77 , 69.44
55.23 , 69.67
54.54 , 69.28
55.15 , 69.3
54.92 , 69.5
55.05 , 69.9
54.97 , 69.93
54.7 , 69.67
54.91 , 69.53
54.93 , 69.76
54.89 , 69.71
54.95 , 69.67
55.17 , 70.0
55.17 , 69.91
55.15 , 69.68
55.01 , 70.24
54.87 , 69.74
55.31 , 69.83
55.1 , 69.76
54.55 , 69.19
54.99 , 69.83
54.8 , 69.91
54.9 , 69.94
54.61 , 69.59
54.93 , 69.94
54.9 , 69.7
55.21 , 69.76
55.32 , 70.04
55.28 , 69.97
55.12 , 69.81
54.93 , 69.83
55.24 , 69.75
55.78 , 69.71
55.37 , 70.06
54.83 , 69.98
55.41 , 70.37
54.84 , 69.74
55.19 , 69.6
55.43 , 69.45
54.89 , 69.25
55.22 , 69.81
54.89 , 69.88
54.93 , 69.96
55.31 , 69.67
55.33 , 70.14
55.14 , 70.09
54.89 , 69.84
54.92 , 69.67
54.93 , 69.86
55.26 , 70.23
54.84 , 70.12
54.63 , 70.35
55.05 , 70.08
54.9 , 70.15
55.12 , 69.77
54.85 , 69.96
54.96 , 70.2
54.92 , 69.97
54.92 , 69.67
55.09 , 70.31
55.44 , 70.22
55.1 , 70.28
55.14 , 69.9
55.15 , 69.97
54.87 , 69.62
55.18 , 69.91
54.92 , 69.85
54.29 , 70.13
54.86 , 69.71
55.02 , 69.95
54.79 , 70.03
54.89 , 69.94
54.99 , 70.23
54.83 , 70.58
55.01 , 70.08
54.49 , 70.07
55.13 , 69.47
55.14 , 70.16
54.68 , 70.18
54.88 , 70.25
54.79 , 69.73
55.17 , 70.19
54.97 , 69.9
54.62 , 70.01
54.88 , 70.97
55.26 , 70.17
55.3 , 70.3
54.81 , 70.19
54.79 , 70.44
55.3 , 69.88
54.61 , 70.53
54.84 , 69.96
54.95 , 70.16
54.97 , 69.99
55.17 , 69.85
54.85 , 70.1
55.29 , 70.07
54.53 , 70.36
54.84 , 69.68
54.63 , 70.24
55.21 , 70.19
54.85 , 70.02
54.99 , 70.21
55.07 , 70.33
54.45 , 70.63
54.9 , 70.64
55.22 , 70.31
54.68 , 69.56
54.61 , 70.11
54.54 , 70.14
54.69 , 70.01
54.97 , 69.83
54.75 , 69.93
55.0 , 69.69
54.73 , 70.26
54.9 , 70.48
54.93 , 69.8
55.07 , 70.11
55.03 , 70.29
55.02 , 70.25
54.99 , 70.04
54.48 , 70.27
55.01 , 69.64
55.05 , 70.52
54.65 , 70.13
54.6 , 70.36
54.91 , 70.47
54.7 , 70.31
54.89 , 69.95
55.0 , 70.01
54.15 , 70.71
55.21 , 70.49
54.7 , 70.67
54.62 , 69.93
54.75 , 70.43
54.83 , 70.05
54.92 , 70.2
54.54 , 70.44
55.18 , 70.31
55.12 , 70.39
55.05 , 70.95
54.91 , 69.99
54.88 , 69.95
54.73 , 70.19
54.55 , 70.37
55.02 , 70.54
55.13 , 69.87
54.9 , 70.39
54.83 , 70.06
54.46 , 70.31
55.04 , 70.08
54.79 , 69.93
55.05 , 70.64
54.75 , 69.83
54.85 , 70.87
54.94 , 70.31
54.82 , 70.09
54.54 , 70.38
54.18 , 69.99
55.04 , 70.12
54.44 , 70.46
54.74 , 70.0
54.57 , 70.63
54.92 , 70.23
55.04 , 70.96
55.13 , 70.52
54.53 , 70.64
54.56 , 69.99
54.38 , 70.51
54.88 , 70.34
54.55 , 70.6
54.44 , 70.29
54.36 , 70.6
54.91 , 70.78
54.5 , 70.48
54.51 , 70.37
54.54 , 70.37
54.5 , 70.52
54.67 , 70.24
54.82 , 70.59
54.96 , 70.71
54.32 , 70.46
54.21 , 70.89
54.87 , 70.11
54.85 , 70.57
54.62 , 70.12
54.95 , 70.5
54.94 , 70.52
54.91 , 70.03
54.96 , 70.66
54.41 , 70.53
54.65 , 70.29
54.69 , 70.68
54.79 , 70.71
54.64 , 70.51
54.46 , 70.33
54.96 , 70.6
54.61 , 70.38
54.56 , 70.06
54.64 , 70.5
54.74 , 70.73
54.63 , 70.19
54.71 , 70.45
54.65 , 70.56
54.07 , 70.5
54.94 , 70.72
54.77 , 70.06
54.48 , 71.04
54.32 , 70.39
54.42 , 70.63
54.57 , 70.43
55.0 , 70.48
54.84 , 70.74
54.64 , 70.2
54.63 , 70.69
54.49 , 70.9
55.04 , 70.48
54.14 , 70.56
54.49 , 70.21
54.68 , 70.63
54.36 , 70.77
54.33 , 70.48
54.5 , 70.68
54.71 , 70.9
54.8 , 70.49
54.64 , 70.76
55.15 , 70.23
54.78 , 70.89
54.58 , 70.2
54.78 , 70.56
54.4 , 70.44
54.91 , 70.63
54.95 , 70.51
54.6 , 70.52
54.78 , 70.34
54.69 , 70.52
54.08 , 70.98
54.47 , 70.85
54.4 , 70.84
54.38 , 70.93
54.52 , 70.49
54.74 , 70.9
54.64 , 70.39
54.29 , 70.56
54.3 , 70.44
54.97 , 70.73
54.36 , 70.49
54.3 , 70.7
54.86 , 71.09
54.37 , 70.68
54.55 , 70.69
54.35 , 70.59
54.45 , 70.86
54.02 , 71.16
54.25 , 70.67
54.46 , 70.72
54.39 , 70.38
54.71 , 71.07
54.44 , 71.0
54.63 , 70.24
54.61 , 71.09
54.29 , 70.73
54.72 , 70.88
54.61 , 70.76
54.59 , 71.2
54.72 , 70.45
54.93 , 70.73
54.44 , 70.94
54.27 , 70.35
54.45 , 70.64
54.26 , 70.41
54.77 , 70.61
54.75 , 70.81
54.14 , 70.47
54.34 , 70.38
54.48 , 70.42
54.86 , 70.69
54.19 , 70.87
54.55 , 70.57
54.53 , 70.52
54.38 , 70.9
54.32 , 71.08
54.1 , 70.87
54.34 , 70.73
54.4 , 70.69
54.4 , 70.87
54.31 , 70.4
54.68 , 70.99
54.61 , 70.95
54.52 , 71.02
54.08 , 70.91
54.1 , 70.83
54.49 , 70.8
54.32 , 70.62
54.35 , 70.45
54.27 , 70.87
54.1 , 70.49
54.14 , 71.16
54.02 , 70.51
55.02 , 70.63
54.59 , 70.98
54.48 , 71.09
55.15 , 70.65
54.12 , 70.71
54.72 , 70.69
54.16 , 71.02
54.1 , 70.97
54.04 , 70.95
54.53 , 70.86
54.12 , 70.38
54.48 , 70.21
54.74 , 70.62
54.24 , 70.62
54.6 , 71.15
53.94 , 71.03
53.93 , 70.73
54.27 , 71.06
54.51 , 70.62
54.61 , 70.66
54.29 , 70.99
54.24 , 70.83
54.35 , 71.2
54.64 , 70.99
54.41 , 70.94
54.12 , 70.97
54.27 , 70.61
54.18 , 71.04
54.44 , 70.92
54.64 , 70.6
54.43 , 70.88
54.27 , 71.42
54.33 , 70.9
54.48 , 71.09
54.11 , 71.22
54.35 , 70.87
54.41 , 71.35
54.41 , 70.9
54.25 , 70.77
54.31 , 70.85
54.29 , 70.89
54.45 , 71.45
54.06 , 70.99
54.43 , 71.3
54.24 , 70.76
54.4 , 70.94
54.42 , 70.87
54.11 , 70.67
54.69 , 70.63
53.67 , 71.12
54.52 , 71.66
54.64 , 70.79
54.45 , 71.03
53.94 , 70.95
54.3 , 71.04
54.13 , 70.81
54.43 , 70.89
54.31 , 70.99
53.64 , 70.69
53.76 , 70.63
53.82 , 70.89
54.66 , 70.93
54.54 , 70.63
54.02 , 70.42
54.29 , 70.99
54.77 , 70.83
54.12 , 71.22
54.02 , 71.38
54.17 , 70.85
54.14 , 71.12
54.51 , 70.82
54.13 , 70.68
53.94 , 70.89
54.3 , 71.0
54.32 , 71.26
54.21 , 70.84
54.29 , 71.37
54.22 , 71.71
53.87 , 71.3
53.98 , 71.23
54.59 , 71.22
54.14 , 70.99
54.07 , 71.14
54.15 , 70.75
54.71 , 71.34
53.91 , 71.25
54.31 , 71.39
54.39 , 71.06
54.18 , 70.91
53.77 , 71.35
54.58 , 71.45
54.62 , 71.43
53.9 , 71.5
54.58 , 71.12
54.01 , 71.34
54.0 , 71.28
54.02 , 71.13
54.01 , 70.86
53.89 , 71.31
54.06 , 70.89
54.03 , 71.41
53.79 , 71.09
54.28 , 71.45
54.16 , 71.18
54.21 , 70.91
54.22 , 70.81
54.07 , 71.39
54.15 , 71.3
54.57 , 71.1
54.01 , 71.22
53.85 , 70.9
53.79 , 70.78
53.96 , 71.3
54.1 , 71.16
54.03 , 71.56
53.68 , 71.53
53.7 , 71.21
54.33 , 71.29
54.32 , 70.94
54.48 , 71.28
54.28 , 71.73
54.11 , 71.24
54.48 , 70.8
53.83 , 71.23
54.18 , 71.61
54.03 , 71.34
54.06 , 71.0
53.65 , 71.15
53.75 , 71.35
53.35 , 71.14
53.97 , 71.11
54.27 , 71.35
54.0 , 71.12
54.69 , 71.28
53.58 , 71.25
54.34 , 71.24
53.98 , 71.69
54.37 , 71.14
54.24 , 71.09
54.2 , 71.21
54.21 , 70.96
54.03 , 71.25
54.06 , 71.4
53.99 , 70.96
53.65 , 72.34
53.45 , 71.61
53.97 , 71.13
54.23 , 71.43
54.01 , 71.5
53.8 , 71.52
54.04 , 71.36
53.94 , 71.05
53.85 , 71.32
53.91 , 71.3
54.17 , 71.32
53.87 , 71.24
53.66 , 71.64
54.09 , 71.51
53.63 , 71.64
54.21 , 71.7
54.14 , 71.25
54.12 , 71.49
54.17 , 71.76
53.66 , 71.72
54.0 , 71.58
54.06 , 71.69
54.62 , 71.21
54.08 , 71.65
54.33 , 71.32
53.82 , 70.95
53.56 , 71.51
54.19 , 71.45
53.93 , 71.5
53.57 , 71.57
53.8 , 71.72
53.82 , 71.35
54.01 , 71.63
54.2 , 71.78
53.84 , 71.71
54.12 , 71.17
53.67 , 71.72
53.94 , 71.3
53.81 , 71.41
53.9 , 71.61
53.92 , 71.46
54.02 , 71.36
54.08 , 71.6
53.77 , 71.31
53.96 , 71.72
53.98 , 71.73
54.16 , 71.25
53.91 , 71.47
53.99 , 71.7
53.65 , 72.07
54.05 , 71.23
54.17 , 71.52
54.08 , 71.54
53.85 , 71.03
53.75 , 71.41
54.05 , 71.5
54.06 , 71.55
53.77 , 72.0
53.93 , 71.07
53.82 , 71.33
53.81 , 71.54
53.96 , 71.27
53.63 , 71.8
53.47 , 71.62
53.19 , 71.82
53.46 , 71.44
53.97 , 71.09
53.38 , 71.57
53.68 , 71.59
54.11 , 71.72
53.41 , 72.1
53.97 , 71.29
54.21 , 71.5
53.76 , 71.22
53.96 , 71.51
53.59 , 71.41
54.25 , 71.4
54.16 , 71.17
54.37 , 71.58
53.8 , 71.57
53.45 , 71.4
53.65 , 71.95
53.2 , 71.78
53.26 , 71.47
53.53 , 71.46
53.65 , 71.81
53.59 , 71.61
53.95 , 72.23
53.78 , 71.29
53.72 , 71.88
53.77 , 71.26
53.7 , 71.63
54.14 , 71.74
54.13 , 71.96
53.57 , 71.92
53.53 , 71.39
53.71 , 71.51
54.39 , 71.58
54.22 , 71.55
53.73 , 71.42
53.64 , 71.61
53.51 , 71.23
53.1 , 71.82
53.48 , 71.14
53.52 , 71.63
53.85 , 71.7
53.65 , 71.85
53.84 , 71.96
53.9 , 72.01
54.28 , 72.06
53.76 , 71.4
53.31 , 72.16
53.5 , 71.42
53.21 , 71.75
53.47 , 71.42
53.12 , 71.68
53.53 , 71.87
53.46 , 71.85
53.57 , 71.74
53.77 , 71.47
53.54 , 71.87
53.75 , 71.63
53.58 , 71.53
53.67 , 71.73
53.56 , 71.9
53.15 , 71.2
53.7 , 71.76
53.87 , 71.8
53.8 , 71.65
54.08 , 71.3
54.05 , 71.91
53.86 , 72.0
53.76 , 71.68
53.69 , 71.58
53.68 , 71.74
53.73 , 71.88
53.52 , 71.46
53.48 , 72.03
53.83 , 71.84
53.55 , 72.02
53.82 , 71.87
53.69 , 71.89
53.43 , 71.73
53.62 , 72.07
53.23 , 71.82
53.4 , 71.75
53.82 , 71.59
53.94 , 72.05
53.43 , 71.64
53.25 , 72.56
53.13 , 72.03
53.12 , 71.85
53.25 , 71.55
53.65 , 72.31
53.84 , 72.15
53.55 , 72.23
53.77 , 72.06
53.75 , 71.7
53.21 , 72.01
53.27 , 72.02
53.11 , 72.27
53.53 , 71.39
53.34 , 71.93
53.46 , 71.43
53.06 , 71.63
53.31 , 71.49
53.43 , 71.99
52.93 , 72.48
53.45 , 71.56
53.31 , 71.9
53.45 , 72.21
53.16 , 71.91
53.42 , 71.66
53.44 , 72.11
53.73 , 71.71
53.43 , 71.67
53.8 , 72.04
53.29 , 71.86
53.29 , 72.05
53.23 , 72.02
53.64 , 71.79
53.42 , 72.43
53.66 , 71.63
53.16 , 71.74
53.38 , 71.58
53.48 , 71.88
53.47 , 72.3
53.19 , 72.17
53.54 , 72.42
53.37 , 71.92
53.59 , 71.69
53.35 , 71.84
53.06 , 71.85
53.14 , 72.2
53.37 , 71.59
52.86 , 71.88
53.45 , 71.64
53.35 , 71.81
53.91 , 72.14
53.05 , 72.27
53.2 , 71.88
53.03 , 72.36
53.82 , 71.88
53.32 , 72.13
53.3 , 72.15
53.2 , 71.69
53.22 , 72.07
53.16 , 72.29
53.6 , 72.21
53.89 , 71.91
53.49 , 71.81
53.46 , 71.8
53.65 , 72.02
53.58 , 72.61
53.42 , 72.08
53.82 , 72.27
53.65 , 71.94
53.5 , 71.88
53.22 , 72.09
53.52 , 71.85
52.89 , 72.48
53.69 , 71.69
53.09 , 71.92
53.06 , 71.97
53.55 , 72.16
53.48 , 72.02
53.33 , 71.7
53.2 , 72.21
53.3 , 72.29
53.36 , 72.2
53.39 , 71.86
52.98 , 72.1
53.56 , 71.79
53.29 , 72.24
53.35 , 72.27
53.16 , 72.29
53.24 , 71.63
53.44 , 72.06
53.53 , 71.93
53.96 , 72.0
53.44 , 72.25
53.4 , 71.98
53.82 , 72.29
53.27 , 72.4
53.18 , 72.62
53.76 , 72.1
53.33 , 72.36
52.82 , 72.23
53.49 , 72.26
52.97 , 72.55
53.12 , 72.2
53.46 , 72.29
53.44 , 72.29
53.46 , 72.28
53.08 , 72.45
53.06 , 72.34
53.25 , 72.19
52.82 , 72.37
53.39 , 72.29
53.35 , 72.27
53.51 , 72.32
53.24 , 72.32
53.44 , 71.89
53.5 , 72.16
53.02 , 72.38
53.23 , 72.22
53.2 , 72.16
53.45 , 72.32
52.89 , 72.22
53.19 , 72.2
53.35 , 72.48
53.22 , 72.15
53.05 , 72.11
53.4 , 72.21
53.51 , 72.12
53.52 , 72.15
53.46 , 72.43
53.25 , 72.51
52.98 , 72.76
53.23 , 72.1
52.64 , 71.88
53.3 , 72.94
53.71 , 72.45
53.76 , 72.07
52.78 , 72.7
53.05 , 72.47
53.25 , 72.32
53.4 , 72.5
53.18 , 72.46
53.79 , 72.37
53.36 , 72.82
53.59 , 71.99
53.21 , 72.59
53.11 , 72.57
53.17 , 72.49
53.01 , 72.33
53.78 , 72.68
53.56 , 72.46
53.3 , 72.22
53.36 , 71.99
53.37 , 72.48
52.95 , 72.8
53.42 , 72.06
53.01 , 72.09
53.17 , 72.07
53.96 , 72.2
52.62 , 72.48
53.13 , 72.82
53.11 , 72.44
53.23 , 72.16
53.09 , 71.97
53.35 , 72.11
53.46 , 72.21
53.29 , 72.82
52.85 , 72.33
53.01 , 72.83
53.23 , 72.32
53.39 , 72.43
53.65 , 72.62
53.08 , 72.42
53.24 , 72.68
52.97 , 72.64
53.3 , 72.64
53.1 , 72.46
53.13 , 72.48
52.55 , 72.78
53.16 , 72.36
53.36 , 72.51
52.84 , 72.75
52.98 , 72.35
53.83 , 72.38
52.84 , 72.66
53.17 , 72.44
53.03 , 73.28
52.77 , 72.27
53.3 , 72.7
53.15 , 72.39
53.53 , 72.45
53.62 , 72.27
53.12 , 72.38
53.19 , 72.39
52.6 , 72.33
53.53 , 72.71
53.43 , 72.68
53.15 , 72.43
53.33 , 72.67
53.06 , 72.77
53.37 , 72.97
53.52 , 72.95
53.19 , 72.69
53.06 , 72.18
53.08 , 72.83
52.87 , 72.48
53.14 , 72.4
52.63 , 72.37
53.19 , 72.99
53.12 , 72.94
53.27 , 72.58
52.84 , 72.53
52.95 , 72.63
53.49 , 72.97
52.8 , 72.38
52.89 , 72.98
53.16 , 72.87
52.7 , 72.65
52.75 , 73.14
53.34 , 73.01
52.81 , 72.7
52.72 , 72.14
52.79 , 72.82
53.17 , 72.82
52.51 , 72.73
52.67 , 72.68
52.69 , 72.88
53.03 , 73.04
53.12 , 73.09
53.31 , 72.93
53.18 , 72.61
52.9 , 72.56
52.8 , 72.22
52.6 , 72.86
52.58 , 72.79
53.17 , 72.7
52.66 , 72.72
53.05 , 72.94
53.06 , 72.73
52.85 , 72.57
53.38 , 72.38
52.99 , 72.23
53.05 , 72.65
53.44 , 72.68
52.74 , 72.77
52.49 , 72.74
52.79 , 72.74
52.98 , 72.75
53.1 , 72.5
53.04 , 72.99
53.12 , 72.65
53.1 , 72.7
53.23 , 72.97
52.77 , 72.89
52.94 , 72.85
52.92 , 72.36
52.64 , 72.6
52.32 , 72.8
53.2 , 72.64
52.65 , 72.53
52.95 , 72.55
52.76 , 72.79
53.14 , 72.52
52.65 , 72.33
52.8 , 72.95
53.1 , 73.23
53.2 , 72.77
53.06 , 72.85
53.31 , 73.19
52.57 , 72.59
52.69 , 72.99
52.76 , 73.01
52.69 , 72.51
53.43 , 72.85
52.72 , 72.89
52.91 , 72.71
52.31 , 72.92
52.78 , 72.99
52.86 , 72.96
52.98 , 72.5
52.7 , 73.12
52.84 , 72.82
52.92 , 72.59
52.75 , 72.88
53.05 , 72.75
52.83 , 72.93
53.26 , 72.92
52.88 , 72.1
53.26 , 72.62
53.14 , 72.89
52.77 , 72.55
52.72 , 72.98
52.84 , 73.2
52.88 , 72.7
52.92 , 73.14
52.94 , 72.48
53.18 , 73.01
52.65 , 72.78
53.25 , 72.97
52.8 , 73.15
52.51 , 73.07
52.84 , 72.65
53.13 , 73.18
52.85 , 73.23
52.97 , 72.94
52.77 , 72.45
52.87 , 73.03
52.96 , 73.29
53.02 , 73.16
52.39 , 72.9
52.7 , 73.14
52.69 , 73.36
52.88 , 73.06
52.93 , 73.02
52.49 , 73.0
52.82 , 72.54
52.71 , 73.05
52.73 , 72.51
53.06 , 73.4
52.51 , 72.81
52.48 , 72.7
52.67 , 73.19
52.69 , 73.19
52.77 , 72.73
52.35 , 72.84
52.96 , 73.06
52.58 , 72.76
52.23 , 72.92
52.51 , 72.78
53.14 , 73.34
52.75 , 73.1
52.51 , 73.2
52.94 , 72.99
52.83 , 73.12
52.33 , 73.0
52.86 , 73.41
52.73 , 72.79
52.87 , 73.01
52.42 , 73.1
52.54 , 72.8
52.61 , 73.14
52.73 , 72.79
52.98 , 72.76
52.54 , 73.5
53.02 , 72.9
53.09 , 72.81
52.72 , 72.86
52.64 , 73.27
52.72 , 72.82
52.44 , 72.65
52.97 , 73.33
53.07 , 73.21
52.49 , 73.22
52.73 , 73.11
52.69 , 73.32
52.95 , 72.86
52.97 , 73.31
52.66 , 72.49
52.8 , 73.01
52.51 , 72.77
52.79 , 72.84
52.45 , 73.22
52.64 , 73.24
52.75 , 72.89
52.88 , 73.45
52.81 , 73.51
52.54 , 73.24
52.88 , 72.63
52.31 , 72.72
52.56 , 73.57
52.21 , 73.35
52.62 , 73.12
52.42 , 73.23
52.74 , 73.0
52.18 , 73.2
53.19 , 73.1
52.24 , 72.99
52.35 , 73.15
52.9 , 73.03
52.84 , 73.15
52.47 , 72.97
52.14 , 73.51
52.88 , 72.93
52.47 , 72.93
52.61 , 73.3
52.55 , 72.99
52.59 , 73.19
52.31 , 73.48
52.03 , 73.28
52.37 , 72.85
52.81 , 73.13
52.49 , 73.07
52.41 , 72.84
52.6 , 73.67
52.44 , 73.21
52.4 , 73.59
52.64 , 73.46
52.56 , 73.56
52.8 , 73.02
52.23 , 73.1
52.57 , 73.42
52.15 , 73.1
52.48 , 73.23
52.04 , 72.82
52.53 , 73.47
52.55 , 73.08
51.96 , 73.17
52.64 , 72.8
53.06 , 73.37
52.46 , 73.01
52.2 , 72.98
52.62 , 73.24
52.31 , 73.17
52.58 , 72.96
52.73 , 73.29
52.79 , 73.47
52.44 , 73.38
52.45 , 73.64
52.72 , 72.88
52.07 , 73.09
52.88 , 73.49
52.34 , 73.62
52.48 , 73.49
52.97 , 73.22
51.94 , 73.25
52.28 , 73.65
53.17 , 73.06
52.19 , 73.57
52.35 , 73.57
52.32 , 73.48
52.61 , 73.39
52.4 , 73.15
52.54 , 73.37
52.61 , 73.41
52.18 , 73.5
52.83 , 73.19
52.96 , 73.73
52.65 , 73.82
52.46 , 72.95
52.35 , 73.41
51.98 , 72.98
52.16 , 73.59
52.32 , 73.13
52.67 , 73.18
52.68 , 73.37
52.22 , 73.5
52.42 , 73.47
52.43 , 73.57
52.26 , 73.66
52.57 , 73.5
52.28 , 73.25
52.19 , 73.73
52.68 , 73.74
52.05 , 73.11
51.79 , 73.26
52.51 , 73.52
52.48 , 73.38
52.01 , 73.46
52.2 , 73.71
52.62 , 73.85
52.99 , 73.01
52.23 , 73.79
52.82 , 73.81
52.2 , 73.74
52.17 , 73.3
52.45 , 73.31
52.99 , 73.34
52.49 , 73.41
52.6 , 73.62
52.22 , 73.55
52.46 , 73.37
52.31 , 73.74
52.46 , 73.77
52.65 , 73.84
52.12 , 73.6
52.53 , 73.63
52.58 , 73.54
52.42 , 73.8
52.45 , 73.47
52.39 , 73.25
52.33 , 73.65
52.48 , 73.47
52.42 , 73.78
52.28 , 73.36
52.2 , 73.56
52.46 , 73.73
52.13 , 73.81
51.89 , 73.2
52.02 , 73.38
51.9 , 74.12
52.0 , 73.69
52.27 , 73.72
52.21 , 73.29
52.23 , 73.47
52.29 , 73.62
52.55 , 73.25
52.32 , 73.69
52.18 , 73.61
52.3 , 73.36
52.11 , 73.78
52.15 , 73.5
52.62 , 73.46
52.03 , 73.87
52.36 , 73.83
52.29 , 74.17
52.45 , 73.98
52.11 , 73.65
51.93 , 73.79
52.42 , 73.22
52.37 , 73.7
52.26 , 73.43
52.1 , 73.46
52.0 , 73.68
51.91 , 74.09
52.18 , 73.52
51.92 , 73.97
51.85 , 73.45
52.32 , 73.56
52.39 , 73.61
52.21 , 73.68
52.61 , 73.66
52.09 , 73.76
52.6 , 73.75
51.77 , 73.96
51.98 , 73.86
52.36 , 73.5
52.6 , 73.8
52.16 , 73.81
52.43 , 73.53
52.25 , 73.44
52.34 , 73.96
52.21 , 73.73
52.05 , 73.94
52.17 , 73.76
51.98 , 73.27
52.3 , 74.14
52.03 , 73.55
52.14 , 73.9
52.36 , 74.01
52.37 , 73.85
52.18 , 73.34
52.01 , 73.84
52.3 , 73.9
52.18 , 74.06
52.1 , 73.93
51.72 , 74.14
51.94 , 73.83
51.68 , 73.75
51.96 , 73.82
51.8 , 74.03
51.93 , 73.88
52.03 , 73.86
51.94 , 73.69
51.94 , 74.07
52.36 , 73.87
52.31 , 73.53
51.79 , 73.83
52.64 , 73.63
51.76 , 73.79
52.08 , 74.23
52.0 , 73.88
52.28 , 74.06
52.23 , 73.9
52.38 , 74.32
52.08 , 74.13
52.0 , 73.77
52.31 , 73.91
52.0 , 73.86
51.96 , 73.68
52.17 , 73.63
51.68 , 74.2
51.78 , 74.04
52.2 , 73.93
51.95 , 73.84
51.65 , 73.92
52.1 , 73.89
52.15 , 73.69
51.99 , 74.15
51.96 , 73.51
52.0 , 73.83
51.95 , 73.92
52.14 , 73.81
51.89 , 74.36
52.03 , 73.89
52.2 , 73.76
51.87 , 73.98
52.35 , 73.96
52.04 , 74.33
52.18 , 73.95
51.97 , 73.77
52.21 , 73.95
51.6 , 73.8
52.27 , 73.66
52.63 , 73.93
51.95 , 73.94
52.11 , 73.7
52.42 , 73.9
51.69 , 73.65
52.46 , 74.01
51.99 , 74.0
51.74 , 73.89
52.24 , 74.15
51.55 , 73.61
51.59 , 74.13
52.26 , 73.63
52.17 , 74.19
51.84 , 73.85
51.98 , 73.96
51.94 , 74.04
52.21 , 73.98
51.59 , 73.76
51.54 , 73.68
52.44 , 73.65
52.07 , 73.57
51.93 , 74.13
52.09 , 74.08
52.08 , 73.93
51.82 , 74.24
52.03 , 73.68
51.97 , 74.07
52.3 , 74.11
51.85 , 73.84
52.27 , 73.97
52.04 , 73.84
52.37 , 74.02
51.71 , 73.56
52.06 , 74.27
51.8 , 74.26
51.7 , 73.83
52.11 , 74.47
52.11 , 74.35
51.76 , 74.47
51.88 , 74.48
52.17 , 74.25
51.72 , 73.92
51.68 , 73.72
51.77 , 73.85
52.19 , 74.03
51.94 , 73.82
51.86 , 74.48
51.67 , 74.39
51.79 , 73.92
52.05 , 74.23
51.81 , 74.17
51.62 , 73.91
51.73 , 74.38
51.45 , 74.51
51.93 , 73.96
51.5 , 74.56
51.75 , 74.12
52.01 , 74.17
52.35 , 73.98
51.67 , 74.27
51.79 , 74.36
51.8 , 73.74
51.67 , 74.1
52.38 , 74.06
52.16 , 74.51
51.86 , 74.7
51.7 , 74.31
51.51 , 74.29
51.78 , 74.16
51.79 , 74.23
51.78 , 73.65
51.74 , 74.49
51.44 , 74.68
52.0 , 74.44
51.64 , 74.41
51.83 , 74.62
51.9 , 74.09
51.58 , 74.39
51.96 , 74.31
52.12 , 74.44
51.74 , 74.23
52.29 , 74.67
52.03 , 74.24
51.76 , 74.11
51.16 , 74.36
51.59 , 73.63
51.59 , 74.26
52.19 , 74.02
52.01 , 74.18
51.71 , 74.57
52.04 , 74.28
51.84 , 73.84
51.18 , 74.34
51.64 , 74.18
51.88 , 74.68
51.69 , 74.53
51.85 , 74.35
51.81 , 74.16
51.66 , 74.38
52.08 , 74.36
51.75 , 74.09
51.97 , 74.16
51.75 , 74.43
51.39 , 74.58
51.86 , 74.53
51.95 , 74.5
51.75 , 74.19
51.78 , 74.36
51.89 , 74.05
51.47 , 74.12
51.61 , 74.15
52.09 , 74.56
51.57 , 74.38
51.9 , 74.6
51.35 , 74.61
51.47 , 74.4
51.55 , 74.26
51.61 , 73.84
52.07 , 74.45
51.6 , 74.16
51.89 , 74.14
51.74 , 74.21
51.22 , 74.99
51.64 , 74.12
51.77 , 74.43
51.61 , 74.5
51.52 , 74.45
51.49 , 74.07
51.65 , 74.06
51.84 , 74.65
51.37 , 74.41
51.49 , 74.1
51.83 , 74.71
51.77 , 74.17
51.87 , 74.09
51.68 , 74.92
51.46 , 74.5
51.79 , 74.13
52.24 , 74.14
52.04 , 74.08
51.49 , 74.21
51.3 , 74.58
51.57 , 74.2
52.09 , 74.75
51.44 , 74.4
51.41 , 74.19
51.59 , 74.36
51.53 , 74.3
51.58 , 74.59
51.44 , 74.65
51.85 , 74.7
51.48 , 74.44
51.34 , 74.22
52.03 , 74.73
51.85 , 74.31
51.19 , 74.48
51.44 , 74.12
51.56 , 74.33
51.43 , 74.62
51.36 , 74.9
51.44 , 74.45
51.51 , 74.64
51.73 , 74.74
51.54 , 74.59
51.4 , 74.54
51.51 , 74.42
51.51 , 74.67
51.88 , 74.69
51.46 , 74.23
51.63 , 74.88
51.68 , 74.94
50.94 , 74.83
52.17 , 74.68
51.43 , 74.58
51.58 , 74.73
51.79 , 74.81
51.5 , 74.39
52.0 , 74.84
51.47 , 74.39
51.4 , 74.39
51.91 , 74.96
51.41 , 74.5
51.27 , 75.02
51.27 , 74.57
51.01 , 74.51
51.9 , 74.82
51.62 , 74.93
51.64 , 74.63
51.15 , 74.48
51.32 , 75.2
51.82 , 74.73
51.31 , 75.05
51.61 , 74.69
51.54 , 74.79
51.76 , 74.78
51.32 , 74.99
51.62 , 74.69
51.62 , 74.44
50.81 , 75.1
51.98 , 75.05
51.64 , 74.93
52.02 , 74.78
51.24 , 74.7
51.47 , 74.47
51.26 , 74.8
51.59 , 74.64
51.78 , 74.65
51.33 , 74.88
51.49 , 74.5
51.49 , 75.12
51.58 , 74.56
51.46 , 75.1
51.77 , 74.73
51.64 , 74.61
51.6 , 74.86
51.14 , 74.83
51.42 , 74.76
51.36 , 74.47
51.12 , 74.68
51.78 , 74.54
51.48 , 74.82
51.2 , 74.71
51.69 , 74.53
51.44 , 74.43
51.26 , 74.97
51.41 , 75.05
51.18 , 74.89
51.32 , 74.98
51.83 , 74.8
51.96 , 74.77
51.01 , 74.85
51.31 , 74.61
51.74 , 74.92
50.95 , 74.82
51.51 , 74.7
51.37 , 74.94
51.45 , 74.67
51.64 , 74.45
51.12 , 74.46
51.11 , 74.84
51.53 , 74.85
51.35 , 74.53
51.41 , 75.01
51.42 , 74.49
51.42 , 74.84
51.36 , 74.79
51.65 , 74.7
51.46 , 74.97
51.24 , 75.06
51.8 , 74.5
50.89 , 74.39
51.71 , 74.9
51.3 , 74.52
51.43 , 74.91
51.12 , 74.82
50.99 , 74.75
51.02 , 74.93
51.09 , 74.86
51.4 , 74.99
51.09 , 74.86
51.27 , 74.75
51.12 , 75.12
51.05 , 74.66
51.55 , 75.17
51.29 , 75.0
51.41 , 74.98
51.33 , 74.74
51.33 , 75.28
51.41 , 74.7
51.28 , 74.29
51.5 , 75.16
51.4 , 75.22
51.22 , 74.8
51.15 , 75.67
51.42 , 74.6
51.31 , 74.83
51.38 , 74.93
51.18 , 75.09
51.24 , 74.91
51.61 , 75.38
51.27 , 74.73
51.0 , 74.94
51.4 , 75.0
51.39 , 74.73
51.6 , 75.01
51.56 , 75.16
51.28 , 75.22
51.34 , 74.63
51.26 , 74.85
51.05 , 74.95
51.1 , 74.87
51.25 , 75.12
51.1 , 75.09
50.85 , 74.8
51.17 , 74.86
51.22 , 74.77
51.22 , 75.28
51.19 , 75.03
51.11 , 74.79
51.25 , 75.64
51.57 , 75.27
51.21 , 75.01
51.3 , 75.03
51.15 , 74.75
50.98 , 74.93
51.35 , 74.97
51.22 , 75.03
51.01 , 74.93
50.96 , 75.12
51.14 , 75.44
51.15 , 75.1
50.93 , 75.22
51.56 , 75.35
51.29 , 75.48
51.17 , 75.18
51.28 , 75.07
50.99 , 75.04
51.37 , 74.89
51.36 , 75.07
51.49 , 74.83
50.98 , 75.16
51.3 , 74.8
51.11 , 74.77
51.4 , 75.09
50.98 , 75.4
51.72 , 74.97
50.82 , 75.01
51.18 , 75.05
51.23 , 75.39
50.77 , 74.9
50.94 , 75.13
51.1 , 75.14
51.36 , 75.38
51.28 , 75.0
51.03 , 74.9
51.41 , 74.86
51.06 , 74.97
51.07 , 75.06
51.59 , 75.37
51.28 , 74.79
51.28 , 75.58
50.88 , 75.36
51.09 , 75.08
51.13 , 75.35
50.86 , 75.34
50.63 , 75.07
50.8 , 75.12
50.86 , 75.28
51.37 , 75.56
51.55 , 75.2
51.28 , 75.07
51.31 , 74.97
51.32 , 75.03
50.83 , 75.23
50.38 , 75.23
51.13 , 75.32
50.78 , 74.93
51.04 , 74.77
50.98 , 75.46
50.93 , 75.34
51.06 , 75.39
51.37 , 75.49
50.88 , 75.19
51.34 , 75.23
51.34 , 75.37
50.95 , 75.55
51.37 , 74.96
51.16 , 74.97
50.95 , 75.22
51.22 , 75.22
51.17 , 75.09
51.06 , 75.39
50.93 , 75.12
50.91 , 75.53
51.06 , 75.59
51.37 , 74.76
50.92 , 74.8
50.9 , 74.83
50.97 , 75.14
51.01 , 75.05
51.66 , 75.37
51.08 , 75.33
50.71 , 75.15
51.0 , 76.02
50.91 , 75.31
51.09 , 75.06
51.05 , 75.49
50.77 , 74.93
51.02 , 75.08
50.66 , 75.77
51.17 , 75.06
50.92 , 75.38
51.25 , 75.29
51.18 , 75.55
51.64 , 75.42
50.48 , 75.12
50.93 , 75.4
50.98 , 75.84
50.63 , 75.47
50.67 , 75.04
50.7 , 75.75
51.26 , 75.22
51.05 , 75.35
50.9 , 75.49
50.92 , 75.46
51.09 , 75.48
51.21 , 75.85
50.87 , 75.43
51.33 , 75.63
50.82 , 75.2
50.91 , 75.58
51.1 , 75.82
50.64 , 75.3
51.2 , 75.33
50.99 , 76.04
51.29 , 75.22
50.93 , 75.22
51.25 , 75.19
51.3 , 75.62
50.93 , 75.84
50.97 , 75.13
50.76 , 75.39
50.72 , 75.67
50.74 , 75.56
50.98 , 75.47
50.55 , 75.67
50.52 , 75.47
51.09 , 75.42
50.4 , 75.64
50.89 , 75.03
50.6 , 75.37
50.74 , 75.36
51.1 , 75.53
50.93 , 75.66
50.9 , 75.41
51.16 , 75.4
51.03 , 75.44
50.9 , 75.4
50.62 , 74.96
50.43 , 75.42
50.41 , 75.45
50.25 , 75.92
50.58 , 75.62
50.66 , 75.6
51.46 , 74.69
50.66 , 75.8
50.97 , 75.41
50.75 , 74.99
50.48 , 75.43
51.28 , 75.44
50.93 , 75.66
50.4 , 75.5
50.58 , 76.0
50.69 , 75.45
50.73 , 75.65
50.61 , 75.53
49.99 , 75.3
51.02 , 75.6
50.73 , 75.81
50.85 , 75.83
50.88 , 75.41
50.94 , 75.32
50.77 , 75.54
51.36 , 75.05
50.68 , 75.63
50.67 , 75.68
51.25 , 75.15
51.07 , 75.99
50.92 , 75.51
50.57 , 76.07
50.51 , 75.56
50.82 , 75.24
50.58 , 75.94
51.1 , 75.53
50.77 , 75.69
50.46 , 75.55
50.39 , 75.89
49.88 , 75.31
50.48 , 75.49
50.29 , 75.19
50.61 , 75.48
50.9 , 75.5
50.79 , 75.73
50.94 , 75.49
50.43 , 75.46
50.45 , 75.21
50.46 , 75.79
50.54 , 75.67
50.86 , 75.72
50.78 , 75.71
50.9 , 75.37
50.55 , 75.39
50.92 , 75.68
50.5 , 75.59
50.53 , 75.54
50.99 , 76.14
50.66 , 75.42
51.28 , 75.85
50.65 , 75.84
50.77 , 75.61
50.81 , 75.93
50.59 , 75.79
50.8 , 76.05
50.0 , 76.19
50.35 , 75.48
50.77 , 75.72
50.53 , 75.96
50.77 , 76.14
50.7 , 75.79
50.46 , 75.7
51.06 , 75.62
50.76 , 75.57
50.79 , 75.63
50.85 , 75.6
50.29 , 75.98
50.44 , 75.82
50.46 , 75.88
50.97 , 76.01
50.13 , 76.1
50.99 , 75.51
51.09 , 75.4
50.62 , 75.67
50.82 , 75.68
50.64 , 75.73
50.55 , 75.97
51.01 , 75.9
50.72 , 75.78
50.73 , 75.57
50.57 , 75.53
50.74 , 75.99
50.93 , 75.6
50.03 , 75.53
50.72 , 75.94
50.2 , 75.91
50.01 , 75.58
50.5 , 75.58
50.58 , 75.72
50.5 , 75.95
50.68 , 75.93
50.66 , 76.05
50.43 , 76.16
50.45 , 76.3
50.31 , 76.09
50.14 , 75.86
49.9 , 75.66
50.77 , 75.79
50.68 , 75.81
50.16 , 75.96
50.36 , 75.96
50.61 , 76.03
50.28 , 76.05
50.67 , 76.07
50.52 , 76.1
50.27 , 75.85
50.28 , 75.45
50.83 , 75.76
50.51 , 75.72
50.7 , 76.1
50.1 , 75.88
50.37 , 75.97
50.48 , 76.3
50.39 , 75.97
50.5 , 76.18
50.47 , 76.14
50.56 , 75.57
50.1 , 76.23
50.45 , 75.8
50.71 , 75.76
50.41 , 76.58
50.56 , 75.98
50.53 , 76.09
50.36 , 75.98
50.37 , 75.95
50.65 , 76.29
50.47 , 75.91
50.57 , 76.44
50.63 , 75.98
50.53 , 75.83
50.32 , 76.02
50.8 , 75.9
50.66 , 75.76
50.35 , 75.89
50.04 , 76.27
49.92 , 76.55
50.74 , 76.28
50.3 , 76.2
50.06 , 76.5
50.57 , 76.07
50.85 , 75.96
50.65 , 75.61
50.56 , 76.36
50.52 , 75.61
50.12 , 76.02
51.13 , 75.84
50.82 , 75.99
50.64 , 76.33
50.26 , 76.26
50.59 , 76.18
50.45 , 76.47
50.15 , 76.2
50.39 , 76.05
50.27 , 75.62
50.15 , 76.18
50.5 , 75.93
50.28 , 76.32
49.93 , 75.89
50.4 , 75.95
50.11 , 76.01
50.68 , 75.99
50.04 , 76.29
50.41 , 76.03
50.68 , 76.27
50.22 , 76.23
50.08 , 76.35
50.92 , 76.07
50.38 , 76.13
50.33 , 75.84
50.23 , 76.29
50.24 , 76.49
50.34 , 76.09
50.19 , 76.43
50.09 , 76.19
50.28 , 76.33
50.9 , 75.97
50.12 , 76.27
50.27 , 76.48
50.24 , 76.13
50.68 , 75.85
50.68 , 76.45
50.47 , 76.15
50.6 , 76.51
50.17 , 76.09
49.94 , 76.19
50.23 , 76.24
50.47 , 76.14
50.3 , 76.13
50.27 , 76.38
50.29 , 75.88
49.75 , 76.44
50.2 , 76.11
50.13 , 76.48
50.36 , 76.39
50.19 , 76.44
50.38 , 76.44
49.58 , 76.16
50.52 , 76.24
50.31 , 75.98
50.66 , 76.22
50.41 , 76.22
50.58 , 76.22
50.22 , 76.23
50.53 , 76.37
50.18 , 75.96
50.33 , 76.19
50.07 , 76.17
50.62 , 76.03
49.88 , 76.0
50.18 , 76.35
50.52 , 76.35
50.28 , 76.58
50.72 , 76.58
49.87 , 76.46
50.36 , 76.3
50.15 , 76.16
50.08 , 76.01
50.51 , 76.46
50.55 , 76.54
49.73 , 76.3
50.51 , 76.59
50.43 , 76.37
50.05 , 76.57
50.14 , 75.9
50.41 , 76.19
49.81 , 76.28
49.96 , 76.66
50.19 , 76.9
50.04 , 76.35
50.15 , 76.68
50.07 , 76.75
50.18 , 76.23
50.71 , 76.61
50.35 , 76.66
50.39 , 76.16
50.24 , 75.96
50.46 , 75.99
50.17 , 76.22
50.57 , 76.04
50.61 , 76.71
50.25 , 76.41
49.96 , 76.73
50.35 , 76.67
50.28 , 76.54
50.08 , 76.18
49.9 , 76.29
49.8 , 76.53
49.6 , 76.53
50.4 , 76.34
50.71 , 76.69
50.32 , 76.89
50.65 , 76.08
49.93 , 75.81
50.29 , 76.02
50.24 , 76.5
50.15 , 76.43
50.32 , 76.55
50.02 , 76.33
50.09 , 76.7
50.17 , 76.25
49.89 , 76.55
50.18 , 76.72
50.46 , 76.38
50.4 , 76.4
49.71 , 77.09
50.29 , 76.4
49.7 , 76.52
50.04 , 76.49
49.7 , 76.86
49.94 , 76.83
50.04 , 75.92
49.6 , 76.52
50.31 , 76.97
50.31 , 76.27
50.02 , 76.9
50.05 , 76.68
50.43 , 76.58
50.47 , 76.48
49.99 , 76.27
50.33 , 77.01
50.18 , 76.39
49.96 , 76.69
50.21 , 76.61
50.69 , 76.43
49.97 , 76.66
50.15 , 76.29
50.24 , 77.05
50.01 , 76.55
50.53 , 76.17
49.61 , 76.62
50.24 , 77.1
50.14 , 76.54
50.35 , 76.45
49.88 , 76.41
49.72 , 76.65
50.17 , 76.61
50.36 , 76.75
50.38 , 76.54
50.08 , 76.67
50.36 , 76.69
50.22 , 76.76
49.67 , 76.79
49.95 , 76.87
49.99 , 76.48
49.96 , 76.53
50.27 , 76.23
49.65 , 76.37
49.89 , 76.63
50.58 , 77.08
50.01 , 77.05
49.9 , 76.84
50.03 , 76.83
50.13 , 76.5
49.59 , 76.36
50.03 , 76.42
50.3 , 75.93
49.88 , 76.92
49.65 , 76.76
49.98 , 76.66
50.02 , 76.64
50.63 , 76.9
50.22 , 76.57
49.36 , 76.64
50.15 , 77.15
49.73 , 76.92
49.62 , 76.61
49.97 , 76.87
50.18 , 76.58
49.88 , 76.42
50.02 , 76.27
50.17 , 76.85
49.66 , 76.75
50.11 , 76.84
49.64 , 77.0
49.82 , 76.43
49.92 , 76.58
50.02 , 76.53
49.53 , 76.39
49.97 , 76.8
49.3 , 76.66
49.43 , 76.87
49.88 , 76.7
49.61 , 76.35
50.06 , 76.6
49.59 , 76.65
49.55 , 76.76
49.98 , 76.28
49.63 , 76.46
49.62 , 76.95
49.8 , 76.56
49.76 , 76.39
49.95 , 77.07
50.04 , 77.04
49.76 , 77.28
49.69 , 77.28
50.05 , 77.0
49.48 , 77.1
49.93 , 76.89
49.91 , 77.02
50.03 , 76.9
49.43 , 76.9
49.85 , 77.07
50.02 , 77.01
49.92 , 76.9
49.59 , 77.22
49.73 , 76.76
49.95 , 76.78
49.74 , 76.88
49.79 , 76.97
49.73 , 76.55
49.84 , 76.72
50.06 , 76.78
49.87 , 76.6
49.52 , 76.76
49.97 , 77.01
49.84 , 77.31
49.57 , 76.68
49.81 , 77.0
49.3 , 76.78
49.58 , 76.92
50.01 , 76.73
50.01 , 76.72
49.99 , 76.94
50.01 , 76.97
49.61 , 77.05
49.41 , 77.25
49.71 , 76.99
49.59 , 76.79
49.6 , 76.81
49.87 , 76.97
49.78 , 76.81
49.78 , 76.93
49.85 , 76.98
49.45 , 77.09
49.65 , 76.59
49.81 , 77.04
50.04 , 76.9
49.96 , 76.69
49.81 , 77.5
49.54 , 76.89
49.43 , 76.89
49.24 , 77.16
49.95 , 77.2
49.75 , 76.96
50.01 , 76.72
49.35 , 76.85
49.83 , 76.82
49.92 , 76.76
49.77 , 77.43
49.87 , 76.8
49.27 , 76.96
50.25 , 77.08
49.72 , 76.89
49.55 , 77.19
49.75 , 77.28
49.55 , 77.06
49.74 , 76.71
50.26 , 76.88
49.81 , 77.17
49.82 , 77.13
49.16 , 77.12
49.52 , 76.72
49.66 , 77.13
49.45 , 77.13
49.8 , 77.37
49.52 , 77.08
49.64 , 76.63
49.71 , 77.54
49.58 , 77.3
49.72 , 76.74
49.86 , 77.07
49.38 , 77.45
49.84 , 77.29
49.74 , 77.63
49.79 , 76.72
49.47 , 76.66
49.97 , 76.95
49.7 , 77.24
49.55 , 76.8
49.72 , 76.92
49.71 , 77.21
50.12 , 76.59
49.39 , 77.67
49.9 , 77.16
49.42 , 76.97
49.76 , 77.52
49.16 , 77.06
50.13 , 78.02
49.89 , 76.95
49.49 , 77.48
49.56 , 77.52
49.87 , 77.1
49.19 , 77.11
49.51 , 77.26
49.6 , 77.33
49.6 , 77.4
49.54 , 77.35
49.43 , 77.14
50.04 , 77.35
50.0 , 77.23
49.47 , 76.98
49.12 , 77.31
49.83 , 76.91
49.65 , 77.79
49.53 , 77.23
49.51 , 77.22
49.35 , 76.66
49.31 , 76.83
49.44 , 77.09
49.63 , 76.94
49.46 , 77.27
49.33 , 77.65
49.58 , 77.18
49.7 , 77.08
49.34 , 77.06
49.1 , 77.12
49.2 , 77.18
49.68 , 77.24
49.26 , 77.53
49.65 , 77.28
49.28 , 77.24
49.77 , 77.44
49.0 , 77.37
49.56 , 77.25
49.57 , 77.47
50.0 , 77.16
49.45 , 77.38
49.66 , 77.65
49.02 , 77.62
50.09 , 77.21
49.26 , 76.95
49.12 , 77.64
49.46 , 77.45
49.36 , 77.03
49.26 , 77.19
49.51 , 77.37
49.58 , 77.45
49.53 , 76.8
49.52 , 77.79
49.43 , 77.21
49.35 , 76.76
48.85 , 77.29
49.61 , 77.21
49.5 , 77.61
49.45 , 77.35
49.55 , 77.53
49.71 , 77.41
49.22 , 77.25
49.37 , 77.31
49.61 , 77.2
49.17 , 77.75
49.37 , 77.56
49.43 , 77.43
49.38 , 76.93
49.55 , 77.73
49.78 , 76.87
49.29 , 77.49
49.76 , 77.75
49.03 , 77.37
48.95 , 77.26
49.73 , 77.54
49.37 , 77.76
49.37 , 77.05
49.63 , 77.15
49.35 , 77.43
49.47 , 77.51
49.01 , 77.32
49.24 , 77.86
49.67 , 77.38
49.33 , 77.56
49.6 , 77.16
49.85 , 77.68
49.33 , 77.58
49.46 , 77.31
49.39 , 77.61
49.38 , 77.24
49.31 , 77.3
49.15 , 77.2
49.78 , 77.66
49.22 , 77.83
49.63 , 77.48
49.29 , 77.38
49.55 , 77.51
49.62 , 77.84
49.3 , 77.14
49.35 , 77.2
49.15 , 77.56
49.58 , 77.95
49.32 , 77.57
49.02 , 77.88
49.12 , 77.52
48.78 , 77.4
49.5 , 77.24
49.31 , 77.3
49.27 , 77.55
49.63 , 77.28
49.05 , 77.63
49.1 , 77.52
49.14 , 77.75
49.37 , 77.52
49.2 , 77.57
49.46 , 77.26
49.44 , 77.66
49.52 , 77.67
49.58 , 77.61
49.41 , 77.87
48.8 , 77.76
49.5 , 77.54
49.23 , 77.19
49.43 , 77.28
48.85 , 77.42
49.1 , 77.57
49.38 , 77.76
49.42 , 77.52
49.4 , 77.27
49.33 , 77.67
49.26 , 77.85
49.18 , 77.73
49.53 , 77.5
49.01 , 77.65
49.09 , 78.03
49.61 , 77.76
49.16 , 77.68
49.51 , 77.54
49.25 , 77.88
49.58 , 77.04
49.19 , 77.5
49.07 , 78.08
49.33 , 77.78
49.9 , 77.39
49.58 , 77.85
49.26 , 77.58
49.05 , 77.31
49.44 , 77.7
49.16 , 77.96
49.02 , 77.75
49.23 , 77.74
49.43 , 77.59
49.35 , 77.2
49.33 , 77.57
49.43 , 77.37
48.72 , 77.51
48.96 , 77.33
49.07 , 77.98
49.3 , 77.65
49.05 , 77.28
48.6 , 77.54
48.82 , 78.06
49.37 , 77.8
49.29 , 77.66
48.88 , 77.61
49.35 , 77.59
49.58 , 77.66
49.31 , 77.76
48.99 , 77.88
49.09 , 78.25
49.34 , 77.95
49.27 , 77.96
48.96 , 78.12
49.08 , 78.04
49.26 , 77.37
49.08 , 77.67
49.0 , 77.63
49.04 , 77.57
49.1 , 77.62
48.83 , 77.29
49.14 , 77.99
49.23 , 77.48
49.57 , 78.17
49.38 , 77.86
49.32 , 77.75
48.9 , 78.07
48.71 , 77.97
48.84 , 77.85
49.02 , 78.2
49.58 , 77.36
49.18 , 77.88
48.89 , 77.08
49.1 , 77.96
49.37 , 77.7
49.47 , 77.7
49.01 , 78.19
49.0 , 77.58
49.05 , 77.9
49.4 , 77.54
49.02 , 78.32
48.73 , 78.01
48.79 , 77.83
48.94 , 77.74
49.12 , 77.9
48.82 , 78.24
49.65 , 77.94
48.92 , 77.7
49.0 , 77.51
49.43 , 77.87
49.07 , 77.59
49.05 , 78.38
48.88 , 78.21
49.09 , 77.93
49.33 , 77.9
49.0 , 77.6
49.02 , 77.65
49.0 , 78.07
49.16 , 77.41
49.02 , 77.76
49.33 , 78.28
49.21 , 78.14
49.13 , 77.66
48.47 , 77.81
48.82 , 78.18
49.37 , 78.21
48.93 , 77.84
48.74 , 77.8
49.27 , 77.95
48.9 , 77.9
48.81 , 77.76
48.83 , 78.15
49.11 , 77.99
48.9 , 77.72
49.44 , 78.01
48.73 , 78.44
48.75 , 77.57
49.0 , 78.01
49.0 , 78.18
48.94 , 77.77
48.89 , 77.82
49.32 , 77.82
48.99 , 78.1
48.74 , 77.92
49.2 , 77.77
49.16 , 77.92
49.09 , 78.03
48.98 , 78.02
48.86 , 77.83
49.01 , 78.24
48.96 , 78.35
48.96 , 77.73
49.35 , 78.21
49.36 , 77.86
49.3 , 78.2
48.7 , 78.62
48.76 , 77.91
49.06 , 77.84
49.18 , 78.34
48.78 , 77.83
48.75 , 78.68
48.95 , 78.08
49.48 , 78.19
48.61 , 78.02
49.17 , 78.04
49.06 , 77.7
49.0 , 78.29
48.55 , 78.09
48.99 , 78.14
48.72 , 78.5
48.91 , 78.16
48.68 , 78.14
48.81 , 77.6
48.93 , 78.42
48.6 , 78.22
48.77 , 78.25
48.81 , 78.22
48.32 , 78.12
49.03 , 78.03
49.22 , 77.9
48.9 , 78.11
49.11 , 78.26
49.39 , 77.59
48.65 , 77.83
48.98 , 78.3
48.71 , 78.28
48.58 , 78.39
48.38 , 78.42
49.08 , 78.08
48.94 , 78.39
48.63 , 78.39
48.71 , 78.1
48.41 , 78.09
48.89 , 78.12
49.18 , 78.45
48.18 , 78.48
48.82 , 77.82
48.82 , 78.19
48.75 , 77.83
48.77 , 78.62
48.38 , 77.78
48.52 , 77.89
48.63 , 78.06
48.11 , 78.36
48.59 , 77.82
49.26 , 78.58
48.81 , 78.51
48.6 , 78.18
48.97 , 78.03
49.16 , 78.13
49.58 , 78.42
48.9 , 78.13
49.1 , 78.33
48.7 , 78.19
48.95 , 78.36
48.77 , 78.27
48.49 , 78.29
48.97 , 77.93
48.85 , 78.8
48.44 , 78.47
48.85 , 78.31
48.71 , 78.33
48.9 , 78.42
48.66 , 78.23
48.29 , 78.42
48.9 , 78.42
48.59 , 77.78
48.59 , 78.38
48.63 , 78.54
48.3 , 78.32
49.0 , 78.49
48.41 , 77.94
48.41 , 78.36
48.96 , 78.51
47.98 , 78.25
48.57 , 78.05
48.71 , 78.55
48.52 , 78.48
48.86 , 78.08
48.92 , 78.11
48.41 , 78.37
48.83 , 78.47
48.47 , 78.34
48.44 , 78.22
48.64 , 78.62
48.73 , 77.86
48.66 , 78.51
48.2 , 78.22
48.46 , 78.57
48.63 , 78.71
48.38 , 78.39
48.9 , 78.57
48.99 , 78.71
48.95 , 78.69
48.61 , 78.8
48.23 , 78.06
48.4 , 78.49
48.75 , 78.7
48.58 , 78.24
48.8 , 78.42
49.11 , 77.88
48.19 , 77.88
48.37 , 78.19
48.7 , 78.27
49.01 , 78.18
48.52 , 78.71
48.61 , 78.52
48.65 , 78.68
49.04 , 78.46
48.35 , 78.29
48.49 , 78.68
48.73 , 78.27
48.58 , 78.72
48.82 , 78.7
48.68 , 78.36
48.52 , 78.34
48.44 , 78.73
49.17 , 78.55
48.66 , 78.47
48.19 , 78.5
48.73 , 78.46
49.15 , 78.57
48.91 , 78.68
48.81 , 77.64
48.48 , 77.87
48.42 , 78.23
48.61 , 78.36
48.57 , 78.75
48.72 , 78.79
48.39 , 78.67
48.38 , 78.25
48.99 , 78.15
48.32 , 78.37
48.4 , 78.54
48.76 , 78.45
48.69 , 78.86
48.49 , 78.34
48.88 , 78.71
48.52 , 78.5
48.51 , 78.21
48.25 , 78.48
48.18 , 78.77
48.89 , 78.74
48.46 , 78.3
48.78 , 78.86
48.55 , 78.87
48.24 , 78.66
48.91 , 78.82
48.37 , 78.36
48.8 , 78.65
48.66 , 78.7
48.71 , 78.38
48.17 , 78.35
48.28 , 78.9
48.99 , 78.49
48.07 , 78.45
48.84 , 78.9
48.97 , 79.04
48.2 , 78.61
48.24 , 78.2
48.34 , 78.74
48.5 , 78.77
48.48 , 79.21
48.19 , 78.86
48.13 , 78.93
48.3 , 78.88
48.46 , 78.6
48.54 , 78.36
48.5 , 78.18
48.86 , 79.21
48.4 , 78.48
48.43 , 78.59
48.22 , 78.74
48.44 , 78.75
48.64 , 79.23
48.33 , 78.99
48.92 , 78.85
48.32 , 79.24
48.25 , 78.59
48.44 , 78.88
49.07 , 78.48
48.56 , 79.11
48.26 , 78.77
48.32 , 78.84
48.42 , 78.49
48.26 , 78.84
48.37 , 79.14
48.57 , 78.91
48.84 , 79.16
48.43 , 78.96
48.53 , 79.05
48.46 , 78.87
48.16 , 79.32
48.93 , 78.9
48.81 , 78.71
48.47 , 79.27
48.24 , 78.69
48.28 , 78.69
48.21 , 79.09
48.56 , 78.7
48.27 , 79.09
48.6 , 79.12
48.58 , 79.0
48.67 , 78.93
48.15 , 78.62
48.92 , 78.89
47.78 , 79.0
48.15 , 78.77
48.38 , 78.67
48.43 , 78.74
48.29 , 78.65
47.69 , 78.61
48.39 , 78.96
48.6 , 78.9
48.24 , 78.4
48.03 , 78.69
48.31 , 79.16
48.51 , 79.31
48.08 , 78.52
48.21 , 78.73
48.45 , 79.46
48.09 , 78.66
48.3 , 79.08
48.7 , 78.53
48.25 , 78.78
48.53 , 78.72
48.67 , 78.73
48.58 , 79.07
48.12 , 78.7
48.14 , 78.71
48.05 , 78.92
48.13 , 78.5
48.28 , 78.49
48.43 , 78.87
48.17 , 78.62
47.9 , 79.03
48.47 , 78.91
48.52 , 79.01
48.2 , 78.92
48.34 , 79.11
48.4 , 78.73
48.44 , 78.92
48.22 , 79.33
48.58 , 78.9
48.0 , 79.11
48.33 , 78.99
48.52 , 79.3
48.0 , 79.23
48.47 , 78.71
48.07 , 78.67
47.99 , 79.26
48.48 , 79.23
48.57 , 78.76
48.51 , 78.47
48.45 , 78.92
47.94 , 79.16
48.11 , 78.88
48.03 , 78.83
48.25 , 79.46
48.28 , 79.0
48.51 , 78.8
48.26 , 78.58
48.19 , 79.35
48.57 , 79.62
48.02 , 78.91
47.9 , 78.9
48.47 , 79.04
47.89 , 78.97
48.43 , 79.11
48.39 , 78.89
48.49 , 78.83
48.22 , 79.17
48.49 , 78.94
48.26 , 79.53
48.05 , 78.89
48.4 , 79.47
48.32 , 78.99
47.94 , 79.22
47.98 , 78.61
47.96 , 79.33
48.39 , 79.0
48.12 , 79.2
47.99 , 79.1
48.11 , 78.51
48.24 , 79.14
48.2 , 79.23
47.88 , 79.24
48.59 , 78.8
47.76 , 79.06
47.91 , 78.9
47.95 , 79.3
47.93 , 79.0
48.33 , 79.11
48.09 , 79.14
47.48 , 79.43
48.49 , 79.01
47.77 , 79.02
48.2 , 79.04
48.43 , 79.14
48.47 , 79.07
48.34 , 79.19
48.1 , 79.08
48.6 , 79.09
48.08 , 79.16
48.01 , 78.94
48.0 , 79.22
48.26 , 79.06
48.19 , 78.94
48.32 , 78.72
48.01 , 79.57
47.91 , 79.45
48.09 , 79.33
48.18 , 79.04
48.17 , 79.4
48.23 , 79.23
48.39 , 79.2
47.83 , 79.21
48.02 , 79.16
48.48 , 79.43
47.99 , 79.31
48.16 , 79.4
48.18 , 79.03
48.02 , 79.42
48.12 , 79.61
48.04 , 79.04
48.37 , 78.28
48.05 , 79.12
48.33 , 79.23
47.91 , 79.94
48.51 , 79.05
47.92 , 79.2
48.13 , 79.61
48.08 , 79.49
47.58 , 79.22
48.53 , 79.18
47.91 , 78.96
48.18 , 79.1
48.29 , 79.16
47.6 , 79.19
47.92 , 79.31
48.33 , 79.4
48.2 , 79.48
47.7 , 79.16
48.16 , 79.37
48.12 , 79.02
48.0 , 79.04
48.58 , 79.57
48.08 , 79.27
47.93 , 79.29
47.42 , 79.62
48.0 , 79.93
47.57 , 79.28
48.03 , 79.51
48.01 , 79.35
48.29 , 79.35
48.16 , 79.51
47.86 , 79.44
47.98 , 79.28
47.79 , 79.38
47.79 , 79.39
48.29 , 79.54
47.73 , 79.55
48.12 , 79.6
47.77 , 79.64
48.13 , 79.44
47.7 , 79.53
47.79 , 79.34
47.88 , 79.55
48.08 , 79.65
47.72 , 78.95
48.0 , 79.14
48.06 , 78.81
47.97 , 79.46
48.13 , 79.45
47.95 , 79.26
47.79 , 79.36
48.08 , 79.23
47.68 , 79.74
47.89 , 79.28
48.02 , 79.51
47.99 , 79.61
48.07 , 79.75
47.78 , 79.87
47.45 , 79.65
47.52 , 79.69
47.9 , 79.37
47.76 , 79.01
48.17 , 79.69
47.98 , 79.65
47.69 , 79.66
47.77 , 79.43
47.65 , 79.68
47.63 , 79.19
48.1 , 79.26
48.01 , 78.85
47.91 , 79.34
47.76 , 79.6
47.73 , 79.26
48.08 , 79.32
48.03 , 79.71
47.96 , 79.44
47.94 , 79.46
47.43 , 79.9
48.11 , 79.84
47.49 , 79.51
47.77 , 79.75
48.49 , 79.72
47.89 , 79.57
48.13 , 79.81
47.95 , 79.37
47.77 , 79.71
47.71 , 79.59
48.11 , 79.45
47.98 , 79.35
47.91 , 79.85
48.37 , 79.66
47.58 , 79.5
48.0 , 79.74
47.76 , 79.72
47.37 , 79.5
47.8 , 79.38
47.18 , 79.4
48.18 , 79.23
47.43 , 79.98
47.57 , 79.71
47.78 , 79.89
47.61 , 79.22
48.04 , 79.83
47.54 , 79.46
47.82 , 79.71
47.7 , 79.47
47.7 , 79.4
47.7 , 79.34
47.63 , 79.62
47.94 , 79.45
47.69 , 79.36
48.16 , 79.59
48.08 , 79.59
47.99 , 79.59
47.74 , 79.43
47.58 , 80.1
47.96 , 79.56
47.67 , 79.86
47.8 , 80.0
47.53 , 79.59
48.1 , 80.0
47.99 , 79.9
47.53 , 79.6
48.09 , 79.37
47.74 , 79.87
47.89 , 79.77
48.03 , 79.99
47.77 , 79.72
47.45 , 79.74
47.61 , 79.7
47.56 , 79.93
47.82 , 79.29
47.95 , 80.35
47.46 , 79.7
47.89 , 79.72
47.45 , 79.92
47.96 , 79.47
47.71 , 80.16
47.75 , 79.84
48.14 , 79.33
48.38 , 79.42
47.85 , 79.81
48.09 , 79.62
47.79 , 80.23
47.85 , 80.06
47.76 , 79.65
47.83 , 79.39
47.24 , 79.84
47.95 , 79.73
47.53 , 79.59
47.72 , 79.58
47.92 , 79.63
47.37 , 79.85
47.14 , 79.91
48.12 , 80.04
47.9 , 79.88
47.75 , 79.85
47.93 , 79.93
47.5 , 79.55
47.09 , 79.71
47.5 , 79.82
47.76 , 79.58
47.71 , 79.96
47.99 , 79.57
47.85 , 79.83
47.61 , 79.9
47.82 , 79.69
47.75 , 79.7
47.33 , 80.03
47.69 , 79.64
47.99 , 79.82
47.14 , 80.01
47.5 , 79.65
47.44 , 79.93
47.67 , 79.82
47.61 , 79.63
47.92 , 79.68
47.86 , 80.17
47.31 , 79.63
47.69 , 79.93
47.84 , 79.59
47.96 , 79.85
47.62 , 80.12
47.38 , 79.65
47.84 , 79.8
47.27 , 79.87
47.82 , 79.81
47.44 , 79.58
47.49 , 80.35
47.52 , 79.92
47.57 , 80.18
47.75 , 80.17
47.71 , 80.19
47.86 , 79.96
47.47 , 80.01
47.81 , 79.54
47.9 , 79.94
47.44 , 80.41
47.7 , 80.02
47.86 , 79.98
47.73 , 79.22
47.69 , 79.85
47.59 , 79.8
47.88 , 80.01
47.84 , 80.0
47.68 , 80.14
47.62 , 79.94
47.6 , 79.8
47.7 , 79.7
47.23 , 79.34
47.18 , 80.31
47.41 , 79.5
47.46 , 80.11
47.54 , 80.06
47.31 , 79.82
47.74 , 80.03
47.49 , 80.09
47.2 , 79.47
47.52 , 79.97
47.78 , 80.0
47.63 , 80.43
47.74 , 80.05
47.21 , 80.22
47.2 , 79.87
47.9 , 79.86
47.56 , 79.75
47.6 , 80.17
47.6 , 80.01
47.58 , 80.05
47.47 , 80.1
47.35 , 80.26
47.75 , 80.14
47.62 , 79.8
47.7 , 80.33
47.68 , 79.72
47.79 , 80.06
47.04 , 80.38
47.53 , 79.95
47.2 , 79.77
47.01 , 79.7
47.26 , 80.39
47.6 , 79.69
47.43 , 80.1
47.34 , 79.69
47.05 , 80.49
47.44 , 80.32
47.51 , 80.12
48.21 , 80.11
47.42 , 79.47
47.38 , 79.96
47.36 , 80.53
47.51 , 80.03
47.02 , 80.18
47.79 , 80.18
47.65 , 80.32
47.57 , 80.61
47.53 , 80.16
47.85 , 80.05
47.32 , 80.25
47.6 , 80.42
47.45 , 80.16
47.31 , 79.79
47.71 , 80.07
47.3 , 80.05
47.0 , 79.87
47.59 , 79.81
47.52 , 80.25
46.99 , 80.18
47.3 , 80.4
47.43 , 80.22
47.4 , 79.97
47.48 , 80.33
47.61 , 80.09
47.56 , 80.28
47.69 , 80.4
47.52 , 80.2
47.47 , 79.98
47.13 , 80.09
47.24 , 80.76
47.59 , 80.69
47.46 , 80.35
47.62 , 79.88
47.45 , 80.13
47.32 , 80.05
47.53 , 80.05
47.03 , 80.15
47.19 , 80.55
47.23 , 80.55
47.01 , 80.19
47.22 , 80.38
46.81 , 80.0
47.52 , 80.11
47.35 , 80.15
47.34 , 79.76
47.29 , 80.06
47.13 , 80.38
46.82 , 80.35
47.42 , 80.03
46.96 , 80.18
47.19 , 80.4
47.53 , 80.04
47.41 , 79.82
47.45 , 80.45
47.15 , 80.0
47.25 , 80.17
47.22 , 80.47
47.69 , 80.17
47.16 , 79.91
46.97 , 80.6
47.37 , 80.26
46.78 , 80.58
47.14 , 80.3
46.76 , 80.28
47.17 , 80.06
47.1 , 80.21
47.47 , 80.29
47.15 , 80.45
47.37 , 80.22
47.2 , 80.13
47.05 , 80.46
47.41 , 80.09
47.69 , 80.45
47.1 , 80.63
47.25 , 80.08
47.0 , 80.47
46.91 , 80.22
47.3 , 80.42
47.16 , 80.26
47.38 , 80.38
47.03 , 80.42
47.06 , 80.64
47.23 , 80.03
47.22 , 80.46
46.7 , 80.59
47.5 , 80.4
47.21 , 80.61
47.54 , 80.32
47.05 , 80.47
47.17 , 80.24
47.34 , 80.68
47.03 , 80.37
47.01 , 80.43
47.18 , 80.56
47.23 , 80.83
47.39 , 80.78
47.0 , 80.66
46.88 , 80.43
47.16 , 80.34
47.53 , 80.19
47.25 , 80.11
47.12 , 80.33
46.86 , 80.83
47.13 , 80.43
47.38 , 80.12
47.12 , 80.69
46.95 , 80.9
47.08 , 81.23
47.25 , 80.29
47.02 , 80.21
47.08 , 80.6
47.2 , 80.59
47.41 , 80.32
47.16 , 80.58
47.12 , 80.47
47.18 , 80.09
47.26 , 80.85
46.9 , 80.57
46.86 , 80.53
46.75 , 80.62
46.93 , 80.6
47.53 , 80.24
47.46 , 80.41
47.22 , 80.66
47.41 , 80.67
46.85 , 80.04
47.49 , 79.91
47.33 , 80.95
47.28 , 80.84
47.14 , 80.4
47.17 , 80.55
47.1 , 80.41
46.72 , 80.88
47.35 , 80.65
46.88 , 80.49
47.09 , 80.54
47.21 , 80.88
46.67 , 80.72
47.04 , 80.77
47.2 , 80.61
47.15 , 80.58
47.24 , 80.41
47.2 , 80.56
46.99 , 80.88
46.73 , 80.5
46.83 , 81.2
47.28 , 80.81
47.2 , 80.86
47.17 , 80.41
47.35 , 80.03
46.79 , 80.65
47.07 , 80.59
46.8 , 80.39
46.94 , 80.8
47.33 , 80.67
47.23 , 80.52
46.96 , 80.47
46.93 , 80.84
46.41 , 80.4
46.75 , 80.87
47.25 , 81.05
46.87 , 80.55
46.68 , 80.46
47.35 , 80.6
46.65 , 80.49
47.29 , 80.78
46.94 , 80.86
46.94 , 80.44
47.14 , 80.6
46.94 , 80.95
46.78 , 80.68
47.21 , 80.58
47.0 , 81.05
46.65 , 81.21
46.47 , 80.72
46.8 , 80.43
47.18 , 80.72
46.63 , 80.69
47.1 , 80.76
47.22 , 81.34
46.98 , 80.8
47.08 , 81.01
46.65 , 80.77
46.96 , 80.92
47.05 , 80.53
46.92 , 80.48
46.98 , 81.26
46.73 , 80.76
47.39 , 80.82
46.47 , 80.7
46.74 , 81.1
47.29 , 81.46
46.69 , 80.79
46.67 , 80.54
47.0 , 80.97
47.78 , 81.03
46.88 , 81.09
47.03 , 80.88
46.84 , 80.73
46.5 , 80.85
46.73 , 80.58
47.04 , 80.6
46.74 , 80.95
47.02 , 81.05
46.86 , 80.64
47.34 , 80.57
47.1 , 80.76
47.05 , 80.7
46.23 , 80.86
47.03 , 80.64
46.71 , 81.17
47.14 , 81.2
46.89 , 80.83
46.76 , 80.47
46.87 , 80.68
47.26 , 80.79
47.08 , 81.1
46.68 , 81.24
46.98 , 80.71
46.97 , 80.97
47.39 , 80.77
46.37 , 80.66
46.94 , 81.25
46.73 , 80.93
46.21 , 80.39
46.66 , 80.68
46.43 , 81.25
46.73 , 80.49
46.83 , 80.82
46.82 , 81.04
46.67 , 80.91
47.13 , 80.78
47.12 , 81.18
46.46 , 81.04
46.92 , 81.04
46.63 , 80.92
46.6 , 81.19
46.6 , 80.95
47.05 , 81.12
46.88 , 81.0
46.61 , 81.22
46.66 , 80.64
46.69 , 80.84
46.7 , 80.68
46.22 , 81.37
46.65 , 81.28
46.51 , 80.79
46.91 , 81.01
46.54 , 80.79
47.14 , 81.17
46.78 , 81.7
46.91 , 81.01
46.79 , 80.47
46.7 , 81.19
46.63 , 80.79
46.86 , 81.13
46.54 , 81.18
46.78 , 80.84
46.33 , 81.33
46.63 , 81.25
46.89 , 81.17
47.17 , 80.98
46.76 , 80.58
47.22 , 80.94
46.34 , 80.82
46.85 , 80.63
46.54 , 80.81
46.87 , 81.02
46.34 , 81.27
46.56 , 80.89
46.66 , 81.04
46.58 , 81.24
46.9 , 81.08
46.62 , 81.34
46.75 , 81.21
46.75 , 80.96
47.13 , 80.9
46.76 , 81.17
46.56 , 80.74
46.62 , 81.06
46.74 , 80.96
46.7 , 81.03
46.62 , 80.92
46.46 , 80.67
46.13 , 81.68
46.53 , 81.65
46.75 , 81.17
46.78 , 81.44
46.89 , 82.02
46.71 , 81.31
46.76 , 81.29
46.66 , 81.22
46.26 , 80.94
46.64 , 81.12
46.44 , 81.28
47.07 , 81.36
46.68 , 80.78
46.73 , 81.2
46.88 , 80.82
46.3 , 80.72
46.6 , 81.36
46.02 , 81.14
46.83 , 81.66
46.6 , 81.17
47.03 , 80.82
47.02 , 81.47
46.5 , 81.2
46.1 , 81.17
46.76 , 81.15
46.42 , 81.74
46.59 , 81.32
46.23 , 81.09
46.89 , 81.02
46.19 , 81.2
46.69 , 81.21
46.02 , 81.48
46.56 , 81.6
46.67 , 81.09
46.25 , 81.3
46.58 , 81.39
46.97 , 81.54
46.44 , 81.67
46.6 , 81.2
46.55 , 81.19
46.9 , 81.73
46.25 , 81.44
45.89 , 81.22
46.5 , 80.59
47.09 , 81.78
46.57 , 81.55
46.18 , 81.8
46.04 , 81.3
46.33 , 81.25
46.39 , 81.65
46.53 , 81.52
46.43 , 81.5
46.47 , 81.82
46.39 , 81.35
46.0 , 81.54
46.48 , 80.92
46.44 , 81.13
46.11 , 81.43
46.43 , 81.68
46.29 , 81.44
46.29 , 81.41
46.72 , 81.34
46.24 , 81.58
46.62 , 81.46
46.57 , 81.28
46.58 , 81.48
46.25 , 81.4
46.99 , 81.38
46.08 , 80.84
46.87 , 81.38
46.45 , 81.14
46.46 , 81.39
46.31 , 81.37
46.48 , 81.56
46.52 , 81.28
46.22 , 81.65
46.46 , 81.18
46.09 , 81.56
46.66 , 81.07
46.38 , 81.68
46.35 , 81.72
46.65 , 81.51
46.31 , 81.39
46.16 , 81.67
46.39 , 81.49
46.57 , 81.52
46.01 , 81.56
46.67 , 81.55
46.15 , 81.49
46.59 , 81.26
46.06 , 81.45
46.42 , 81.38
46.31 , 81.65
46.73 , 81.65
46.32 , 81.63
46.5 , 81.24
46.81 , 81.62
46.43 , 81.44
46.2 , 81.16
46.37 , 81.27
46.13 , 81.31
46.42 , 81.38
46.18 , 81.41
46.35 , 81.92
46.35 , 81.46
46.43 , 81.19
46.34 , 81.65
46.44 , 81.93
46.33 , 82.13
46.24 , 81.14
46.14 , 80.99
45.93 , 81.78
46.25 , 81.55
46.3 , 81.4
46.26 , 81.34
46.34 , 81.25
46.34 , 81.69
46.07 , 81.51
46.07 , 81.53
46.21 , 81.39
46.35 , 81.79
46.38 , 81.42
46.44 , 81.82
45.96 , 81.45
46.21 , 81.97
46.48 , 81.9
46.18 , 81.38
46.25 , 81.4
46.16 , 81.82
46.11 , 81.92
45.97 , 81.09
46.09 , 81.22
46.37 , 81.29
45.68 , 81.55
45.95 , 82.0
46.42 , 81.69
46.31 , 81.81
46.26 , 81.38
46.11 , 81.71
46.33 , 81.52
46.42 , 81.78
46.12 , 82.15
46.47 , 81.65
45.95 , 81.86
46.15 , 81.79
45.99 , 81.96
46.54 , 81.68
46.15 , 81.99
46.42 , 81.69
46.28 , 81.71
45.84 , 81.72
46.14 , 81.54
46.4 , 81.28
45.94 , 81.32
46.31 , 81.59
46.41 , 81.49
46.14 , 81.81
45.94 , 81.75
46.17 , 81.47
46.06 , 81.61
46.18 , 81.7
46.67 , 81.34
46.45 , 81.7
46.38 , 81.58
46.07 , 81.61
46.2 , 81.86
46.46 , 81.24
46.3 , 81.75
46.42 , 82.04
46.34 , 82.16
46.07 , 81.99
46.42 , 81.51
46.11 , 81.37
45.97 , 82.06
46.43 , 81.71
46.16 , 81.73
46.44 , 81.52
46.38 , 81.99
46.09 , 81.66
46.07 , 81.82
46.21 , 81.48
46.23 , 81.73
46.33 , 81.73
46.2 , 81.91
46.2 , 82.13
45.97 , 81.73
45.63 , 81.56
45.96 , 82.01
46.07 , 81.84
46.21 , 81.89
45.75 , 81.95
45.9 , 82.0
45.72 , 81.74
46.12 , 82.06
46.0 , 82.04
46.17 , 81.55
46.35 , 81.49
46.13 , 81.86
45.92 , 81.61
46.23 , 82.04
45.92 , 82.3
45.9 , 81.75
46.28 , 81.97
46.05 , 81.65
46.16 , 82.62
45.96 , 81.79
46.0 , 82.01
46.36 , 82.4
45.97 , 82.02
45.62 , 81.66
46.07 , 82.21
45.88 , 81.68
45.98 , 82.23
45.89 , 82.11
46.17 , 82.04
45.96 , 82.41
45.55 , 81.88
45.86 , 81.4
46.03 , 81.7
45.92 , 81.71
45.63 , 81.76
45.74 , 81.87
45.68 , 82.56
46.23 , 81.83
45.79 , 81.82
45.93 , 81.78
45.54 , 81.67
46.02 , 82.4
46.3 , 82.32
46.44 , 82.04
45.78 , 81.9
46.03 , 81.94
46.07 , 82.0
45.98 , 82.17
45.87 , 82.1
46.0 , 81.75
46.19 , 82.19
45.78 , 82.14
46.08 , 82.23
46.24 , 81.97
46.58 , 81.85
46.04 , 82.39
45.97 , 82.21
46.08 , 82.06
45.78 , 81.95
46.0 , 82.39
46.25 , 81.8
45.81 , 81.77
45.72 , 81.83
45.78 , 82.28
45.55 , 81.68
45.88 , 82.13
45.86 , 82.31
45.75 , 82.05
45.93 , 81.62
45.88 , 82.06
45.8 , 82.14
45.59 , 81.83
46.09 , 81.56
45.95 , 81.77
46.31 , 82.32
45.42 , 82.08
46.13 , 82.06
45.78 , 81.93
45.86 , 82.1
45.87 , 82.12
45.77 , 82.34
46.09 , 81.84
46.1 , 82.05
45.59 , 82.1
45.94 , 81.92
45.82 , 82.24
46.14 , 82.35
45.74 , 82.47
46.0 , 82.33
45.85 , 81.74
45.69 , 82.7
45.9 , 81.9
45.95 , 82.06
45.91 , 82.16
45.94 , 81.67
45.58 , 82.42
46.0 , 81.67
45.9 , 81.78
46.21 , 81.91
46.17 , 82.08
46.17 , 81.82
46.29 , 82.16
46.35 , 82.32
46.03 , 82.02
45.58 , 82.45
45.83 , 81.85
46.15 , 82.19
45.8 , 82.5
46.01 , 81.98
45.84 , 82.34
45.87 , 82.33
46.1 , 82.52
45.91 , 82.2
45.54 , 82.57
45.97 , 81.98
45.83 , 82.07
45.37 , 82.12
45.28 , 82.77
45.73 , 82.22
46.09 , 82.4
45.66 , 81.86
45.78 , 81.78
45.98 , 82.27
45.79 , 82.24
45.78 , 82.35
45.57 , 82.2
45.63 , 82.02
45.58 , 82.11
45.85 , 82.26
45.99 , 82.29
46.12 , 81.99
46.16 , 82.49
45.86 , 82.04
45.3 , 82.68
45.89 , 82.14
45.64 , 82.69
45.75 , 82.32
45.83 , 82.2
45.51 , 82.31
46.01 , 82.23
45.61 , 82.29
45.37 , 82.8
45.61 , 82.26
46.11 , 82.33
45.83 , 82.4
45.68 , 82.35
45.51 , 82.17
45.48 , 82.38
45.45 , 82.26
45.9 , 82.38
45.67 , 82.5
46.03 , 82.69
45.5 , 81.79
46.34 , 82.33
45.91 , 81.74
45.95 , 82.78
45.74 , 82.29
45.66 , 82.11
45.64 , 82.45
45.87 , 82.21
45.76 , 82.45
45.59 , 82.5
45.35 , 82.85
45.89 , 82.95
45.65 , 82.78
45.26 , 82.11
45.81 , 82.48
46.0 , 81.77
45.96 , 82.23
45.81 , 82.47
46.26 , 82.52
45.8 , 82.5
45.5 , 82.48
46.11 , 82.07
45.69 , 82.3
45.96 , 82.05
45.35 , 82.39
45.41 , 82.31
46.08 , 82.45
45.37 , 82.76
45.88 , 82.12
45.82 , 82.23
45.89 , 82.51
45.35 , 82.08
46.15 , 82.81
45.88 , 82.24
45.88 , 82.58
45.68 , 82.31
45.63 , 82.43
45.42 , 82.23
45.31 , 82.32
45.63 , 82.09
46.15 , 83.29
45.98 , 82.43
45.56 , 82.16
45.6 , 82.46
45.59 , 82.31
45.82 , 82.26
45.71 , 82.83
45.9 , 82.25
46.22 , 82.8
45.41 , 82.25
45.64 , 82.7
45.42 , 82.55
44.94 , 82.06
45.87 , 82.59
45.41 , 83.02
45.19 , 82.93
45.72 , 82.66
45.42 , 82.83
45.83 , 82.28
45.74 , 82.3
45.93 , 82.94
44.94 , 82.47
45.36 , 82.7
45.66 , 82.56
45.76 , 82.72
45.69 , 82.6
45.75 , 82.54
45.63 , 82.6
45.17 , 82.57
45.74 , 82.61
45.92 , 82.68
45.17 , 82.23
45.39 , 82.44
45.45 , 83.01
45.24 , 82.61
45.54 , 82.94
45.22 , 82.48
45.6 , 82.65
45.69 , 82.84
45.46 , 83.02
45.29 , 83.06
45.26 , 82.59
45.71 , 82.36
45.94 , 82.46
45.51 , 82.42
45.53 , 82.36
45.57 , 82.31
45.43 , 82.94
45.71 , 82.61
45.17 , 82.86
45.41 , 82.76
45.61 , 82.55
45.59 , 83.15
45.88 , 83.29
44.94 , 83.08
45.5 , 82.78
45.46 , 82.23
45.56 , 82.45
45.65 , 82.63
45.72 , 82.98
45.45 , 82.31
45.74 , 82.59
45.5 , 82.49
45.22 , 82.45
45.69 , 82.67
45.3 , 83.27
45.2 , 83.05
45.62 , 82.64
45.4 , 82.43
45.46 , 82.58
45.13 , 82.29
45.86 , 82.32
45.32 , 82.64
45.62 , 82.77
45.18 , 82.36
45.42 , 83.19
45.39 , 83.11
45.42 , 82.55
45.31 , 83.01
45.38 , 83.07
45.37 , 83.18
45.05 , 82.53
45.25 , 82.77
45.38 , 83.63
45.6 , 82.8
45.58 , 82.97
45.27 , 82.67
45.19 , 83.05
45.53 , 82.73
45.39 , 83.16
45.47 , 82.95
45.06 , 83.03
44.95 , 82.96
45.61 , 82.66
45.48 , 82.51
45.52 , 83.38
45.34 , 83.16
45.31 , 82.71
45.55 , 82.88
45.07 , 83.02
45.53 , 83.04
45.2 , 82.68
45.92 , 82.55
45.6 , 83.02
45.66 , 82.47
45.61 , 82.87
45.67 , 82.61
45.14 , 82.76
45.45 , 82.8
45.43 , 83.01
45.18 , 82.79
45.43 , 83.08
45.51 , 82.86
44.95 , 83.11
45.56 , 82.84
45.35 , 82.86
45.29 , 82.84
45.41 , 82.75
45.51 , 82.82
45.36 , 82.49
45.66 , 83.04
45.42 , 82.52
45.28 , 82.66
45.09 , 82.91
45.26 , 82.58
45.23 , 83.03
45.47 , 83.01
44.9 , 82.78
45.25 , 82.84
45.37 , 83.0
45.38 , 83.27
45.41 , 83.24
45.78 , 82.51
45.18 , 83.23
45.65 , 82.52
45.44 , 82.97
45.4 , 82.82
45.38 , 82.76
45.02 , 83.24
45.54 , 82.99
44.93 , 82.82
45.04 , 83.28
45.29 , 83.32
45.26 , 82.76
45.06 , 83.31
45.21 , 83.11
45.37 , 82.89
45.17 , 82.63
45.16 , 83.36
45.35 , 82.62
44.98 , 82.95
45.86 , 83.43
45.4 , 83.29
45.37 , 83.67
44.66 , 83.26
45.87 , 83.23
45.25 , 83.16
44.92 , 83.13
45.06 , 82.16
45.18 , 82.96
44.95 , 83.01
44.97 , 82.8
44.96 , 83.21
45.26 , 83.34
45.01 , 82.8
44.71 , 83.28
45.04 , 83.24
45.29 , 82.99
45.28 , 83.06
45.56 , 82.51
45.23 , 83.15
45.25 , 83.22
45.32 , 82.91
45.28 , 83.6
45.31 , 83.32
44.98 , 83.31
45.34 , 83.08
45.32 , 83.01
44.8 , 83.14
45.09 , 82.86
44.69 , 82.77
45.06 , 82.89
44.97 , 82.49
45.34 , 83.06
44.84 , 83.11
45.25 , 83.17
45.06 , 83.37
45.36 , 83.26
45.11 , 83.0
45.35 , 83.2
44.86 , 83.5
44.96 , 83.42
45.18 , 83.23
45.07 , 83.53
44.97 , 83.45
44.92 , 83.42
45.42 , 83.19
45.0 , 83.02
44.8 , 83.39
45.24 , 83.48
45.26 , 83.49
45.0 , 83.07
44.94 , 83.98
44.74 , 83.08
45.58 , 83.21
45.04 , 83.68
45.05 , 83.16
45.36 , 83.65
45.14 , 82.92
45.16 , 83.16
44.91 , 83.09
44.99 , 83.23
44.7 , 83.03
44.63 , 82.79
44.99 , 83.3
45.17 , 83.56
44.6 , 83.3
44.76 , 83.48
44.78 , 83.54
44.89 , 83.14
44.78 , 83.26
44.99 , 83.63
45.5 , 83.44
45.77 , 83.12
44.92 , 83.43
44.57 , 83.29
44.88 , 83.65
45.34 , 83.1
45.07 , 82.83
44.8 , 83.23
45.12 , 83.25
44.74 , 83.36
44.9 , 83.41
44.57 , 83.38
45.47 , 83.09
44.84 , 83.68
44.95 , 83.24
45.43 , 83.79
45.37 , 83.34
44.81 , 83.31
45.21 , 83.51
44.96 , 83.46
45.15 , 83.73
45.07 , 83.52
44.7 , 83.44
44.44 , 83.38
45.13 , 83.51
45.36 , 83.39
44.78 , 83.31
45.33 , 83.46
45.1 , 83.42
45.03 , 83.36
44.96 , 83.57
44.98 , 83.65
44.95 , 83.33
44.86 , 83.01
45.27 , 83.39
45.07 , 83.78
45.0 , 83.87
44.98 , 83.2
45.1 , 83.45
45.49 , 83.46
44.89 , 83.79
45.15 , 83.16
44.33 , 83.62
44.42 , 83.31
45.04 , 83.54
45.12 , 83.52
44.64 , 83.51
44.72 , 83.45
44.72 , 83.7
44.73 , 83.19
44.69 , 83.17
45.08 , 83.54
44.6 , 83.29
45.39 , 83.37
44.93 , 83.53
44.82 , 83.48
44.84 , 84.05
44.84 , 83.3
44.59 , 83.83
44.93 , 83.74
44.88 , 83.23
44.64 , 83.52
44.8 , 83.17
44.55 , 83.63
44.86 , 83.15
44.61 , 83.78
45.09 , 83.73
44.74 , 83.87
44.71 , 83.34
45.25 , 83.21
45.08 , 83.64
45.06 , 83.41
44.62 , 83.29
44.9 , 83.46
44.55 , 83.57
45.32 , 83.18
44.79 , 83.77
44.86 , 83.29
44.79 , 83.81
45.15 , 83.82
44.94 , 83.85
44.68 , 83.64
44.69 , 83.21
44.87 , 83.64
44.91 , 83.45
44.63 , 83.33
44.91 , 83.27
44.64 , 83.78
44.88 , 84.25
44.48 , 83.82
45.14 , 83.58
44.47 , 83.78
44.69 , 83.65
45.24 , 83.62
45.12 , 83.24
44.84 , 83.76
44.93 , 83.53
44.75 , 83.73
44.78 , 83.24
44.7 , 83.54
44.99 , 83.74
44.86 , 83.89
44.81 , 83.76
45.04 , 83.58
44.51 , 83.36
44.33 , 83.37
44.82 , 83.7
44.67 , 83.88
44.74 , 83.79
44.37 , 83.56
45.04 , 83.78
44.82 , 83.81
44.48 , 84.03
44.86 , 83.82
45.16 , 83.63
44.78 , 83.44
44.86 , 84.07
44.84 , 84.07
44.72 , 83.65
44.62 , 84.07
44.83 , 83.29
44.58 , 83.51
44.84 , 83.79
44.89 , 83.69
44.15 , 83.4
44.64 , 83.63
45.0 , 83.62
44.45 , 83.88
44.7 , 83.14
44.72 , 83.59
44.35 , 83.72
44.8 , 83.79
44.58 , 83.74
44.7 , 83.65
44.67 , 83.51
44.25 , 83.56
44.57 , 84.2
44.39 , 83.66
44.63 , 83.27
44.78 , 84.11
44.45 , 83.98
44.79 , 82.96
44.82 , 84.01
43.92 , 84.09
44.27 , 84.08
44.31 , 83.49
44.85 , 83.93
44.5 , 83.43
44.73 , 84.04
44.73 , 83.61
44.96 , 83.7
45.26 , 84.04
44.5 , 84.22
44.73 , 84.18
44.64 , 83.76
44.41 , 83.97
44.85 , 83.86
44.72 , 84.32
44.47 , 83.94
44.52 , 83.56
44.95 , 84.16
44.58 , 84.17
44.31 , 84.22
44.62 , 83.99
44.87 , 84.03
44.44 , 84.23
45.01 , 84.07
44.44 , 84.1
44.67 , 83.38
44.36 , 84.27
44.96 , 83.76
45.08 , 83.99
44.73 , 83.74
44.23 , 84.2
44.77 , 83.88
44.73 , 83.7
44.61 , 83.97
44.61 , 83.61
44.63 , 84.03
44.41 , 83.95
44.74 , 84.29
44.53 , 83.96
44.73 , 83.66
44.85 , 83.72
44.18 , 83.6
44.48 , 84.14
44.71 , 84.21
44.19 , 83.6
44.38 , 84.01
44.72 , 83.99
44.56 , 83.57
44.7 , 83.92
44.2 , 83.83
44.5 , 83.86
44.52 , 84.1
44.93 , 84.15
44.82 , 84.4
44.16 , 84.24
44.19 , 84.06
44.36 , 84.02
45.14 , 84.02
44.72 , 83.97
44.5 , 83.94
44.85 , 84.22
44.25 , 83.44
44.02 , 83.88
44.29 , 84.23
44.52 , 84.12
44.77 , 83.71
44.79 , 84.42
44.17 , 84.06
44.13 , 84.39
45.0 , 83.83
44.59 , 83.91
44.71 , 84.13
44.66 , 84.04
44.36 , 84.35
44.48 , 83.99
44.3 , 83.74
44.82 , 84.03
44.36 , 84.21
44.68 , 83.72
44.68 , 84.13
44.69 , 83.73
45.19 , 83.82
44.44 , 84.87
44.52 , 83.88
44.65 , 84.0
44.45 , 84.66
44.53 , 83.8
44.47 , 83.74
44.45 , 84.11
44.16 , 84.2
43.91 , 84.17
44.17 , 84.34
44.07 , 84.22
44.43 , 84.32
44.18 , 83.82
44.69 , 84.01
44.21 , 84.3
44.47 , 84.06
44.09 , 84.41
44.06 , 84.17
44.51 , 83.88
44.5 , 83.99
44.3 , 84.39
43.97 , 84.28
44.47 , 84.2
44.71 , 84.0
44.15 , 84.26
44.34 , 84.13
43.57 , 84.39
44.56 , 84.4
43.93 , 84.25
44.38 , 83.83
44.28 , 83.99
44.29 , 84.81
44.61 , 84.04
44.23 , 84.26
44.19 , 84.1
43.95 , 84.2
44.18 , 84.29
44.71 , 83.91
44.37 , 84.06
44.54 , 84.06
44.32 , 84.14
44.22 , 84.82
44.18 , 84.26
44.68 , 83.95
44.18 , 84.5
43.79 , 84.15
43.63 , 84.42
44.15 , 84.24
44.05 , 84.47
44.22 , 84.35
44.38 , 84.32
43.84 , 84.25
44.3 , 84.25
44.41 , 84.17
44.12 , 83.64
44.51 , 84.0
44.3 , 84.46
44.17 , 84.33
44.35 , 84.44
44.01 , 84.42
44.35 , 84.66
44.12 , 84.36
44.39 , 84.5
44.32 , 84.57
44.02 , 84.46
44.44 , 84.38
44.13 , 84.65
44.08 , 84.44
44.52 , 84.02
44.24 , 84.39
44.12 , 84.02
44.12 , 84.55
43.69 , 84.29
44.37 , 84.05
44.14 , 84.23
44.0 , 84.01
43.92 , 84.26
44.05 , 84.71
44.31 , 84.46
44.36 , 84.49
44.08 , 84.21
44.15 , 84.93
44.08 , 84.33
44.09 , 84.09
44.68 , 84.72
44.58 , 84.44
44.1 , 84.51
44.15 , 84.3
44.1 , 84.09
44.11 , 84.11
44.67 , 84.03
44.35 , 84.64
44.49 , 84.02
44.4 , 84.36
44.14 , 84.29
43.96 , 84.28
44.04 , 84.59
44.04 , 84.83
44.27 , 84.43
44.55 , 84.31
44.5 , 84.4
44.19 , 84.73
43.8 , 84.13
44.25 , 84.34
43.98 , 84.38
44.08 , 84.2
44.02 , 84.55
43.82 , 84.37
43.96 , 84.08
44.54 , 84.55
44.0 , 84.56
44.12 , 85.05
44.27 , 84.43
44.13 , 84.62
44.23 , 84.69
44.11 , 84.39
44.45 , 84.28
43.92 , 84.25
43.99 , 84.68
44.0 , 84.52
43.86 , 84.15
43.96 , 84.74
43.95 , 84.76
44.29 , 84.71
44.15 , 84.54
44.43 , 84.52
43.66 , 85.06
44.2 , 84.43
44.28 , 84.57
44.07 , 84.36
44.27 , 84.55
43.93 , 84.63
44.18 , 84.45
44.54 , 84.4
44.33 , 84.76
44.26 , 84.42
44.28 , 84.63
43.99 , 84.51
43.92 , 85.04
44.32 , 84.65
44.02 , 84.76
43.91 , 84.29
44.07 , 84.31
43.67 , 84.59
44.01 , 84.68
44.33 , 84.95
44.15 , 84.6
43.9 , 84.79
44.18 , 85.09
43.86 , 84.72
43.81 , 84.28
43.96 , 84.39
43.76 , 84.41
44.44 , 84.44
44.13 , 84.81
44.13 , 84.82
44.24 , 84.61
44.11 , 84.19
43.91 , 84.63
43.98 , 84.68
44.48 , 84.6
43.52 , 84.64
43.89 , 84.86
44.0 , 84.85
44.05 , 84.59
44.39 , 84.57
43.7 , 84.55
44.13 , 84.37
43.63 , 85.0
44.1 , 85.32
43.77 , 85.02
44.02 , 84.71
44.28 , 84.34
44.02 , 84.51
43.75 , 85.06
43.28 , 84.31
43.91 , 84.4
43.75 , 84.93
44.16 , 84.57
44.03 , 84.73
43.97 , 84.66
43.85 , 84.9
44.15 , 84.64
44.06 , 84.28
44.2 , 85.02
43.87 , 85.06
44.22 , 85.03
43.82 , 85.56
44.26 , 84.99
43.95 , 85.05
43.88 , 84.92
44.05 , 85.02
43.82 , 84.74
44.18 , 84.93
44.38 , 84.86
43.95 , 84.81
43.65 , 84.65
43.67 , 84.78
44.1 , 85.02
43.72 , 84.82
44.13 , 84.82
43.72 , 84.72
43.87 , 84.97
44.27 , 84.45
43.61 , 84.95
43.74 , 85.27
44.04 , 84.74
44.05 , 85.16
44.14 , 85.15
44.18 , 84.62
44.02 , 84.8
43.97 , 84.84
43.68 , 84.83
43.34 , 85.19
44.24 , 84.77
44.02 , 85.05
44.04 , 85.3
44.19 , 84.58
43.71 , 85.2
43.31 , 85.13
43.86 , 84.58
44.14 , 84.92
43.99 , 84.92
43.75 , 84.97
43.51 , 84.9
43.96 , 84.7
43.55 , 84.71
43.68 , 84.91
43.87 , 84.38
43.84 , 85.43
44.03 , 84.75
43.68 , 84.9
43.55 , 84.54
44.1 , 85.04
43.92 , 85.02
44.07 , 84.75
43.86 , 84.94
43.61 , 84.74
43.51 , 84.94
43.6 , 85.17
42.59 , 85.05
44.14 , 84.62
44.03 , 84.64
44.22 , 84.69
43.66 , 84.94
43.99 , 85.13
43.73 , 85.21
43.75 , 84.75
43.41 , 85.06
43.21 , 84.6
43.68 , 84.38
43.73 , 84.91
43.75 , 84.87
43.78 , 85.05
43.8 , 84.97
43.88 , 84.85
43.76 , 84.95
43.68 , 84.78
43.72 , 85.07
43.9 , 85.33
43.18 , 84.9
44.55 , 85.13
43.67 , 85.34
43.37 , 84.7
43.59 , 85.24
44.21 , 84.68
43.61 , 85.1
43.93 , 85.05
43.71 , 85.07
43.73 , 85.11
44.16 , 85.23
43.93 , 84.92
44.15 , 85.17
43.78 , 85.1
43.79 , 85.35
43.71 , 85.01
43.28 , 84.71
43.87 , 85.34
43.48 , 85.27
43.05 , 84.7
43.81 , 84.8
43.33 , 85.23
43.63 , 84.64
43.48 , 85.11
43.61 , 85.12
43.6 , 84.68
44.06 , 85.54
43.79 , 85.03
43.39 , 85.53
43.42 , 84.71
43.56 , 85.16
43.65 , 84.78
43.75 , 84.86
43.5 , 85.18
43.7 , 84.53
43.53 , 84.99
43.48 , 85.08
43.44 , 85.15
43.65 , 85.16
43.98 , 85.22
43.6 , 85.33
43.44 , 85.0
43.11 , 84.97
43.91 , 85.19
43.48 , 85.01
43.92 , 85.41
44.15 , 85.51
43.35 , 84.92
43.83 , 84.9
43.28 , 85.18
43.3 , 85.38
43.13 , 84.78
43.28 , 85.05
43.99 , 85.16
43.96 , 85.23
43.42 , 85.63
43.84 , 85.38
43.32 , 85.14
43.44 , 84.8
43.68 , 84.6
43.91 , 85.05
43.43 , 85.18
43.5 , 85.51
43.52 , 85.2
43.79 , 85.57
43.41 , 85.61
43.42 , 85.58
43.62 , 85.17
43.99 , 85.12
44.07 , 85.16
43.24 , 85.18
43.74 , 84.98
44.03 , 85.2
43.39 , 84.94
43.54 , 85.87
43.33 , 85.15
43.92 , 84.65
43.61 , 85.17
43.98 , 85.63
43.68 , 85.66
43.81 , 85.59
43.55 , 85.16
43.45 , 85.22
43.86 , 85.68
43.56 , 84.97
43.83 , 85.19
42.83 , 85.63
43.14 , 85.2
43.45 , 85.84
43.37 , 85.54
42.93 , 85.82
43.74 , 85.32
43.84 , 85.43
43.29 , 85.15
43.83 , 85.02
43.32 , 85.54
43.52 , 84.76
43.29 , 85.6
43.67 , 85.88
43.35 , 85.65
43.13 , 85.54
43.29 , 85.26
42.71 , 85.12
43.34 , 85.75
43.43 , 85.31
43.5 , 85.04
43.57 , 85.19
43.52 , 85.49
43.79 , 85.79
43.25 , 85.68
43.57 , 85.0
43.62 , 85.46
44.05 , 85.18
43.18 , 85.38
43.46 , 85.15
43.49 , 85.52
43.84 , 85.48
43.04 , 85.21
43.81 , 85.44
43.36 , 85.86
43.13 , 85.6
43.42 , 85.55
43.61 , 85.52
42.68 , 85.28
43.9 , 85.69
44.03 , 85.57
43.06 , 85.68
43.47 , 85.39
43.28 , 85.45
43.56 , 85.37
43.97 , 85.67
43.24 , 85.62
43.49 , 85.51
43.3 , 85.36
43.21 , 85.13
43.54 , 85.35
43.33 , 85.91
43.02 , 85.26
43.1 , 85.63
43.69 , 85.07
43.48 , 85.26
43.66 , 85.24
43.19 , 85.81
42.83 , 85.81
43.33 , 85.8
43.11 , 85.66
43.43 , 85.48
43.49 , 85.66
43.58 , 85.49
43.1 , 85.76
43.44 , 85.33
43.61 , 85.24
43.7 , 85.59
43.25 , 85.51
43.31 , 85.42
42.73 , 85.62
43.32 , 85.53
43.49 , 85.62
43.17 , 86.15
43.07 , 85.48
43.55 , 85.63
43.27 , 85.4
43.02 , 85.3
43.4 , 85.67
42.94 , 85.19
43.54 , 85.96
43.36 , 86.05
43.11 , 85.47
43.42 , 85.35
43.31 , 85.58
42.83 , 85.41
43.29 , 85.99
43.39 , 85.47
43.65 , 85.4
43.41 , 85.88
43.36 , 85.89
43.43 , 85.79
43.3 , 85.85
43.16 , 86.08
43.25 , 85.82
42.97 , 85.7
43.63 , 85.3
42.91 , 85.61
43.3 , 86.07
42.68 , 85.94
43.28 , 85.84
43.35 , 85.99
43.03 , 85.83
43.33 , 86.12
43.51 , 85.92
43.05 , 85.56
43.12 , 85.5
43.08 , 85.82
43.34 , 85.86
43.15 , 85.72
43.06 , 86.0
43.51 , 85.77
43.58 , 85.84
43.22 , 85.67
43.32 , 85.73
43.24 , 85.61
43.15 , 85.8
43.06 , 86.15
43.28 , 85.6
42.98 , 85.45
43.4 , 85.89
43.0 , 85.9
42.89 , 85.45
42.88 , 85.48
43.23 , 85.76
43.31 , 85.87
43.12 , 85.79
42.77 , 85.64
43.26 , 85.84
43.18 , 85.69
42.79 , 85.79
43.6 , 85.34
43.48 , 85.43
43.1 , 86.11
43.17 , 85.73
43.38 , 85.67
42.8 , 86.23
43.16 , 85.7
43.39 , 85.67
43.14 , 86.18
42.7 , 85.63
43.14 , 85.19
43.1 , 85.89
43.21 , 85.65
43.13 , 85.45
43.12 , 85.86
42.79 , 85.83
42.93 , 86.08
43.08 , 85.59
43.27 , 85.54
42.72 , 85.43
43.12 , 86.2
42.49 , 85.51
42.86 , 85.41
42.8 , 85.86
43.0 , 85.6
42.86 , 85.93
43.44 , 85.72
43.04 , 86.39
43.24 , 86.14
43.01 , 85.55
43.17 , 85.99
43.01 , 86.02
43.19 , 85.95
42.72 , 85.57
43.18 , 86.13
42.99 , 86.11
42.76 , 85.71
43.41 , 85.81
43.07 , 86.07
43.29 , 86.01
43.56 , 85.89
43.11 , 85.85
43.56 , 85.89
42.73 , 85.97
42.77 , 85.94
42.8 , 85.96
42.53 , 85.66
42.96 , 85.71
42.96 , 85.81
43.23 , 85.61
42.74 , 86.06
43.28 , 85.89
42.86 , 85.96
42.58 , 85.89
42.97 , 86.28
42.96 , 85.65
42.89 , 86.13
43.26 , 86.17
43.3 , 86.18
43.22 , 85.9
43.17 , 85.96
42.94 , 86.16
43.06 , 85.95
43.24 , 86.28
43.15 , 85.95
42.73 , 85.92
42.85 , 85.63
42.56 , 85.93
42.95 , 85.74
42.71 , 85.83
43.2 , 86.02
42.8 , 86.34
43.0 , 86.15
42.72 , 85.71
42.97 , 86.42
42.85 , 86.14
42.54 , 85.79
43.2 , 85.88
42.67 , 85.96
42.98 , 86.17
43.09 , 86.34
42.7 , 86.29
42.87 , 86.44
42.92 , 86.09
43.3 , 86.27
43.21 , 85.53
43.22 , 85.96
43.0 , 86.16
43.33 , 85.83
42.84 , 85.92
43.13 , 85.98
42.9 , 86.14
42.7 , 86.02
42.88 , 86.05
42.91 , 86.18
42.41 , 86.14
42.75 , 86.45
42.92 , 86.34
42.78 , 85.99
42.7 , 85.85
43.03 , 86.43
42.75 , 86.17
42.94 , 86.33
42.84 , 85.98
43.32 , 86.25
43.18 , 86.16
43.29 , 86.08
43.35 , 86.18
42.94 , 86.29
43.01 , 86.0
42.84 , 86.38
43.08 , 86.48
42.51 , 86.53
42.94 , 86.24
43.5 , 86.27
42.96 , 85.66
42.63 , 85.82
42.62 , 86.1
43.05 , 85.52
42.83 , 86.18
42.51 , 86.42
43.13 , 86.65
43.22 , 85.74
43.23 , 86.19
42.25 , 86.02
42.7 , 85.9
43.02 , 86.61
43.12 , 86.08
42.74 , 86.46
42.69 , 86.22
43.21 , 86.36
42.82 , 86.61
42.9 , 86.3
42.76 , 86.37
42.15 , 86.11
42.88 , 86.47
42.89 , 86.15
42.62 , 86.26
42.78 , 85.86
42.92 , 86.25
43.08 , 86.57
42.86 , 86.36
42.73 , 86.29
43.09 , 86.01
42.44 , 86.53
42.51 , 86.56
42.8 , 86.21
42.81 , 86.57
42.83 , 86.18
42.86 , 86.6
42.73 , 86.05
42.82 , 86.38
42.74 , 86.57
42.93 , 86.43
42.74 , 85.67
42.33 , 86.37
42.62 , 86.37
42.73 , 85.96
42.66 , 86.61
42.96 , 86.54
42.63 , 86.64
42.78 , 86.18
42.57 , 86.18
42.32 , 86.5
42.17 , 86.46
42.27 , 86.41
42.84 , 86.84
42.67 , 86.42
42.2 , 86.33
42.93 , 86.53
42.36 , 86.25
42.6 , 86.48
43.23 , 86.41
42.8 , 86.19
42.47 , 85.73
42.43 , 86.62
42.59 , 86.5
42.81 , 86.17
42.5 , 86.28
42.61 , 86.66
42.6 , 86.4
42.71 , 85.89
42.8 , 86.81
42.62 , 86.93
42.6 , 86.38
42.48 , 86.17
42.77 , 86.42
42.45 , 86.4
42.52 , 86.61
42.66 , 86.2
42.87 , 86.2
42.68 , 86.66
42.52 , 86.27
42.88 , 86.83
42.8 , 86.42
42.91 , 86.82
42.76 , 86.53
42.67 , 86.37
42.75 , 86.25
42.82 , 86.33
42.75 , 86.39
42.56 , 87.08
42.45 , 86.21
43.08 , 86.59
42.56 , 86.78
42.55 , 86.25
42.51 , 86.59
42.58 , 86.28
42.38 , 86.37
42.4 , 86.54
42.31 , 86.84
42.4 , 86.25
42.3 , 86.76
42.82 , 86.55
42.62 , 86.61
42.42 , 86.19
42.63 , 86.56
42.42 , 86.91
42.46 , 86.69
42.56 , 87.26
42.28 , 86.69
42.76 , 86.5
42.83 , 86.71
42.59 , 86.39
42.6 , 86.54
42.92 , 86.72
43.01 , 86.53
42.64 , 87.18
42.5 , 86.7
42.12 , 87.04
42.7 , 86.52
42.52 , 86.82
42.45 , 86.66
42.46 , 86.22
42.43 , 86.75
42.92 , 86.86
42.33 , 86.95
42.99 , 86.87
42.29 , 86.38
42.72 , 86.67
42.47 , 86.56
42.28 , 86.96
42.5 , 86.77
42.59 , 86.86
42.53 , 87.01
42.41 , 86.6
42.27 , 86.95
42.66 , 86.6
42.68 , 87.06
42.32 , 86.45
41.91 , 86.84
42.32 , 87.08
42.57 , 86.43
42.53 , 86.85
42.64 , 87.29
42.23 , 87.0
42.2 , 86.43
42.56 , 86.7
42.58 , 87.11
42.55 , 86.83
42.5 , 86.51
42.3 , 86.81
42.8 , 86.82
42.46 , 86.11
42.39 , 86.62
42.72 , 86.74
42.17 , 86.93
42.27 , 86.49
42.16 , 86.54
42.4 , 86.52
42.18 , 86.63
42.99 , 87.05
42.96 , 86.58
42.74 , 86.66
42.29 , 86.8
42.63 , 86.81
42.62 , 86.9
42.5 , 86.99
42.19 , 86.58
43.36 , 87.09
42.84 , 86.99
42.26 , 86.68
42.29 , 86.43
42.43 , 86.11
42.71 , 86.58
41.72 , 87.0
42.22 , 86.56
42.63 , 86.94
42.33 , 86.94
42.62 , 86.72
42.58 , 86.54
42.27 , 86.68
42.04 , 86.81
42.32 , 86.63
42.17 , 86.51
42.18 , 86.85
42.17 , 86.81
42.65 , 87.22
42.74 , 86.93
42.39 , 87.02
41.82 , 86.76
42.38 , 86.97
42.23 , 86.97
42.22 , 86.5
42.32 , 86.89
42.16 , 87.04
42.61 , 86.74
42.57 , 87.27
41.73 , 86.9
42.48 , 86.28
42.06 , 86.9
42.18 , 86.36
42.45 , 86.83
42.66 , 87.3
41.99 , 86.57
42.31 , 87.01
42.68 , 87.07
42.64 , 86.97
42.25 , 86.93
42.25 , 86.82
42.27 , 87.18
42.39 , 86.66
42.25 , 87.03
42.05 , 87.32
42.41 , 87.02
42.4 , 86.84
42.1 , 87.04
42.53 , 87.3
42.16 , 87.03
42.43 , 87.2
42.04 , 87.02
41.74 , 87.33
42.41 , 86.97
42.29 , 86.75
42.2 , 86.83
42.25 , 86.74
42.06 , 86.95
42.24 , 86.97
42.43 , 87.19
41.79 , 87.31
42.43 , 86.9
42.06 , 87.01
42.29 , 87.18
42.45 , 87.77
42.08 , 86.77
42.24 , 87.19
41.95 , 86.79
42.45 , 86.9
42.03 , 86.8
42.49 , 86.81
41.94 , 86.89
42.76 , 87.22
42.6 , 86.84
42.36 , 87.07
42.12 , 86.89
41.96 , 86.98
42.3 , 86.95
42.24 , 86.96
42.74 , 86.93
42.21 , 86.8
41.74 , 86.78
42.24 , 87.27
42.2 , 87.35
41.71 , 87.53
42.08 , 86.69
42.34 , 87.19
42.28 , 86.8
41.53 , 87.53
42.24 , 87.14
42.42 , 87.43
42.26 , 87.04
42.32 , 87.4
42.28 , 87.29
42.4 , 87.21
41.88 , 87.08
41.93 , 87.52
41.89 , 87.55
42.27 , 87.11
42.25 , 87.06
42.46 , 86.9
42.19 , 87.27
42.2 , 87.39
42.35 , 87.25
42.39 , 86.97
42.07 , 87.02
42.43 , 87.16
42.71 , 87.18
42.05 , 87.03
41.82 , 86.92
41.94 , 87.24
42.21 , 87.17
41.78 , 87.0
41.94 , 87.04
42.28 , 86.87
42.26 , 86.64
41.96 , 86.85
42.12 , 87.63
41.84 , 87.13
42.32 , 87.34
42.34 , 86.87
41.85 , 87.09
42.1 , 87.35
42.11 , 87.28
42.35 , 87.23
41.87 , 87.51
42.01 , 87.17
41.49 , 87.34
42.17 , 86.86
42.58 , 87.0
41.64 , 86.88
42.54 , 87.68
41.69 , 87.39
42.03 , 87.16
41.69 , 87.07
41.94 , 87.11
41.84 , 87.41
42.1 , 87.8
42.21 , 86.79
42.28 , 87.37
42.02 , 87.32
42.01 , 87.58
41.58 , 87.61
41.85 , 87.7
41.74 , 87.28
42.24 , 87.07
42.09 , 87.61
41.55 , 87.43
41.77 , 86.77
41.86 , 87.46
41.73 , 87.01
41.82 , 87.34
42.13 , 86.83
41.94 , 87.07
42.42 , 87.59
42.33 , 87.03
41.91 , 87.12
41.94 , 87.22
41.71 , 87.57
41.89 , 87.5
41.98 , 87.19
41.77 , 86.91
41.91 , 87.27
42.32 , 87.68
42.43 , 86.95
42.07 , 87.45
42.09 , 87.25
42.19 , 87.63
41.89 , 87.77
41.86 , 87.32
42.35 , 87.17
42.26 , 87.22
41.7 , 86.96
41.73 , 87.49
41.97 , 87.23
41.63 , 87.78
42.19 , 87.33
42.14 , 87.38
41.99 , 87.49
42.26 , 88.12
41.73 , 87.37
42.3 , 87.38
41.93 , 87.77
41.78 , 87.3
42.15 , 87.53
41.62 , 87.54
41.84 , 87.56
42.25 , 87.58
42.19 , 87.48
41.92 , 87.42
41.93 , 87.74
41.99 , 86.94
42.04 , 87.55
41.24 , 86.91
42.23 , 87.08
41.72 , 87.56
41.85 , 87.63
41.88 , 87.54
41.47 , 87.27
41.76 , 87.56
41.82 , 87.56
41.74 , 87.64
41.8 , 87.24
41.37 , 87.61
41.47 , 87.61
42.13 , 87.54
41.81 , 87.59
41.9 , 87.78
41.68 , 87.72
42.0 , 87.86
42.01 , 87.37
42.22 , 87.29
42.19 , 87.82
42.36 , 86.97
41.31 , 87.72
41.86 , 87.25
41.79 , 87.62
42.2 , 87.9
41.86 , 87.22
41.69 , 87.57
41.69 , 87.36
41.66 , 87.44
42.14 , 87.62
42.1 , 87.54
41.86 , 87.81
41.58 , 87.46
41.8 , 87.58
41.61 , 87.34
42.24 , 87.58
41.61 , 87.9
42.12 , 87.92
41.65 , 87.69
41.67 , 87.58
41.94 , 87.25
41.39 , 87.87
42.28 , 87.75
41.74 , 87.5
41.94 , 87.66
42.08 , 88.19
41.45 , 87.5
42.06 , 87.28
42.16 , 87.65
41.44 , 87.49
41.66 , 87.45
41.71 , 88.0
41.59 , 87.14
41.72 , 87.73
41.84 , 87.79
42.05 , 88.12
42.09 , 87.86
41.96 , 87.77
41.45 , 87.33
41.81 , 87.88
41.6 , 87.9
41.71 , 87.51
41.47 , 87.47
41.74 , 87.39
41.25 , 87.71
42.08 , 87.69
41.58 , 87.74
41.55 , 87.53
42.06 , 87.54
42.1 , 87.74
41.44 , 88.08
41.64 , 87.5
41.39 , 87.87
41.89 , 87.72
41.77 , 87.76
41.37 , 87.19
41.72 , 87.74
41.3 , 87.58
41.68 , 87.83
41.92 , 87.53
41.79 , 88.21
41.79 , 87.91
41.45 , 87.75
41.22 , 88.02
41.48 , 87.93
41.42 , 87.6
41.73 , 87.83
41.9 , 87.79
41.92 , 88.15
41.83 , 87.57
41.58 , 87.9
41.97 , 87.8
42.03 , 87.77
42.1 , 87.75
41.5 , 87.58
41.63 , 88.06
41.14 , 87.81
41.98 , 87.76
41.63 , 87.77
41.48 , 87.98
41.31 , 87.62
41.61 , 87.79
41.8 , 87.53
41.42 , 87.6
41.71 , 87.68
41.55 , 87.73
41.74 , 87.79
41.37 , 87.71
42.2 , 87.97
41.85 , 87.7
41.75 , 88.29
41.47 , 87.81
41.57 , 87.87
41.2 , 88.53
41.47 , 88.13
41.79 , 87.91
41.81 , 87.68
41.49 , 87.9
41.69 , 87.74
41.57 , 87.79
41.56 , 88.13
41.6 , 88.21
41.82 , 87.91
41.7 , 88.12
41.55 , 87.95
41.64 , 87.91
41.49 , 87.92
41.72 , 88.17
41.01 , 87.83
41.3 , 87.62
41.52 , 88.21
41.49 , 87.73
41.19 , 88.03
41.38 , 88.26
41.65 , 88.37
41.52 , 88.29
41.55 , 87.99
41.31 , 87.95
41.22 , 87.99
41.63 , 88.19
41.7 , 87.98
41.41 , 88.08
41.22 , 87.85
41.32 , 87.84
41.54 , 87.77
41.66 , 87.99
41.75 , 88.26
40.99 , 88.09
41.3 , 87.98
41.62 , 88.05
41.92 , 88.03
41.37 , 88.19
41.79 , 87.75
41.7 , 88.38
41.36 , 87.98
41.93 , 88.54
41.27 , 87.39
41.4 , 88.08
41.19 , 88.22
41.67 , 87.82
41.24 , 88.5
41.36 , 88.19
41.58 , 88.18
41.81 , 87.66
41.5 , 88.17
41.54 , 88.19
40.98 , 88.2
41.16 , 87.9
41.67 , 87.95
41.82 , 88.19
41.32 , 87.75
41.31 , 88.08
41.53 , 88.03
41.24 , 88.08
41.45 , 87.89
40.93 , 88.26
41.49 , 88.46
41.32 , 87.96
41.23 , 88.06
41.42 , 87.98
41.19 , 88.43
41.86 , 88.33
41.49 , 88.28
41.44 , 88.25
41.41 , 87.93
41.48 , 87.97
41.28 , 87.98
41.25 , 88.44
41.2 , 88.11
41.12 , 88.18
41.13 , 87.72
41.3 , 88.26
41.31 , 87.87
40.76 , 88.1
41.6 , 88.36
41.16 , 88.06
41.2 , 88.16
41.03 , 87.91
41.51 , 88.23
41.57 , 88.51
41.48 , 88.39
41.46 , 88.26
41.17 , 88.51
41.4 , 88.37
41.61 , 87.76
41.33 , 88.33
41.65 , 88.21
41.62 , 88.16
41.52 , 88.76
41.45 , 88.11
41.58 , 87.71
41.07 , 88.12
41.59 , 88.44
41.3 , 88.03
41.68 , 88.58
41.3 , 88.6
41.15 , 88.36
41.27 , 88.23
41.1 , 88.19
41.33 , 88.51
40.96 , 88.29
41.86 , 88.23
41.54 , 88.33
41.28 , 88.41
41.12 , 88.22
41.45 , 88.55
41.2 , 88.26
41.23 , 87.67
41.05 , 88.42
41.51 , 88.19
41.86 , 88.71
41.11 , 88.24
41.18 , 87.95
41.11 , 88.03
41.23 , 88.46
41.04 , 88.03
41.46 , 88.59
41.23 , 88.47
41.22 , 87.98
41.34 , 88.63
41.16 , 88.11
41.25 , 88.31
41.5 , 88.4
41.67 , 88.26
41.24 , 88.58
40.98 , 88.81
41.4 , 88.39
41.29 , 88.42
41.37 , 87.92
41.33 , 88.62
41.44 , 88.4
41.54 , 88.1
41.23 , 88.17
41.14 , 88.35
41.25 , 88.71
41.35 , 88.42
41.32 , 88.46
40.94 , 87.99
40.94 , 88.76
41.06 , 88.2
41.08 , 88.36
41.35 , 88.62
41.22 , 88.56
41.27 , 88.34
41.14 , 88.29
41.49 , 88.29
41.03 , 88.22
41.25 , 88.59
41.11 , 88.4
41.0 , 88.21
41.53 , 88.23
41.44 , 88.61
40.91 , 88.63
41.16 , 88.73
41.41 , 88.7
41.58 , 88.16
40.9 , 88.56
41.29 , 88.22
41.16 , 88.29
41.0 , 88.54
41.24 , 88.76
41.41 , 88.5
40.91 , 88.81
41.54 , 88.21
41.23 , 88.28
41.36 , 88.65
41.43 , 88.4
41.04 , 88.78
40.73 , 88.75
40.92 , 88.9
40.76 , 88.21
40.92 , 89.04
41.15 , 88.37
41.02 , 88.93
41.44 , 88.61
41.03 , 88.63
41.19 , 87.79
41.51 , 88.45
40.64 , 88.13
41.08 , 88.06
41.06 , 88.29
40.95 , 88.08
41.23 , 88.37
41.13 , 88.48
41.22 , 88.89
41.39 , 88.83
41.23 , 89.17
41.12 , 88.51
40.94 , 88.8
41.12 , 88.71
40.96 , 88.29
41.35 , 88.75
41.17 , 88.48
41.52 , 88.53
40.87 , 88.62
41.26 , 88.69
40.53 , 88.77
41.49 , 88.52
41.06 , 88.61
41.11 , 88.86
41.37 , 88.67
40.79 , 88.91
40.65 , 88.47
41.19 , 88.24
40.95 , 88.96
40.91 , 88.82
41.55 , 88.64
41.25 , 88.01
41.85 , 88.69
41.12 , 88.49
40.8 , 88.71
41.37 , 88.51
40.71 , 88.53
40.75 , 87.98
41.03 , 88.85
41.01 , 88.46
41.12 , 88.82
40.99 , 88.87
41.0 , 88.7
40.62 , 88.57
41.16 , 88.63
41.06 , 88.47
41.16 , 88.82
41.22 , 88.48
40.82 , 88.69
41.14 , 88.35
41.04 , 88.84
41.14 , 88.66
41.17 , 88.63
40.58 , 89.12
40.83 , 88.75
41.11 , 88.85
40.95 , 88.49
40.89 , 88.56
40.8 , 88.8
41.1 , 88.15
40.63 , 88.5
41.1 , 88.79
40.98 , 88.97
41.09 , 89.07
41.03 , 89.16
40.77 , 88.76
41.02 , 88.62
40.56 , 88.38
40.53 , 89.17
41.17 , 88.38
40.74 , 88.57
40.54 , 89.15
40.5 , 89.19
41.38 , 88.81
41.14 , 88.54
40.91 , 88.79
40.76 , 88.56
40.5 , 88.6
40.9 , 88.67
41.07 , 89.02
40.98 , 88.75
41.08 , 88.83
41.22 , 88.6
41.33 , 88.72
41.17 , 88.82
41.52 , 88.75
40.29 , 89.08
40.59 , 89.03
40.82 , 89.39
40.76 , 88.69
40.41 , 89.1
41.1 , 88.6
40.93 , 88.74
40.55 , 88.79
40.72 , 89.03
40.59 , 89.3
41.12 , 88.88
40.76 , 88.67
40.85 , 88.63
40.85 , 88.75
40.56 , 88.89
40.73 , 88.35
40.73 , 88.3
40.88 , 89.3
40.64 , 89.09
40.82 , 89.0
41.03 , 89.01
41.1 , 88.96
40.87 , 89.26
40.51 , 89.27
40.56 , 88.92
40.29 , 89.12
40.41 , 89.03
40.78 , 89.04
41.29 , 88.97
41.12 , 89.13
40.61 , 88.91
40.56 , 89.17
40.81 , 89.32
40.6 , 88.74
40.96 , 88.98
40.72 , 88.93
40.26 , 88.83
40.48 , 88.96
40.16 , 89.42
40.86 , 88.86
40.21 , 89.01
40.15 , 88.7
40.97 , 88.71
40.65 , 88.81
40.58 , 89.42
40.87 , 89.02
40.9 , 88.97
40.74 , 89.12
40.61 , 88.91
40.76 , 88.85
40.94 , 89.22
40.37 , 89.13
40.75 , 88.76
40.86 , 89.24
40.8 , 89.08
40.79 , 89.36
40.9 , 89.03
40.52 , 88.95
40.51 , 89.46
40.56 , 88.73
40.48 , 89.48
40.73 , 89.01
40.5 , 88.89
41.15 , 89.03
40.79 , 88.83
41.04 , 89.52
41.01 , 88.78
40.71 , 89.37
40.76 , 88.66
40.61 , 89.2
40.26 , 89.32
41.04 , 89.15
40.24 , 89.19
41.24 , 88.91
40.12 , 89.2
40.53 , 88.98
40.85 , 88.63
40.75 , 88.62
40.53 , 89.12
40.49 , 88.91
40.54 , 89.16
41.0 , 89.08
40.88 , 89.72
40.73 , 89.08
40.63 , 88.83
40.53 , 89.08
40.75 , 89.09
40.5 , 89.5
40.56 , 88.77
40.74 , 88.92
40.74 , 89.65
40.54 , 89.0
40.84 , 89.29
41.1 , 88.9
40.65 , 89.08
40.75 , 89.32
40.96 , 88.99
40.64 , 89.43
40.49 , 89.05
41.07 , 89.41
40.84 , 89.53
40.69 , 89.25
40.43 , 89.04
40.72 , 89.46
41.08 , 89.69
40.44 , 89.58
40.53 , 89.05
40.64 , 89.36
40.84 , 89.45
40.24 , 89.12
40.49 , 89.1
40.67 , 89.5
40.62 , 89.26
40.22 , 89.37
40.5 , 89.43
40.68 , 89.27
40.32 , 88.93
40.82 , 89.69
40.4 , 89.7
40.78 , 89.57
40.57 , 89.99
40.5 , 89.36
40.78 , 88.82
40.54 , 88.93
40.8 , 88.96
40.68 , 88.79
40.72 , 89.13
40.43 , 89.21
40.13 , 89.25
40.7 , 89.36
40.4 , 89.52
40.67 , 89.18
40.63 , 89.82
40.63 , 89.55
40.75 , 88.89
40.44 , 89.35
41.17 , 89.49
40.68 , 89.23
40.49 , 89.14
40.6 , 89.17
40.41 , 89.46
40.25 , 88.92
40.57 , 89.43
40.76 , 89.11
40.39 , 89.27
40.59 , 89.65
40.57 , 89.28
40.68 , 89.48
40.45 , 89.09
40.16 , 89.29
39.97 , 89.24
40.95 , 89.29
40.28 , 89.48
40.68 , 89.17
40.75 , 89.18
40.3 , 89.41
40.55 , 89.34
40.19 , 89.69
40.64 , 89.61
41.02 , 89.68
40.24 , 89.4
40.89 , 89.6
40.09 , 89.15
40.47 , 89.07
40.63 , 89.61
40.36 , 89.47
40.5 , 89.23
40.62 , 89.4
40.18 , 89.23
40.52 , 88.88
40.08 , 89.8
39.98 , 89.14
40.2 , 89.46
40.18 , 88.94
40.48 , 89.2
40.71 , 89.7
40.55 , 89.39
40.15 , 89.52
39.96 , 89.5
40.16 , 89.6
40.08 , 89.35
40.47 , 89.36
40.43 , 89.28
40.77 , 89.62
40.88 , 89.37
40.77 , 89.39
39.74 , 89.7
40.25 , 89.48
40.19 , 89.89
40.11 , 89.34
40.55 , 89.14
40.29 , 89.75
40.37 , 90.05
40.56 , 89.14
40.45 , 89.61
40.5 , 89.21
40.19 , 89.7
40.53 , 89.31
40.31 , 89.73
40.57 , 89.39
40.04 , 89.87
40.33 , 89.72
40.41 , 89.51
40.39 , 89.85
40.19 , 89.27
40.01 , 89.66
40.07 , 89.54
40.16 , 89.99
40.16 , 89.54
40.36 , 89.31
40.92 , 89.8
40.07 , 89.85
40.67 , 89.39
40.58 , 89.53
40.35 , 89.52
40.57 , 89.16
40.21 , 89.77
40.31 , 89.99
40.46 , 89.75
39.86 , 88.88
40.0 , 89.76
40.51 , 89.7
40.65 , 89.22
40.41 , 89.69
40.2 , 89.66
40.25 , 89.56
40.42 , 89.24
40.05 , 89.51
40.01 , 89.81
40.56 , 89.44
40.6 , 90.2
40.52 , 89.75
40.08 , 89.84
40.26 , 89.46
40.17 , 89.73
40.3 , 89.38
40.19 , 89.5
40.26 , 89.56
40.01 , 89.83
39.85 , 89.41
40.22 , 90.14
40.2 , 89.57
40.12 , 89.54
40.14 , 89.93
39.99 , 90.08
39.93 , 89.7
40.05 , 89.94
39.87 , 89.29
40.25 , 89.53
40.31 , 89.78
39.86 , 89.56
40.16 , 89.63
40.03 , 90.02
40.32 , 90.18
40.14 , 89.67
39.96 , 90.24
39.79 , 89.28
40.02 , 89.59
40.22 , 89.58
40.08 , 89.84
40.69 , 89.99
40.38 , 89.67
40.17 , 89.67
39.94 , 89.98
40.05 , 89.89
40.66 , 90.08
39.95 , 90.06
39.98 , 90.45
40.68 , 89.68
40.04 , 89.37
40.09 , 89.99
40.26 , 89.86
40.51 , 89.83
40.35 , 89.77
40.16 , 89.74
40.04 , 89.91
40.29 , 90.04
40.21 , 89.77
40.07 , 89.64
40.55 , 89.49
40.3 , 90.14
39.89 , 89.48
40.0 , 89.42
40.55 , 89.57
40.39 , 90.24
39.83 , 89.63
39.93 , 89.81
39.94 , 89.93
40.51 , 90.08
40.2 , 89.79
39.67 , 89.99
40.35 , 89.7
40.22 , 89.56
40.27 , 89.69
40.12 , 90.08
39.71 , 89.82
40.19 , 89.84
39.89 , 90.3
40.18 , 90.35
40.2 , 90.08
39.59 , 90.06
39.99 , 89.78
40.11 , 89.68
40.55 , 89.68
40.51 , 89.8
39.7 , 89.96
39.98 , 89.52
40.5 , 89.85
39.83 , 90.01
39.87 , 89.98
40.44 , 90.61
40.19 , 90.26
39.87 , 90.14
40.04 , 89.78
39.83 , 89.86
40.07 , 90.07
40.1 , 89.83
40.03 , 89.73
40.09 , 89.79
40.15 , 89.71
40.12 , 90.03
39.86 , 90.04
40.21 , 89.79
39.88 , 89.82
40.25 , 89.99
39.86 , 90.19
40.8 , 89.58
39.99 , 89.63
39.59 , 89.9
40.34 , 89.33
40.26 , 89.98
39.51 , 89.83
40.31 , 89.67
39.89 , 89.75
40.2 , 90.25
39.86 , 89.55
39.9 , 89.68
40.01 , 89.72
39.77 , 89.76
40.09 , 89.71
40.15 , 89.69
39.97 , 89.94
39.99 , 89.96
39.8 , 89.65
40.5 , 89.93
39.93 , 90.37
40.34 , 90.0
40.18 , 90.33
40.12 , 90.27
39.85 , 90.17
39.95 , 89.89
40.21 , 89.97
40.26 , 89.73
39.49 , 90.18
40.21 , 89.72
39.64 , 89.48
39.95 , 89.7
40.13 , 89.78
39.57 , 89.74
40.37 , 90.29
40.69 , 89.83
39.77 , 89.61
39.89 , 90.36
39.8 , 89.55
39.96 , 89.86
39.87 , 89.85
40.04 , 89.84
39.89 , 89.77
40.28 , 89.37
40.27 , 89.79
40.25 , 89.9
40.03 , 89.71
40.09 , 89.49
39.84 , 90.12
39.82 , 89.88
39.84 , 89.87
40.29 , 89.68
40.19 , 90.15
40.1 , 89.89
40.32 , 88.96
40.03 , 89.64
39.95 , 89.86
40.16 , 89.73
40.08 , 89.72
39.82 , 89.5
40.1 , 90.12
40.14 , 88.84
40.34 , 89.47
40.29 , 89.62
39.57 , 89.7
39.88 , 89.68
39.99 , 90.1
40.38 , 89.78
39.82 , 89.78
39.55 , 89.61
40.26 , 89.75
40.26 , 89.42
40.31 , 90.06
40.12 , 90.23
39.83 , 89.95
39.79 , 89.72
40.15 , 89.71
39.97 , 89.85
40.13 , 89.98
39.72 , 89.8
39.92 , 89.92
40.04 , 89.5
40.08 , 89.96
39.78 , 89.52
40.31 , 89.7
40.09 , 89.78
40.4 , 89.47
40.05 , 89.45
39.82 , 89.45
40.35 , 89.88
40.21 , 89.41
40.55 , 89.68
39.89 , 89.68
40.57 , 89.8
40.23 , 89.47
39.74 , 89.51
39.75 , 89.69
39.81 , 89.48
40.1 , 89.63
40.33 , 89.56
40.15 , 89.04
39.74 , 89.27
39.74 , 89.44
39.83 , 89.56
39.97 , 89.96
39.95 , 89.6
39.89 , 89.65
40.01 , 89.34
40.14 , 89.75
40.35 , 89.84
40.01 , 89.65
40.17 , 89.1
40.1 , 89.59
40.08 , 90.01
40.24 , 89.9
39.48 , 89.23
39.9 , 89.81
39.82 , 89.42
39.81 , 89.28
39.52 , 89.78
39.95 , 89.84
40.09 , 89.45
40.4 , 89.3
39.99 , 89.18
40.0 , 89.4
40.05 , 89.92
39.8 , 89.42
40.03 , 89.43
39.49 , 89.68
40.26 , 89.05
40.49 , 89.3
40.08 , 89.31
39.73 , 89.51
40.11 , 89.15
40.41 , 89.16
39.57 , 89.44
40.15 , 89.28
39.89 , 89.65
40.49 , 89.15
40.01 , 89.3
40.13 , 89.36
40.21 , 89.34
39.96 , 89.09
39.91 , 88.97
39.76 , 89.54
40.09 , 89.47
39.42 , 89.56
40.3 , 89.54
39.51 , 89.45
39.93 , 89.34
39.68 , 89.45
39.59 , 89.18
39.81 , 89.64
39.44 , 89.58
40.29 , 89.58
39.7 , 89.2
40.2 , 89.37
40.1 , 89.59
40.01 , 89.53
39.87 , 89.26
39.89 , 89.67
40.07 , 89.18
40.56 , 89.16
39.81 , 89.35
39.96 , 89.65
40.12 , 89.28
40.24 , 89.39
40.0 , 89.2
40.46 , 89.35
39.58 , 88.89
40.4 , 89.48
40.03 , 89.23
40.08 , 89.05
40.08 , 89.04
39.84 , 89.28
40.05 , 89.25
39.77 , 89.29
39.84 , 89.04
40.12 , 89.38
39.64 , 88.99
39.8 , 89.19
40.34 , 88.95
39.88 , 89.13
39.83 , 88.92
40.39 , 88.92
39.86 , 89.14
39.77 , 89.24
39.94 , 88.97
40.17 , 89.31
39.86 , 89.2
40.02 , 88.99
40.41 , 89.32
39.8 , 88.89
40.01 , 89.28
40.21 , 89.59
39.83 , 89.01
39.92 , 88.74
40.14 , 89.08
40.13 , 88.91
39.51 , 89.08
40.13 , 89.21
40.28 , 89.33
40.04 , 89.34
39.65 , 89.13
39.86 , 89.0
39.76 , 88.94
40.02 , 89.31
39.89 , 89.06
39.82 , 89.31
40.39 , 89.22
39.84 , 89.16
40.21 , 89.08
40.08 , 88.66
39.54 , 88.73
40.17 , 89.06
39.82 , 88.7
40.09 , 88.88
40.21 , 89.32
39.95 , 89.13
40.2 , 89.0
40.32 , 89.03
39.52 , 88.61
39.73 , 88.66
40.08 , 88.63
40.55 , 89.02
40.06 , 89.33
39.75 , 89.34
39.96 , 89.08
40.13 , 89.16
40.54 , 89.33
40.5 , 88.67
40.43 , 88.72
40.3 , 89.19
40.56 , 89.54
39.94 , 88.92
39.91 , 88.6
40.1 , 88.92
39.98 , 88.85
40.44 , 88.95
40.08 , 88.91
39.59 , 88.95
39.86 , 88.77
40.34 , 88.71
40.11 , 88.52
40.18 , 89.06
40.17 , 89.13
40.39 , 88.94
40.56 , 88.67
40.23 , 88.62
40.28 , 88.74
40.67 , 88.96
40.16 , 88.86
40.1 , 88.84
39.96 , 88.99
40.39 , 89.16
39.85 , 88.93
40.64 , 88.9
40.47 , 88.64
39.8 , 89.11
40.15 , 89.1
40.14 , 89.0
40.12 , 88.83
40.53 , 89.09
39.87 , 88.5
40.07 , 88.82
40.06 , 88.47
40.3 , 88.79
40.55 , 88.45
39.91 , 88.9
40.15 , 88.91
39.86 , 88.96
39.65 , 88.55
40.52 , 88.65
40.24 , 88.54
40.15 , 88.72
40.2 , 88.72
39.85 , 88.15
39.98 , 88.84
39.93 , 88.83
40.04 , 88.64
39.65 , 88.79
39.63 , 88.92
39.78 , 88.55
40.22 , 88.78
40.2 , 88.98
40.04 , 88.62
40.07 , 88.8
39.62 , 88.53
39.79 , 88.83
40.54 , 88.88
39.72 , 88.76
40.29 , 88.75
39.89 , 88.65
40.2 , 88.81
39.88 , 88.54
40.24 , 88.89
40.32 , 88.83
40.64 , 88.78
39.85 , 88.61
40.29 , 88.64
40.3 , 88.32
40.0 , 88.88
40.36 , 88.94
39.66 , 88.43
39.82 , 88.59
39.83 , 88.84
40.39 , 88.8
39.81 , 88.91
40.05 , 88.87
39.95 , 88.92
39.82 , 88.85
40.44 , 88.58
39.91 , 88.56
40.61 , 88.53
40.08 , 88.57
39.85 , 88.4
40.39 , 88.35
40.48 , 88.44
39.9 , 88.86
40.35 , 88.8
40.49 , 88.44
40.2 , 88.16
40.0 , 88.9
40.34 , 88.48
40.45 , 89.11
39.81 , 88.5
40.17 , 88.87
40.03 , 88.79
39.75 , 88.33
39.57 , 88.81
40.65 , 88.62
40.16 , 88.14
40.13 , 88.67
40.62 , 88.24
40.18 , 88.26
40.34 , 88.44
40.12 , 88.64
40.55 , 88.61
40.41 , 87.78
40.16 , 88.4
40.05 , 88.47
40.04 , 88.55
40.05 , 88.85
40.15 , 88.07
40.42 , 88.8
40.8 , 88.75
39.79 , 88.49
40.03 , 88.98
39.9 , 88.22
39.66 , 88.76
40.65 , 88.55
39.97 , 88.56
39.96 , 88.37
39.87 , 88.48
40.29 , 88.22
40.17 , 88.81
40.26 , 88.29
40.08 , 88.54
39.97 , 88.29
40.14 , 88.0
40.23 , 88.59
39.77 , 88.27
40.08 , 88.37
40.16 , 88.08
40.01 , 88.86
40.11 , 88.76
40.58 , 89.05
39.93 , 88.5
39.92 , 88.1
40.03 , 88.23
40.5 , 88.56
40.45 , 88.54
39.73 , 88.44
39.87 , 88.64
40.01 , 88.46
39.89 , 88.05
40.06 , 87.85
39.89 , 87.85
39.78 , 88.63
40.9 , 88.83
40.17 , 88.52
40.22 , 88.44
40.22 , 87.96
40.24 , 88.41
40.02 , 88.51
39.91 , 88.11
40.14 , 88.51
40.08 , 88.54
39.81 , 88.53
39.92 , 88.24
40.05 , 88.14
40.23 , 88.22
40.35 , 88.3
40.26 , 88.58
39.63 , 88.33
40.38 , 87.83
40.14 , 88.25
39.93 , 88.05
40.25 , 88.41
40.13 , 88.45
40.78 , 88.21
40.25 , 88.3
39.77 , 88.64
40.22 , 88.01
40.59 , 87.91
40.28 , 88.31
39.83 , 87.92
40.16 , 88.32
39.92 , 87.97
40.29 , 88.56
40.16 , 88.26
40.06 , 88.09
40.37 , 88.37
40.25 , 88.18
39.98 , 88.17
40.47 , 88.52
39.49 , 88.35
39.84 , 87.77
40.27 , 88.13
40.18 , 87.69
39.99 , 88.1
40.03 , 87.74
40.29 , 87.82
40.19 , 88.12
40.12 , 88.09
40.37 , 88.16
40.01 , 88.12
40.05 , 88.02
40.21 , 88.15
39.94 , 88.11
40.45 , 88.19
39.93 , 88.07
40.01 , 88.04
39.96 , 88.39
40.34 , 88.01
40.2 , 88.22
39.8 , 87.79
39.87 , 87.89
40.12 , 87.99
40.39 , 88.2
40.18 , 88.2
40.1 , 87.87
39.86 , 87.42
40.12 , 88.17
40.19 , 87.81
40.14 , 87.89
39.67 , 87.88
40.42 , 88.38
40.5 , 87.99
40.29 , 88.14
40.31 , 88.4
40.15 , 88.14
40.29 , 87.8
40.17 , 87.72
39.63 , 87.55
40.42 , 87.86
39.49 , 87.94
39.72 , 87.88
40.29 , 87.87
40.22 , 88.3
40.64 , 88.0
40.22 , 87.75
40.07 , 87.83
40.23 , 87.83
40.31 , 88.13
40.49 , 88.26
40.75 , 87.75
40.39 , 88.08
40.37 , 88.23
40.55 , 87.67
39.82 , 87.79
40.21 , 87.83
40.83 , 87.73
40.1 , 87.78
40.54 , 87.85
40.23 , 87.79
39.9 , 87.86
40.02 , 87.84
40.07 , 87.93
40.73 , 88.39
40.05 , 87.92
40.58 , 87.67
40.04 , 87.33
39.85 , 87.98
40.09 , 87.78
40.61 , 88.06
40.04 , 87.68
40.25 , 88.35
40.7 , 87.79
40.42 , 87.75
40.11 , 87.9
40.08 , 88.24
40.06 , 87.25
40.58 , 87.63
40.29 , 87.96
40.13 , 88.01
40.11 , 87.22
39.97 , 87.63
39.85 , 87.76
40.01 , 87.61
40.48 , 87.55
40.24 , 87.99
40.41 , 88.07
39.88 , 87.63
39.87 , 87.59
40.08 , 87.87
39.91 , 87.79
39.9 , 87.85
40.01 , 87.91
40.19 , 88.18
40.02 , 87.81
40.22 , 87.76
40.24 , 87.54
39.84 , 87.82
40.46 , 87.51
40.16 , 87.6
40.22 , 87.82
40.12 , 87.96
39.99 , 87.14
40.02 , 87.8
40.27 , 88.01
39.89 , 87.54
40.01 , 87.68
40.08 , 88.01
39.89 , 87.82
40.14 , 87.67
40.41 , 87.65
40.17 , 87.58
40.32 , 87.64
39.15 , 87.36
40.19 , 87.91
40.13 , 87.32
40.35 , 87.68
40.29 , 87.62
40.31 , 87.85
40.46 , 87.55
40.25 , 88.01
40.62 , 87.11
40.63 , 87.98
40.38 , 87.44
39.91 , 87.3
39.97 , 87.78
40.26 , 87.71
40.35 , 87.84
40.0 , 87.72
40.11 , 87.65
40.65 , 87.36
40.21 , 87.35
40.04 , 87.2
40.57 , 87.3
40.28 , 87.62
40.44 , 87.59
40.5 , 87.8
40.4 , 87.58
39.91 , 87.48
39.96 , 87.88
40.43 , 87.52
39.84 , 87.49
40.27 , 87.59
40.27 , 87.29
40.53 , 87.8
40.39 , 87.81
40.03 , 87.28
40.18 , 87.78
40.27 , 87.6
40.57 , 87.61
39.68 , 87.29
40.35 , 87.72
39.71 , 87.49
40.14 , 87.43
40.83 , 87.57
40.35 , 87.61
40.44 , 87.34
39.91 , 87.54
39.98 , 87.64
40.22 , 87.26
39.86 , 87.25
40.33 , 87.12
40.51 , 87.45
40.35 , 87.08
40.24 , 87.27
40.1 , 87.14
40.0 , 87.84
40.3 , 87.55
40.58 , 87.41
40.67 , 86.9
40.37 , 86.98
39.98 , 87.44
40.0 , 87.22
40.81 , 87.53
39.72 , 87.44
39.69 , 86.7
40.19 , 87.24
39.8 , 87.16
40.04 , 87.22
40.39 , 87.06
40.15 , 87.24
40.4 , 87.23
40.18 , 87.34
39.71 , 87.45
39.92 , 87.42
40.42 , 87.0
40.23 , 87.17
40.2 , 87.03
40.25 , 87.54
39.97 , 87.41
40.68 , 87.77
40.39 , 87.28
40.5 , 87.36
40.81 , 87.83
40.18 , 87.39
40.43 , 87.3
40.61 , 87.09
39.99 , 86.99
40.44 , 87.59
40.49 , 87.03
40.11 , 87.78
40.53 , 87.21
40.37 , 87.5
40.0 , 87.49
40.01 , 87.38
40.57 , 87.0
40.16 , 87.1
40.0 , 87.89
40.67 , 87.34
40.03 , 87.3
40.26 , 87.53
40.78 , 86.61
40.56 , 87.28
39.97 , 86.75
40.43 , 87.32
40.3 , 87.12
40.22 , 87.19
40.15 , 87.2
40.29 , 87.05
40.27 , 87.3
39.82 , 87.43
40.36 , 86.92
40.38 , 87.41
40.37 , 86.98
40.6 , 87.08
40.18 , 87.46
40.16 , 87.29
40.34 , 87.26
40.55 , 87.18
40.29 , 87.11
39.82 , 87.19
39.94 , 87.22
40.26 , 87.37
40.29 , 87.09
40.53 , 87.37
40.49 , 86.98
40.3 , 87.23
40.13 , 87.1
39.87 , 87.41
40.28 , 87.25
39.88 , 87.03
40.22 , 87.27
40.37 , 86.84
40.43 , 87.43
39.99 , 87.33
40.62 , 87.34
40.09 , 87.49
40.31 , 87.25
40.91 , 86.88
40.28 , 87.15
40.4 , 86.89
40.6 , 86.95
40.16 , 86.82
40.15 , 87.3
40.2 , 87.01
40.09 , 87.19
40.5 , 87.15
40.34 , 87.02
40.1 , 87.14
40.31 , 87.13
39.94 , 87.1
40.27 , 87.34
40.28 , 87.6
40.41 , 86.95
40.56 , 86.23
40.2 , 87.1
40.77 , 86.76
40.47 , 87.21
40.51 , 87.46
40.54 , 87.06
40.44 , 87.05
40.15 , 87.04
40.51 , 87.16
40.52 , 86.85
40.1 , 87.21
39.78 , 86.76
40.21 , 86.34
40.48 , 86.56
40.61 , 87.02
40.39 , 86.99
40.27 , 86.97
40.26 , 87.1
40.33 , 86.95
40.65 , 87.39
40.52 , 86.72
40.58 , 87.41
40.28 , 87.26
40.76 , 86.94
40.36 , 86.95
40.39 , 86.8
40.19 , 86.66
39.91 , 86.65
39.86 , 86.53
40.38 , 86.83
40.57 , 86.75
40.81 , 86.86
40.67 , 87.26
40.34 , 86.91
40.34 , 86.67
40.6 , 86.85
40.18 , 86.65
40.36 , 86.79
39.89 , 86.5
39.83 , 87.02
40.04 , 86.61
40.37 , 87.16
40.2 , 86.8
40.12 , 86.46
39.89 , 87.29
40.48 , 87.07
40.44 , 86.74
40.58 , 87.23
40.62 , 86.91
40.35 , 86.53
40.56 , 86.56
40.66 , 86.68
40.19 , 86.65
40.53 , 86.98
40.02 , 87.13
40.46 , 86.49
40.01 , 87.4
40.51 , 86.73
39.77 , 86.93
40.29 , 86.74
40.33 , 86.93
40.29 , 86.79
40.56 , 87.0
40.29 , 86.8
40.05 , 86.88
40.42 , 86.16
40.47 , 86.72
40.95 , 86.76
40.15 , 86.86
40.36 , 86.81
40.28 , 86.57
40.16 , 86.92
40.25 , 87.1
40.28 , 86.53
40.07 , 86.35
40.76 , 86.83
40.55 , 86.6
40.36 , 86.6
40.14 , 86.89
40.32 , 86.86
40.3 , 86.58
41.04 , 86.51
40.45 , 86.91
40.24 , 86.39
40.82 , 86.41
40.12 , 86.39
40.4 , 86.74
40.35 , 86.78
40.18 , 86.62
40.64 , 86.54
40.31 , 86.88
40.43 , 87.07
40.22 , 86.32
40.73 , 86.71
40.82 , 86.49
40.75 , 86.71
40.19 , 86.17
40.32 , 86.82
40.51 , 86.62
40.39 , 86.27
40.61 , 86.56
40.31 , 86.46
40.45 , 86.66
40.46 , 86.74
40.45 , 86.27
40.05 , 86.88
40.84 , 85.86
40.89 , 86.62
40.57 , 86.66
40.29 , 86.31
40.31 , 87.07
40.79 , 86.59
40.47 , 86.55
40.8 , 86.49
40.63 , 86.22
40.57 , 86.51
40.84 , 86.06
40.37 , 86.7
40.41 , 86.68
40.49 , 85.97
40.5 , 86.36
40.24 , 86.47
40.62 , 86.15
40.44 , 86.73
40.12 , 86.21
40.3 , 86.59
39.87 , 86.41
40.43 , 86.03
40.1 , 85.93
40.47 , 86.43
40.76 , 86.5
40.33 , 86.57
40.59 , 86.41
40.65 , 86.21
40.5 , 86.44
40.64 , 86.91
40.26 , 86.96
40.57 , 86.11
41.16 , 86.56
40.31 , 86.45
40.59 , 86.16
41.0 , 86.05
40.44 , 85.77
40.21 , 86.5
40.43 , 86.28
40.7 , 86.37
40.52 , 86.14
41.03 , 86.58
40.66 , 86.34
40.82 , 86.43
40.49 , 86.32
40.8 , 86.06
40.57 , 86.67
40.05 , 86.36
40.42 , 86.31
40.42 , 86.31
40.5 , 86.63
39.99 , 86.53
40.66 , 86.5
40.0 , 85.9
40.37 , 86.28
40.57 , 86.28
40.92 , 86.09
40.69 , 86.03
40.73 , 86.4
40.25 , 86.15
40.67 , 86.52
40.42 , 86.4
40.56 , 86.17
40.5 , 85.85
40.84 , 86.77
40.81 , 86.45
40.98 , 85.98
40.47 , 86.07
40.88 , 86.09
41.43 , 86.1
40.13 , 86.58
40.68 , 86.25
41.02 , 86.02
40.66 , 85.82
40.97 , 86.18
40.66 , 86.31
40.29 , 86.27
40.73 , 86.2
40.29 , 85.99
40.66 , 85.73
40.14 , 86.19
40.65 , 85.53
40.83 , 85.76
40.2 , 86.21
40.5 , 86.13
40.36 , 85.51
40.44 , 86.16
40.57 , 86.13
40.58 , 86.26
40.42 , 86.08
40.69 , 86.09
40.71 , 85.92
40.51 , 86.18
40.85 , 86.11
41.12 , 86.05
39.87 , 86.18
41.2 , 86.11
40.63 , 85.71
40.35 , 86.25
40.79 , 86.49
40.65 , 85.85
40.53 , 86.06
40.44 , 86.44
40.45 , 85.96
41.16 , 86.04
40.68 , 86.57
40.77 , 86.15
40.82 , 86.55
40.43 , 86.13
40.38 , 85.34
40.5 , 86.39
40.84 , 85.46
40.57 , 86.49
40.76 , 85.85
40.94 , 86.21
40.44 , 86.03
40.69 , 86.11
40.84 , 85.69
40.53 , 86.22
40.09 , 86.0
40.2 , 85.98
40.68 , 86.15
41.07 , 86.43
40.29 , 86.3
41.02 , 85.69
40.41 , 85.95
40.93 , 86.0
41.03 , 86.46
40.87 , 86.19
40.75 , 86.29
40.54 , 85.94
40.47 , 85.73
40.85 , 86.65
40.44 , 85.89
40.77 , 86.27
40.58 , 86.17
40.5 , 86.13
40.68 , 86.33
40.76 , 85.66
40.51 , 86.05
40.81 , 86.2
40.7 , 86.0
40.93 , 86.09
40.26 , 85.88
40.92 , 86.15
40.63 , 85.9
40.74 , 85.52
41.11 , 85.61
40.97 , 86.06
40.96 , 85.86
40.71 , 86.02
40.5 , 86.05
40.81 , 85.86
40.78 , 86.29
40.42 , 85.91
40.58 , 85.75
40.86 , 85.66
40.9 , 85.55
40.86 , 85.67
40.96 , 85.63
40.68 , 85.53
40.94 , 85.98
40.92 , 85.92
40.35 , 85.72
40.18 , 85.95
40.69 , 85.31
40.88 , 85.76
40.47 , 85.92
40.95 , 85.51
40.79 , 86.25
40.72 , 86.1
40.67 , 85.96
40.79 , 86.06
40.5 , 85.85
40.72 , 86.1
40.56 , 85.22
40.65 , 86.24
40.5 , 85.9
41.25 , 86.06
40.46 , 85.73
40.81 , 85.6
40.18 , 85.4
40.83 , 86.23
40.66 , 85.2
40.72 , 85.9
40.42 , 85.51
40.57 , 85.37
40.58 , 85.32
40.36 , 85.55
40.88 , 85.65
40.47 , 85.51
40.37 , 85.64
40.8 , 86.06
40.94 , 85.77
40.57 , 85.88
40.44 , 85.67
40.82 , 85.71
40.11 , 85.82
41.2 , 85.71
40.68 , 86.01
40.94 , 85.66
40.96 , 86.09
40.96 , 85.82
40.9 , 85.82
40.73 , 85.73
40.8 , 85.58
40.82 , 85.43
41.22 , 85.56
40.65 , 85.45
40.71 , 85.6
40.91 , 85.72
40.6 , 86.02
40.92 , 85.38
40.55 , 85.87
40.49 , 85.26
40.3 , 85.53
40.76 , 86.17
40.65 , 85.51
40.5 , 85.21
40.91 , 85.53
41.1 , 85.55
40.73 , 85.97
40.98 , 85.7
40.73 , 85.91
41.05 , 85.82
40.75 , 85.54
40.42 , 85.59
40.68 , 85.83
40.58 , 85.72
41.29 , 86.09
40.9 , 85.57
41.06 , 85.02
40.58 , 85.12
40.65 , 85.73
40.86 , 85.72
40.61 , 85.41
40.69 , 85.66
40.16 , 85.81
40.58 , 84.96
40.72 , 85.15
40.73 , 85.66
40.87 , 85.13
40.78 , 85.46
40.57 , 85.54
40.52 , 85.65
40.88 , 85.44
40.85 , 85.93
40.91 , 85.39
40.63 , 85.48
40.76 , 85.47
40.55 , 85.87
40.56 , 85.17
41.52 , 85.58
40.57 , 85.5
40.9 , 85.41
40.79 , 85.66
41.31 , 85.37
40.84 , 85.23
41.11 , 85.23
40.73 , 85.29
40.64 , 85.35
40.9 , 85.56
41.15 , 85.08
40.88 , 85.52
40.48 , 85.35
40.64 , 85.13
40.63 , 84.96
40.27 , 85.38
41.05 , 85.29
40.46 , 85.69
40.99 , 85.43
40.66 , 85.42
40.9 , 85.43
40.99 , 85.6
41.04 , 85.77
40.64 , 85.78
40.52 , 85.51
40.77 , 85.45
40.91 , 85.51
40.94 , 85.31
40.75 , 85.52
41.0 , 85.18
40.63 , 85.55
40.48 , 85.54
40.65 , 85.16
40.86 , 84.6
40.91 , 85.36
40.58 , 85.47
40.89 , 85.16
40.54 , 85.51
40.97 , 85.1
40.77 , 85.68
41.01 , 85.5
40.72 , 85.27
41.06 , 85.51
40.63 , 85.42
40.36 , 84.74
41.14 , 85.7
40.45 , 85.49
41.03 , 85.48
40.55 , 85.26
40.63 , 85.26
40.86 , 85.36
40.93 , 84.79
40.55 , 85.06
41.14 , 84.91
40.66 , 85.46
40.61 , 85.06
40.6 , 85.36
40.8 , 85.63
40.97 , 84.97
40.43 , 85.42
40.79 , 85.19
40.6 , 85.76
40.84 , 84.95
41.13 , 85.09
40.98 , 85.26
40.82 , 85.48
40.43 , 85.48
41.03 , 85.73
41.25 , 85.24
40.87 , 85.35
41.06 , 84.83
41.22 , 85.25
41.14 , 85.51
41.09 , 85.23
41.1 , 84.59
40.89 , 85.41
40.82 , 85.53
40.99 , 84.91
40.51 , 84.99
41.41 , 85.29
40.69 , 84.83
40.52 , 85.34
40.95 , 84.72
40.98 , 84.77
41.05 , 84.95
40.82 , 85.36
40.87 , 85.49
40.84 , 85.2
41.21 , 85.38
40.63 , 85.02
40.58 , 84.49
40.82 , 84.97
40.81 , 85.02
41.02 , 84.66
40.78 , 85.21
40.9 , 85.27
40.84 , 84.68
41.08 , 85.02
40.81 , 85.15
40.69 , 85.23
40.89 , 84.85
40.59 , 85.0
41.28 , 84.96
41.18 , 84.96
41.13 , 85.16
41.18 , 85.19
40.91 , 85.07
40.8 , 84.84
41.13 , 84.47
40.61 , 84.85
40.9 , 85.21
40.9 , 85.03
41.01 , 85.52
40.95 , 85.0
40.61 , 84.92
41.05 , 84.88
40.97 , 85.25
40.76 , 85.16
40.35 , 84.91
40.94 , 84.96
41.14 , 85.25
40.88 , 84.9
40.92 , 84.97
40.89 , 84.97
40.66 , 85.04
40.76 , 85.05
40.48 , 85.15
41.25 , 85.16
41.31 , 84.58
41.07 , 85.12
41.34 , 84.86
40.67 , 84.88
40.62 , 85.01
40.78 , 85.02
40.76 , 84.5
40.79 , 84.42
40.55 , 84.79
41.04 , 84.68
40.4 , 84.77
40.84 , 85.32
40.85 , 84.87
41.24 , 84.52
40.57 , 84.95
40.77 , 84.48
41.36 , 85.07
41.21 , 84.77
40.79 , 84.55
40.43 , 84.6
41.4 , 84.89
40.68 , 84.93
41.1 , 84.61
41.41 , 84.85
41.11 , 85.06
41.18 , 84.89
40.9 , 84.52
40.74 , 84.71
40.66 , 84.8
41.62 , 84.62
40.84 , 84.75
41.1 , 84.16
40.86 , 84.77
40.77 , 84.66
41.38 , 84.62
40.63 , 84.65
40.84 , 85.2
41.26 , 85.21
41.15 , 84.66
41.05 , 84.91
40.96 , 84.75
41.03 , 84.81
40.61 , 84.82
40.89 , 84.59
41.0 , 84.34
40.9 , 84.48
41.33 , 84.88
41.06 , 84.74
40.97 , 84.6
41.21 , 84.8
40.65 , 84.72
40.76 , 84.99
40.91 , 84.66
40.49 , 84.59
41.18 , 84.67
41.07 , 84.7
41.04 , 84.8
40.97 , 84.41
41.02 , 84.71
40.49 , 84.47
40.83 , 85.06
41.32 , 84.61
40.94 , 84.81
40.84 , 84.81
41.11 , 84.71
40.78 , 84.58
40.71 , 84.52
41.37 , 84.22
40.79 , 85.05
41.14 , 84.75
41.04 , 84.29
40.52 , 84.61
41.14 , 84.95
40.87 , 84.52
40.94 , 84.73
41.22 , 84.25
41.19 , 84.73
41.21 , 84.17
41.68 , 84.83
41.29 , 84.31
40.6 , 84.72
40.62 , 84.6
40.77 , 84.65
40.82 , 84.91
41.09 , 84.46
41.15 , 84.61
41.05 , 84.7
41.07 , 84.72
41.16 , 84.71
41.14 , 84.58
40.88 , 84.48
41.16 , 84.48
40.99 , 84.9
40.95 , 84.78
40.61 , 84.92
41.58 , 84.46
40.5 , 84.53
41.35 , 84.29
40.95 , 84.78
40.98 , 84.79
41.23 , 84.65
41.22 , 84.18
41.52 , 84.71
41.23 , 85.24
41.04 , 84.38
41.19 , 84.53
41.11 , 84.11
41.48 , 84.77
41.18 , 84.7
41.65 , 84.25
41.11 , 84.29
40.86 , 84.24
40.99 , 84.58
40.6 , 84.37
41.03 , 84.51
41.25 , 84.78
41.4 , 84.92
41.13 , 84.46
40.93 , 84.32
41.22 , 84.31
41.25 , 84.37
41.65 , 84.59
40.7 , 84.6
41.08 , 84.61
41.23 , 84.33
41.04 , 84.18
40.98 , 84.52
41.15 , 84.49
41.47 , 84.34
41.21 , 83.94
41.12 , 84.66
40.87 , 84.42
40.99 , 84.35
41.03 , 84.34
41.04 , 84.3
40.97 , 84.87
41.15 , 84.08
41.36 , 84.06
41.01 , 84.23
40.5 , 84.32
41.17 , 84.86
41.25 , 83.97
41.2 , 84.18
41.5 , 84.62
41.24 , 84.52
40.95 , 84.53
41.21 , 84.21
41.44 , 84.35
41.43 , 84.45
41.42 , 84.27
41.2 , 84.31
41.38 , 84.16
40.8 , 84.71
40.96 , 83.92
41.19 , 84.26
41.33 , 83.95
41.13 , 84.38
41.32 , 84.06
41.36 , 83.9
41.98 , 84.31
41.0 , 84.33
41.38 , 84.36
41.35 , 84.48
41.13 , 83.98
41.12 , 84.07
41.36 , 84.2
41.14 , 84.34
41.74 , 84.15
41.1 , 83.99
41.23 , 84.86
41.44 , 84.34
41.45 , 83.73
41.11 , 83.72
41.25 , 84.21
41.27 , 84.29
41.32 , 84.2
41.32 , 84.29
41.43 , 83.94
41.24 , 84.69
41.14 , 83.97
41.32 , 84.47
40.93 , 84.07
41.14 , 83.85
41.38 , 84.61
41.7 , 84.49
40.8 , 84.13
40.69 , 84.68
41.36 , 83.94
40.9 , 84.24
41.01 , 83.83
41.13 , 83.63
41.16 , 84.04
41.45 , 84.11
41.08 , 84.23
40.83 , 84.11
41.46 , 84.43
40.94 , 84.2
41.13 , 84.57
41.13 , 83.81
41.29 , 83.62
41.17 , 84.18
41.22 , 83.71
41.07 , 84.55
41.35 , 84.0
41.3 , 84.62
41.06 , 83.98
41.12 , 84.37
41.39 , 84.02
41.02 , 84.2
41.87 , 84.02
41.47 , 84.09
41.42 , 84.21
41.51 , 84.4
41.32 , 83.88
41.77 , 83.67
41.36 , 83.91
41.5 , 84.18
41.16 , 83.74
41.53 , 84.13
41.68 , 84.19
40.98 , 83.75
41.01 , 83.81
41.15 , 84.41
41.42 , 84.48
40.91 , 83.61
41.65 , 83.77
41.4 , 83.71
40.86 , 83.57
41.31 , 84.1
41.43 , 84.21
41.59 , 83.67
41.03 , 83.89
41.03 , 84.3
41.62 , 83.84
41.22 , 84.01
41.35 , 84.41
40.92 , 83.43
41.52 , 83.74
41.15 , 83.95
41.4 , 84.34
41.14 , 83.86
41.54 , 83.18
41.59 , 83.85
41.24 , 83.72
41.55 , 83.84
41.06 , 83.93
41.72 , 83.87
41.49 , 83.99
41.08 , 83.71
41.77 , 83.71
41.81 , 83.92
41.06 , 84.02
41.2 , 83.88
41.58 , 83.46
41.69 , 83.54
41.3 , 83.35
41.49 , 83.61
41.22 , 83.5
41.63 , 83.87
41.64 , 83.98
41.9 , 83.96
41.64 , 83.71
41.17 , 83.41
41.48 , 83.94
41.58 , 83.93
41.74 , 83.46
41.16 , 83.83
40.85 , 83.83
40.97 , 83.52
41.79 , 83.25
41.62 , 84.01
41.52 , 83.86
41.47 , 84.09
41.45 , 83.67
41.34 , 83.91
41.35 , 84.03
41.32 , 83.73
41.6 , 83.85
41.58 , 83.65
41.7 , 83.32
41.1 , 83.81
40.96 , 83.95
41.22 , 84.24
41.44 , 83.75
41.38 , 83.43
41.09 , 83.54
41.26 , 83.69
41.35 , 83.85
41.29 , 83.63
41.69 , 83.96
41.28 , 83.63
41.39 , 84.22
41.08 , 83.87
41.41 , 83.69
41.63 , 83.1
41.69 , 83.67
41.14 , 83.79
41.26 , 84.06
41.53 , 83.58
41.14 , 83.52
41.37 , 84.33
41.35 , 83.64
41.37 , 84.05
40.87 , 83.74
41.65 , 83.55
41.68 , 83.49
41.52 , 83.65
41.45 , 83.39
41.89 , 83.39
41.11 , 83.96
41.44 , 83.41
41.14 , 83.71
41.43 , 83.59
41.31 , 83.84
41.65 , 83.2
41.54 , 83.59
41.54 , 83.69
41.53 , 83.74
41.1 , 83.82
41.52 , 83.8
41.3 , 83.6
41.39 , 83.53
41.46 , 83.3
41.5 , 83.76
41.71 , 83.94
41.54 , 83.08
41.78 , 83.38
41.54 , 83.47
41.47 , 83.48
41.13 , 83.41
41.67 , 84.04
41.57 , 83.63
41.68 , 83.6
41.39 , 83.59
41.28 , 83.64
41.61 , 83.44
41.47 , 83.64
41.33 , 83.73
41.57 , 83.51
41.58 , 83.55
41.57 , 83.4
41.05 , 83.36
41.24 , 83.41
41.44 , 83.2
41.84 , 84.06
41.6 , 83.57
41.63 , 83.51
41.78 , 83.28
41.46 , 83.88
41.48 , 83.58
42.02 , 83.41
41.41 , 83.22
41.56 , 83.93
42.12 , 83.13
40.9 , 83.41
41.47 , 83.42
41.86 , 83.43
41.75 , 83.45
41.71 , 83.34
41.42 , 83.75
42.11 , 83.54
41.26 , 83.76
41.71 , 83.5
41.57 , 83.06
41.66 , 83.14
41.64 , 83.39
41.51 , 83.33
41.68 , 83.28
41.46 , 83.39
41.86 , 83.31
41.2 , 83.6
41.18 , 83.19
41.3 , 83.51
41.75 , 83.32
41.49 , 83.19
41.9 , 83.47
41.34 , 83.18
41.57 , 83.56
41.6 , 83.05
41.77 , 83.63
41.71 , 82.64
41.73 , 83.37
41.73 , 83.21
41.08 , 83.32
42.14 , 83.38
41.44 , 83.46
41.67 , 83.23
41.82 , 82.86
40.95 , 83.17
41.72 , 83.34
41.53 , 83.59
41.8 , 83.2
41.78 , 83.05
41.53 , 83.2
41.81 , 83.47
41.55 , 82.95
41.71 , 83.27
41.65 , 83.33
41.6 , 83.65
41.59 , 83.36
41.36 , 83.28
41.97 , 83.65
41.64 , 83.26
41.74 , 83.36
41.87 , 83.41
41.94 , 83.46
41.33 , 82.96
41.67 , 83.38
41.24 , 83.91
41.31 , 83.3
42.12 , 83.26
41.76 , 83.68
41.93 , 83.07
41.44 , 83.47
41.71 , 83.08
41.37 , 83.38
41.83 , 83.22
41.34 , 83.56
41.55 , 83.1
41.75 , 83.31
41.74 , 83.45
40.96 , 83.39
41.96 , 83.08
41.69 , 83.35
41.98 , 83.33
41.52 , 83.02
41.41 , 83.16
41.62 , 83.01
41.6 , 83.01
41.63 , 82.72
41.41 , 83.57
41.38 , 82.88
41.86 , 83.22
41.55 , 83.37
41.99 , 83.32
41.57 , 82.99
41.63 , 83.78
41.3 , 83.28
41.88 , 83.36
41.87 , 83.34
41.96 , 83.55
41.38 , 83.19
41.52 , 83.02
41.65 , 83.56
42.23 , 82.63
41.89 , 83.24
41.42 , 82.07
41.51 , 83.46
41.55 , 83.0
41.84 , 82.99
41.75 , 83.27
41.69 , 83.14
41.85 , 82.89
42.23 , 83.08
41.66 , 82.84
41.62 , 82.98
41.56 , 83.22
41.92 , 83.07
41.9 , 83.59
41.59 , 83.16
42.06 , 83.01
41.42 , 83.46
41.71 , 83.06
41.98 , 82.61
41.74 , 82.68
41.5 , 83.16
41.56 , 83.08
42.02 , 83.1
41.33 , 83.21
41.28 , 83.46
41.58 , 83.05
41.91 , 83.03
41.27 , 83.13
41.17 , 82.92
41.2 , 83.04
41.62 , 82.99
41.52 , 83.34
41.56 , 82.82
41.71 , 82.41
41.99 , 82.5
41.99 , 82.74
41.82 , 83.28
42.07 , 83.34
41.73 , 83.06
41.66 , 82.99
41.87 , 83.27
41.89 , 82.71
41.94 , 83.11
41.69 , 82.66
41.82 , 82.84
41.65 , 83.11
42.4 , 82.74
42.07 , 82.89
41.93 , 82.86
42.04 , 82.63
42.01 , 82.82
41.41 , 82.92
41.34 , 83.02
41.38 , 82.96
41.87 , 82.88
42.32 , 82.86
42.48 , 82.22
42.36 , 82.93
41.51 , 82.53
41.73 , 83.29
42.06 , 82.42
42.03 , 82.93
42.23 , 82.81
41.85 , 82.97
41.3 , 82.68
41.95 , 82.53
42.46 , 82.5
41.66 , 82.75
41.26 , 83.02
42.41 , 82.97
41.96 , 82.68
41.74 , 82.9
41.59 , 82.78
41.89 , 83.37
42.49 , 82.72
41.72 , 82.8
42.3 , 82.86
42.11 , 83.11
41.95 , 82.52
41.89 , 83.01
41.51 , 82.7
41.99 , 82.68
42.14 , 82.59
41.8 , 82.29
42.04 , 82.37
42.39 , 83.06
41.59 , 82.79
41.66 , 83.22
41.49 , 82.88
41.92 , 82.77
42.18 , 82.34
41.88 , 82.92
41.89 , 83.26
42.0 , 82.75
41.67 , 82.79
41.72 , 82.91
42.13 , 82.7
41.95 , 82.65
41.95 , 82.81
41.87 , 82.83
42.07 , 82.75
42.33 , 83.06
41.53 , 82.57
41.68 , 83.07
41.82 , 82.56
41.82 , 82.85
41.45 , 83.04
41.94 , 82.61
41.81 , 82.1
42.62 , 82.7
42.04 , 82.61
41.66 , 82.37
41.59 , 82.84
42.21 , 82.79
42.28 , 82.26
41.37 , 82.66
41.65 , 82.48
42.14 , 82.58
41.43 , 82.74
41.85 , 82.72
42.2 , 82.84
42.07 , 82.27
41.9 , 82.63
42.34 , 82.56
41.79 , 82.37
42.04 , 82.34
41.71 , 82.43
41.76 , 82.23
42.23 , 82.37
42.06 , 82.33
42.46 , 82.82
42.26 , 82.76
41.98 , 82.81
42.08 , 82.88
41.78 , 82.57
41.79 , 82.61
42.46 , 82.59
42.31 , 82.49
41.98 , 82.56
42.01 , 82.46
41.91 , 82.46
42.27 , 82.85
41.95 , 81.69
42.03 , 82.41
41.99 , 82.32
41.7 , 82.62
41.83 , 82.42
42.15 , 82.66
41.7 , 82.54
41.8 , 82.24
41.87 , 82.65
42.09 , 82.52
42.11 , 82.89
42.37 , 82.42
42.3 , 82.88
41.88 , 82.71
42.65 , 82.37
42.05 , 82.5
41.86 , 82.82
41.65 , 82.81
41.74 , 82.08
42.05 , 82.21
41.74 , 83.03
42.07 , 82.49
41.94 , 82.24
41.64 , 82.24
42.12 , 82.13
41.94 , 82.21
41.67 , 83.09
42.38 , 82.55
42.02 , 82.37
41.74 , 82.48
42.18 , 82.35
42.37 , 82.22
41.95 , 82.29
41.88 , 82.23
41.9 , 82.57
42.24 , 82.31
41.83 , 82.42
41.74 , 82.45
41.89 , 82.19
41.64 , 82.34
42.55 , 82.09
41.89 , 82.38
41.81 , 81.65
42.56 , 82.06
41.78 , 82.23
42.04 , 81.93
42.15 , 82.28
41.82 , 82.26
42.0 , 82.16
42.42 , 82.63
41.99 , 82.37
41.89 , 82.62
41.93 , 82.62
41.96 , 82.71
41.87 , 82.83
42.39 , 82.14
41.65 , 82.78
42.19 , 82.46
42.12 , 82.45
42.2 , 82.38
41.74 , 82.29
42.12 , 82.15
42.09 , 82.34
41.42 , 82.26
42.17 , 82.2
42.63 , 82.32
41.76 , 82.04
42.3 , 81.94
41.86 , 82.1
42.06 , 82.14
42.29 , 82.38
42.23 , 82.35
41.87 , 82.23
42.55 , 82.25
42.25 , 81.57
42.17 , 82.14
41.96 , 82.57
42.42 , 82.33
42.06 , 82.39
42.11 , 82.54
42.08 , 82.38
42.15 , 81.78
42.0 , 81.97
42.47 , 81.78
42.29 , 81.93
42.32 , 82.69
42.19 , 82.35
42.28 , 81.98
42.32 , 82.25
42.27 , 82.26
42.44 , 82.25
42.19 , 82.5
41.88 , 82.23
42.5 , 82.04
41.67 , 82.3
42.27 , 82.1
41.59 , 82.02
42.55 , 81.82
42.47 , 82.1
42.03 , 82.36
42.02 , 82.36
42.3 , 82.29
42.39 , 82.03
42.16 , 82.19
42.1 , 82.46
42.51 , 81.95
42.48 , 82.03
42.4 , 82.35
42.25 , 82.34
41.99 , 82.13
42.31 , 82.04
42.15 , 82.03
42.03 , 82.41
42.43 , 82.28
42.31 , 82.29
42.19 , 82.13
42.3 , 81.53
42.11 , 82.17
42.16 , 82.04
42.44 , 81.67
42.56 , 82.09
42.05 , 81.97
42.07 , 82.04
42.24 , 82.06
42.49 , 82.17
42.11 , 82.4
42.39 , 81.97
41.99 , 82.03
42.45 , 82.03
42.12 , 81.9
42.05 , 82.3
42.31 , 82.09
42.17 , 82.07
42.56 , 81.82
42.34 , 82.19
42.57 , 82.19
42.49 , 82.28
42.1 , 82.21
42.63 , 81.78
42.36 , 81.92
42.33 , 82.48
42.25 , 81.68
41.99 , 82.02
42.44 , 81.99
42.59 , 82.46
42.18 , 82.07
42.42 , 82.14
42.39 , 82.46
42.32 , 81.69
42.32 , 81.81
42.23 , 81.87
42.3 , 82.11
42.12 , 81.58
42.04 , 82.1
42.69 , 82.07
42.36 , 82.25
42.2 , 81.89
42.11 , 81.76
43.28 , 81.97
42.76 , 82.07
42.38 , 82.04
42.02 , 82.48
42.36 , 82.44
42.37 , 81.83
42.34 , 82.24
42.46 , 82.07
42.51 , 81.48
42.19 , 81.88
42.41 , 81.8
42.27 , 81.76
42.36 , 81.72
42.52 , 82.15
42.09 , 81.66
42.49 , 82.05
42.13 , 81.57
42.58 , 82.3
42.67 , 81.79
42.23 , 82.2
42.49 , 82.6
42.26 , 82.16
42.66 , 82.02
42.51 , 81.74
42.67 , 81.96
42.57 , 81.42
42.34 , 81.6
42.62 , 81.65
42.87 , 81.63
42.12 , 81.89
42.12 , 82.0
42.29 , 81.37
42.7 , 81.26
42.23 , 81.72
42.44 , 82.05
42.45 , 82.11
42.71 , 81.68
42.65 , 81.7
42.38 , 81.79
42.83 , 82.23
42.16 , 81.65
42.69 , 82.0
42.49 , 81.99
42.68 , 82.0
42.51 , 81.56
42.69 , 81.92
42.82 , 81.58
42.47 , 82.14
42.36 , 81.79
42.51 , 81.74
42.65 , 81.85
43.06 , 81.72
42.27 , 82.2
42.41 , 81.86
42.3 , 82.25
42.67 , 81.69
42.29 , 81.9
42.32 , 81.77
42.32 , 81.98
42.65 , 82.22
42.63 , 82.01
42.83 , 82.04
42.56 , 81.57
42.96 , 81.22
42.67 , 81.86
42.38 , 81.54
42.61 , 81.76
42.49 , 82.21
42.75 , 81.59
42.49 , 81.66
42.37 , 82.13
42.63 , 81.47
42.91 , 81.57
42.64 , 81.53
42.29 , 81.77
42.49 , 81.67
42.21 , 81.79
42.85 , 81.71
42.58 , 81.44
42.55 , 81.87
42.78 , 81.84
42.88 , 81.74
42.78 , 81.58
42.76 , 81.57
42.33 , 81.58
42.69 , 81.2
42.66 , 81.41
43.18 , 81.89
42.21 , 81.92
42.46 , 81.85
42.94 , 81.51
42.91 , 81.48
42.64 , 81.87
42.41 , 81.03
42.35 , 81.81
42.51 , 81.51
42.95 , 81.22
42.81 , 81.55
42.15 , 81.46
42.74 , 81.85
43.18 , 81.91
42.65 , 81.45
42.27 , 81.92
42.71 , 81.65
42.85 , 81.41
42.15 , 81.64
42.65 , 81.76
42.42 , 81.55
42.27 , 81.27
42.53 , 81.39
42.66 , 81.22
42.57 , 81.58
42.88 , 81.94
42.52 , 81.91
43.27 , 81.99
42.89 , 81.5
42.6 , 81.64
42.5 , 81.31
42.76 , 81.76
42.55 , 81.47
42.92 , 81.12
42.51 , 81.17
42.54 , 81.29
42.38 , 81.59
42.54 , 81.08
42.41 , 81.28
42.62 , 81.37
42.68 , 81.65
43.05 , 81.39
42.47 , 81.84
42.52 , 81.67
42.8 , 81.57
43.32 , 81.19
42.36 , 81.49
43.07 , 81.46
42.64 , 81.91
42.72 , 81.55
43.22 , 81.54
42.88 , 81.57
42.61 , 81.46
42.71 , 81.64
42.92 , 81.54
42.9 , 81.6
42.87 , 81.11
42.82 , 81.49
42.39 , 81.01
42.94 , 81.69
42.32 , 81.3
43.37 , 81.29
42.75 , 81.2
42.69 , 81.26
42.57 , 81.42
42.97 , 80.97
42.81 , 81.53
42.35 , 81.56
42.71 , 81.29
43.05 , 81.3
42.33 , 81.37
42.48 , 81.28
42.96 , 81.46
42.59 , 81.26
42.75 , 81.56
42.61 , 81.25
42.81 , 81.76
42.71 , 81.53
42.8 , 81.53
43.08 , 81.57
42.84 , 81.65
43.05 , 81.28
42.94 , 81.33
42.63 , 81.66
42.51 , 81.22
42.86 , 81.18
42.44 , 81.75
42.55 , 81.43
43.01 , 81.28
42.65 , 81.43
42.88 , 81.32
43.24 , 81.34
43.18 , 81.67
42.52 , 81.48
42.66 , 81.06
42.84 , 81.21
42.94 , 81.7
42.97 , 81.44
43.02 , 80.91
43.24 , 81.22
42.99 , 81.29
42.62 , 80.86
42.98 , 81.56
43.22 , 80.92
43.05 , 80.81
42.6 , 81.12
42.51 , 81.12
42.77 , 80.88
42.92 , 82.0
42.86 , 81.11
42.99 , 81.45
43.08 , 81.43
43.12 , 81.31
42.98 , 81.22
42.62 , 81.46
43.06 , 81.25
43.23 , 81.42
42.81 , 81.35
42.93 , 81.17
42.56 , 80.93
42.82 , 81.4
42.97 , 81.65
43.31 , 81.37
43.03 , 80.84
42.83 , 81.4
42.41 , 81.59
43.15 , 81.15
42.65 , 81.43
42.72 , 81.14
42.49 , 80.79
43.1 , 81.16
43.18 , 81.04
43.18 , 81.5
42.98 , 80.79
43.08 , 81.45
43.1 , 80.91
42.59 , 81.01
43.34 , 81.55
42.97 , 80.74
42.55 , 80.86
43.31 , 81.0
43.15 , 81.25
42.93 , 81.36
43.16 , 81.13
42.89 , 81.52
43.14 , 80.85
43.23 , 80.84
43.06 , 80.82
42.84 , 80.81
42.61 , 81.02
43.28 , 81.25
43.08 , 81.06
42.66 , 81.15
42.87 , 81.32
42.69 , 80.45
42.78 , 80.89
43.01 , 80.87
43.32 , 80.95
43.43 , 81.07
42.99 , 81.18
43.06 , 80.79
43.17 , 81.09
42.79 , 80.54
43.04 , 80.8
43.2 , 80.85
42.74 , 81.25
43.12 , 81.41
43.07 , 80.66
42.81 , 81.01
43.04 , 81.14
43.16 , 81.38
42.99 , 81.4
42.82 , 81.35
42.74 , 80.71
43.16 , 81.11
42.62 , 81.13
43.24 , 80.64
43.07 , 80.9
42.99 , 81.28
42.9 , 81.1
42.89 , 80.66
42.84 , 80.89
43.0 , 80.76
43.51 , 80.73
43.27 , 81.35
43.16 , 81.0
43.06 , 81.0
42.76 , 80.62
43.06 , 81.21
43.1 , 80.87
42.79 , 80.69
43.27 , 80.94
42.97 , 80.92
43.25 , 80.74
42.91 , 80.56
43.32 , 80.9
42.86 , 80.68
43.09 , 81.03
43.2 , 80.84
43.06 , 80.88
42.72 , 80.88
43.17 , 80.84
43.07 , 80.99
43.5 , 81.23
42.86 , 80.88
43.15 , 80.64
42.72 , 81.43
43.46 , 80.66
43.07 , 80.85
42.85 , 81.12
43.42 , 80.92
43.78 , 80.67
43.26 , 80.85
43.62 , 81.38
43.66 , 81.22
43.43 , 81.29
43.23 , 80.87
43.24 , 80.9
43.12 , 80.84
43.28 , 81.08
43.1 , 80.48
43.46 , 81.01
42.94 , 80.68
43.34 , 80.8
43.8 , 80.66
43.18 , 80.83
43.6 , 81.14
43.29 , 80.82
43.23 , 81.15
43.5 , 81.02
43.17 , 80.82
42.72 , 80.75
43.14 , 80.18
43.21 , 81.05
43.03 , 80.99
43.33 , 80.87
42.93 , 81.21
42.77 , 80.89
43.26 , 80.93
42.85 , 80.65
42.89 , 80.85
43.04 , 81.16
43.41 , 81.21
43.04 , 80.94
43.62 , 80.78
43.26 , 80.73
43.39 , 80.58
43.18 , 80.52
43.05 , 80.57
43.1 , 80.9
43.3 , 80.78
43.65 , 80.69
43.78 , 80.7
43.5 , 80.72
43.03 , 80.63
43.54 , 80.75
43.23 , 80.35
43.1 , 80.66
43.26 , 80.23
42.83 , 79.78
42.77 , 80.39
43.53 , 80.75
43.23 , 80.5
43.29 , 80.55
43.56 , 80.83
43.22 , 80.19
43.44 , 80.74
43.26 , 80.7
43.06 , 80.31
43.17 , 80.85
43.64 , 80.85
43.59 , 80.71
42.9 , 80.5
43.61 , 80.55
43.25 , 80.81
43.67 , 80.92
43.09 , 80.69
43.33 , 80.53
43.3 , 80.78
43.02 , 80.76
43.44 , 80.58
43.54 , 80.43
43.37 , 80.9
43.61 , 80.66
43.47 , 80.58
43.52 , 80.28
43.09 , 80.63
43.46 , 80.74
43.51 , 80.63
43.4 , 79.97
43.43 , 80.25
43.07 , 80.69
43.38 , 81.21
43.51 , 80.44
43.35 , 80.49
43.58 , 80.8
43.16 , 80.49
43.27 , 80.43
43.14 , 80.82
43.07 , 80.69
43.28 , 80.59
43.28 , 80.15
43.43 , 80.82
43.05 , 80.76
43.56 , 80.89
43.45 , 80.24
43.21 , 80.52
42.9 , 80.69
43.75 , 80.42
43.07 , 80.33
43.42 , 80.8
43.4 , 80.36
43.13 , 80.42
43.63 , 80.54
43.82 , 80.87
43.48 , 80.52
43.85 , 80.55
43.31 , 80.5
43.14 , 80.49
43.34 , 80.27
43.77 , 80.67
43.88 , 80.48
43.18 , 79.95
43.61 , 80.15
43.43 , 80.03
43.45 , 80.67
43.46 , 80.51
43.28 , 80.74
43.89 , 80.76
43.68 , 80.65
43.6 , 80.19
43.59 , 80.76
43.47 , 80.5
43.71 , 80.22
43.91 , 80.51
43.26 , 80.49
43.11 , 80.38
43.79 , 80.36
43.43 , 80.37
43.76 , 80.41
43.64 , 80.36
43.49 , 79.9
43.53 , 80.5
43.55 , 80.33
43.74 , 80.65
43.63 , 80.43
43.29 , 80.01
43.65 , 80.45
43.28 , 80.37
43.63 , 80.63
43.6 , 80.28
43.25 , 80.38
43.55 , 80.62
43.74 , 80.32
43.42 , 80.69
43.31 , 80.14
43.29 , 80.58
43.47 , 80.44
43.64 , 79.98
43.13 , 80.28
43.82 , 80.25
43.29 , 80.08
43.59 , 80.11
43.35 , 80.27
43.52 , 79.93
43.82 , 80.13
43.72 , 80.23
43.85 , 80.31
43.32 , 80.0
43.5 , 80.64
43.77 , 80.33
43.39 , 80.13
43.78 , 79.53
43.61 , 80.57
43.48 , 79.86
43.67 , 80.28
43.61 , 80.48
43.32 , 80.21
43.7 , 80.69
43.48 , 80.17
43.73 , 80.48
43.69 , 80.06
43.61 , 80.19
43.47 , 80.45
43.65 , 80.62
43.84 , 80.51
43.82 , 79.59
43.84 , 80.3
43.19 , 80.51
43.78 , 80.34
43.87 , 80.13
43.67 , 80.19
44.04 , 80.23
43.59 , 80.27
43.99 , 80.45
43.97 , 80.28
43.64 , 80.23
43.73 , 80.21
43.84 , 80.03
43.74 , 80.29
43.46 , 80.09
43.82 , 80.12
43.23 , 80.41
43.83 , 80.2
43.71 , 79.9
43.61 , 79.85
44.43 , 80.44
43.72 , 80.22
43.79 , 80.09
43.83 , 79.99
43.8 , 79.96
43.45 , 80.42
43.83 , 80.1
44.01 , 79.82
43.75 , 80.26
43.36 , 80.16
43.6 , 80.04
43.82 , 80.72
43.71 , 79.95
43.28 , 80.22
43.7 , 80.46
44.17 , 80.28
43.7 , 80.43
43.84 , 79.89
43.73 , 79.82
44.5 , 80.11
43.77 , 80.24
43.9 , 80.25
43.89 , 80.29
43.89 , 80.29
43.72 , 79.89
43.72 , 80.19
43.61 , 79.81
44.16 , 80.17
43.44 , 80.28
43.61 , 80.17
43.97 , 80.12
43.79 , 80.11
43.38 , 79.91
43.7 , 79.66
44.07 , 80.04
43.72 , 79.5
43.64 , 80.68
43.55 , 80.09
44.28 , 80.36
43.68 , 80.19
43.56 , 80.16
44.02 , 80.54
43.81 , 79.83
43.98 , 80.38
44.1 , 79.52
44.33 , 80.29
44.18 , 80.06
43.83 , 79.73
44.3 , 80.08
44.68 , 80.12
43.35 , 79.71
43.79 , 79.57
44.17 , 79.42
43.62 , 80.04
43.8 , 80.1
43.38 , 79.97
43.98 , 79.8
43.78 , 80.19
43.81 , 80.23
43.28 , 79.87
44.03 , 79.91
43.91 , 80.45
44.14 , 80.36
43.81 , 80.15
43.98 , 79.77
43.5 , 79.9
43.6 , 79.92
43.6 , 80.21
43.64 , 79.69
44.02 , 79.48
43.84 , 80.42
44.31 , 79.73
44.36 , 79.61
44.04 , 80.15
43.51 , 80.51
43.89 , 80.19
44.15 , 79.89
43.9 , 79.89
43.99 , 80.06
44.1 , 79.94
44.05 , 79.93
44.09 , 79.99
43.96 , 80.05
43.8 , 79.74
44.13 , 79.44
43.85 , 79.85
43.96 , 80.11
43.93 , 79.78
44.07 , 79.56
44.38 , 80.13
43.51 , 79.57
44.09 , 79.49
44.43 , 79.57
44.55 , 80.1
43.64 , 80.24
44.24 , 80.27
43.99 , 79.24
43.96 , 79.78
44.05 , 79.38
43.74 , 79.97
43.81 , 79.96
44.16 , 80.43
44.23 , 80.2
44.08 , 79.55
43.98 , 79.58
44.36 , 79.77
44.33 , 80.12
44.35 , 79.85
44.1 , 80.09
43.97 , 79.84
43.83 , 79.62
44.42 , 79.97
44.0 , 79.54
43.92 , 79.87
44.24 , 79.94
44.31 , 79.37
44.47 , 79.57
44.02 , 79.51
44.19 , 80.1
44.01 , 79.45
44.42 , 79.92
44.4 , 79.74
44.21 , 79.9
43.93 , 79.81
44.19 , 80.14
44.15 , 80.5
44.05 , 79.79
44.25 , 79.78
44.0 , 79.8
44.19 , 79.73
44.02 , 79.53
44.23 , 79.9
44.03 , 79.7
44.09 , 79.82
43.65 , 79.54
44.25 , 80.08
44.25 , 79.86
44.11 , 79.48
44.11 , 79.66
44.03 , 79.55
44.0 , 79.71
43.53 , 79.66
43.83 , 80.19
44.48 , 79.87
44.35 , 79.84
44.51 , 79.98
44.11 , 79.52
44.09 , 79.36
44.12 , 79.36
44.18 , 79.63
44.48 , 79.48
43.92 , 79.73
44.54 , 79.83
44.18 , 79.56
43.88 , 80.02
43.98 , 79.62
43.73 , 79.8
44.47 , 79.54
44.11 , 79.95
44.44 , 79.53
44.44 , 79.9
44.27 , 79.81
44.16 , 79.51
44.11 , 79.65
44.31 , 79.38
44.17 , 79.78
44.25 , 79.81
44.57 , 79.66
44.74 , 80.1
44.55 , 79.68
43.96 , 79.94
43.96 , 79.73
44.32 , 79.58
43.92 , 78.79
44.71 , 79.69
44.25 , 79.89
44.3 , 79.66
44.14 , 79.35
44.22 , 79.45
44.07 , 79.86
44.34 , 79.72
44.75 , 79.28
43.84 , 79.74
44.1 , 79.49
44.27 , 79.6
44.17 , 79.83
44.04 , 79.32
44.13 , 79.4
44.02 , 79.62
44.51 , 79.93
44.38 , 79.67
44.65 , 79.6
44.5 , 79.56
44.51 , 79.67
44.32 , 79.67
44.64 , 79.98
44.39 , 80.27
44.85 , 79.42
44.61 , 80.03
44.34 , 79.68
43.86 , 79.14
44.4 , 79.63
44.29 , 79.53
43.96 , 79.35
44.07 , 79.41
44.43 , 79.56
44.3 , 79.79
44.23 , 79.56
44.57 , 79.11
44.24 , 79.34
44.4 , 79.5
44.15 , 79.35
44.26 , 79.16
44.26 , 79.76
44.13 , 79.7
44.38 , 79.7
44.25 , 79.32
44.36 , 79.46
44.53 , 79.49
44.12 , 79.24
44.17 , 79.46
44.2 , 79.7
44.46 , 79.66
44.67 , 79.72
44.27 , 79.64
44.12 , 79.7
44.12 , 79.16
44.53 , 79.61
44.81 , 79.63
44.38 , 79.53
44.38 , 79.34
44.56 , 79.49
44.56 , 79.98
44.91 , 78.99
44.26 , 79.15
44.24 , 79.63
44.13 , 79.28
44.14 , 79.25
44.24 , 79.34
44.81 , 79.05
44.97 , 79.21
43.99 , 79.54
44.63 , 79.06
44.36 , 79.42
44.4 , 79.46
44.31 , 79.54
44.86 , 79.39
44.49 , 78.9
44.57 , 79.69
44.55 , 79.81
44.77 , 79.24
44.44 , 79.38
44.6 , 79.03
44.68 , 79.34
44.5 , 79.5
44.29 , 79.5
44.28 , 79.59
44.67 , 79.1
44.62 , 79.53
44.73 , 79.06
44.6 , 79.44
44.36 , 79.68
44.37 , 79.43
44.29 , 79.08
44.5 , 79.2
44.66 , 79.47
44.17 , 79.29
44.96 , 79.34
44.8 , 79.07
44.99 , 79.24
44.45 , 78.98
44.71 , 79.92
44.67 , 79.44
44.87 , 79.06
44.45 , 79.38
44.43 , 79.59
44.54 , 79.15
44.31 , 78.84
44.21 , 79.34
44.95 , 79.13
45.25 , 79.25
44.32 , 79.05
44.65 , 79.75
44.29 , 79.22
44.61 , 79.51
44.66 , 79.47
44.53 , 79.64
44.34 , 79.28
44.78 , 79.05
44.4 , 79.25
44.45 , 79.44
44.4 , 79.66
44.4 , 79.55
44.98 , 79.11
44.83 , 79.43
44.57 , 79.2
44.71 , 79.37
44.51 , 79.51
44.49 , 79.5
44.52 , 78.99
44.8 , 79.3
44.38 , 79.45
44.95 , 79.05
44.86 , 79.35
44.47 , 78.94
44.92 , 79.13
44.69 , 79.06
44.65 , 79.42
44.5 , 79.05
44.43 , 79.27
44.31 , 79.09
44.73 , 79.52
44.76 , 79.33
44.56 , 79.7
44.39 , 78.94
44.63 , 79.32
45.07 , 79.3
45.06 , 79.43
44.91 , 79.2
44.96 , 79.23
44.85 , 79.05
44.53 , 79.21
44.88 , 79.4
44.61 , 79.16
44.73 , 79.2
44.29 , 79.11
44.67 , 78.61
44.78 , 79.28
44.52 , 79.19
44.63 , 79.15
44.6 , 79.2
44.8 , 79.05
44.51 , 78.97
45.13 , 79.52
44.84 , 78.99
44.61 , 78.9
44.94 , 79.18
44.83 , 79.27
44.79 , 79.09
45.01 , 79.3
44.49 , 78.9
44.37 , 78.79
45.15 , 78.75
44.99 , 79.38
45.09 , 78.43
44.69 , 78.51
44.52 , 79.32
44.52 , 78.94
44.95 , 79.66
44.55 , 79.08
44.93 , 78.96
44.64 , 78.66
44.66 , 78.82
44.92 , 79.12
44.57 , 78.96
44.68 , 78.9
44.9 , 79.31
45.13 , 78.62
44.76 , 78.98
45.49 , 78.99
44.96 , 78.63
44.47 , 79.09
44.45 , 78.75
44.77 , 78.75
44.54 , 79.09
45.08 , 79.09
44.67 , 78.76
44.8 , 79.08
44.77 , 78.94
45.04 , 79.3
45.18 , 79.29
44.89 , 79.04
44.38 , 78.63
44.96 , 79.45
44.85 , 79.07
44.7 , 79.03
44.64 , 79.11
44.38 , 78.72
45.24 , 79.17
45.12 , 79.09
44.65 , 78.92
44.83 , 78.92
45.16 , 78.89
44.63 , 79.18
44.7 , 78.95
45.32 , 79.04
44.93 , 78.58
45.14 , 78.7
44.78 , 79.04
44.98 , 78.63
44.79 , 78.86
44.86 , 78.96
45.08 , 79.24
44.92 , 79.02
44.72 , 79.22
45.14 , 79.05
44.8 , 79.0
44.86 , 78.85
45.16 , 79.37
44.67 , 78.53
45.01 , 79.02
44.92 , 78.87
44.81 , 79.25
45.43 , 79.04
44.84 , 79.39
45.04 , 78.89
44.53 , 78.88
44.79 , 78.74
45.02 , 78.57
44.89 , 79.05
44.65 , 78.73
44.84 , 78.63
44.87 , 78.78
44.77 , 78.73
44.82 , 79.02
44.57 , 79.18
45.13 , 79.12
45.25 , 78.86
45.13 , 79.11
45.18 , 79.23
44.88 , 78.89
45.6 , 78.74
45.15 , 78.58
45.16 , 79.05
45.23 , 78.48
44.85 , 79.03
45.23 , 78.54
45.31 , 78.93
45.44 , 78.73
44.88 , 79.0
44.75 , 78.88
44.89 , 79.22
45.18 , 78.65
44.78 , 78.94
45.22 , 79.05
44.84 , 78.78
45.0 , 78.63
44.88 , 78.81
45.23 , 78.88
45.32 , 78.79
45.39 , 78.29
44.85 , 79.01
45.03 , 78.77
45.02 , 78.4
44.98 , 78.66
45.18 , 78.95
45.17 , 79.01
45.11 , 79.44
45.3 , 78.95
44.97 , 78.23
45.19 , 78.65
44.61 , 78.47
45.37 , 78.53
45.26 , 78.72
45.02 , 78.7
45.15 , 78.43
44.87 , 78.64
44.38 , 78.99
44.85 , 78.62
45.47 , 78.49
45.09 , 78.57
45.04 , 78.73
45.1 , 78.51
45.14 , 78.64
45.15 , 78.48
44.92 , 78.94
45.51 , 78.22
45.2 , 78.89
45.35 , 78.2
45.25 , 78.61
45.14 , 78.83
44.95 , 78.46
44.94 , 78.93
45.5 , 78.87
45.02 , 78.84
45.05 , 79.04
45.3 , 78.61
44.68 , 78.34
45.06 , 78.34
45.5 , 78.53
44.85 , 78.83
45.63 , 78.73
45.13 , 78.45
45.0 , 79.01
45.13 , 78.54
45.05 , 78.6
45.22 , 78.68
45.46 , 78.62
45.32 , 78.35
45.22 , 78.86
45.41 , 78.07
45.54 , 78.61
44.92 , 78.87
45.21 , 78.56
45.21 , 78.54
45.55 , 78.59
45.35 , 78.58
45.21 , 78.51
45.63 , 78.24
44.73 , 78.73
45.55 , 78.45
45.42 , 78.96
45.25 , 78.5
45.29 , 78.8
45.25 , 78.26
45.04 , 77.75
45.42 , 78.54
45.17 , 78.53
45.18 , 78.29
45.1 , 78.82
45.09 , 78.52
45.18 , 78.4
45.13 , 78.29
45.11 , 78.09
45.67 , 78.77
45.61 , 78.87
45.26 , 78.76
45.28 , 77.92
45.11 , 78.42
45.4 , 78.43
45.1 , 78.55
45.7 , 78.32
45.15 , 78.45
44.61 , 78.95
45.5 , 78.48
45.35 , 78.48
45.32 , 78.71
45.46 , 78.59
45.53 , 78.22
45.11 , 78.78
45.58 , 78.73
45.23 , 78.99
45.41 , 78.43
45.1 , 78.32
45.17 , 78.5
44.93 , 78.58
45.44 , 78.46
45.44 , 78.47
44.98 , 78.76
45.2 , 78.61
45.56 , 78.65
45.11 , 78.51
45.85 , 78.77
45.24 , 78.62
45.88 , 78.05
45.08 , 78.97
45.24 , 78.52
45.51 , 78.29
45.17 , 78.69
45.42 , 78.2
45.14 , 78.58
45.19 , 78.19
45.75 , 78.7
45.57 , 78.44
45.43 , 78.41
45.31 , 78.74
45.2 , 78.35
45.24 , 78.05
45.67 , 78.66
44.99 , 78.48
45.73 , 78.53
45.54 , 78.59
45.97 , 78.71
45.71 , 78.31
45.2 , 78.32
45.8 , 78.48
45.27 , 78.2
46.06 , 78.44
45.6 , 78.67
45.72 , 78.18
45.57 , 78.05
45.13 , 78.45
45.32 , 78.23
45.27 , 78.33
45.72 , 78.35
45.59 , 78.29
45.37 , 77.93
45.33 , 78.56
45.91 , 78.45
45.5 , 78.29
45.14 , 78.61
45.33 , 78.57
45.27 , 78.54
45.67 , 78.61
45.43 , 78.26
45.31 , 78.39
45.26 , 78.65
45.52 , 77.77
45.79 , 78.06
45.72 , 78.37
45.32 , 78.45
45.72 , 78.25
45.69 , 78.06
44.98 , 78.3
45.65 , 78.88
45.64 , 78.57
45.57 , 78.52
45.47 , 78.09
45.12 , 78.12
45.8 , 78.15
45.81 , 78.15
45.49 , 78.35
45.94 , 78.14
45.21 , 77.95
46.03 , 78.1
45.49 , 78.55
45.95 , 78.19
45.45 , 78.45
45.5 , 78.29
45.79 , 78.67
45.65 , 78.46
45.17 , 77.79
44.97 , 78.27
45.92 , 78.36
45.99 , 77.88
45.93 , 78.2
45.97 , 78.4
45.67 , 78.4
45.67 , 78.39
45.3 , 78.71
45.84 , 78.11
45.95 , 78.1
45.57 , 78.42
45.79 , 78.39
45.72 , 78.34
45.57 , 78.16
45.67 , 78.39
45.95 , 78.24
45.88 , 78.1
45.61 , 77.7
45.79 , 78.18
45.94 , 77.94
45.79 , 78.58
45.94 , 78.67
45.74 , 78.06
45.87 , 78.29
45.92 , 78.17
45.77 , 78.3
45.81 , 78.68
45.7 , 78.35
45.32 , 78.59
45.3 , 78.23
45.81 , 78.19
45.96 , 78.52
46.02 , 78.28
45.9 , 78.27
46.43 , 78.5
45.6 , 77.72
45.57 , 78.34
45.63 , 77.93
45.78 , 78.24
45.5 , 78.23
45.69 , 78.51
45.46 , 78.12
45.48 , 78.59
45.93 , 78.24
46.09 , 78.24
46.06 , 78.1
45.95 , 78.3
46.03 , 78.26
45.96 , 78.5
46.42 , 77.99
45.64 , 78.13
45.81 , 78.69
45.85 , 78.23
45.23 , 78.65
46.13 , 78.15
45.92 , 78.09
45.8 , 78.54
46.13 , 78.17
45.77 , 77.8
45.98 , 77.94
45.72 , 78.16
45.81 , 78.01
45.88 , 77.86
45.82 , 77.45
45.76 , 78.45
45.67 , 78.42
46.17 , 78.46
45.99 , 78.57
45.65 , 77.85
45.65 , 77.98
45.99 , 77.88
45.78 , 78.08
45.94 , 77.9
45.66 , 78.34
45.48 , 78.58
45.85 , 78.04
46.24 , 78.49
46.09 , 78.04
45.91 , 78.32
45.98 , 78.64
45.74 , 78.02
46.07 , 77.92
46.27 , 78.21
46.23 , 78.09
45.98 , 77.68
46.06 , 78.66
45.64 , 77.96
46.02 , 77.98
45.98 , 78.05
45.31 , 77.91
45.75 , 77.95
45.89 , 77.92
46.22 , 78.01
46.02 , 77.77
46.27 , 78.26
46.14 , 78.05
45.94 , 78.06
46.19 , 77.96
46.03 , 78.1
46.59 , 77.92
46.01 , 78.14
45.73 , 77.87
46.12 , 78.58
45.87 , 78.17
45.83 , 78.28
46.12 , 77.35
45.77 , 77.93
46.19 , 77.95
45.84 , 77.99
45.59 , 78.62
46.06 , 78.17
46.9 , 78.43
45.89 , 78.1
45.62 , 78.15
46.1 , 77.89
46.04 , 78.08
46.44 , 78.19
45.92 , 77.99
45.73 , 77.84
46.31 , 77.96
45.82 , 78.25
46.08 , 78.18
45.69 , 78.41
45.78 , 78.11
45.92 , 78.35
45.95 , 77.67
45.91 , 77.79
46.44 , 77.69
46.0 , 77.51
46.48 , 78.23
46.24 , 78.29
46.39 , 77.99
46.38 , 78.25
46.37 , 77.87
46.15 , 77.89
46.04 , 78.31
46.0 , 77.87
46.22 , 77.26
46.26 , 77.9
46.52 , 78.04
46.09 , 78.37
46.23 , 77.98
46.31 , 77.58
45.93 , 77.97
46.07 , 78.18
46.27 , 78.13
45.82 , 77.46
46.21 , 77.79
46.05 , 78.18
45.98 , 77.46
46.62 , 78.14
46.03 , 77.88
46.51 , 78.05
46.2 , 77.96
46.17 , 77.8
46.11 , 77.74
46.32 , 77.87
46.2 , 77.83
45.98 , 77.75
46.45 , 77.8
46.7 , 77.9
46.44 , 77.89
46.16 , 77.56
46.43 , 78.06
45.89 , 78.53
46.42 , 77.91
46.33 , 77.32
45.9 , 77.92
46.26 , 78.28
46.42 , 78.03
46.55 , 78.2
46.3 , 77.79
46.43 , 77.77
45.79 , 77.88
46.21 , 77.72
46.1 , 77.44
46.25 , 77.7
45.85 , 78.1
45.99 , 78.25
46.1 , 77.62
46.33 , 78.07
46.69 , 77.91
46.31 , 77.45
46.47 , 78.05
45.86 , 78.02
46.3 , 78.33
46.65 , 77.72
46.2 , 77.78
46.36 , 77.61
45.96 , 77.91
46.35 , 77.53
46.57 , 77.35
46.6 , 77.47
46.51 , 77.93
46.47 , 77.55
46.12 , 78.02
46.16 , 77.55
46.65 , 77.69
46.5 , 78.13
46.52 , 77.81
46.3 , 78.05
46.0 , 78.11
46.37 , 77.97
46.17 , 77.38
46.63 , 77.65
46.14 , 77.88
46.25 , 77.73
46.08 , 77.67
46.78 , 77.82
46.68 , 77.41
46.5 , 78.08
46.48 , 77.73
46.43 , 77.65
46.66 , 77.44
46.52 , 77.62
46.47 , 78.0
46.16 , 77.87
46.79 , 77.77
46.51 , 77.71
46.19 , 77.95
46.32 , 77.68
46.76 , 78.21
46.62 , 77.53
46.13 , 77.78
46.88 , 77.84
46.66 , 77.67
46.33 , 77.77
46.57 , 77.7
46.45 , 77.78
46.42 , 77.76
46.71 , 77.79
46.51 , 77.72
46.94 , 77.71
46.7 , 77.49
46.53 , 78.02
46.77 , 77.47
46.74 , 77.45
46.47 , 77.86
46.52 , 77.77
46.71 , 77.35
46.95 , 77.4
46.34 , 77.46
47.1 , 78.31
46.97 , 77.59
46.92 , 77.67
46.47 , 77.72
47.05 , 77.76
46.76 , 78.43
46.54 , 77.93
46.26 , 77.72
45.93 , 77.58
46.43 , 77.67
46.44 , 77.55
46.49 , 77.38
46.28 , 77.56
46.56 , 77.52
46.14 , 77.66
46.73 , 77.72
46.04 , 77.69
46.8 , 77.66
46.79 , 77.76
46.9 , 77.6
46.27 , 77.02
46.52 , 77.65
47.15 , 77.95
46.52 , 77.78
46.98 , 77.35
46.7 , 77.21
46.6 , 77.68
46.63 , 78.18
46.34 , 77.67
46.43 , 77.63
46.32 , 77.76
46.62 , 77.3
46.8 , 77.09
47.19 , 77.17
46.92 , 77.21
46.78 , 77.66
46.35 , 77.73
46.26 , 77.58
46.39 , 77.44
46.48 , 77.74
46.75 , 77.81
46.79 , 77.64
46.52 , 77.29
46.56 , 77.05
46.67 , 77.75
46.65 , 78.0
46.71 , 77.62
46.7 , 77.76
46.82 , 77.53
46.94 , 77.57
46.4 , 77.42
46.84 , 77.79
46.67 , 77.72
46.73 , 77.76
46.95 , 77.45
46.86 , 77.77
46.77 , 77.64
46.67 , 77.53
46.62 , 78.1
46.65 , 77.92
46.51 , 77.47
47.07 , 77.63
46.74 , 77.45
47.21 , 76.97
47.43 , 77.54
46.68 , 77.74
46.57 , 77.32
46.7 , 77.68
46.54 , 77.73
47.0 , 77.6
46.92 , 77.55
46.82 , 77.3
46.56 , 77.39
46.65 , 77.29
47.0 , 77.58
46.76 , 77.74
46.66 , 76.99
46.84 , 77.79
47.03 , 77.08
46.79 , 77.52
47.24 , 77.58
46.95 , 77.64
47.03 , 77.53
46.54 , 77.87
46.47 , 77.43
46.75 , 77.34
47.11 , 77.57
46.53 , 77.56
46.63 , 77.86
46.81 , 77.26
46.8 , 77.05
47.2 , 77.7
46.6 , 77.23
46.91 , 77.54
47.22 , 77.43
47.03 , 77.55
46.79 , 76.99
47.25 , 77.24
47.14 , 77.19
46.79 , 77.38
47.37 , 77.31
46.74 , 77.12
46.74 , 77.45
47.44 , 77.18
46.7 , 77.3
46.99 , 77.49
46.77 , 77.64
46.8 , 77.38
47.0 , 77.12
46.82 , 77.55
46.76 , 77.22
46.94 , 77.44
46.66 , 77.59
47.12 , 77.65
46.85 , 77.37
46.79 , 77.16
47.01 , 77.25
47.11 , 77.05
47.16 , 77.53
47.01 , 77.71
46.82 , 77.1
47.06 , 77.22
47.23 , 77.18
47.15 , 77.22
47.48 , 77.77
46.8 , 77.31
47.23 , 77.35
46.94 , 77.17
47.08 , 77.37
47.22 , 77.24
47.25 , 77.21
47.07 , 77.55
47.55 , 77.01
47.23 , 77.25
46.76 , 77.32
47.1 , 77.26
46.83 , 77.44
46.93 , 76.75
46.65 , 77.79
47.14 , 77.25
46.79 , 77.41
47.1 , 77.04
47.22 , 77.71
47.34 , 77.13
47.02 , 77.24
47.15 , 77.21
47.04 , 77.76
47.24 , 77.24
46.86 , 76.9
47.04 , 77.24
47.52 , 77.51
47.03 , 77.4
47.49 , 77.56
46.6 , 77.46
47.34 , 76.84
47.22 , 77.6
47.66 , 77.15
46.84 , 77.57
47.21 , 77.22
47.2 , 77.54
47.15 , 77.32
47.14 , 77.51
46.77 , 77.01
47.35 , 77.59
46.98 , 77.65
47.11 , 77.78
46.95 , 77.36
46.87 , 77.33
47.26 , 77.64
47.44 , 77.68
47.62 , 76.61
46.94 , 77.05
47.38 , 77.14
47.49 , 77.26
47.79 , 77.42
47.1 , 76.86
46.97 , 77.33
47.02 , 77.13
47.03 , 76.99
47.31 , 76.62
46.95 , 77.33
47.35 , 77.46
46.89 , 77.3
47.35 , 77.4
47.45 , 77.86
47.01 , 77.19
47.28 , 77.53
47.36 , 77.21
47.24 , 76.76
47.23 , 77.09
46.73 , 77.08
47.2 , 77.09
47.13 , 76.78
47.32 , 77.54
47.4 , 77.11
46.96 , 77.48
47.12 , 77.57
47.2 , 77.47
47.58 , 76.93
47.67 , 77.46
47.45 , 76.98
47.18 , 77.42
47.25 , 77.11
47.26 , 77.32
47.05 , 76.7
47.65 , 77.19
46.77 , 77.11
47.61 , 76.8
47.35 , 76.71
47.13 , 77.21
47.27 , 77.01
47.58 , 77.34
47.66 , 77.24
47.2 , 77.08
47.33 , 76.7
47.08 , 77.04
47.08 , 77.24
46.62 , 76.61
47.28 , 77.09
47.17 , 77.09
47.38 , 77.12
47.36 , 77.05
47.24 , 76.89
47.45 , 77.35
46.83 , 77.37
47.22 , 76.8
47.57 , 77.19
47.12 , 76.94
46.62 , 77.08
47.23 , 77.18
47.02 , 77.55
47.64 , 77.61
47.09 , 76.92
47.36 , 76.9
47.52 , 76.84
47.59 , 76.93
47.43 , 76.53
47.03 , 76.97
47.77 , 77.11
46.92 , 76.99
47.09 , 76.91
47.04 , 76.92
47.97 , 76.89
47.44 , 77.28
46.83 , 76.9
47.47 , 77.24
47.39 , 76.94
47.41 , 77.36
47.44 , 77.2
47.72 , 77.11
47.86 , 76.87
46.8 , 77.36
47.37 , 76.94
47.56 , 77.37
47.26 , 77.07
47.52 , 76.97
47.24 , 77.29
47.78 , 77.31
47.52 , 77.14
47.11 , 76.84
47.19 , 76.74
46.91 , 77.37
47.7 , 77.03
47.56 , 76.93
46.94 , 77.2
47.32 , 77.09
47.77 , 77.01
47.19 , 76.96
47.31 , 77.06
47.45 , 76.73
47.59 , 76.98
47.45 , 77.14
47.3 , 76.54
47.5 , 76.57
47.54 , 76.81
47.26 , 77.39
47.74 , 77.12
47.33 , 77.42
47.51 , 77.01
47.43 , 76.72
47.17 , 76.91
47.33 , 77.43
47.77 , 77.05
47.55 , 77.2
48.03 , 76.96
47.56 , 76.62
47.53 , 76.94
47.5 , 76.87
46.99 , 77.2
46.86 , 76.71
48.05 , 76.78
47.81 , 76.48
47.69 , 77.3
47.87 , 77.36
47.64 , 76.99
47.46 , 76.7
48.01 , 77.42
47.72 , 76.84
47.54 , 76.8
47.87 , 76.29
47.31 , 76.78
47.53 , 77.01
47.56 , 76.48
47.62 , 76.95
48.16 , 76.88
47.4 , 77.11
47.73 , 77.19
47.95 , 76.92
47.78 , 76.59
47.79 , 76.88
47.5 , 76.76
47.85 , 77.19
47.69 , 77.3
47.76 , 76.67
47.43 , 77.22
47.83 , 77.12
47.89 , 76.58
47.78 , 77.31
47.63 , 76.78
47.53 , 77.32
47.74 , 76.99
47.8 , 76.87
47.71 , 76.83
47.66 , 76.94
47.59 , 77.03
48.07 , 76.9
47.63 , 76.7
47.96 , 76.41
47.71 , 76.48
47.49 , 77.06
47.89 , 76.96
48.01 , 77.38
48.17 , 76.99
47.44 , 76.71
47.62 , 77.03
48.21 , 76.98
48.14 , 76.93
47.92 , 76.67
47.74 , 77.31
47.62 , 77.18
47.79 , 76.59
47.89 , 76.81
47.63 , 76.46
47.76 , 76.86
47.49 , 77.27
47.69 , 76.79
47.91 , 76.5
48.01 , 76.83
48.16 , 77.02
47.9 , 77.04
48.18 , 76.84
47.87 , 77.06
47.93 , 77.04
47.69 , 76.89
47.65 , 77.2
47.64 , 76.55
48.13 , 76.65
47.76 , 76.89
47.94 , 76.8
47.86 , 76.96
47.61 , 77.01
47.55 , 77.28
47.92 , 76.61
47.83 , 76.88
47.95 , 76.78
47.81 , 76.64
47.56 , 76.55
48.06 , 76.74
48.03 , 76.51
48.07 , 76.98
47.81 , 76.98
48.02 , 76.66
47.68 , 76.68
48.32 , 76.73
48.21 , 76.46
47.67 , 76.94
47.66 , 76.68
47.65 , 76.97
48.27 , 76.78
48.6 , 76.91
47.99 , 77.08
47.79 , 76.83
47.83 , 77.05
48.32 , 76.71
47.79 , 76.75
47.8 , 76.74
48.66 , 77.05
48.0 , 76.52
48.31 , 76.71
48.24 , 76.66
48.28 , 76.92
48.37 , 76.83
47.82 , 76.96
48.25 , 76.58
47.75 , 76.54
48.07 , 76.8
48.08 , 76.66
47.7 , 76.63
47.47 , 76.69
48.74 , 77.0
47.94 , 76.99
47.3 , 76.7
48.09 , 76.53
48.37 , 76.74
48.09 , 76.52
48.33 , 76.6
47.89 , 76.69
48.0 , 76.56
47.68 , 76.62
48.14 , 76.85
48.63 , 76.79
47.7 , 76.72
47.73 , 76.61
47.87 , 77.2
48.09 , 76.7
48.11 , 76.33
48.12 , 76.25
48.44 , 77.03
48.0 , 76.24
48.17 , 77.09
47.89 , 76.93
48.05 , 76.9
48.18 , 76.73
48.84 , 76.84
47.62 , 76.8
48.28 , 76.81
48.56 , 76.66
48.2 , 76.97
48.28 , 77.05
47.86 , 76.92
48.09 , 76.86
48.32 , 76.8
48.12 , 76.76
48.17 , 76.92
48.13 , 76.29
47.95 , 76.1
48.52 , 76.46
48.06 , 76.94
48.33 , 76.64
48.42 , 76.77
48.23 , 76.7
47.97 , 76.72
48.29 , 76.57
48.23 , 76.95
48.57 , 76.73
48.16 , 76.66
47.98 , 76.89
48.44 , 76.31
47.77 , 76.72
48.32 , 76.84
48.0 , 76.53
48.42 , 76.39
48.74 , 77.01
48.28 , 77.15
48.26 , 76.76
47.95 , 76.5
48.38 , 76.7
48.57 , 76.77
48.07 , 76.9
48.45 , 76.61
47.97 , 76.98
48.25 , 76.98
48.32 , 76.58
47.79 , 76.4
47.96 , 76.77
48.3 , 76.26
48.46 , 76.7
47.93 , 76.69
47.96 , 76.32
48.46 , 76.37
48.25 , 76.6
48.6 , 76.95
48.69 , 76.35
47.77 , 77.04
48.24 , 76.83
48.6 , 76.5
48.55 , 76.39
48.56 , 76.4
48.57 , 76.38
48.23 , 76.59
48.42 , 76.62
48.45 , 76.91
48.24 , 76.13
47.88 , 76.75
48.09 , 77.06
48.24 , 76.18
48.43 , 76.87
48.31 , 76.4
48.19 , 76.45
48.52 , 76.66
48.42 , 76.55
48.13 , 76.66
48.34 , 76.29
48.23 , 76.03
48.42 , 76.51
48.47 , 76.84
48.42 , 76.3
48.34 , 76.68
48.2 , 76.82
48.06 , 76.56
48.49 , 76.84
48.37 , 76.67
48.4 , 76.19
48.56 , 76.29
48.95 , 76.6
48.63 , 76.1
48.47 , 76.48
48.45 , 76.54
48.67 , 76.45
48.44 , 76.47
48.33 , 76.64
48.13 , 76.07
48.75 , 76.86
48.37 , 76.74
48.62 , 76.53
48.43 , 76.53
48.48 , 76.18
49.13 , 76.87
48.11 , 76.66
48.62 , 76.66
48.4 , 76.82
48.63 , 76.48
48.69 , 76.56
48.98 , 76.76
48.14 , 76.11
48.55 , 76.19
48.84 , 76.2
48.5 , 76.28
48.18 , 76.78
49.12 , 76.38
48.29 , 76.43
48.51 , 76.7
48.28 , 76.63
48.66 , 76.73
48.49 , 76.84
48.52 , 76.56
49.04 , 76.31
48.34 , 76.72
48.74 , 76.88
48.37 , 76.19
48.55 , 76.41
48.77 , 76.37
48.9 , 76.78
48.12 , 76.71
48.88 , 76.35
48.62 , 76.79
48.87 , 75.98
48.67 , 76.28
49.2 , 76.55
48.79 , 76.49
48.62 , 76.1
48.42 , 76.29
48.53 , 76.39
48.82 , 76.78
48.84 , 76.74
48.43 , 76.44
49.07 , 76.35
48.6 , 76.64
48.82 , 77.08
48.58 , 76.29
48.45 , 76.73
49.15 , 76.48
48.62 , 76.21
48.84 , 76.02
48.73 , 76.58
48.35 , 76.59
49.07 , 76.72
48.64 , 76.33
48.62 , 76.41
48.72 , 76.67
48.85 , 76.62
48.71 , 76.71
48.64 , 76.39
49.06 , 76.69
48.71 , 76.2
49.08 , 76.52
48.61 , 76.4
48.82 , 76.57
48.9 , 76.19
48.76 , 76.54
48.36 , 76.56
48.73 , 76.24
49.0 , 76.39
48.59 , 76.87
48.78 , 76.21
48.54 , 76.35
48.71 , 76.57
48.39 , 76.62
48.86 , 76.65
48.75 , 76.64
48.39 , 76.24
48.63 , 76.53
48.51 , 76.17
48.58 , 76.71
48.43 , 76.13
49.45 , 76.57
48.72 , 76.49
48.89 , 76.24
48.73 , 76.0
49.13 , 76.15
49.3 , 76.38
48.93 , 76.8
48.95 , 76.6
49.16 , 76.21
49.13 , 76.29
48.82 , 76.28
48.78 , 76.07
48.98 , 76.44
49.11 , 76.2
48.63 , 76.21
48.63 , 76.27
49.06 , 76.7
48.8 , 76.67
48.81 , 76.34
48.63 , 76.37
48.79 , 76.28
48.5 , 76.5
48.81 , 76.24
48.79 , 76.06
49.08 , 76.16
48.85 , 76.3
48.9 , 76.4
49.04 , 76.58
49.14 , 75.97
48.99 , 76.46
49.37 , 76.01
48.48 , 76.54
49.27 , 76.09
48.66 , 76.66
48.73 , 76.13
49.28 , 76.41
48.84 , 76.21
49.33 , 76.72
48.93 , 76.45
48.45 , 76.17
49.0 , 76.57
49.17 , 76.85
49.31 , 76.27
48.95 , 76.7
49.38 , 76.56
48.67 , 76.28
48.56 , 76.55
49.13 , 76.49
49.35 , 76.11
48.79 , 76.03
49.09 , 76.35
48.66 , 76.53
48.93 , 76.39
49.12 , 76.33
48.92 , 76.29
49.14 , 76.3
49.21 , 76.71
49.2 , 76.45
48.74 , 76.61
49.07 , 76.49
48.9 , 76.37
49.16 , 76.21
48.89 , 76.16
48.83 , 76.39
49.21 , 76.08
49.61 , 76.27
49.22 , 76.39
49.15 , 75.92
49.13 , 76.23
48.77 , 76.06
48.72 , 76.22
49.21 , 75.97
49.04 , 76.55
48.92 , 76.0
49.22 , 75.88
49.4 , 76.59
48.8 , 76.64
48.94 , 76.04
49.11 , 75.92
49.36 , 76.6
48.67 , 76.16
49.11 , 76.07
49.2 , 76.46
49.35 , 76.14
49.34 , 76.26
48.84 , 76.27
49.33 , 76.44
49.1 , 76.48
49.38 , 76.08
49.19 , 76.16
49.71 , 76.03
49.42 , 76.45
49.26 , 76.44
49.55 , 76.02
49.23 , 76.82
49.67 , 76.31
49.16 , 76.08
49.17 , 76.3
49.52 , 76.14
49.32 , 76.29
49.24 , 76.48
49.63 , 76.24
48.87 , 76.49
49.25 , 76.02
48.92 , 76.03
49.37 , 76.15
49.62 , 75.85
49.27 , 76.73
49.44 , 76.23
49.13 , 76.37
48.96 , 76.13
49.51 , 76.38
49.81 , 76.44
49.09 , 76.03
49.54 , 76.74
49.07 , 76.34
49.38 , 76.28
49.07 , 76.44
49.53 , 76.07
49.45 , 75.52
49.08 , 75.77
49.53 , 76.27
48.93 , 76.74
49.46 , 76.31
49.36 , 76.33
49.47 , 76.28
49.17 , 76.22
49.52 , 76.33
49.79 , 76.27
49.45 , 76.14
49.05 , 75.92
49.13 , 76.24
48.91 , 75.9
49.71 , 76.39
48.76 , 76.02
49.48 , 75.7
49.16 , 76.46
49.19 , 76.42
49.32 , 76.32
49.18 , 76.23
49.98 , 75.68
49.57 , 76.32
49.4 , 76.08
49.35 , 76.19
49.0 , 76.18
49.64 , 76.33
49.07 , 76.06
49.56 , 75.87
48.84 , 75.91
49.78 , 76.11
49.25 , 76.53
49.17 , 76.28
49.82 , 75.99
49.05 , 76.35
49.33 , 75.96
49.98 , 76.25
49.67 , 76.27
49.51 , 76.27
49.23 , 75.94
49.72 , 75.89
49.65 , 76.45
49.6 , 75.63
49.67 , 75.51
49.5 , 76.04
49.38 , 76.58
49.43 , 76.4
49.71 , 75.72
49.89 , 75.85
49.28 , 76.44
49.5 , 76.5
49.48 , 75.96
49.29 , 75.81
49.56 , 75.82
49.35 , 76.1
49.68 , 76.23
49.89 , 76.11
49.59 , 76.3
49.27 , 76.11
49.29 , 76.1
49.21 , 76.22
49.5 , 75.89
49.0 , 75.81
49.03 , 76.29
49.6 , 75.81
49.32 , 75.71
49.89 , 75.91
49.78 , 76.17
49.5 , 75.97
49.5 , 75.73
50.32 , 76.34
49.46 , 76.22
49.73 , 75.91
49.6 , 75.67
49.1 , 76.45
50.22 , 76.17
49.34 , 76.18
49.55 , 76.07
49.26 , 76.01
49.3 , 76.01
49.8 , 76.33
49.72 , 76.02
49.52 , 76.04
49.87 , 76.1
49.41 , 75.87
49.34 , 76.09
49.66 , 76.16
49.76 , 75.91
49.93 , 75.79
49.6 , 76.1
49.25 , 75.95
49.64 , 76.21
50.32 , 75.76
50.09 , 76.57
49.6 , 75.78
49.98 , 76.23
49.93 , 75.86
49.77 , 75.94
50.1 , 75.61
49.58 , 75.92
49.79 , 75.78
49.49 , 76.18
49.77 , 76.38
49.94 , 76.13
49.81 , 75.65
50.32 , 75.75
50.12 , 76.03
49.81 , 76.07
49.17 , 75.48
49.61 , 75.92
49.74 , 75.98
49.83 , 76.3
50.03 , 76.15
49.3 , 76.12
49.7 , 76.23
49.52 , 76.14
49.44 , 76.27
50.16 , 75.95
49.95 , 75.87
49.77 , 76.23
50.25 , 75.42
49.66 , 75.67
49.63 , 75.5
49.38 , 76.32
49.65 , 76.13
50.11 , 76.04
49.7 , 76.15
50.2 , 76.05
49.8 , 75.83
50.05 , 76.06
49.56 , 75.65
50.14 , 75.65
50.17 , 75.76
49.88 , 76.14
50.06 , 76.3
49.47 , 76.1
49.95 , 76.21
49.89 , 76.06
49.84 , 76.05
49.77 , 75.96
49.82 , 75.76
49.79 , 76.16
49.84 , 75.93
50.07 , 75.87
49.67 , 76.15
50.22 , 76.01
50.35 , 76.06
49.99 , 75.48
50.07 , 75.97
49.61 , 76.08
49.86 , 76.18
49.78 , 75.56
49.8 , 76.0
50.12 , 75.47
50.14 , 75.95
49.89 , 75.85
50.16 , 76.15
50.04 , 75.78
50.39 , 75.69
50.0 , 75.61
49.45 , 76.13
49.77 , 75.54
49.97 , 75.81
50.0 , 75.45
50.0 , 76.2
50.12 , 76.07
49.88 , 75.86
49.64 , 75.63
50.65 , 76.14
50.1 , 76.11
50.13 , 76.22
50.34 , 75.92
50.01 , 75.66
50.13 , 75.78
50.13 , 76.09
50.36 , 75.79
50.19 , 75.81
49.83 , 75.94
50.04 , 75.77
50.63 , 75.54
50.1 , 76.07
49.95 , 76.05
50.34 , 75.49
50.02 , 75.69
50.01 , 76.01
49.97 , 75.59
50.01 , 76.05
49.96 , 75.96
50.11 , 75.95
50.21 , 75.63
49.96 , 75.72
50.1 , 76.18
49.78 , 76.02
50.01 , 76.18
50.18 , 76.07
50.29 , 76.2
50.31 , 76.06
50.38 , 75.99
49.81 , 76.26
50.01 , 75.91
49.8 , 76.29
50.06 , 75.72
49.78 , 76.05
50.43 , 75.99
50.38 , 75.66
49.78 , 76.0
50.64 , 75.46
50.1 , 75.47
50.62 , 76.0
49.98 , 75.74
50.28 , 75.98
49.93 , 75.9
50.18 , 75.69
50.02 , 75.73
50.08 , 76.08
50.79 , 75.81
50.09 , 76.0
50.99 , 75.77
50.64 , 75.78
50.0 , 75.74
50.22 , 75.61
50.18 , 75.99
50.07 , 75.6
50.3 , 75.42
50.4 , 75.77
50.35 , 76.14
50.42 , 75.64
50.04 , 75.98
50.52 , 75.34
49.81 , 76.19
50.14 , 75.47
50.14 , 75.8
50.66 , 75.78
50.15 , 75.87
50.29 , 75.58
50.18 , 75.54
50.1 , 75.68
50.43 , 76.05
50.42 , 75.63
50.26 , 75.94
50.39 , 75.78
50.16 , 75.67
50.34 , 75.62
50.12 , 75.78
50.44 , 75.69
50.56 , 75.4
50.56 , 76.09
50.08 , 75.39
50.3 , 75.7
50.38 , 76.2
50.48 , 76.41
50.79 , 75.56
50.42 , 75.94
50.77 , 75.41
50.49 , 75.5
50.24 , 75.65
50.27 , 75.58
50.46 , 75.75
50.27 , 76.11
49.88 , 75.82
50.53 , 75.93
50.08 , 75.52
50.27 , 75.74
50.5 , 75.66
50.33 , 75.6
50.21 , 76.34
50.36 , 75.76
50.25 , 76.07
50.33 , 76.03
50.53 , 75.65
50.59 , 75.8
50.7 , 75.85
50.82 , 75.57
50.52 , 75.83
50.07 , 75.83
50.05 , 75.45
50.57 , 75.7
50.67 , 76.16
50.54 , 75.58
50.58 , 75.88
50.42 , 75.86
50.81 , 75.88
50.48 , 75.72
50.12 , 75.5
50.35 , 75.94
50.49 , 75.02
50.23 , 75.48
50.72 , 75.73
50.56 , 75.66
50.37 , 75.33
50.74 , 75.6
50.55 , 75.99
50.21 , 75.42
50.22 , 75.55
50.72 , 75.63
50.78 , 76.02
50.38 , 76.18
50.67 , 75.6
50.31 , 75.85
50.67 , 75.84
50.43 , 75.55
50.51 , 75.71
50.53 , 75.44
50.48 , 75.82
50.62 , 75.68
51.0 , 76.07
50.76 , 76.12
50.22 , 75.9
50.96 , 75.4
50.49 , 75.84
51.12 , 75.93
50.18 , 76.01
50.14 , 75.64
50.79 , 75.91
51.07 , 75.96
50.94 , 75.56
50.88 , 75.95
50.69 , 75.58
50.49 , 75.76
50.81 , 75.49
51.15 , 75.44
50.35 , 75.47
50.51 , 75.54
50.49 , 75.71
50.7 , 76.15
50.53 , 75.72
50.78 , 75.48
50.39 , 75.7
50.62 , 75.68
50.69 , 76.3
50.86 , 75.73
50.87 , 75.59
50.86 , 75.61
50.96 , 75.42
50.73 , 75.98
50.61 , 75.57
50.87 , 75.99
50.54 , 75.87
50.23 , 75.59
50.79 , 75.68
51.03 , 75.54
50.56 , 75.94
50.78 , 75.65
50.67 , 75.09
50.92 , 75.57
50.65 , 75.82
50.96 , 75.94
50.56 , 75.98
50.5 , 75.86
50.71 , 75.68
50.91 , 75.37
50.86 , 75.84
51.2 , 75.62
51.07 , 75.63
50.99 , 75.52
50.87 , 75.16
50.6 , 75.7
51.16 , 75.71
51.09 , 75.33
50.75 , 76.24
50.53 , 75.57
50.49 , 75.66
51.22 , 75.42
50.92 , 75.72
50.89 , 76.24
50.46 , 75.43
50.65 , 75.7
50.92 , 75.59
50.58 , 75.57
50.87 , 75.6
50.78 , 75.6
50.8 , 75.64
50.63 , 75.75
50.71 , 75.47
51.15 , 75.75
50.28 , 75.44
50.86 , 75.83
50.58 , 75.82
51.2 , 75.57
51.35 , 75.84
50.94 , 75.63
50.86 , 75.35
50.48 , 75.68
51.3 , 75.44
50.42 , 75.76
51.0 , 76.02
50.73 , 75.9
51.15 , 75.87
51.06 , 75.76
50.31 , 75.73
51.18 , 76.3
50.99 , 76.14
50.74 , 75.66
51.31 , 75.37
50.97 , 75.45
51.43 , 75.29
51.24 , 76.04
51.15 , 75.73
51.48 , 75.32
51.31 , 75.41
50.89 , 75.82
51.07 , 75.25
50.79 , 75.87
50.82 , 75.68
51.22 , 75.48
50.9 , 75.09
51.12 , 75.22
51.59 , 75.54
50.52 , 75.45
51.12 , 75.21
50.79 , 75.4
51.09 , 75.63
50.77 , 75.1
50.99 , 75.7
51.04 , 75.2
51.1 , 76.0
50.99 , 75.26
51.15 , 75.72
51.19 , 75.66
51.04 , 75.76
50.54 , 75.83
51.5 , 75.56
50.84 , 75.82
50.83 , 75.13
50.9 , 75.69
50.59 , 75.34
50.87 , 75.44
51.11 , 75.4
51.05 , 75.42
51.49 , 75.42
51.04 , 75.97
51.13 , 75.63
51.46 , 75.24
51.3 , 76.01
51.29 , 75.34
51.37 , 75.49
51.38 , 75.45
51.24 , 75.9
51.33 , 75.64
51.5 , 75.47
51.3 , 75.92
51.08 , 75.49
51.2 , 75.28
51.65 , 75.65
51.49 , 75.59
51.51 , 75.63
50.79 , 75.37
51.48 , 76.12
51.11 , 75.05
51.04 , 75.6
51.0 , 76.33
51.31 , 75.44
51.08 , 75.7
51.19 , 75.87
51.51 , 75.29
51.25 , 75.66
51.38 , 75.58
51.08 , 75.34
51.21 , 75.43
51.1 , 75.74
51.08 , 75.11
51.21 , 75.5
51.44 , 75.55
51.62 , 75.46
51.02 , 75.45
51.34 , 75.39
51.72 , 75.37
51.13 , 75.6
51.63 , 75.8
51.18 , 75.57
51.39 , 74.93
51.9 , 75.76
51.13 , 75.37
51.46 , 75.24
51.44 , 75.32
51.5 , 75.6
51.3 , 75.57
51.66 , 75.3
51.52 , 75.45
51.68 , 75.48
51.14 , 75.33
51.42 , 75.69
51.26 , 76.04
51.56 , 75.36
51.46 , 75.78
51.14 , 75.66
51.56 , 75.91
51.54 , 75.69
50.94 , 75.29
51.29 , 75.79
51.39 , 75.89
51.45 , 74.95
51.4 , 75.74
51.97 , 75.71
51.71 , 75.34
51.24 , 75.2
51.06 , 75.68
51.27 , 75.52
51.54 , 75.54
51.52 , 75.3
51.65 , 76.02
51.42 , 75.63
51.61 , 75.54
51.58 , 75.35
51.49 , 75.63
51.45 , 75.53
51.33 , 75.43
51.52 , 75.72
51.35 , 75.55
51.42 , 75.47
51.46 , 75.05
51.48 , 75.57
51.6 , 75.35
51.8 , 75.82
51.19 , 74.82
51.64 , 75.59
51.45 , 75.02
51.79 , 75.42
51.75 , 75.36
51.27 , 75.71
51.02 , 75.79
51.25 , 75.4
51.39 , 75.52
51.76 , 75.48
51.38 , 75.48
51.87 , 75.65
51.19 , 75.32
51.8 , 75.47
51.31 , 74.95
51.43 , 75.45
51.28 , 75.35
51.86 , 75.43
51.48 , 75.19
51.84 , 75.29
51.12 , 75.06
51.73 , 75.23
51.56 , 75.57
51.88 , 75.58
51.59 , 75.64
51.17 , 75.42
51.61 , 75.25
51.26 , 75.45
51.35 , 75.57
51.48 , 75.11
51.48 , 75.32
51.74 , 75.79
51.7 , 75.76
52.01 , 75.51
51.76 , 75.45
51.47 , 75.4
51.6 , 75.62
51.48 , 75.81
51.76 , 75.46
51.64 , 75.55
51.59 , 75.21
52.04 , 75.6
51.96 , 74.98
51.81 , 75.26
51.37 , 75.73
51.9 , 75.08
52.06 , 75.54
52.0 , 75.6
52.15 , 75.0
51.47 , 74.76
51.77 , 75.86
52.13 , 75.29
51.83 , 75.28
51.71 , 75.29
51.73 , 75.19
51.89 , 75.61
51.4 , 75.2
51.89 , 75.44
51.76 , 75.22
52.04 , 75.41
51.76 , 75.84
51.87 , 75.33
51.85 , 75.07
51.99 , 74.97
52.04 , 75.39
51.48 , 75.63
51.52 , 75.44
51.66 , 75.78
51.58 , 75.21
51.91 , 75.78
51.38 , 75.23
52.05 , 75.45
51.2 , 75.32
51.92 , 75.36
51.81 , 75.73
52.14 , 75.52
51.27 , 75.64
51.82 , 75.19
51.67 , 75.59
51.53 , 75.59
51.78 , 75.36
52.36 , 74.84
51.64 , 75.43
51.98 , 75.86
52.05 , 75.63
52.04 , 75.26
52.24 , 75.72
51.91 , 75.53
51.71 , 75.64
52.37 , 74.82
51.99 , 75.74
51.88 , 75.3
51.88 , 76.03
52.12 , 75.24
52.14 , 75.19
51.62 , 75.08
51.86 , 75.52
52.05 , 75.35
51.9 , 75.25
51.62 , 75.24
52.2 , 75.71
51.92 , 75.72
51.68 , 75.5
52.53 , 75.48
52.01 , 75.29
52.14 , 75.23
52.34 , 75.59
51.94 , 75.11
51.96 , 75.27
51.7 , 75.1
52.06 , 75.35
51.97 , 75.14
51.99 , 74.79
51.8 , 75.75
51.98 , 75.51
52.3 , 75.24
52.09 , 75.18
51.88 , 75.34
52.08 , 75.35
51.93 , 75.05
51.79 , 75.28
52.05 , 75.34
52.15 , 75.43
52.12 , 75.33
52.11 , 75.26
52.03 , 74.98
52.35 , 75.67
51.82 , 75.09
51.93 , 75.46
52.18 , 75.18
52.01 , 75.4
51.81 , 75.22
51.99 , 75.66
52.29 , 75.08
52.18 , 75.45
52.12 , 75.67
52.16 , 75.13
52.01 , 75.25
52.14 , 75.78
52.69 , 75.29
51.73 , 75.04
52.47 , 74.95
52.07 , 75.59
52.16 , 75.03
52.12 , 76.03
52.37 , 75.36
51.95 , 75.89
52.07 , 75.05
52.29 , 75.2
52.36 , 75.11
52.17 , 74.98
51.88 , 75.44
52.44 , 75.06
52.17 , 75.23
51.76 , 75.8
51.68 , 75.51
52.09 , 74.99
51.95 , 75.24
52.22 , 75.25
51.9 , 75.25
52.34 , 75.22
51.56 , 75.14
52.34 , 75.24
52.14 , 74.93
52.04 , 75.72
51.84 , 75.24
52.08 , 74.93
52.28 , 75.3
52.55 , 75.15
52.29 , 74.99
52.09 , 74.95
52.78 , 75.11
52.38 , 75.15
51.99 , 75.42
52.02 , 75.04
51.55 , 75.63
52.28 , 75.47
52.2 , 75.2
52.58 , 74.68
51.85 , 75.37
52.04 , 75.4
52.33 , 75.22
52.68 , 75.23
52.45 , 75.04
52.0 , 75.09
52.33 , 75.3
52.4 , 74.87
52.32 , 75.43
52.31 , 75.25
52.56 , 75.03
52.08 , 75.55
52.27 , 75.12
52.0 , 75.4
52.17 , 75.14
52.23 , 75.07
52.52 , 75.11
52.62 , 75.14
52.47 , 75.16
52.61 , 75.34
52.48 , 75.36
52.42 , 75.11
52.85 , 75.24
52.66 , 75.66
52.46 , 74.87
52.36 , 75.09
51.88 , 75.07
52.27 , 75.14
52.44 , 75.36
52.66 , 75.44
52.74 , 75.34
52.22 , 75.48
52.25 , 74.7
52.67 , 75.49
52.27 , 75.15
52.21 , 75.01
52.45 , 75.07
52.66 , 75.13
52.5 , 75.53
52.26 , 75.21
52.29 , 75.44
52.36 , 75.17
52.66 , 75.4
52.56 , 75.11
52.78 , 74.86
52.18 , 74.59
52.57 , 75.38
52.7 , 75.21
52.82 , 75.4
52.27 , 74.89
52.32 , 75.38
52.67 , 75.66
52.98 , 75.62
52.68 , 75.59
52.3 , 75.07
52.44 , 75.51
52.6 , 74.82
52.64 , 75.73
52.57 , 75.15
52.63 , 75.59
52.38 , 74.98
52.96 , 75.17
52.35 , 75.42
52.48 , 74.78
52.85 , 75.1
52.66 , 75.09
52.76 , 75.21
52.39 , 74.89
52.28 , 75.09
52.56 , 75.41
52.68 , 75.19
53.01 , 74.99
52.74 , 75.72
52.73 , 74.93
52.91 , 75.34
52.37 , 75.15
52.63 , 75.43
52.39 , 74.87
52.85 , 75.26
52.13 , 75.28
52.99 , 75.58
52.56 , 75.19
52.47 , 75.26
52.74 , 75.13
52.85 , 75.32
52.24 , 75.03
52.39 , 75.43
52.88 , 75.43
52.89 , 75.17
52.96 , 75.34
52.89 , 75.53
52.85 , 75.3
53.23 , 75.41
52.28 , 75.84
52.76 , 75.37
52.99 , 75.08
52.82 , 75.49
52.84 , 74.94
53.09 , 75.11
52.49 , 75.3
52.67 , 75.44
53.14 , 75.11
52.6 , 74.93
53.28 , 75.12
53.05 , 74.82
52.39 , 75.1
52.93 , 74.9
52.82 , 75.26
52.88 , 74.84
52.72 , 75.28
52.75 , 75.29
52.5 , 74.95
52.67 , 75.43
52.96 , 75.27
52.9 , 75.39
52.69 , 75.06
52.22 , 75.52
53.11 , 74.74
52.56 , 74.98
52.98 , 75.04
53.03 , 75.5
52.48 , 75.06
52.55 , 75.15
52.94 , 74.83
52.68 , 75.14
52.88 , 74.96
53.01 , 75.31
52.68 , 74.97
53.05 , 75.16
53.52 , 75.05
52.59 , 75.36
52.89 , 74.76
53.2 , 74.91
52.98 , 75.31
52.83 , 75.04
52.97 , 74.57
52.99 , 75.23
53.03 , 74.72
52.98 , 74.99
52.76 , 75.14
53.2 , 74.65
53.15 , 74.92
53.48 , 74.7
52.81 , 75.02
52.67 , 74.98
52.47 , 75.13
53.15 , 75.73
53.18 , 74.79
52.83 , 75.68
53.18 , 75.33
52.9 , 75.16
52.96 , 75.07
53.22 , 75.01
53.35 , 75.28
53.05 , 75.39
52.67 , 74.66
52.93 , 75.38
53.67 , 75.18
52.81 , 75.01
52.74 , 74.84
52.92 , 74.71
53.1 , 75.33
53.17 , 75.48
53.53 , 75.11
53.03 , 75.28
52.92 , 75.35
52.97 , 75.32
52.7 , 75.48
52.99 , 75.1
53.42 , 75.15
53.22 , 75.53
52.76 , 75.07
52.97 , 74.8
53.26 , 75.34
52.59 , 74.97
53.44 , 75.16
52.91 , 75.05
52.77 , 74.96
52.68 , 74.96
53.59 , 74.89
53.19 , 75.32
53.08 , 74.76
53.31 , 74.93
53.04 , 75.17
52.94 , 75.34
52.65 , 75.11
53.13 , 74.9
53.4 , 75.15
53.16 , 75.17
52.64 , 75.3
52.87 , 74.64
53.32 , 74.58
53.17 , 75.34
52.71 , 75.49
53.38 , 74.73
53.09 , 74.86
53.38 , 75.55
52.8 , 75.39
53.03 , 75.34
52.99 , 75.15
53.18 , 74.93
53.12 , 75.0
53.51 , 74.99
52.74 , 75.12
53.56 , 74.88
53.39 , 75.63
53.54 , 75.58
53.18 , 75.16
52.81 , 74.94
53.64 , 75.22
52.88 , 75.15
53.77 , 75.33
53.06 , 75.37
53.16 , 75.5
53.36 , 75.75
52.95 , 74.72
53.68 , 75.4
52.79 , 75.49
53.34 , 74.87
53.18 , 75.38
52.95 , 74.52
53.31 , 75.1
52.98 , 75.14
53.43 , 75.33
52.85 , 75.28
52.9 , 75.56
53.32 , 74.73
53.0 , 75.72
53.41 , 75.15
53.56 , 75.34
53.45 , 75.53
53.19 , 75.53
53.73 , 74.74
52.78 , 74.82
53.35 , 74.54
53.51 , 75.08
53.01 , 75.27
53.3 , 75.05
53.49 , 75.46
53.52 , 75.37
53.66 , 75.03
53.42 , 75.17
53.07 , 75.07
53.33 , 74.59
53.48 , 74.82
53.36 , 74.94
53.27 , 74.96
53.19 , 75.63
53.29 , 75.09
53.01 , 75.15
53.54 , 74.75
53.6 , 75.0
52.87 , 75.28
53.5 , 75.26
53.22 , 74.7
53.31 , 74.8
53.1 , 75.2
53.42 , 75.52
53.64 , 75.38
53.04 , 75.01
53.73 , 74.38
53.52 , 74.96
53.22 , 75.23
53.39 , 75.12
53.7 , 74.62
53.37 , 75.3
53.35 , 74.89
53.71 , 75.13
53.78 , 75.41
53.79 , 75.67
53.06 , 75.03
53.05 , 74.93
53.4 , 75.12
53.38 , 74.73
53.73 , 75.14
53.51 , 75.26
53.1 , 75.38
53.42 , 75.05
53.81 , 74.89
53.11 , 74.56
53.59 , 75.17
53.17 , 75.02
53.46 , 75.04
53.44 , 74.89
53.7 , 74.88
53.34 , 75.22
53.06 , 74.81
53.17 , 75.19
53.96 , 75.34
53.69 , 74.65
53.76 , 75.51
53.36 , 75.29
53.69 , 74.94
53.75 , 75.21
53.89 , 75.14
53.57 , 75.07
53.61 , 75.48
53.82 , 75.57
53.8 , 75.04
53.16 , 75.24
53.64 , 75.2
53.87 , 75.51
53.82 , 75.06
53.66 , 74.69
53.11 , 74.91
53.68 , 75.38
53.16 , 74.71
53.14 , 75.18
53.57 , 74.65
53.4 , 75.38
53.41 , 74.87
53.5 , 74.94
53.45 , 75.21
53.64 , 74.96
53.31 , 75.17
53.54 , 75.15
53.64 , 74.92
53.53 , 75.16
53.62 , 75.45
54.0 , 75.4
53.45 , 75.33
53.59 , 75.45
53.87 , 75.66
53.97 , 75.18
53.38 , 75.38
53.73 , 75.45
53.7 , 75.24
53.88 , 75.13
53.48 , 75.04
53.54 , 75.68
53.95 , 75.13
53.53 , 75.2
53.53 , 75.06
53.87 , 75.03
54.0 , 75.21
53.66 , 75.0
53.43 , 74.95
53.91 , 75.09
53.89 , 75.16
53.51 , 74.9
53.63 , 75.4
53.42 , 75.2
53.85 , 75.08
53.48 , 74.96
53.91 , 75.21
53.89 , 75.14
54.5 , 75.13
53.83 , 75.55
53.27 , 74.76
53.58 , 75.16
53.93 , 75.33
54.15 , 74.93
53.64 , 75.05
53.3 , 74.75
54.16 , 75.46
54.23 , 74.78
53.72 , 75.4
53.71 , 75.22
54.04 , 75.06
54.08 , 74.91
53.64 , 75.03
54.39 , 75.34
53.59 , 74.92
53.72 , 74.87
54.2 , 75.5
53.78 , 75.15
53.75 , 74.95
54.2 , 75.41
54.3 , 75.64
53.82 , 75.37
53.98 , 75.78
53.8 , 75.44
54.1 , 75.16
54.05 , 74.65
54.13 , 75.24
54.2 , 75.31
54.44 , 75.05
53.74 , 75.55
53.95 , 75.07
54.09 , 74.99
54.05 , 75.16
54.37 , 75.15
53.58 , 75.55
53.65 , 74.51
53.88 , 74.95
54.17 , 74.7
54.14 , 75.46
54.26 , 75.15
53.7 , 75.23
53.55 , 75.16
53.95 , 75.26
53.83 , 75.22
54.18 , 75.24
53.87 , 74.85
54.21 , 74.9
54.29 , 74.9
54.13 , 75.33
54.24 , 75.33
54.03 , 75.32
54.35 , 75.05
53.73 , 75.49
54.2 , 74.88
53.8 , 75.59
54.25 , 75.15
54.11 , 74.76
53.66 , 75.2
54.13 , 75.08
54.34 , 75.36
54.59 , 74.83
53.75 , 75.16
53.99 , 75.28
53.92 , 75.23
54.46 , 75.28
54.01 , 75.17
53.96 , 75.63
54.2 , 75.26
54.22 , 74.95
54.31 , 74.94
53.97 , 75.42
54.45 , 74.99
54.15 , 75.18
54.51 , 75.1
53.83 , 75.6
53.7 , 74.99
54.3 , 74.54
54.79 , 74.49
53.97 , 74.64
54.52 , 75.17
53.95 , 74.94
54.06 , 74.92
54.07 , 75.21
53.79 , 74.7
54.38 , 75.04
54.28 , 74.72
53.7 , 75.36
54.62 , 75.03
53.98 , 75.32
53.92 , 75.11
54.54 , 75.17
54.42 , 74.75
53.75 , 74.84
54.38 , 74.96
54.18 , 74.97
54.5 , 74.86
54.31 , 75.06
54.11 , 75.45
54.28 , 74.75
54.09 , 75.07
54.26 , 75.03
54.14 , 75.4
54.19 , 75.11
54.47 , 75.24
54.98 , 75.02
53.89 , 75.17
54.16 , 74.88
53.77 , 75.12
54.19 , 75.3
54.16 , 74.89
53.96 , 75.1
54.0 , 74.99
54.34 , 75.19
54.58 , 75.33
54.36 , 75.25
54.66 , 74.97
54.35 , 75.18
54.36 , 75.47
54.26 , 75.04
54.22 , 75.03
54.4 , 75.36
54.34 , 75.34
54.72 , 75.01
54.49 , 75.4
54.29 , 75.04
54.72 , 75.14
54.33 , 74.96
53.93 , 74.94
54.55 , 75.01
54.0 , 74.94
54.23 , 75.1
54.9 , 75.14
54.18 , 75.3
54.17 , 74.76
54.53 , 74.85
54.4 , 75.04
54.49 , 75.2
54.47 , 74.97
54.21 , 75.32
54.76 , 75.05
54.55 , 75.24
54.63 , 74.89
53.99 , 75.15
54.42 , 75.28
54.58 , 75.57
54.05 , 75.36
54.71 , 74.93
54.41 , 75.06
54.7 , 75.02
54.69 , 75.24
54.74 , 75.18
54.57 , 75.04
54.48 , 75.51
54.31 , 75.3
54.25 , 75.47
54.49 , 75.11
54.17 , 74.8
54.4 , 75.63
54.5 , 75.37
54.62 , 75.34
54.62 , 74.78
54.35 , 74.99
54.29 , 74.7
54.17 , 75.04
54.61 , 74.75
54.52 , 75.04
54.76 , 74.67
55.07 , 74.93
54.87 , 75.67
53.95 , 74.64
54.32 , 75.08
54.88 , 75.27
54.59 , 74.41
55.07 , 75.19
54.84 , 74.94
54.95 , 75.15
54.73 , 74.69
54.45 , 74.91
54.52 , 75.27
54.62 , 74.94
54.46 , 75.21
54.7 , 75.45
54.34 , 75.16
54.94 , 75.09
54.61 , 74.88
54.12 , 75.38
54.51 , 74.97
54.36 , 74.51
54.68 , 74.77
54.55 , 74.89
54.89 , 75.09
54.79 , 74.56
54.69 , 75.12
54.94 , 75.19
54.4 , 75.18
54.47 , 75.12
54.84 , 75.2
54.3 , 75.68
54.58 , 74.71
54.37 , 74.83
54.87 , 75.56
54.67 , 75.36
55.27 , 74.91
54.48 , 74.75
54.9 , 74.84
54.48 , 75.27
54.66 , 74.98
54.21 , 75.14
54.52 , 74.84
54.56 , 75.64
55.0 , 74.85
54.73 , 75.22
54.59 , 75.2
54.99 , 75.16
55.08 , 75.12
54.87 , 74.8
54.79 , 74.82
54.68 , 74.9
54.67 , 74.72
54.83 , 75.22
54.92 , 75.13
55.04 , 75.41
55.29 , 74.83
54.81 , 74.88
54.47 , 75.11
54.57 , 74.88
54.89 , 74.91
54.94 , 74.93
54.88 , 74.83
54.96 , 75.04
55.02 , 74.88
54.95 , 75.3
55.2 , 74.79
54.93 , 74.95
54.91 , 74.75
54.64 , 75.25
55.13 , 75.08
54.75 , 74.87
54.78 , 75.01
55.22 , 75.32
54.39 , 75.12
54.84 , 74.65
55.19 , 75.03
54.87 , 75.22
54.37 , 75.11
54.72 , 74.56
55.18 , 74.73
54.71 , 75.25
54.98 , 75.11
55.23 , 75.08
54.78 , 74.69
54.6 , 74.8
55.48 , 74.82
54.71 , 75.15
54.81 , 74.94
54.92 , 74.55
55.08 , 74.87
54.8 , 75.13
55.69 , 75.13
55.17 , 75.15
55.26 , 74.98
54.96 , 75.21
54.75 , 75.16
54.79 , 74.85
54.65 , 74.62
55.03 , 75.16
55.25 , 74.96
54.79 , 75.03
55.11 , 75.07
55.44 , 75.29
54.88 , 74.83
55.14 , 75.05
54.93 , 74.74
55.03 , 74.68
55.47 , 74.68
54.63 , 74.92
54.88 , 75.27
54.92 , 75.39
54.99 , 74.98
55.06 , 75.1
55.76 , 74.89
54.94 , 74.98
54.89 , 75.12
55.28 , 75.24
54.78 , 75.01
54.98 , 74.67
55.31 , 74.65
55.24 , 74.8
55.22 , 75.0
55.31 , 75.33
55.06 , 74.67
54.96 , 75.28
54.9 , 75.1
55.09 , 74.59
55.17 , 74.76
55.05 , 74.99
55.04 , 74.92
55.53 , 74.96
55.12 , 74.67
54.97 , 75.05
54.81 , 75.43
54.63 , 75.41
55.39 , 75.22
55.37 , 74.61
55.84 , 75.42
54.9 , 75.11
55.23 , 75.09
55.07 , 74.42
55.07 , 75.25
55.12 , 74.92
55.36 , 75.05
55.58 , 74.88
55.32 , 75.3
55.46 , 75.2
55.23 , 74.69
55.81 , 74.77
55.52 , 74.82
55.12 , 74.88
55.31 , 74.69
55.51 , 74.8
55.15 , 75.14
55.22 , 75.62
55.35 , 74.96
55.13 , 75.52
55.14 , 75.09
55.04 , 75.22
55.4 , 74.96
55.46 , 75.2
55.57 , 74.97
54.53 , 75.14
54.97 , 75.17
55.73 , 74.74
55.11 , 74.84
55.49 , 74.8
54.89 , 74.83
55.06 , 74.77
55.41 , 75.25
55.54 , 74.81
55.33 , 74.87
55.39 , 74.65
55.6 , 75.06
55.17 , 74.49
55.05 , 75.31
55.35 , 74.86
55.35 , 74.82
55.45 , 74.74
55.42 , 74.84
55.71 , 74.82
55.8 , 74.72
55.21 , 74.65
55.1 , 74.94
55.01 , 75.19
55.52 , 74.91
55.39 , 75.29
55.07 , 75.14
55.44 , 74.8
55.69 , 74.77
55.49 , 74.86
56.02 , 74.85
55.55 , 75.04
55.06 , 75.04
55.67 , 74.88
55.97 , 75.29
55.55 , 74.8
55.37 , 75.11
55.29 , 75.2
55.75 , 75.04
55.29 , 75.0
55.46 , 74.9
55.05 , 75.23
55.58 , 75.09
55.27 , 74.94
55.44 , 74.89
55.46 , 75.12
55.63 , 74.99
55.48 , 75.12
55.6 , 74.72
56.06 , 75.01
55.76 , 75.1
55.54 , 74.81
55.8 , 74.99
55.93 , 75.36
55.88 , 74.77
55.35 , 74.89
55.6 , 74.88
55.27 , 74.89
55.78 , 74.96
55.63 , 75.13
55.39 , 75.33
55.3 , 75.57
55.26 , 75.24
55.71 , 75.02
55.35 , 74.87
55.71 , 74.94
55.33 , 75.23
55.57 , 74.82
55.46 , 75.27
55.47 , 74.58
55.67 , 75.22
55.2 , 75.51
55.83 , 74.84
55.53 , 74.66
55.52 , 75.45
55.88 , 74.47
55.68 , 74.88
55.58 , 75.16
55.69 , 75.13
55.72 , 75.07
55.72 , 74.76
55.29 , 75.28
55.67 , 74.95
55.29 , 75.07
55.72 , 74.89
55.61 , 75.56
55.75 , 74.79
56.07 , 75.26
55.31 , 75.28
55.76 , 75.01
55.71 , 74.85
55.81 , 75.1
55.49 , 75.12
55.67 , 75.2
55.74 , 75.41
55.72 , 74.95
55.17 , 75.02
55.31 , 75.3
56.18 , 75.25
55.53 , 74.64
55.87 , 75.13
55.7 , 75.5
55.48 , 75.07
56.26 , 74.61
55.94 , 75.33
55.4 , 75.44
55.61 , 75.19
55.71 , 74.94
55.82 , 75.12
55.96 , 74.92
55.64 , 74.79
55.94 , 75.47
56.08 , 75.28
55.55 , 75.01
55.93 , 74.73
55.6 , 74.71
56.04 , 75.56
55.61 , 74.76
55.73 , 74.93
56.39 , 74.78
55.27 , 74.97
55.59 , 74.95
55.88 , 74.73
55.97 , 75.11
55.79 , 74.84
55.51 , 75.01
55.96 , 75.32
55.29 , 74.85
56.17 , 74.95
56.08 , 74.89
56.01 , 75.09
55.95 , 75.43
55.39 , 75.21
56.09 , 75.08
55.9 , 75.01
55.97 , 75.17
55.96 , 75.25
55.24 , 75.35
55.8 , 74.83
55.6 , 75.1
56.01 , 74.89
55.73 , 75.14
55.94 , 75.41
55.88 , 75.1
56.07 , 74.95
55.71 , 74.76
55.82 , 75.25
55.91 , 74.77
55.89 , 74.69
55.89 , 74.84
56.1 , 75.26
55.88 , 74.98
55.83 , 75.42
56.15 , 75.22
55.63 , 75.68
56.07 , 75.42
55.95 , 75.16
55.81 , 75.2
56.16 , 75.35
56.16 , 75.3
55.66 , 75.01
56.08 , 75.23
55.47 , 75.48
56.14 , 75.0
55.7 , 74.84
56.27 , 75.11
56.31 , 75.32
55.6 , 75.19
56.15 , 74.8
55.96 , 74.7
56.33 , 74.98
56.06 , 75.35
56.53 , 75.42
56.07 , 75.1
56.07 , 75.1
55.86 , 74.73
55.98 , 75.38
56.12 , 74.62
55.88 , 75.22
56.44 , 75.45
56.06 , 75.4
55.93 , 75.1
56.19 , 74.81
56.65 , 74.53
56.19 , 75.45
56.07 , 75.07
55.73 , 74.85
56.26 , 74.72
55.88 , 75.62
55.85 , 75.0
56.06 , 75.15
56.34 , 75.35
56.02 , 75.24
55.82 , 74.38
55.93 , 75.02
56.32 , 75.31
55.75 , 74.91
56.22 , 74.89
56.2 , 74.84
56.28 , 75.22
55.82 , 75.21
56.17 , 75.14
56.22 , 75.24
56.39 , 74.83
56.26 , 75.1
56.05 , 75.09
56.0 , 74.95
56.05 , 75.45
56.85 , 75.24
56.07 , 75.66
56.23 , 75.0
56.01 , 74.9
55.83 , 75.19
56.19 , 75.06
56.38 , 75.42
56.49 , 75.1
55.62 , 75.05
56.37 , 74.97
56.25 , 74.7
56.29 , 75.14
56.54 , 75.16
56.03 , 75.05
56.48 , 75.24
56.22 , 74.77
56.08 , 75.22
56.01 , 75.32
56.39 , 75.28
56.35 , 75.37
56.55 , 74.93
55.64 , 75.0
56.08 , 75.1
56.23 , 75.2
56.26 , 74.94
56.29 , 74.72
56.44 , 75.51
56.14 , 74.81
55.87 , 74.92
56.24 , 75.08
55.76 , 74.98
56.48 , 74.75
56.22 , 74.56
56.39 , 74.69
56.27 , 75.15
56.58 , 74.94
56.04 , 75.16
56.15 , 74.8
56.8 , 75.37
56.43 , 75.63
56.33 , 75.37
56.13 , 75.18
56.03 , 75.11
56.38 , 75.01
56.37 , 75.19
56.08 , 75.23
56.69 , 75.33
56.44 , 74.95
56.63 , 75.39
56.22 , 75.4
56.68 , 75.19
56.17 , 74.74
56.51 , 75.25
56.86 , 75.23
56.15 , 75.24
56.33 , 75.23
56.46 , 74.65
56.05 , 74.81
56.01 , 75.18
56.72 , 75.23
56.51 , 75.6
56.55 , 75.2
56.67 , 75.55
56.41 , 74.83
56.32 , 75.1
56.74 , 75.01
56.34 , 75.29
56.44 , 74.97
56.69 , 75.14
56.17 , 75.21
56.46 , 75.16
56.87 , 75.07
55.97 , 74.97
56.46 , 75.4
56.86 , 75.59
56.83 , 75.21
56.42 , 75.4
56.53 , 74.88
56.21 , 74.97
56.56 , 74.99
56.45 , 75.6
56.55 , 75.39
56.28 , 74.76
56.44 , 75.46
56.64 , 75.28
56.58 , 75.45
56.81 , 75.07
56.66 , 74.79
56.55 , 75.36
56.22 , 75.12
56.26 , 75.38
55.94 , 75.36
56.62 , 75.0
56.54 , 75.2
56.3 , 75.53
56.85 , 75.25
57.07 , 75.04
56.63 , 75.46
56.76 , 75.42
56.22 , 75.22
56.6 , 75.28
57.13 , 75.55
56.66 , 74.91
56.6 , 75.07
56.72 , 75.15
56.75 , 75.46
56.76 , 75.14
56.88 , 75.12
56.79 , 74.96
56.54 , 75.29
56.65 , 74.9
56.63 , 75.24
56.78 , 75.31
56.65 , 75.38
56.73 , 75.04
56.75 , 75.46
56.51 , 75.61
56.7 , 74.98
56.6 , 74.34
56.43 , 74.67
56.84 , 75.29
56.74 , 75.14
56.69 , 75.24
56.88 , 75.01
56.73 , 74.92
56.36 , 75.05
56.45 , 75.15
56.38 , 75.4
56.89 , 74.73
56.77 , 75.26
56.56 , 75.13
56.52 , 74.93
56.5 , 74.86
56.74 , 75.71
56.45 , 74.97
56.68 , 75.24
56.52 , 75.38
56.63 , 74.98
56.69 , 75.35
56.82 , 75.03
57.18 , 75.16
56.77 , 75.26
56.48 , 75.25
56.89 , 75.14
56.73 , 75.06
56.99 , 75.24
56.99 , 75.14
56.81 , 74.69
56.76 , 74.87
56.99 , 75.05
56.82 , 75.27
57.21 , 75.04
57.21 , 75.43
56.51 , 74.85
56.99 , 75.25
56.77 , 74.97
56.73 , 75.6
56.86 , 75.38
57.05 , 75.14
56.8 , 75.47
56.75 , 75.14
57.07 , 74.78
56.74 , 75.47
56.73 , 75.42
57.16 , 75.14
56.74 , 75.27
56.63 , 75.72
56.85 , 74.66
57.0 , 75.16
57.19 , 74.79
56.74 , 75.41
57.12 , 75.25
57.45 , 75.59
56.85 , 75.25
57.14 , 75.37
57.06 , 75.22
56.97 , 75.08
56.79 , 75.25
56.9 , 75.22
56.84 , 74.9
56.79 , 74.78
57.02 , 75.09
56.64 , 75.12
56.96 , 75.12
57.01 , 75.75
56.57 , 75.03
57.0 , 75.03
57.15 , 75.19
57.34 , 75.19
57.32 , 74.81
56.85 , 75.17
57.25 , 75.57
56.69 , 74.5
57.38 , 74.87
57.71 , 75.22
57.08 , 75.2
57.33 , 75.43
56.41 , 75.06
57.07 , 75.37
56.99 , 75.19
57.1 , 75.34
57.11 , 74.91
56.91 , 75.13
57.24 , 75.19
57.31 , 75.0
57.42 , 75.1
57.28 , 75.37
57.08 , 75.28
56.77 , 74.91
57.05 , 75.18
57.09 , 75.38
57.01 , 75.24
57.48 , 75.05
57.31 , 75.07
57.33 , 75.24
56.78 , 75.62
57.14 , 74.99
57.28 , 75.35
57.33 , 75.58
56.97 , 75.26
57.24 , 75.09
57.32 , 75.28
57.24 , 75.23
56.86 , 75.61
56.93 , 75.15
56.82 , 75.44
57.16 , 75.18
57.25 , 75.03
57.66 , 75.16
56.72 , 75.33
57.12 , 75.21
56.94 , 74.95
57.64 , 75.44
56.96 , 74.94
57.84 , 75.39
56.98 , 75.47
56.92 , 75.15
57.34 , 75.33
56.96 , 75.47
57.53 , 74.5
57.27 , 75.33
57.27 , 75.42
57.19 , 75.68
57.18 , 75.29
57.08 , 75.06
57.44 , 74.92
57.4 , 75.39
56.98 , 75.41
57.71 , 75.24
56.95 , 75.31
57.08 , 74.63
57.72 , 75.35
56.99 , 75.58
57.32 , 75.19
57.04 , 75.24
57.21 , 74.93
57.08 , 75.24
57.39 , 75.61
57.24 , 75.49
57.68 , 74.94
57.24 , 75.17
57.27 , 75.18
57.31 , 75.44
57.83 , 75.29
57.55 , 75.48
57.44 , 75.3
57.48 , 75.58
57.62 , 75.14
57.21 , 74.84
57.32 , 75.0
57.36 , 75.12
56.96 , 75.2
57.06 , 75.06
57.57 , 75.21
57.49 , 74.8
57.31 , 74.64
56.77 , 75.34
57.45 , 75.18
57.24 , 75.17
56.94 , 75.39
57.2 , 75.04
57.23 , 75.06
57.02 , 75.0
57.54 , 75.55
57.36 , 75.1
57.76 , 74.83
57.67 , 74.9
57.59 , 75.1
57.64 , 75.47
57.36 , 75.59
57.77 , 75.79
57.49 , 74.62
57.36 , 75.28
57.41 , 75.5
57.61 , 75.54
57.52 , 75.11
57.76 , 74.9
57.52 , 75.09
57.24 , 75.41
57.71 , 74.94
57.26 , 75.29
57.61 , 75.51
57.52 , 75.21
57.74 , 75.35
57.31 , 75.89
57.75 , 75.56
57.31 , 75.05
57.32 , 74.83
57.76 , 75.56
57.63 , 75.31
57.66 , 74.97
57.58 , 75.14
57.96 , 74.95
57.74 , 75.36
57.31 , 75.12
57.29 , 75.51
57.99 , 74.87
57.33 , 75.27
57.4 , 75.42
57.57 , 75.38
57.68 , 75.4
57.18 , 75.41
57.59 , 74.96
57.2 , 75.17
57.64 , 74.92
57.01 , 75.04
57.41 , 74.81
57.5 , 75.71
58.02 , 74.74
57.59 , 74.9
57.93 , 75.5
57.8 , 75.03
57.55 , 75.37
58.06 , 75.56
57.75 , 74.71
57.8 , 75.15
57.33 , 75.32
57.63 , 75.49
57.89 , 75.32
58.14 , 75.41
57.91 , 75.33
57.72 , 74.95
57.48 , 75.48
57.84 , 74.81
57.95 , 74.78
57.97 , 74.96
57.63 , 74.98
57.58 , 74.89
57.76 , 75.06
57.76 , 75.18
57.76 , 75.02
57.59 , 75.48
57.6 , 75.51
57.55 , 75.56
57.79 , 74.8
57.51 , 75.02
57.57 , 75.28
57.59 , 75.79
57.79 , 75.42
58.46 , 75.2
57.72 , 75.0
58.23 , 75.06
57.83 , 75.08
57.83 , 75.15
57.61 , 75.22
57.87 , 75.91
58.13 , 75.04
58.04 , 75.16
57.87 , 75.39
57.95 , 75.47
57.92 , 75.13
57.74 , 75.28
57.68 , 75.16
58.25 , 75.58
57.85 , 75.8
57.91 , 75.5
57.48 , 74.79
58.1 , 75.14
58.05 , 75.76
58.18 , 75.05
57.8 , 74.88
57.7 , 74.87
58.06 , 75.24
57.35 , 75.51
57.61 , 75.27
57.61 , 75.02
58.19 , 75.53
58.3 , 75.66
57.5 , 74.94
57.96 , 75.45
57.79 , 75.12
57.93 , 75.52
58.06 , 74.91
58.21 , 75.38
57.88 , 75.14
58.24 , 75.15
58.36 , 75.13
57.87 , 75.24
58.25 , 75.15
58.24 , 75.21
57.71 , 75.23
58.63 , 75.21
57.64 , 75.29
58.16 , 75.43
57.77 , 74.98
57.95 , 75.67
58.48 , 74.98
58.33 , 75.5
57.68 , 75.45
58.07 , 74.85
58.03 , 75.28
58.23 , 75.39
57.92 , 75.46
58.24 , 75.46
58.53 , 75.29
58.42 , 75.26
57.93 , 75.24
58.23 , 75.56
58.49 , 75.33
58.06 , 74.83
57.96 , 75.2
58.34 , 75.74
57.95 , 75.63
57.96 , 75.24
58.14 , 75.26
58.19 , 75.63
58.4 , 75.35
58.26 , 75.42
57.88 , 75.19
58.33 , 75.23
58.32 , 75.02
57.67 , 75.25
58.41 , 75.42
57.6 , 75.44
58.15 , 75.43
58.07 , 75.02
58.14 , 75.26
58.06 , 75.22
58.68 , 75.34
58.06 , 75.2
58.15 , 75.08
57.9 , 75.5
58.14 , 75.3
58.17 , 75.32
58.2 , 75.02
58.69 , 75.68
58.21 , 75.55
58.41 , 75.16
57.75 , 75.32
57.98 , 75.33
58.14 , 75.49
58.21 , 75.4
57.75 , 75.26
57.89 , 75.68
58.27 , 75.12
58.02 , 75.06
58.28 , 75.38
58.62 , 75.45
58.39 , 75.17
58.24 , 75.34
58.68 , 75.17
58.03 , 75.68
58.05 , 75.19
58.42 , 75.24
58.46 , 75.5
57.91 , 75.36
58.16 , 75.37
58.25 , 75.86
57.98 , 75.36
58.5 , 75.33
58.56 , 74.81
58.65 , 75.49
58.55 , 75.66
57.94 , 75.3
58.32 , 74.99
58.18 , 75.04
58.38 , 75.48
57.8 , 75.99
58.32 , 75.46
58.33 , 75.55
58.1 , 75.34
58.35 , 75.42
58.53 , 75.48
58.55 , 74.99
58.53 , 75.35
58.58 , 75.45
57.99 , 74.94
58.42 , 76.07
58.75 , 75.59
58.66 , 75.67
58.51 , 74.99
58.12 , 75.43
58.09 , 75.52
58.56 , 75.25
57.95 , 75.25
58.38 , 75.53
58.46 , 75.27
58.25 , 75.54
58.69 , 75.64
58.54 , 75.79
58.64 , 75.84
58.63 , 75.42
58.88 , 75.06
58.61 , 75.58
57.98 , 75.76
58.28 , 75.51
58.76 , 75.72
58.61 , 75.21
58.35 , 76.06
58.29 , 75.5
58.35 , 75.71
58.41 , 75.01
58.63 , 75.31
58.36 , 75.79
58.38 , 75.63
58.31 , 75.26
58.3 , 75.82
58.67 , 75.78
58.56 , 75.44
58.2 , 75.32
58.91 , 75.25
58.08 , 75.4
58.72 , 75.69
58.61 , 75.5
58.5 , 75.57
58.06 , 75.2
58.21 , 75.64
58.53 , 75.33
58.3 , 75.5
58.84 , 75.16
58.42 , 75.64
58.58 , 75.9
58.67 , 75.68
58.79 , 75.54
58.39 , 75.4
58.7 , 75.76
58.56 , 75.76
58.79 , 75.86
58.34 , 75.72
59.09 , 74.9
58.51 , 75.61
58.75 , 75.27
59.05 , 75.01
58.61 , 75.77
58.55 , 75.44
58.52 , 75.71
58.72 , 75.43
57.82 , 75.49
57.85 , 75.23
58.95 , 75.35
58.86 , 76.09
58.74 , 75.51
58.39 , 75.74
58.44 , 75.51
58.46 , 76.05
59.02 , 75.52
58.59 , 75.29
58.3 , 75.59
58.46 , 75.25
58.79 , 75.79
59.03 , 75.63
59.05 , 75.64
58.79 , 75.73
58.86 , 75.56
59.2 , 75.8
58.87 , 75.31
58.29 , 75.24
58.72 , 75.26
58.79 , 75.3
58.38 , 75.83
58.26 , 75.83
58.58 , 75.63
58.8 , 75.38
58.49 , 75.83
58.75 , 75.48
58.88 , 75.2
58.52 , 75.34
58.98 , 74.94
58.66 , 75.57
58.79 , 75.43
58.63 , 75.61
58.58 , 75.76
58.79 , 75.61
58.95 , 75.35
59.11 , 75.54
58.88 , 75.23
58.79 , 76.08
59.01 , 75.65
59.02 , 75.62
58.92 , 75.71
58.56 , 75.51
59.36 , 75.55
58.78 , 75.54
58.75 , 75.67
58.82 , 75.62
59.01 , 75.66
59.14 , 76.02
58.97 , 75.18
58.93 , 75.48
59.11 , 75.6
59.13 , 75.55
59.04 , 75.61
58.9 , 75.32
59.57 , 75.25
58.97 , 75.54
58.88 , 75.19
59.31 , 75.88
58.84 , 75.84
58.64 , 75.43
58.89 , 75.68
58.82 , 75.53
59.05 , 75.84
58.9 , 75.71
59.35 , 75.92
59.1 , 75.1
59.06 , 75.4
58.46 , 75.54
58.16 , 75.88
59.42 , 75.82
58.66 , 75.65
59.23 , 75.75
58.64 , 75.95
58.97 , 75.41
59.01 , 75.71
58.99 , 75.56
59.13 , 75.28
58.65 , 75.3
59.15 , 76.04
58.94 , 76.16
59.1 , 75.84
58.88 , 75.88
59.16 , 75.75
58.45 , 75.54
59.38 , 75.65
58.69 , 75.35
59.26 , 75.47
59.05 , 75.54
59.12 , 76.13
59.34 , 75.81
58.72 , 75.41
59.25 , 75.58
59.0 , 75.5
59.39 , 75.34
59.18 , 75.73
59.5 , 75.82
58.83 , 75.94
58.97 , 75.53
59.26 , 75.66
59.1 , 75.67
59.07 , 75.88
58.97 , 75.24
59.05 , 75.59
58.85 , 75.99
59.19 , 76.06
58.46 , 75.87
59.44 , 75.16
58.87 , 75.78
59.15 , 75.74
59.29 , 76.06
59.17 , 75.53
59.05 , 75.43
59.23 , 75.56
58.67 , 75.32
58.94 , 75.68
59.1 , 75.29
59.22 , 75.63
59.22 , 75.46
59.04 , 75.95
59.4 , 75.05
59.2 , 75.66
58.94 , 75.69
59.22 , 75.59
59.3 , 76.01
59.36 , 75.47
59.06 , 75.55
59.08 , 75.85
59.41 , 75.43
59.14 , 75.42
59.27 , 75.54
58.83 , 75.71
59.06 , 75.59
59.44 , 75.47
59.21 , 75.59
59.47 , 75.56
58.9 , 75.53
59.21 , 75.66
58.76 , 75.51
58.82 , 75.24
59.42 , 75.5
59.47 , 75.51
59.1 , 76.26
59.7 , 75.77
59.13 , 75.99
58.9 , 76.01
59.61 , 75.87
59.1 , 75.84
59.5 , 75.77
59.35 , 75.93
59.61 , 76.13
59.25 , 75.89
59.47 , 76.07
59.18 , 75.48
59.1 , 75.64
59.49 , 75.56
59.12 , 75.43
58.86 , 75.89
59.06 , 76.27
59.46 , 75.59
59.36 , 76.07
59.0 , 75.8
59.4 , 75.46
59.53 , 75.81
59.18 , 75.72
59.47 , 75.97
59.78 , 75.53
58.89 , 75.61
59.61 , 76.2
59.65 , 75.55
59.32 , 75.83
59.52 , 75.86
59.11 , 75.46
59.45 , 75.49
59.22 , 75.67
59.53 , 75.6
58.92 , 76.05
58.94 , 75.99
59.34 , 75.84
59.3 , 75.81
59.44 , 76.05
59.85 , 75.68
59.23 , 75.63
59.2 , 75.8
59.77 , 76.21
58.87 , 75.51
59.19 , 75.79
59.52 , 75.48
59.38 , 75.57
59.23 , 75.85
59.28 , 75.97
59.18 , 75.38
59.46 , 75.49
59.43 , 75.71
59.47 , 76.02
59.49 , 75.9
59.6 , 75.75
59.4 , 76.06
59.92 , 75.75
59.65 , 75.76
59.8 , 75.75
59.44 , 75.55
59.6 , 75.26
59.48 , 75.68
59.78 , 76.3
59.41 , 75.56
59.59 , 75.89
59.5 , 75.87
59.59 , 75.57
59.83 , 75.63
59.79 , 75.65
59.05 , 75.77
59.78 , 75.92
59.76 , 75.85
59.6 , 75.59
59.57 , 75.32
59.84 , 75.46
59.6 , 76.5
59.52 , 76.52
59.9 , 75.86
59.61 , 75.38
59.47 , 75.99
59.76 , 75.84
59.95 , 75.92
59.77 , 75.67
59.77 , 75.39
59.61 , 75.72
59.35 , 75.94
59.84 , 76.1
59.95 , 75.35
59.1 , 75.4
59.9 , 75.93
59.33 , 75.57
59.31 , 75.74
59.68 , 75.87
59.17 , 75.66
59.33 , 75.52
59.24 , 76.18
59.67 , 75.4
59.3 , 75.79
59.69 , 75.8
59.75 , 76.07
59.95 , 75.95
59.63 , 75.75
59.69 , 75.51
59.79 , 75.57
59.47 , 75.8
59.71 , 75.15
59.9 , 76.11
60.35 , 75.74
60.32 , 75.61
59.52 , 76.16
59.37 , 75.99
59.41 , 75.7
59.66 , 76.11
59.5 , 75.71
59.85 , 75.85
59.75 , 75.88
59.73 , 76.06
59.88 , 75.76
59.98 , 75.67
59.58 , 76.05
59.98 , 76.06
59.65 , 75.63
59.14 , 76.04
59.72 , 75.9
59.49 , 75.87
59.85 , 75.8
59.59 , 75.82
59.76 , 76.03
60.09 , 75.78
59.7 , 75.5
60.01 , 75.74
60.2 , 75.62
59.83 , 75.6
59.99 , 76.09
59.77 , 75.73
59.57 , 75.54
59.94 , 76.05
60.11 , 75.72
59.49 , 75.72
59.59 , 75.94
59.8 , 75.23
60.08 , 75.35
59.72 , 75.48
59.49 , 76.1
60.02 , 75.82
59.71 , 75.78
59.73 , 75.95
59.63 , 75.7
60.0 , 75.57
59.51 , 75.96
59.86 , 75.45
59.89 , 76.02
60.07 , 76.19
59.78 , 75.49
59.47 , 75.62
60.1 , 76.04
60.1 , 75.8
59.83 , 75.77
59.72 , 75.73
60.13 , 75.72
60.45 , 76.14
59.88 , 75.6
60.0 , 76.3
59.76 , 75.63
60.07 , 75.96
59.82 , 75.77
59.39 , 76.02
59.58 , 75.87
60.24 , 75.62
59.57 , 76.11
60.03 , 76.06
60.17 , 75.84
60.23 , 75.47
60.14 , 75.72
59.89 , 75.52
60.13 , 76.02
60.0 , 76.41
60.2 , 76.14
60.18 , 75.63
60.36 , 75.81
59.49 , 75.97
60.31 , 76.3
60.05 , 75.69
60.29 , 75.71
59.99 , 75.9
60.52 , 76.24
59.94 , 75.9
60.21 , 76.14
60.14 , 75.93
59.79 , 75.9
59.93 , 75.92
60.21 , 75.95
59.87 , 75.75
59.7 , 76.08
59.97 , 76.01
59.62 , 76.38
59.65 , 75.76
59.9 , 76.04
60.0 , 76.0
60.16 , 75.4
60.25 , 75.96
59.89 , 75.57
59.82 , 75.9
60.28 , 75.84
60.06 , 75.83
60.35 , 76.01
60.17 , 75.99
59.47 , 76.03
60.46 , 75.6
60.13 , 76.21
60.12 , 76.39
60.24 , 75.92
60.07 , 76.31
59.94 , 75.59
60.38 , 75.88
59.95 , 75.91
59.85 , 75.91
60.17 , 76.11
60.37 , 75.94
60.04 , 75.95
60.28 , 76.14
60.77 , 76.18
60.07 , 76.06
60.55 , 75.89
60.33 , 76.17
60.19 , 76.2
60.21 , 75.99
60.16 , 75.69
60.32 , 76.32
59.95 , 75.92
60.22 , 76.07
60.38 , 75.99
60.28 , 75.97
60.37 , 76.16
60.44 , 76.3
60.27 , 76.02
60.68 , 76.13
60.32 , 75.81
60.58 , 76.03
59.85 , 75.82
60.73 , 75.94
59.75 , 75.82
60.41 , 76.09
59.72 , 76.19
60.12 , 76.02
60.43 , 76.09
60.48 , 75.93
60.0 , 75.73
60.23 , 75.81
60.63 , 75.89
60.44 , 76.01
60.33 , 75.88
60.44 , 76.18
59.89 , 75.38
60.18 , 76.2
60.25 , 76.31
60.1 , 76.19
60.14 , 76.07
59.91 , 75.65
59.96 , 75.92
60.05 , 76.24
60.44 , 75.8
60.51 , 76.32
60.35 , 76.35
60.56 , 75.94
60.43 , 76.02
60.43 , 76.14
60.45 , 76.26
60.14 , 76.04
60.27 , 75.69
60.06 , 76.23
59.96 , 76.69
60.05 , 75.51
60.59 , 76.03
60.61 , 76.08
60.39 , 76.12
60.66 , 76.15
60.59 , 76.01
60.56 , 76.01
60.52 , 75.42
60.34 , 75.84
60.28 , 75.74
60.27 , 75.96
60.58 , 76.14
60.41 , 76.33
60.36 , 76.01
60.35 , 75.82
60.34 , 75.92
60.41 , 75.95
60.19 , 76.14
60.14 , 76.3
60.38 , 76.0
60.13 , 75.98
60.35 , 76.3
59.93 , 76.08
60.56 , 75.88
60.03 , 75.94
60.18 , 76.15
60.88 , 76.16
60.44 , 76.15
60.5 , 75.91
60.54 , 76.33
60.79 , 76.11
60.41 , 76.2
60.38 , 76.52
60.26 , 75.8
60.49 , 76.34
60.75 , 76.2
60.59 , 76.17
60.29 , 75.94
60.85 , 76.05
59.82 , 76.64
60.0 , 75.94
60.64 , 75.84
60.65 , 76.52
61.03 , 76.28
60.82 , 76.17
60.26 , 76.26
60.62 , 76.06
60.63 , 75.93
60.26 , 76.27
60.57 , 76.0
60.23 , 76.49
60.66 , 76.18
60.75 , 75.98
60.6 , 76.11
60.7 , 76.18
60.5 , 76.42
60.63 , 76.22
60.49 , 76.13
60.96 , 75.82
60.51 , 75.83
60.19 , 76.39
60.54 , 76.28
60.53 , 76.09
60.52 , 76.24
60.9 , 76.04
60.56 , 76.23
61.13 , 75.63
61.02 , 76.44
59.92 , 75.96
60.91 , 75.9
60.92 , 76.23
60.17 , 76.6
60.48 , 75.9
60.85 , 76.23
60.89 , 76.41
60.55 , 76.06
60.53 , 76.02
60.67 , 76.25
60.41 , 76.26
60.49 , 76.1
60.7 , 76.33
60.8 , 76.46
61.01 , 76.19
60.62 , 76.68
60.35 , 76.2
60.68 , 76.02
61.03 , 76.05
60.57 , 75.93
60.22 , 76.0
61.3 , 76.02
60.96 , 76.56
60.68 , 76.08
60.45 , 76.46
61.17 , 76.13
60.94 , 76.26
60.29 , 76.38
60.7 , 76.01
60.22 , 75.99
60.79 , 76.61
60.83 , 76.04
60.75 , 76.1
60.36 , 76.59
61.02 , 76.28
60.52 , 76.33
60.89 , 76.42
60.91 , 76.35
60.71 , 76.08
60.76 , 76.63
60.97 , 76.09
60.86 , 76.26
61.01 , 76.3
60.28 , 76.22
61.23 , 76.33
60.77 , 76.31
60.42 , 75.99
61.03 , 76.09
60.5 , 76.24
61.22 , 75.94
60.95 , 76.4
60.69 , 76.39
60.51 , 76.28
61.04 , 76.72
60.77 , 76.39
60.77 , 76.08
61.16 , 76.18
60.79 , 76.51
60.61 , 76.27
60.68 , 76.19
60.77 , 76.38
60.67 , 76.31
60.69 , 76.37
61.04 , 75.97
61.02 , 76.31
60.74 , 75.63
60.93 , 76.47
60.63 , 76.41
60.59 , 76.64
60.99 , 75.88
61.19 , 76.16
60.8 , 76.13
60.78 , 75.87
61.18 , 76.01
61.39 , 76.19
60.83 , 75.93
60.94 , 76.45
61.15 , 76.1
61.26 , 76.37
60.91 , 76.31
60.85 , 76.49
60.44 , 75.87
61.13 , 76.51
61.12 , 76.28
60.61 , 76.46
60.93 , 76.23
60.62 , 76.52
60.81 , 76.08
61.21 , 76.37
61.15 , 76.32
60.82 , 76.14
60.81 , 76.7
61.09 , 76.18
60.68 , 76.24
60.85 , 76.41
60.83 , 76.57
60.72 , 76.56
61.44 , 76.34
60.95 , 76.63
60.57 , 76.41
60.54 , 76.94
60.76 , 76.39
61.34 , 76.44
60.85 , 76.36
61.16 , 76.46
61.35 , 76.45
61.02 , 76.14
61.28 , 76.76
61.25 , 76.0
61.04 , 75.97
61.06 , 76.49
61.29 , 76.61
61.43 , 76.29
61.06 , 76.43
60.85 , 76.57
61.17 , 76.38
60.89 , 76.37
61.36 , 76.26
60.94 , 76.17
61.45 , 76.31
61.22 , 76.26
61.17 , 75.92
61.06 , 76.44
61.18 , 76.95
60.92 , 76.22
61.11 , 76.45
60.82 , 76.23
61.1 , 76.57
61.03 , 76.35
61.06 , 76.16
61.01 , 76.6
61.31 , 76.38
61.46 , 76.51
60.83 , 76.13
60.7 , 76.48
61.12 , 76.23
61.15 , 76.32
61.53 , 76.18
60.89 , 76.78
61.05 , 76.51
61.07 , 76.23
61.03 , 76.0
61.19 , 76.2
61.13 , 76.69
61.15 , 76.5
61.65 , 76.47
60.86 , 76.1
61.45 , 76.43
60.86 , 76.44
60.91 , 76.71
60.87 , 76.08
61.13 , 76.6
61.56 , 76.44
61.83 , 76.48
60.94 , 75.98
61.43 , 76.57
61.04 , 76.43
60.74 , 76.55
61.14 , 76.26
61.45 , 76.28
61.44 , 76.55
61.09 , 76.08
61.3 , 76.22
61.33 , 76.56
61.55 , 76.06
61.4 , 76.13
61.42 , 76.66
61.45 , 76.5
61.21 , 76.52
61.49 , 76.43
61.34 , 76.88
61.48 , 76.71
61.21 , 76.79
61.2 , 76.15
61.45 , 76.31
61.36 , 76.73
61.51 , 76.25
61.59 , 76.23
61.64 , 76.99
61.14 , 76.28
61.15 , 76.47
61.13 , 76.66
60.87 , 76.31
61.67 , 76.46
61.44 , 76.7
61.41 , 76.7
61.68 , 76.07
61.42 , 76.3
61.21 , 76.22
61.03 , 76.72
61.32 , 76.37
61.11 , 76.79
61.16 , 76.31
61.74 , 76.84
61.37 , 76.3
61.68 , 76.99
61.66 , 76.71
61.3 , 76.71
61.33 , 76.77
61.3 , 76.87
61.62 , 76.44
61.4 , 76.72
61.28 , 76.16
60.87 , 76.29
61.39 , 76.36
61.33 , 76.28
61.5 , 76.49
61.48 , 76.39
61.41 , 76.28
61.68 , 76.41
61.63 , 76.6
61.52 , 76.41
61.04 , 76.55
61.46 , 76.33
61.18 , 76.57
61.73 , 76.87
61.7 , 76.33
61.65 , 76.28
61.24 , 77.04
61.62 , 76.38
61.38 , 77.02
61.17 , 76.65
61.09 , 76.76
61.71 , 76.51
61.31 , 76.41
61.79 , 76.6
61.67 , 76.55
61.54 , 76.84
61.59 , 76.47
61.65 , 76.61
61.19 , 76.53
61.69 , 76.43
61.59 , 76.73
61.62 , 76.1
61.51 , 76.62
61.78 , 76.83
61.97 , 76.17
61.54 , 76.47
61.79 , 76.81
61.48 , 76.23
61.66 , 77.16
61.47 , 76.5
61.43 , 76.56
61.48 , 76.37
62.06 , 76.57
61.32 , 77.04
61.07 , 77.11
61.44 , 76.88
61.52 , 76.87
61.6 , 76.87
61.47 , 76.49
61.3 , 76.5
61.54 , 76.73
61.78 , 76.05
61.28 , 76.28
61.56 , 76.85
61.63 , 76.57
61.42 , 76.52
61.61 , 76.85
61.33 , 76.56
61.56 , 76.42
62.01 , 76.79
61.77 , 76.61
61.87 , 76.46
61.4 , 77.07
61.05 , 76.8
61.34 , 76.88
61.92 , 76.95
61.18 , 76.81
61.59 , 76.87
61.43 , 77.12
61.91 , 76.58
61.55 , 76.6
61.55 , 76.76
62.01 , 76.11
61.58 , 76.55
61.53 , 76.4
61.68 , 76.72
61.88 , 76.55
62.03 , 76.89
62.1 , 76.56
61.7 , 76.76
61.64 , 76.92
61.59 , 76.47
61.93 , 76.48
61.93 , 76.7
61.66 , 76.62
62.03 , 76.97
61.6 , 76.67
61.59 , 76.82
61.4 , 77.1
61.87 , 76.68
62.16 , 76.72
61.82 , 76.71
61.66 , 76.88
61.74 , 76.94
61.9 , 76.75
61.75 , 76.56
62.1 , 76.72
61.98 , 76.49
61.99 , 76.45
62.11 , 76.28
62.2 , 76.9
62.0 , 76.82
62.1 , 77.15
61.42 , 76.61
61.89 , 76.19
61.81 , 76.79
61.74 , 76.52
62.07 , 77.0
61.44 , 76.34
61.6 , 76.63
61.67 , 76.82
61.84 , 76.87
62.04 , 76.82
62.55 , 76.66
61.77 , 76.91
62.22 , 76.33
61.63 , 76.52
61.55 , 76.99
61.88 , 76.62
62.12 , 77.01
62.07 , 76.52
62.09 , 76.75
61.69 , 76.91
62.2 , 76.95
62.25 , 76.56
62.04 , 77.15
61.84 , 77.02
61.82 , 76.56
62.17 , 76.72
62.45 , 77.02
61.81 , 77.02
62.18 , 76.66
61.51 , 76.7
62.05 , 76.79
62.18 , 76.47
61.99 , 76.2
61.92 , 77.0
62.21 , 77.24
62.5 , 76.5
62.11 , 76.72
61.85 , 76.26
62.01 , 76.32
62.1 , 76.85
61.75 , 76.32
61.8 , 76.72
62.14 , 76.67
61.99 , 76.83
61.99 , 76.39
62.26 , 77.01
61.87 , 77.04
62.15 , 76.8
61.81 , 76.94
62.32 , 76.67
62.17 , 76.82
61.83 , 76.81
62.05 , 76.91
61.65 , 76.6
61.89 , 76.6
61.58 , 76.7
61.99 , 76.8
61.96 , 77.07
62.08 , 76.75
61.92 , 77.09
62.2 , 76.98
61.97 , 77.01
61.8 , 76.8
61.89 , 76.39
62.49 , 76.29
62.08 , 76.44
62.7 , 76.65
62.06 , 76.71
62.34 , 77.02
62.36 , 76.93
61.85 , 76.63
61.95 , 76.81
62.36 , 76.41
62.13 , 76.78
62.29 , 77.12
61.91 , 76.55
62.05 , 76.92
61.8 , 76.43
62.13 , 76.85
62.46 , 76.64
62.23 , 76.88
61.88 , 76.98
62.21 , 77.22
62.65 , 76.84
62.24 , 76.54
62.8 , 76.85
62.22 , 76.46
62.19 , 76.77
62.35 , 77.04
62.37 , 77.28
62.31 , 76.84
62.3 , 76.51
62.43 , 77.06
62.08 , 77.38
62.6 , 77.0
62.22 , 77.29
62.57 , 76.5
61.87 , 76.93
61.86 , 76.75
62.21 , 77.32
62.56 , 77.05
62.5 , 76.91
62.43 , 76.77
62.24 , 77.27
62.32 , 77.02
61.98 , 77.0
62.0 , 76.62
62.35 , 76.95
62.21 , 77.13
62.19 , 77.11
62.15 , 76.75
62.35 , 77.17
62.32 , 76.7
62.49 , 76.62
62.36 , 76.99
62.2 , 76.88
62.31 , 77.31
62.7 , 77.04
62.7 , 77.12
62.32 , 76.98
62.63 , 76.64
62.36 , 76.7
62.62 , 76.76
62.73 , 76.98
62.31 , 77.1
62.17 , 76.62
62.02 , 77.15
62.0 , 76.89
62.22 , 76.76
62.13 , 76.92
62.69 , 77.21
62.17 , 76.94
62.69 , 76.64
62.96 , 77.0
62.53 , 76.82
62.57 , 76.54
62.26 , 76.84
62.63 , 76.91
62.22 , 76.81
62.51 , 76.71
62.47 , 76.79
62.38 , 77.4
62.41 , 77.45
62.86 , 76.93
62.28 , 76.98
62.62 , 76.77
63.1 , 76.97
62.56 , 77.18
62.47 , 76.85
62.49 , 76.62
62.94 , 76.74
62.34 , 77.34
62.01 , 77.04
62.42 , 77.27
62.59 , 77.09
62.47 , 76.73
63.0 , 77.05
62.8 , 76.67
62.4 , 76.99
62.76 , 76.55
62.33 , 77.01
62.69 , 76.99
62.33 , 77.46
62.31 , 77.01
62.28 , 76.83
62.42 , 76.99
62.83 , 76.55
62.39 , 76.73
62.23 , 76.99
62.83 , 76.74
63.03 , 76.64
62.64 , 76.98
63.31 , 76.59
62.46 , 77.08
62.76 , 76.18
62.38 , 77.16
62.21 , 76.74
62.53 , 77.07
62.28 , 77.12
62.38 , 77.03
62.65 , 76.66
62.39 , 76.94
62.58 , 76.82
62.49 , 77.21
62.49 , 77.37
62.75 , 76.56
62.32 , 77.19
62.52 , 76.77
62.7 , 77.02
62.34 , 77.08
62.53 , 76.64
62.62 , 76.26
62.28 , 76.79
62.4 , 76.48
62.31 , 76.77
62.65 , 76.59
62.68 , 76.8
62.14 , 77.14
63.0 , 77.23
62.62 , 76.65
62.23 , 76.9
62.54 , 76.6
62.74 , 77.12
62.45 , 76.95
62.38 , 76.84
63.15 , 76.88
62.34 , 76.92
62.54 , 76.7
62.86 , 76.75
62.72 , 76.79
62.45 , 76.7
62.74 , 76.89
62.45 , 76.55
61.99 , 77.02
62.54 , 76.82
62.74 , 76.43
62.41 , 77.05
62.85 , 76.69
62.53 , 76.83
62.96 , 76.84
62.73 , 76.64
63.07 , 76.5
62.58 , 76.57
62.88 , 76.94
62.27 , 76.61
62.6 , 76.95
62.61 , 76.76
62.05 , 76.97
62.78 , 76.77
62.64 , 76.72
62.11 , 76.76
62.59 , 77.04
62.55 , 76.44
62.81 , 76.81
62.68 , 76.85
62.78 , 76.52
63.31 , 76.68
62.61 , 76.52
62.86 , 76.72
62.62 , 76.55
62.65 , 76.7
62.65 , 76.81
62.98 , 76.62
62.24 , 76.75
62.73 , 76.5
63.07 , 76.63
62.81 , 77.03
62.25 , 76.28
62.84 , 75.87
62.43 , 76.74
62.48 , 76.26
62.33 , 76.71
62.67 , 76.89
62.38 , 76.45
62.56 , 76.64
62.59 , 76.81
62.43 , 76.43
62.55 , 76.55
62.29 , 76.73
62.86 , 76.79
62.25 , 76.74
62.35 , 76.82
62.18 , 76.04
62.67 , 76.96
62.48 , 76.88
62.58 , 76.6
62.86 , 76.77
62.3 , 76.94
62.47 , 76.23
62.59 , 76.73
62.59 , 76.19
62.65 , 76.86
62.97 , 76.23
62.43 , 76.09
63.2 , 76.32
62.7 , 75.89
62.53 , 76.74
62.41 , 76.49
62.89 , 76.7
63.31 , 76.28
63.12 , 76.84
63.1 , 76.27
62.45 , 76.37
62.54 , 76.55
63.09 , 76.76
62.7 , 76.5
62.68 , 76.12
62.73 , 76.63
62.88 , 76.09
62.6 , 76.73
63.1 , 76.55
62.44 , 76.44
62.65 , 76.58
62.38 , 76.44
62.51 , 76.55
62.76 , 76.25
62.63 , 76.62
62.85 , 76.03
63.02 , 75.75
62.48 , 76.49
62.92 , 76.33
62.89 , 76.41
62.41 , 76.39
62.54 , 76.54
62.71 , 76.29
63.14 , 76.08
62.71 , 76.56
62.89 , 76.73
62.33 , 76.07
62.84 , 75.87
62.86 , 76.38
62.81 , 76.45
62.93 , 76.19
62.66 , 76.62
62.94 , 76.3
62.77 , 76.52
63.23 , 76.53
62.61 , 76.37
62.81 , 76.73
63.07 , 76.13
62.91 , 76.21
62.59 , 76.12
62.46 , 76.18
62.6 , 76.33
62.56 , 76.31
63.21 , 76.47
62.61 , 76.11
62.86 , 76.0
62.43 , 76.13
63.05 , 76.56
63.32 , 76.88
62.94 , 76.39
62.95 , 76.13
62.48 , 76.24
62.53 , 76.4
63.07 , 75.97
62.95 , 76.22
62.79 , 76.51
63.22 , 76.01
62.79 , 76.43
62.81 , 76.28
63.1 , 75.81
62.71 , 76.15
62.99 , 76.57
62.98 , 76.18
63.1 , 76.4
62.71 , 75.94
62.32 , 76.23
62.92 , 76.35
62.78 , 76.22
62.91 , 76.44
63.09 , 76.44
63.46 , 75.72
63.0 , 75.63
63.03 , 76.61
62.91 , 76.36
62.92 , 76.26
63.17 , 76.36
62.94 , 76.24
62.93 , 76.43
62.88 , 76.53
62.93 , 76.39
63.02 , 75.77
63.19 , 76.43
62.84 , 75.94
63.16 , 76.12
63.29 , 75.91
63.32 , 76.07
62.7 , 76.21
62.43 , 75.89
63.11 , 75.77
62.76 , 76.1
63.15 , 76.25
62.4 , 76.27
63.21 , 76.19
62.98 , 76.04
62.59 , 76.77
63.02 , 76.26
62.77 , 75.95
62.75 , 76.18
62.86 , 76.1
63.02 , 76.13
63.02 , 76.05
62.39 , 75.91
62.81 , 75.72
62.45 , 76.19
62.53 , 76.1
63.3 , 76.19
62.97 , 76.39
62.82 , 75.94
62.94 , 75.69
63.24 , 76.26
62.57 , 76.32
62.72 , 76.13
63.08 , 75.58
62.65 , 76.15
63.07 , 76.37
63.27 , 75.92
62.82 , 75.89
63.06 , 76.07
62.8 , 75.79
63.01 , 75.81
63.0 , 75.67
62.7 , 76.04
62.89 , 76.27
63.4 , 76.04
63.38 , 76.16
62.94 , 76.4
62.81 , 76.23
62.7 , 76.3
62.9 , 75.91
62.86 , 76.03
63.28 , 75.64
62.52 , 75.53
62.51 , 76.07
63.3 , 75.71
63.23 , 76.07
63.08 , 76.17
62.51 , 75.79
63.18 , 75.25
62.8 , 75.86
63.23 , 76.27
63.19 , 75.78
63.07 , 75.73
63.33 , 75.78
63.07 , 76.31
63.13 , 75.97
62.78 , 75.99
63.3 , 75.93
62.93 , 75.64
63.3 , 76.21
62.94 , 75.87
63.13 , 76.08
62.74 , 76.1
63.08 , 75.75
62.57 , 76.16
62.95 , 76.23
63.43 , 75.94
63.08 , 76.37
62.88 , 75.77
62.96 , 75.5
63.13 , 75.66
62.41 , 75.69
62.94 , 75.6
63.01 , 75.69
63.13 , 75.75
62.81 , 75.65
63.25 , 76.35
63.04 , 75.57
62.58 , 75.67
62.87 , 76.25
62.92 , 75.77
63.55 , 75.92
63.28 , 75.57
63.06 , 75.52
62.7 , 75.98
63.36 , 75.85
63.09 , 75.52
63.26 , 76.16
63.13 , 75.86
63.34 , 75.86
63.19 , 75.73
62.62 , 75.79
63.0 , 76.08
63.64 , 75.97
63.05 , 75.81
63.44 , 75.42
63.04 , 75.72
62.87 , 75.9
63.19 , 75.66
63.0 , 75.75
62.51 , 76.03
63.38 , 75.81
63.34 , 75.62
62.86 , 75.76
63.22 , 75.41
62.92 , 75.91
63.06 , 75.77
63.17 , 75.43
63.44 , 75.65
63.43 , 75.52
63.08 , 75.64
62.82 , 76.1
62.8 , 75.1
63.53 , 75.76
63.23 , 74.84
62.6 , 75.76
63.56 , 75.43
62.53 , 75.88
62.54 , 75.23
62.93 , 75.61
63.44 , 76.18
62.95 , 75.59
63.0 , 75.37
63.26 , 75.74
62.97 , 75.76
62.63 , 75.69
63.06 , 75.82
63.25 , 75.72
62.84 , 75.61
63.26 , 75.5
63.0 , 75.75
63.4 , 75.66
63.46 , 75.57
63.21 , 75.69
63.44 , 75.52
63.28 , 75.28
63.11 , 75.41
63.21 , 75.79
62.8 , 75.71
62.92 , 75.81
63.05 , 75.74
62.87 , 75.25
63.16 , 75.41
63.5 , 75.65
62.98 , 75.31
62.67 , 75.56
62.87 , 75.22
63.66 , 75.5
63.26 , 75.5
62.65 , 75.57
63.15 , 75.88
63.02 , 75.86
63.12 , 75.06
63.28 , 75.78
63.23 , 75.48
63.11 , 75.42
63.53 , 75.7
63.0 , 76.16
63.57 , 75.72
63.53 , 75.79
63.36 , 75.23
62.75 , 75.56
62.87 , 75.77
63.36 , 74.9
63.62 , 75.6
63.52 , 75.92
63.28 , 75.81
63.61 , 75.85
63.45 , 74.78
63.59 , 75.37
63.46 , 76.11
63.75 , 75.85
63.18 , 75.38
63.48 , 75.41
62.94 , 75.31
63.09 , 75.22
63.47 , 75.3
63.14 , 74.88
62.92 , 75.7
63.56 , 75.1
62.6 , 75.57
62.91 , 75.2
63.17 , 75.74
63.4 , 75.03
63.28 , 75.7
63.09 , 75.57
63.59 , 75.28
63.32 , 75.07
63.14 , 75.76
63.24 , 75.32
62.69 , 75.14
62.78 , 75.47
63.66 , 75.31
63.27 , 75.45
63.49 , 75.33
62.96 , 75.03
62.85 , 75.32
63.19 , 75.8
63.3 , 75.19
63.24 , 75.08
63.37 , 75.38
63.01 , 75.15
63.03 , 74.84
63.13 , 75.42
63.36 , 75.07
63.15 , 74.95
63.36 , 75.29
63.2 , 74.84
62.69 , 75.13
63.58 , 75.28
63.45 , 75.4
62.97 , 75.52
63.55 , 75.06
63.33 , 75.49
63.23 , 75.57
63.57 , 75.24
63.25 , 75.43
63.3 , 75.29
63.66 , 75.03
63.23 , 75.02
62.59 , 75.13
63.32 , 75.19
63.68 , 75.49
63.07 , 75.29
62.68 , 75.24
63.12 , 74.9
63.41 , 75.65
63.53 , 75.46
63.98 , 75.03
63.62 , 74.79
63.3 , 74.81
62.94 , 75.15
62.99 , 75.19
63.15 , 74.86
63.28 , 74.9
63.25 , 74.58
63.48 , 75.11
63.51 , 75.18
63.01 , 75.24
63.18 , 75.06
63.41 , 75.11
63.37 , 75.21
63.6 , 75.13
63.49 , 75.4
63.2 , 75.14
63.27 , 75.38
63.61 , 75.47
62.7 , 75.82
63.4 , 75.7
63.33 , 74.97
63.13 , 74.93
63.33 , 74.89
62.89 , 74.95
63.21 , 75.28
63.49 , 75.03
63.3 , 75.16
63.4 , 74.81
63.47 , 75.0
63.6 , 74.93
63.3 , 75.14
63.4 , 74.9
63.59 , 74.96
63.23 , 74.98
63.86 , 74.69
63.42 , 74.69
63.59 , 75.4
63.07 , 75.01
63.2 , 75.05
64.13 , 75.55
63.05 , 74.74
63.52 , 74.98
63.35 , 74.92
63.2 , 74.87
63.4 , 74.98
63.74 , 74.85
63.69 , 75.04
63.68 , 75.18
63.37 , 74.78
63.6 , 74.95
63.31 , 75.1
64.06 , 74.92
63.08 , 75.45
63.9 , 75.33
63.34 , 74.45
63.39 , 74.97
62.9 , 75.24
63.65 , 74.94
63.48 , 75.02
63.43 , 75.09
63.77 , 74.96
62.9 , 74.61
63.19 , 75.08
63.54 , 74.65
63.44 , 75.11
63.42 , 74.83
62.87 , 74.72
63.29 , 74.43
63.37 , 75.11
63.12 , 74.75
63.6 , 74.63
63.23 , 74.68
63.5 , 75.09
63.43 , 75.0
63.6 , 74.64
63.14 , 74.85
63.94 , 74.57
63.42 , 74.67
63.42 , 75.05
63.08 , 75.04
63.65 , 74.76
63.27 , 74.43
63.44 , 74.83
63.56 , 75.18
63.15 , 74.76
63.06 , 75.24
63.55 , 74.81
63.37 , 75.18
63.51 , 74.81
63.72 , 74.83
63.26 , 74.52
63.58 , 75.03
63.33 , 74.72
63.36 , 74.96
63.5 , 74.84
63.75 , 74.84
63.43 , 74.85
63.42 , 74.69
63.21 , 75.08
63.73 , 75.14
63.63 , 74.44
63.53 , 74.73
63.53 , 75.41
63.2 , 74.47
63.37 , 74.49
63.62 , 74.61
63.33 , 74.45
63.63 , 74.91
63.42 , 75.08
63.78 , 75.03
63.33 , 74.47
63.82 , 74.86
63.41 , 74.57
63.47 , 74.86
63.07 , 74.83
63.77 , 74.56
63.78 , 74.56
63.65 , 74.5
63.64 , 74.77
63.75 , 74.46
63.35 , 74.74
63.82 , 74.87
63.42 , 74.94
63.75 , 74.59
63.35 , 74.5
63.61 , 74.73
63.39 , 74.82
63.86 , 74.4
63.47 , 74.63
63.59 , 74.36
63.53 , 74.78
63.62 , 74.66
63.38 , 74.56
63.36 , 74.56
63.66 , 74.49
63.47 , 74.99
63.57 , 74.57
63.6 , 74.86
63.44 , 74.34
63.79 , 74.33
63.26 , 74.52
63.73 , 74.25
63.57 , 74.77
63.71 , 74.21
63.67 , 74.75
63.79 , 74.58
63.54 , 74.52
63.18 , 74.6
63.48 , 74.4
63.62 , 74.51
63.39 , 74.65
63.57 , 74.38
63.48 , 74.66
63.73 , 74.8
63.67 , 74.47
64.0 , 74.59
63.41 , 74.45
63.75 , 74.72
63.65 , 74.52
64.02 , 74.52
63.72 , 75.02
64.04 , 74.4
63.51 , 74.18
63.68 , 74.66
63.77 , 74.72
63.78 , 74.39
63.71 , 74.53
63.75 , 74.59
63.38 , 74.54
63.7 , 74.45
63.83 , 74.54
63.9 , 74.34
63.79 , 74.61
63.76 , 74.65
63.21 , 74.57
63.5 , 74.72
63.18 , 74.44
63.69 , 74.38
63.43 , 74.37
63.61 , 74.31
63.66 , 74.13
63.61 , 74.42
63.8 , 74.58
63.31 , 74.23
63.55 , 74.52
63.69 , 74.28
63.77 , 74.45
63.91 , 74.63
63.46 , 74.34
63.24 , 74.23
63.64 , 74.52
63.89 , 74.49
63.46 , 74.39
63.76 , 74.34
63.68 , 74.52
63.42 , 73.95
63.77 , 74.04
63.89 , 74.65
63.59 , 74.63
63.96 , 74.23
63.63 , 74.23
63.55 , 74.03
63.6 , 74.23
63.54 , 74.71
63.82 , 74.52
63.28 , 74.26
63.88 , 74.68
63.51 , 74.53
63.88 , 74.35
63.79 , 74.45
63.62 , 74.43
63.81 , 73.94
63.39 , 73.73
63.81 , 74.14
63.85 , 74.2
63.81 , 74.51
63.62 , 74.03
63.51 , 74.19
64.01 , 74.11
63.43 , 74.31
63.57 , 73.94
63.31 , 74.71
63.22 , 74.6
63.69 , 74.63
63.44 , 74.09
64.06 , 74.51
63.9 , 74.45
63.5 , 74.26
63.19 , 74.51
63.91 , 74.41
63.56 , 74.02
63.54 , 74.1
63.77 , 74.14
63.48 , 74.57
64.06 , 74.15
63.83 , 74.14
64.15 , 74.34
63.59 , 74.21
63.38 , 74.56
64.04 , 74.24
63.65 , 74.41
63.82 , 74.02
63.41 , 74.4
64.03 , 74.05
63.92 , 73.67
63.84 , 74.01
63.42 , 74.24
63.7 , 73.94
63.74 , 74.25
63.67 , 73.96
63.44 , 74.13
63.9 , 74.51
63.77 , 74.1
64.03 , 74.55
63.93 , 74.59
63.87 , 74.17
63.49 , 73.98
63.66 , 73.7
63.91 , 74.63
63.63 , 74.18
63.87 , 74.21
63.73 , 74.01
63.86 , 74.42
64.06 , 73.98
63.7 , 74.38
64.06 , 74.36
63.69 , 74.29
63.95 , 74.42
63.77 , 74.1
63.6 , 74.58
63.92 , 74.04
63.86 , 74.2
63.75 , 74.34
63.74 , 74.4
63.53 , 73.88
63.7 , 74.05
63.26 , 74.0
63.99 , 74.21
63.56 , 74.16
63.9 , 74.19
63.8 , 73.97
63.5 , 74.17
64.18 , 74.19
63.65 , 74.46
63.59 , 73.91
64.13 , 73.74
63.89 , 73.8
63.52 , 74.25
64.06 , 73.99
63.71 , 74.47
63.46 , 73.95
64.17 , 73.96
63.8 , 74.13
64.01 , 73.98
63.82 , 73.98
63.69 , 74.07
63.55 , 74.0
63.86 , 74.02
63.82 , 74.45
63.69 , 74.09
63.78 , 73.96
63.98 , 74.06
63.65 , 74.19
64.07 , 73.95
63.63 , 73.98
63.67 , 73.79
63.91 , 74.01
63.83 , 74.0
63.59 , 73.76
64.05 , 73.9
63.43 , 74.44
63.74 , 74.03
64.1 , 73.82
64.04 , 73.96
63.78 , 73.98
63.8 , 73.98
64.06 , 74.23
63.79 , 74.07
64.15 , 74.09
64.21 , 73.94
64.28 , 73.59
63.99 , 73.81
64.0 , 73.66
64.21 , 73.69
63.64 , 73.85
63.5 , 74.14
63.93 , 73.97
63.66 , 73.58
63.56 , 73.91
63.9 , 73.57
63.75 , 74.15
63.74 , 73.5
63.8 , 74.16
64.35 , 73.6
63.8 , 73.7
63.92 , 73.8
63.9 , 73.68
64.25 , 73.31
63.94 , 74.16
63.46 , 74.03
63.86 , 74.08
64.22 , 73.84
64.31 , 73.81
64.0 , 74.04
64.22 , 74.0
63.68 , 73.67
63.48 , 73.89
63.93 , 73.82
63.87 , 73.64
64.11 , 73.88
63.94 , 73.78
64.14 , 73.84
64.28 , 73.98
64.1 , 73.71
63.94 , 73.56
63.82 , 73.34
64.31 , 73.65
63.98 , 73.5
63.76 , 73.58
64.4 , 74.0
64.21 , 73.91
63.38 , 73.82
63.74 , 73.8
64.17 , 73.38
63.89 , 74.39
64.27 , 73.7
63.86 , 73.8
64.05 , 73.49
63.91 , 73.69
63.8 , 73.47
63.93 , 73.66
64.06 , 73.93
63.94 , 73.63
63.68 , 74.08
64.04 , 72.84
63.77 , 74.01
64.06 , 73.79
64.03 , 73.55
64.13 , 73.61
63.61 , 73.18
64.16 , 73.66
63.9 , 73.58
63.99 , 74.11
63.78 , 73.46
63.72 , 73.95
64.27 , 73.75
63.73 , 73.54
64.11 , 73.57
63.96 , 73.49
64.25 , 73.27
63.81 , 73.65
64.33 , 73.32
64.52 , 73.64
63.98 , 73.44
64.27 , 74.09
63.91 , 73.55
64.11 , 73.55
64.16 , 73.18
63.84 , 73.45
64.05 , 73.8
64.06 , 73.97
64.02 , 73.44
63.93 , 73.24
63.96 , 73.4
63.89 , 73.08
63.68 , 73.91
63.97 , 73.28
64.56 , 73.48
64.2 , 73.36
64.16 , 73.34
63.82 , 73.47
63.96 , 73.26
64.35 , 73.56
64.51 , 73.57
63.98 , 73.81
63.84 , 73.44
63.92 , 73.73
64.12 , 73.4
64.22 , 73.56
64.08 , 73.48
64.3 , 73.46
63.98 , 73.45
64.08 , 73.96
64.03 , 73.48
64.14 , 73.31
64.57 , 73.36
64.07 , 73.47
63.77 , 73.17
64.34 , 73.51
64.21 , 72.84
64.24 , 73.55
64.19 , 72.98
64.04 , 73.77
63.9 , 73.34
63.95 , 73.75
63.96 , 73.49
64.22 , 73.25
64.45 , 73.98
64.35 , 73.02
64.04 , 73.69
63.62 , 73.47
64.46 , 73.24
64.11 , 73.19
64.1 , 73.16
64.34 , 73.51
64.44 , 73.54
64.0 , 73.43
64.17 , 73.08
63.74 , 73.11
63.89 , 73.04
64.3 , 73.32
64.2 , 73.7
64.21 , 73.33
64.3 , 73.41
63.96 , 73.59
64.06 , 73.6
63.83 , 73.68
64.08 , 73.06
64.01 , 74.14
64.47 , 73.16
64.44 , 72.93
64.36 , 73.24
64.04 , 73.81
64.28 , 73.1
64.45 , 73.04
63.88 , 73.01
64.44 , 73.39
63.77 , 72.9
64.59 , 73.32
64.29 , 73.23
64.08 , 73.29
64.22 , 73.43
64.1 , 73.41
64.7 , 73.3
63.82 , 72.81
64.56 , 73.56
63.77 , 73.56
64.0 , 72.5
64.18 , 73.24
64.14 , 73.25
63.92 , 73.14
64.18 , 73.55
64.44 , 73.67
64.38 , 73.12
63.7 , 73.02
64.42 , 73.13
64.14 , 73.67
64.21 , 73.28
64.42 , 73.12
64.09 , 73.68
64.12 , 73.27
64.25 , 72.97
64.29 , 73.23
64.13 , 73.64
64.05 , 73.52
64.06 , 72.83
64.42 , 73.41
64.27 , 73.27
64.12 , 73.13
64.04 , 72.74
63.79 , 73.4
64.42 , 73.36
64.16 , 73.08
64.54 , 72.85
64.06 , 73.61
63.77 , 73.2
63.9 , 72.94
64.04 , 73.26
64.35 , 73.21
64.33 , 72.89
64.59 , 72.85
64.21 , 73.18
64.49 , 73.16
64.66 , 72.84
64.0 , 73.29
64.13 , 73.16
64.47 , 73.11
64.17 , 73.03
64.61 , 72.75
64.41 , 73.22
64.25 , 73.03
64.34 , 73.4
63.86 , 72.87
64.34 , 72.83
63.86 , 72.95
63.82 , 73.39
64.31 , 72.56
64.4 , 73.15
64.16 , 73.22
64.64 , 73.25
64.44 , 73.09
64.93 , 72.95
64.44 , 73.39
64.08 , 73.3
64.16 , 73.36
64.35 , 73.4
64.47 , 73.14
64.4 , 72.7
64.26 , 72.76
64.22 , 72.45
64.25 , 73.38
64.62 , 72.65
64.05 , 72.7
64.36 , 72.56
64.22 , 73.08
64.38 , 72.88
63.8 , 73.11
64.63 , 72.77
64.13 , 73.08
64.2 , 73.17
64.41 , 72.97
64.03 , 72.77
64.6 , 72.85
64.51 , 73.22
64.37 , 73.27
64.31 , 73.18
64.47 , 73.33
64.8 , 73.27
64.13 , 72.65
64.14 , 72.63
64.65 , 72.74
64.4 , 72.58
64.54 , 72.46
64.2 , 73.12
64.13 , 73.4
64.1 , 72.76
63.89 , 72.79
64.35 , 73.19
63.83 , 73.32
64.25 , 72.89
63.94 , 72.65
64.37 , 72.63
64.37 , 72.83
64.62 , 73.26
64.38 , 72.73
64.47 , 73.03
64.55 , 72.9
64.5 , 72.79
64.14 , 72.83
64.63 , 72.48
64.26 , 72.73
64.22 , 72.89
64.33 , 72.94
64.54 , 72.76
64.54 , 72.83
64.31 , 72.8
64.17 , 72.64
64.39 , 72.83
64.16 , 72.7
64.37 , 72.82
64.31 , 72.56
64.42 , 73.03
64.54 , 72.8
64.18 , 72.68
64.41 , 72.76
64.45 , 72.8
64.6 , 72.82
64.77 , 72.67
64.15 , 72.36
64.32 , 72.61
64.4 , 72.78
64.39 , 72.72
64.12 , 72.82
64.65 , 72.7
64.39 , 72.59
64.13 , 72.59
64.6 , 73.16
64.4 , 72.64
64.33 , 72.42
63.83 , 73.15
64.11 , 72.67
64.19 , 73.06
64.36 , 72.64
64.35 , 72.82
64.38 , 73.07
64.12 , 73.08
64.83 , 72.85
64.5 , 72.67
63.88 , 73.07
64.65 , 72.47
63.87 , 72.96
64.27 , 72.78
64.06 , 72.83
64.35 , 72.61
64.26 , 72.76
64.39 , 72.79
64.4 , 72.45
64.18 , 72.56
64.19 , 72.35
64.55 , 72.38
64.83 , 72.95
64.68 , 72.64
64.42 , 72.19
64.66 , 73.17
64.33 , 72.87
64.45 , 72.65
64.42 , 72.67
64.53 , 72.82
64.43 , 72.89
64.43 , 72.65
64.64 , 72.95
64.46 , 72.9
64.65 , 72.86
64.01 , 72.58
64.39 , 72.96
64.69 , 72.94
64.68 , 72.73
64.77 , 72.27
64.59 , 72.94
64.57 , 72.26
64.86 , 72.4
64.23 , 72.34
64.19 , 72.97
64.61 , 72.3
64.52 , 72.42
64.58 , 72.44
64.77 , 72.43
64.48 , 72.23
64.59 , 72.55
64.62 , 72.51
64.62 , 72.37
64.3 , 72.75
64.46 , 72.77
64.45 , 72.22
64.2 , 72.72
64.83 , 72.72
64.75 , 72.25
64.52 , 72.41
65.1 , 72.44
65.17 , 72.1
64.72 , 72.79
64.1 , 72.42
64.51 , 72.77
64.22 , 72.27
64.83 , 72.3
64.38 , 72.3
64.24 , 72.6
64.08 , 72.76
64.29 , 72.16
64.58 , 72.53
64.54 , 72.1
64.19 , 72.41
64.28 , 72.79
64.13 , 72.18
64.85 , 72.74
64.44 , 72.52
64.89 , 72.22
65.0 , 72.49
64.7 , 71.94
64.36 , 72.51
64.67 , 72.87
64.57 , 72.47
64.12 , 72.29
64.58 , 72.15
64.25 , 72.32
64.38 , 72.11
64.55 , 72.56
64.82 , 72.69
64.63 , 72.41
64.51 , 71.9
64.61 , 71.99
64.41 , 72.63
65.13 , 72.48
64.42 , 72.19
64.75 , 72.04
64.67 , 72.03
64.7 , 72.36
64.49 , 71.66
64.87 , 72.33
64.53 , 72.26
64.74 , 72.16
64.36 , 72.67
64.78 , 72.15
64.18 , 72.1
64.34 , 72.45
64.44 , 72.15
64.9 , 71.77
64.66 , 72.68
64.3 , 72.08
64.34 , 72.22
64.6 , 72.21
64.51 , 72.53
64.67 , 71.92
64.44 , 72.15
64.83 , 72.2
64.88 , 72.04
64.24 , 72.55
64.59 , 72.13
65.0 , 72.26
64.7 , 72.5
64.17 , 72.53
64.29 , 72.17
64.77 , 71.76
64.65 , 72.42
64.89 , 72.16
64.54 , 72.17
64.85 , 71.78
64.89 , 72.67
64.66 , 72.43
64.68 , 72.5
64.62 , 72.69
64.67 , 72.32
64.45 , 72.18
64.48 , 72.22
64.56 , 72.19
64.7 , 72.3
64.14 , 71.88
64.48 , 72.59
64.54 , 72.19
64.81 , 71.8
64.66 , 71.64
65.24 , 71.81
64.78 , 72.36
64.38 , 71.69
65.2 , 72.3
64.78 , 72.46
64.32 , 72.1
65.18 , 72.03
64.92 , 72.14
64.72 , 71.83
65.17 , 72.03
64.6 , 72.09
64.14 , 72.57
64.13 , 72.0
64.72 , 72.18
64.67 , 71.92
64.55 , 71.74
64.34 , 72.21
64.61 , 71.79
64.46 , 72.32
64.97 , 71.89
64.57 , 72.05
64.82 , 71.74
64.35 , 71.96
64.79 , 72.29
64.51 , 72.01
64.71 , 71.87
64.59 , 72.31
64.76 , 72.17
64.73 , 71.9
65.13 , 71.6
64.41 , 72.07
64.55 , 71.87
64.9 , 72.0
65.0 , 72.01
64.75 , 71.81
65.01 , 71.78
64.45 , 71.78
64.05 , 71.91
64.42 , 72.12
64.64 , 71.97
64.58 , 71.96
64.2 , 72.11
64.77 , 72.3
64.54 , 71.73
64.47 , 71.66
65.08 , 72.14
64.78 , 71.51
64.37 , 71.56
64.6 , 71.95
65.26 , 71.9
64.59 , 71.82
64.68 , 71.4
64.41 , 71.99
64.51 , 71.84
64.36 , 71.43
64.77 , 71.98
64.63 , 71.92
64.73 , 71.79
64.61 , 72.43
65.14 , 71.41
65.1 , 71.96
65.03 , 71.75
65.13 , 71.57
64.35 , 71.55
64.66 , 71.71
64.53 , 71.58
64.79 , 72.03
64.89 , 71.97
64.45 , 71.86
65.21 , 71.85
64.83 , 71.91
64.54 , 71.86
64.57 , 71.84
64.72 , 71.8
64.64 , 71.58
64.59 , 71.49
65.16 , 71.85
65.14 , 71.54
64.88 , 71.64
64.67 , 71.82
64.78 , 71.73
65.15 , 72.06
64.62 , 72.22
65.12 , 71.72
64.59 , 72.12
64.64 , 71.36
64.79 , 71.65
64.66 , 71.55
65.14 , 71.43
65.11 , 71.82
64.45 , 71.65
65.07 , 71.61
64.96 , 71.68
64.84 , 71.38
64.98 , 71.63
64.59 , 71.28
64.68 , 72.02
64.23 , 71.53
65.1 , 71.84
64.55 , 71.71
65.05 , 71.69
64.82 , 71.89
64.75 , 71.45
65.0 , 71.63
64.69 , 71.48
64.55 , 71.33
64.93 , 71.66
65.02 , 71.82
64.45 , 71.69
65.08 , 71.52
64.92 , 71.75
64.46 , 71.68
64.35 , 71.21
65.26 , 71.59
64.77 , 71.2
64.8 , 71.38
64.25 , 71.96
64.67 , 71.46
65.02 , 71.51
64.77 , 70.98
64.35 , 71.82
64.79 , 71.57
64.64 , 71.54
64.92 , 71.13
64.65 , 71.72
64.69 , 71.01
64.99 , 71.94
64.62 , 71.58
64.93 , 71.19
64.87 , 71.09
64.9 , 71.48
65.13 , 71.61
64.6 , 71.35
64.37 , 71.37
64.94 , 70.97
64.87 , 71.36
64.94 , 71.63
64.55 , 71.32
64.39 , 71.39
64.67 , 71.53
65.12 , 71.63
65.28 , 71.59
65.25 , 71.74
65.02 , 72.02
65.13 , 71.24
64.91 , 71.53
64.73 , 71.07
65.28 , 71.69
64.93 , 71.36
65.05 , 71.49
64.64 , 71.87
65.13 , 71.16
65.4 , 71.62
64.7 , 71.19
64.95 , 71.23
65.41 , 72.06
64.52 , 71.64
64.98 , 71.97
64.66 , 71.43
65.09 , 71.74
64.98 , 71.27
65.08 , 71.48
65.08 , 71.92
64.61 , 71.58
64.59 , 71.53
65.43 , 71.31
65.1 , 71.28
65.09 , 71.04
64.74 , 71.05
64.64 , 71.73
64.73 , 71.26
64.91 , 71.61
65.16 , 71.35
65.12 , 71.58
64.62 , 71.77
65.05 , 71.59
65.04 , 71.32
64.78 , 71.1
64.92 , 70.91
64.75 , 71.38
64.77 , 71.32
65.04 , 71.1
65.06 , 71.74
64.83 , 71.14
64.79 , 71.58
64.8 , 71.45
65.1 , 71.19
64.97 , 71.53
65.23 , 71.78
65.23 , 71.11
65.29 , 71.37
64.56 , 71.52
65.37 , 71.22
64.84 , 70.94
64.95 , 71.78
65.02 , 71.49
65.22 , 71.59
65.0 , 71.45
65.02 , 71.38
64.83 , 71.77
65.43 , 71.28
65.0 , 71.32
64.73 , 71.65
65.33 , 71.72
64.89 , 70.82
65.66 , 71.17
64.79 , 71.3
65.39 , 71.27
65.28 , 71.49
65.22 , 70.7
64.7 , 70.81
64.66 , 71.24
64.95 , 70.81
64.76 , 71.2
65.36 , 71.07
65.18 , 71.25
65.53 , 71.48
65.21 , 71.38
64.6 , 71.44
65.08 , 71.59
64.5 , 71.15
64.78 , 71.08
64.57 , 71.09
65.37 , 71.39
65.56 , 71.54
65.05 , 71.03
64.98 , 71.26
65.17 , 71.29
64.81 , 71.0
65.22 , 71.79
65.09 , 71.18
64.97 , 71.16
64.98 , 70.9
65.18 , 70.98
64.98 , 71.35
64.9 , 71.26
65.39 , 71.32
64.85 , 71.47
65.26 , 71.46
65.2 , 71.27
64.97 , 71.17
64.97 , 70.86
65.28 , 71.42
65.12 , 71.22
65.12 , 70.83
65.07 , 71.27
65.4 , 71.2
65.07 , 71.28
65.21 , 70.83
65.22 , 71.16
65.0 , 71.09
65.22 , 70.99
65.12 , 71.3
64.79 , 71.31
65.0 , 71.06
64.99 , 71.09
65.13 , 70.84
65.36 , 70.45
65.33 , 71.13
65.08 , 71.18
65.34 , 70.64
65.3 , 70.82
65.73 , 70.95
65.35 , 70.89
64.99 , 70.99
65.02 , 71.13
65.29 , 70.84
65.01 , 71.19
65.46 , 71.67
65.46 , 70.76
65.1 , 71.1
64.89 , 71.05
64.99 , 71.03
64.96 , 70.96
64.95 , 70.77
65.21 , 71.1
65.5 , 71.03
65.05 , 71.14
64.93 , 71.41
65.8 , 71.42
64.9 , 70.87
65.76 , 71.1
65.34 , 71.2
64.96 , 71.0
65.44 , 70.93
64.61 , 70.95
65.24 , 70.89
64.71 , 71.32
65.45 , 70.97
65.5 , 71.13
65.45 , 71.02
64.93 , 71.33
64.74 , 70.55
65.15 , 70.94
65.05 , 70.79
65.1 , 70.63
65.27 , 70.96
65.08 , 71.1
64.77 , 71.26
65.18 , 70.61
65.46 , 70.79
65.44 , 71.0
65.41 , 71.29
65.07 , 71.44
65.18 , 70.79
65.06 , 70.56
65.2 , 70.91
64.85 , 71.07
65.62 , 70.61
65.07 , 71.2
65.03 , 70.5
65.05 , 70.79
64.76 , 70.66
65.42 , 70.82
65.2 , 70.72
65.21 , 70.85
65.1 , 71.54
64.65 , 70.81
65.3 , 71.16
65.05 , 70.34
65.77 , 70.8
64.86 , 70.53
64.79 , 70.71
65.17 , 71.04
65.64 , 70.7
65.66 , 70.49
65.21 , 70.81
65.73 , 70.77
65.38 , 70.59
64.98 , 71.02
64.78 , 70.43
65.28 , 70.67
64.97 , 70.66
64.92 , 70.86
64.87 , 70.66
65.08 , 71.03
64.97 , 70.85
65.52 , 71.09
65.69 , 70.83
65.24 , 70.95
65.32 , 70.55
65.23 , 70.77
65.04 , 70.77
65.37 , 70.77
65.15 , 71.04
64.98 , 70.76
65.06 , 70.35
65.42 , 71.14
65.21 , 70.8
65.42 , 70.66
65.22 , 70.76
65.05 , 70.12
65.22 , 70.61
65.19 , 71.1
65.22 , 70.5
65.67 , 70.54
64.93 , 70.31
65.21 , 70.43
65.55 , 70.5
65.27 , 70.38
65.75 , 70.5
65.13 , 70.27
65.32 , 70.81
65.05 , 71.02
65.14 , 70.41
65.08 , 70.93
64.93 , 71.2
65.11 , 70.99
65.67 , 70.85
65.57 , 70.91
65.71 , 70.36
65.38 , 70.59
65.2 , 70.44
65.47 , 70.52
65.23 , 70.43
65.81 , 70.58
65.98 , 70.95
64.93 , 70.39
65.0 , 70.42
65.01 , 70.32
65.39 , 70.93
65.0 , 70.37
65.55 , 70.94
65.45 , 70.27
64.81 , 70.6
65.16 , 70.59
65.3 , 70.32
65.66 , 70.42
65.77 , 70.11
65.03 , 70.62
65.31 , 70.69
65.98 , 70.24
65.44 , 70.29
65.32 , 70.5
64.86 , 70.65
65.36 , 70.32
65.38 , 70.3
65.55 , 70.3
65.47 , 70.34
65.77 , 70.59
65.26 , 70.38
65.37 , 70.19
65.07 , 70.77
65.45 , 70.11
65.51 , 70.64
65.97 , 70.53
65.54 , 70.56
65.64 , 70.26
65.73 , 70.63
65.05 , 70.27
64.88 , 70.42
65.37 , 70.72
65.4 , 70.66
65.15 , 70.3
65.73 , 70.3
65.22 , 70.56
65.17 , 70.51
65.41 , 70.48
65.71 , 70.47
65.65 , 70.33
65.34 , 70.14
65.6 , 70.15
64.97 , 70.49
65.64 , 70.97
65.18 , 70.22
65.4 , 70.29
65.65 , 70.45
65.89 , 70.53
65.54 , 69.95
65.41 , 70.28
65.85 , 70.27
65.28 , 70.43
65.24 , 70.17
65.22 , 70.25
65.36 , 70.59
65.84 , 70.29
65.61 , 70.72
65.21 , 70.21
65.5 , 70.4
65.5 , 70.64
65.24 , 70.5
65.45 , 70.81
65.42 , 70.52
65.15 , 70.53
65.66 , 70.75
65.45 , 70.3
65.04 , 70.44
65.21 , 70.21
65.37 , 70.09
65.84 , 70.38
65.63 , 70.46
65.69 , 70.29
65.09 , 70.32
65.39 , 70.45
65.28 , 70.6
65.05 , 70.66
65.56 , 69.99
65.2 , 70.32
65.93 , 70.11
65.82 , 70.46
65.34 , 70.47
65.1 , 69.93
65.67 , 70.01
65.28 , 70.33
65.38 , 70.36
65.82 , 70.02
65.79 , 70.2
65.86 , 69.94
65.6 , 70.08
65.74 , 70.35
64.68 , 69.98
65.62 , 70.43
65.26 , 70.24
65.23 , 69.95
65.29 , 70.2
65.37 , 69.65
65.25 , 69.92
65.9 , 70.11
65.14 , 69.76
65.76 , 70.36
65.14 , 69.94
65.7 , 70.06
65.88 , 70.04
65.39 , 70.12
65.33 , 70.56
65.88 , 70.45
65.49 , 70.14
65.77 , 69.68
65.19 , 69.65
65.33 , 69.92
65.9 , 70.25
65.96 , 70.1
65.41 , 70.13
65.29 , 70.18
65.46 , 69.59
65.88 , 70.16
65.2 , 69.71
65.09 , 70.18
65.51 , 70.17
65.21 , 70.33
65.51 , 70.01
65.61 , 70.31
65.54 , 70.42
65.69 , 69.62
65.85 , 70.24
65.68 , 69.91
65.51 , 69.87
65.55 , 70.13
65.61 , 69.86
65.4 , 70.09
65.61 , 69.81
65.29 , 70.08
65.47 , 70.43
65.36 , 69.91
65.56 , 70.14
65.82 , 70.4
65.6 , 69.84
65.58 , 70.15
66.02 , 70.01
65.69 , 70.27
65.76 , 70.22
65.61 , 70.1
65.23 , 70.13
66.05 , 70.12
65.39 , 70.01
65.87 , 70.23
65.75 , 70.35
65.61 , 70.14
65.66 , 69.78
65.55 , 69.74
65.35 , 70.36
65.21 , 70.01
65.5 , 70.34
65.5 , 70.2
65.39 , 69.73
66.19 , 70.31
65.6 , 70.15
65.31 , 70.12
66.03 , 69.43
65.65 , 69.84
65.96 , 69.96
65.8 , 69.96
66.12 , 69.93
65.59 , 69.88
65.56 , 70.28
65.47 , 70.18
65.37 , 69.81
65.8 , 70.36
65.34 , 69.62
65.64 , 69.55
65.42 , 70.04
65.94 , 69.62
65.62 , 69.72
65.52 , 69.64
65.29 , 70.36
65.98 , 70.07
65.71 , 69.74
65.96 , 70.0
65.28 , 69.96
64.98 , 69.92
65.96 , 69.76
65.58 , 69.91
65.84 , 69.51
65.47 , 69.57
65.88 , 69.69
65.67 , 69.93
65.47 , 70.0
65.58 , 69.66
65.67 , 69.46
65.48 , 69.49
65.94 , 69.91
65.85 , 69.89
65.79 , 69.47
66.29 , 69.69
65.84 , 69.85
65.54 , 69.81
65.7 , 70.01
65.52 , 70.06
66.58 , 69.74
65.83 , 69.53
65.89 , 69.8
65.76 , 69.76
65.53 , 70.18
65.11 , 69.9
65.92 , 69.39
65.75 , 69.29
65.86 , 69.73
65.33 , 69.8
66.16 , 69.77
65.72 , 69.62
65.63 , 69.46
65.2 , 69.59
65.72 , 69.59
65.72 , 69.7
65.84 , 69.57
65.62 , 69.16
65.32 , 70.09
65.62 , 69.42
65.77 , 70.01
65.17 , 69.47
65.47 , 70.19
65.55 , 69.25
65.58 , 69.58
65.63 , 70.05
65.83 , 69.81
65.84 , 69.74
65.77 , 69.43
65.79 , 69.41
65.52 , 69.95
65.65 , 69.27
65.93 , 69.7
65.88 , 69.75
65.79 , 69.66
66.07 , 69.9
65.82 , 69.49
65.25 , 68.97
65.78 , 69.17
66.03 , 69.42
65.87 , 69.99
65.79 , 69.37
65.9 , 70.0
65.69 , 69.44
65.34 , 69.36
65.95 , 69.45
65.91 , 69.43
65.69 , 69.22
65.48 , 69.34
66.04 , 69.18
65.54 , 69.46
65.92 , 69.59
65.91 , 69.63
65.91 , 69.54
65.6 , 69.57
65.89 , 69.79
66.46 , 69.33
65.84 , 69.53
65.9 , 69.83
65.9 , 69.87
66.01 , 69.19
65.31 , 69.07
65.49 , 69.94
65.76 , 69.66
65.74 , 69.07
66.08 , 69.75
65.77 , 69.48
65.79 , 69.26
65.75 , 69.41
65.67 , 69.8
65.13 , 69.47
65.63 , 69.48
66.19 , 69.57
66.34 , 69.76
65.56 , 69.63
65.75 , 69.56
65.97 , 69.59
66.11 , 69.55
66.15 , 69.33
65.92 , 69.28
66.21 , 69.01
65.45 , 69.82
66.14 , 69.62
66.36 , 69.11
65.93 , 69.26
65.89 , 69.62
66.06 , 69.18
65.73 , 69.49
65.66 , 69.47
65.9 , 69.04
66.18 , 69.18
65.64 , 69.43
66.12 , 69.24
65.91 , 69.44
66.45 , 68.93
65.86 , 69.65
65.91 , 69.46
66.09 , 69.78
65.95 , 69.42
65.67 , 69.5
65.83 , 69.21
65.9 , 69.62
65.84 , 69.28
65.76 , 69.64
65.6 , 69.49
65.98 , 68.99
65.95 , 69.23
65.49 , 69.46
65.85 , 69.23
66.22 , 69.41
66.23 , 69.26
65.23 , 69.19
65.33 , 69.35
65.57 , 69.77
65.82 , 69.28
66.12 , 69.39
66.04 , 69.41
65.43 , 69.45
66.1 , 69.07
66.0 , 69.19
65.93 , 69.14
65.88 , 68.77
65.89 , 69.34
65.89 , 69.23
65.93 , 69.39
65.75 , 68.99
65.85 , 68.82
66.06 , 69.47
65.98 , 69.22
65.5 , 69.77
66.06 , 69.24
66.15 , 69.57
65.73 , 68.94
66.27 , 69.29
66.24 , 69.35
65.98 , 69.1
65.78 , 68.9
65.93 , 68.99
65.73 , 69.07
65.82 , 69.42
65.63 , 69.2
65.85 , 69.29
66.06 , 68.89
66.25 , 68.83
65.71 , 69.16
65.88 , 69.3
66.14 , 69.52
66.15 , 69.33
66.0 , 69.23
66.0 , 68.94
66.18 , 69.43
66.11 , 69.35
65.79 , 69.1
66.0 , 69.1
65.9 , 69.05
65.47 , 68.78
66.22 , 69.9
65.8 , 68.88
66.01 , 69.55
66.15 , 69.05
66.34 , 69.48
65.94 , 69.62
65.99 , 68.85
65.82 , 69.54
65.94 , 68.81
65.73 , 68.61
65.97 , 69.16
65.62 , 69.06
66.01 , 69.51
66.09 , 68.67
65.94 , 69.07
66.2 , 68.8
66.02 , 69.11
66.2 , 69.16
66.36 , 68.98
65.94 , 68.83
66.36 , 69.25
66.02 , 69.59
66.12 , 68.96
65.83 , 69.54
65.87 , 68.83
65.88 , 69.02
66.29 , 68.79
66.14 , 69.21
66.6 , 69.33
66.22 , 69.02
66.35 , 69.21
66.07 , 68.69
65.92 , 68.98
65.62 , 68.94
65.56 , 68.88
66.22 , 68.34
66.51 , 69.16
65.28 , 69.5
66.2 , 68.8
65.97 , 69.24
65.89 , 69.12
65.84 , 68.96
66.11 , 68.98
66.14 , 69.22
66.1 , 68.65
66.01 , 68.58
66.36 , 68.9
66.24 , 69.17
66.26 , 68.92
66.33 , 68.5
66.03 , 68.89
65.63 , 69.06
66.02 , 69.23
66.22 , 68.83
66.04 , 69.07
66.48 , 69.11
65.94 , 68.96
65.9 , 69.46
66.15 , 68.87
66.25 , 68.47
65.98 , 68.48
66.2 , 68.92
66.3 , 68.91
65.87 , 69.0
65.81 , 68.73
66.1 , 68.87
65.97 , 68.6
66.42 , 68.51
65.58 , 68.91
66.42 , 68.56
65.95 , 68.89
65.9 , 68.86
66.1 , 68.91
66.4 , 68.54
65.89 , 69.12
66.36 , 69.03
66.41 , 68.75
66.08 , 68.52
65.92 , 69.03
65.7 , 69.07
66.19 , 68.72
66.13 , 68.86
66.27 , 68.86
66.41 , 68.25
66.22 , 68.84
66.28 , 68.98
66.28 , 69.15
66.22 , 68.94
65.59 , 68.49
66.17 , 68.88
66.52 , 68.58
66.0 , 68.28
65.93 , 68.67
66.17 , 69.1
65.93 , 69.3
65.9 , 68.99
66.17 , 68.41
66.03 , 68.5
66.05 , 68.76
66.39 , 69.15
66.24 , 68.52
66.05 , 68.41
66.44 , 68.53
66.03 , 69.01
66.16 , 68.44
66.01 , 68.93
66.12 , 68.66
65.79 , 68.99
66.26 , 68.62
65.98 , 68.74
66.22 , 68.34
66.58 , 68.28
66.1 , 68.61
65.77 , 68.82
66.39 , 68.75
66.21 , 68.89
66.19 , 68.5
66.59 , 68.77
65.84 , 68.21
66.35 , 68.37
66.31 , 68.63
66.34 , 68.63
66.37 , 68.42
66.0 , 68.73
66.13 , 68.17
66.07 , 68.71
65.93 , 68.84
65.87 , 68.55
66.12 , 68.63
65.83 , 68.41
66.18 , 68.4
66.47 , 68.43
66.66 , 68.69
66.03 , 68.99
66.43 , 68.52
66.23 , 68.38
66.25 , 68.66
66.03 , 68.66
66.29 , 68.27
66.45 , 68.36
66.28 , 68.48
65.96 , 69.08
66.67 , 68.97
66.12 , 68.89
66.54 , 68.19
66.32 , 68.49
65.92 , 68.59
66.04 , 68.3
66.01 , 69.0
66.89 , 68.29
65.75 , 68.93
66.08 , 68.47
66.23 , 68.99
66.22 , 68.6
66.35 , 68.62
65.84 , 68.12
66.43 , 68.62
66.22 , 68.74
66.51 , 68.26
66.43 , 68.19
66.05 , 68.53
66.67 , 68.76
66.07 , 68.64
66.04 , 68.51
66.09 , 68.14
66.11 , 68.32
66.1 , 68.72
66.55 , 68.46
65.72 , 67.83
66.31 , 68.62
66.46 , 68.42
66.19 , 68.07
66.74 , 68.84
66.22 , 68.39
66.62 , 68.46
66.46 , 68.23
66.68 , 68.62
66.32 , 68.36
66.12 , 68.62
66.24 , 68.27
66.26 , 68.38
66.28 , 68.01
66.7 , 68.3
66.19 , 68.4
66.15 , 68.26
66.0 , 68.71
66.45 , 68.47
66.12 , 68.63
66.29 , 68.06
66.25 , 68.49
66.36 , 68.34
66.7 , 68.47
66.55 , 67.9
66.42 , 68.78
65.94 , 67.95
66.13 , 68.36
66.42 , 68.46
66.37 , 67.63
66.21 , 68.41
66.32 , 68.23
66.48 , 67.98
66.11 , 68.69
66.22 , 68.34
66.37 , 68.37
66.48 , 68.72
66.43 , 68.41
65.93 , 67.98
66.16 , 68.43
66.59 , 68.14
66.46 , 68.55
65.95 , 68.45
66.25 , 67.87
66.03 , 68.39
66.87 , 68.08
66.41 , 68.29
66.05 , 68.2
66.04 , 67.96
66.59 , 68.28
66.58 , 68.17
66.68 , 67.8
65.96 , 68.38
66.42 , 68.13
66.48 , 67.74
66.08 , 68.34
66.29 , 68.32
66.52 , 68.32
66.38 , 68.34
65.97 , 68.3
66.14 , 68.23
66.27 , 67.96
66.27 , 68.0
66.21 , 68.18
66.43 , 68.27
65.92 , 68.45
66.28 , 67.92
66.63 , 68.53
66.61 , 68.48
66.46 , 68.41
66.36 , 68.01
66.59 , 68.11
66.68 , 68.13
66.52 , 68.85
65.93 , 68.34
66.49 , 68.61
66.41 , 67.99
66.2 , 67.99
66.48 , 67.85
66.5 , 68.16
66.53 , 68.41
66.53 , 67.9
66.13 , 67.96
66.42 , 68.09
66.28 , 68.36
66.37 , 68.29
66.44 , 67.77
66.55 , 68.1
66.69 , 68.02
66.52 , 67.77
66.65 , 68.37
66.44 , 67.82
66.8 , 67.89
66.47 , 68.44
66.4 , 68.18
66.26 , 67.64
66.59 , 68.1
66.29 , 67.47
66.59 , 68.09
66.42 , 68.05
66.84 , 68.19
66.16 , 68.56
66.48 , 68.16
66.29 , 67.55
66.68 , 67.81
66.09 , 68.1
66.26 , 68.43
66.45 , 68.32
66.65 , 68.22
66.49 , 67.45
66.36 , 68.13
67.05 , 67.74
66.59 , 68.42
66.71 , 67.44
65.88 , 68.38
66.64 , 67.53
66.38 , 68.22
66.75 , 67.91
66.26 , 68.31
66.49 , 68.06
66.64 , 68.41
66.6 , 68.07
66.67 , 68.73
66.32 , 68.09
66.32 , 68.24
66.94 , 68.18
66.36 , 68.04
66.75 , 67.82
66.46 , 67.98
66.27 , 67.86
66.43 , 68.06
66.79 , 68.26
66.44 , 67.6
66.69 , 67.81
66.38 , 68.12
67.12 , 67.75
66.28 , 67.92
66.58 , 67.98
66.67 , 67.7
66.43 , 68.37
66.7 , 68.14
66.28 , 68.09
66.23 , 68.11
66.32 , 67.71
66.7 , 67.9
66.95 , 68.06
66.5 , 67.77
66.63 , 67.75
66.24 , 68.01
66.68 , 67.76
66.36 , 67.64
66.91 , 67.78
66.36 , 68.06
66.58 , 68.19
66.66 , 67.58
67.08 , 67.79
66.7 , 67.65
66.52 , 67.78
66.34 , 67.8
66.68 , 67.91
66.69 , 67.44
66.33 , 67.97
66.62 , 67.66
66.45 , 67.96
66.65 , 67.61
66.71 , 68.13
66.16 , 68.0
66.33 , 67.54
66.66 , 67.41
66.21 , 67.86
66.57 , 68.25
66.53 , 67.99
66.73 , 67.79
66.43 , 67.7
66.85 , 67.9
66.56 , 67.99
66.64 , 67.84
66.53 , 67.51
66.63 , 67.73
66.61 , 67.85
66.51 , 67.48
66.7 , 68.04
66.73 , 67.8
66.81 , 67.89
65.76 , 67.28
66.72 , 67.86
66.89 , 67.62
66.86 , 67.93
66.33 , 67.59
66.8 , 67.33
66.66 , 68.01
66.82 , 67.73
66.43 , 67.86
66.62 , 67.26
65.97 , 68.06
66.64 , 68.39
66.4 , 67.78
66.79 , 67.7
66.27 , 67.3
66.62 , 67.36
66.58 , 67.87
66.17 , 68.09
66.88 , 67.6
66.31 , 67.45
66.59 , 67.79
66.49 , 67.53
66.47 , 67.15
66.44 , 67.36
67.12 , 67.72
66.18 , 67.42
66.73 , 67.42
66.59 , 67.49
66.66 , 67.43
66.93 , 67.51
66.89 , 67.85
66.78 , 67.48
66.81 , 67.31
66.32 , 67.96
66.75 , 67.53
67.0 , 67.72
66.55 , 67.71
66.66 , 67.93
66.59 , 68.05
65.91 , 67.24
66.82 , 67.21
66.58 , 67.49
66.78 , 67.55
66.74 , 67.72
66.14 , 67.7
66.53 , 67.85
66.6 , 67.76
66.55 , 67.44
66.85 , 67.78
66.73 , 67.8
66.79 , 67.68
66.57 , 67.51
66.49 , 67.47
66.35 , 67.35
66.96 , 67.81
66.82 , 67.59
66.45 , 67.71
66.5 , 67.35
67.28 , 67.44
66.65 , 68.07
66.62 , 67.32
66.65 , 67.6
66.61 , 67.18
66.93 , 67.4
66.97 , 67.75
66.33 , 67.39
66.88 , 67.52
66.82 , 67.65
67.04 , 67.29
66.72 , 67.26
67.02 , 67.05
66.89 , 67.26
66.63 , 67.35
66.63 , 67.46
66.52 , 67.33
67.12 , 67.22
66.32 , 67.17
66.53 , 67.34
67.07 , 67.23
67.05 , 67.74
66.4 , 66.95
66.84 , 67.02
66.59 , 67.77
66.6 , 67.54
66.79 , 67.6
66.33 , 67.35
67.08 , 67.39
66.86 , 67.17
66.58 , 67.6
66.68 , 66.73
66.6 , 67.4
66.77 , 67.47
66.63 , 67.66
66.7 , 67.38
66.57 , 67.47
67.07 , 67.36
66.76 , 67.36
66.84 , 67.49
66.9 , 66.88
67.18 , 67.09
66.81 , 67.21
66.78 , 67.52
66.56 , 66.99
66.84 , 67.26
66.25 , 66.91
66.95 , 66.96
66.43 , 67.32
66.35 , 67.6
66.78 , 67.77
66.95 , 67.35
66.99 , 66.94
66.84 , 67.52
66.69 , 67.48
66.79 , 67.2
66.8 , 67.61
66.79 , 67.42
67.1 , 67.47
67.15 , 67.13
67.33 , 66.81
66.74 , 66.89
66.75 , 67.29
67.07 , 66.91
67.35 , 67.24
66.8 , 67.22
67.08 , 67.22
66.96 , 67.04
66.78 , 67.35
67.15 , 66.57
66.87 , 67.24
66.88 , 67.34
67.03 , 67.0
67.11 , 67.1
66.27 , 67.07
67.08 , 67.56
66.36 , 66.86
66.7 , 67.1
66.43 , 67.22
67.03 , 67.47
66.52 , 67.07
66.53 , 67.3
66.65 , 66.98
67.39 , 66.8
67.13 , 66.98
66.78 , 66.79
66.87 , 67.69
66.98 , 67.27
66.9 , 67.1
66.5 , 66.73
66.63 , 66.9
66.74 , 67.65
67.41 , 66.71
66.89 , 67.3
66.89 , 66.84
67.09 , 66.85
66.7 , 67.29
66.88 , 66.71
66.77 , 67.41
66.85 , 66.68
67.46 , 67.47
67.44 , 67.07
67.07 , 67.15
66.6 , 67.07
67.22 , 66.86
66.49 , 67.18
66.88 , 66.68
67.22 , 66.88
66.85 , 66.84
66.95 , 67.06
66.96 , 66.76
66.78 , 66.88
67.04 , 67.51
66.2 , 67.13
66.72 , 67.26
66.86 , 66.82
66.42 , 67.17
67.22 , 66.96
66.35 , 66.62
66.6 , 66.73
66.79 , 66.82
66.57 , 67.09
67.23 , 67.27
66.99 , 67.32
66.71 , 66.9
66.69 , 67.02
66.93 , 66.84
66.9 , 66.74
66.69 , 66.97
67.18 , 67.14
66.69 , 66.88
66.62 , 66.46
67.06 , 66.86
67.21 , 67.1
66.86 , 66.86
66.94 , 66.67
67.21 , 66.51
66.8 , 67.18
66.85 , 66.77
67.34 , 66.61
66.88 , 66.27
67.15 , 66.93
66.48 , 67.06
66.85 , 67.0
66.8 , 66.89
66.77 , 66.93
67.18 , 66.45
67.04 , 67.05
67.1 , 67.44
66.66 , 67.02
67.06 , 66.94
67.59 , 66.63
67.28 , 67.18
66.56 , 67.14
67.01 , 66.89
67.01 , 66.9
67.06 , 66.79
66.77 , 66.75
67.43 , 67.23
66.61 , 66.6
66.86 , 66.78
66.82 , 66.94
66.85 , 66.57
66.79 , 66.51
67.38 , 66.72
66.89 , 66.86
67.31 , 66.96
67.14 , 66.8
66.42 , 66.53
66.63 , 66.72
66.53 , 67.03
66.94 , 67.18
67.08 , 66.74
67.03 , 67.03
66.88 , 66.63
66.75 , 66.73
67.11 , 66.89
67.06 , 67.01
66.99 , 66.94
66.81 , 66.27
66.86 , 66.63
67.36 , 66.85
67.25 , 66.54
67.26 , 67.0
67.02 , 66.99
67.31 , 66.99
67.02 , 66.83
66.79 , 66.71
67.4 , 66.73
67.5 , 66.83
66.98 , 66.64
67.23 , 66.37
66.89 , 66.33
67.08 , 66.8
66.97 , 66.21
66.91 , 66.54
67.29 , 66.4
66.89 , 66.38
66.84 , 66.52
67.06 , 66.75
67.44 , 66.91
67.15 , 66.55
66.75 , 67.05
67.29 , 66.9
67.43 , 66.95
66.99 , 66.75
67.53 , 66.47
67.2 , 66.52
67.12 , 66.65
67.1 , 66.33
66.66 , 66.67
67.13 , 66.47
66.98 , 66.45
66.99 , 66.55
66.94 , 66.79
67.29 , 66.72
67.1 , 66.47
67.47 , 66.81
67.43 , 66.44
67.31 , 66.82
67.06 , 66.9
66.81 , 66.35
67.36 , 66.58
67.22 , 66.57
66.94 , 66.66
67.11 , 66.28
67.3 , 66.28
67.14 , 66.8
67.06 , 66.6
67.25 , 66.69
66.82 , 66.84
66.85 , 66.42
67.51 , 66.61
67.17 , 66.55
67.28 , 66.44
67.18 , 66.26
67.1 , 66.72
67.21 , 66.41
67.39 , 66.34
67.24 , 66.2
67.41 , 66.3
67.32 , 66.6
67.17 , 66.7
66.94 , 66.34
67.13 , 65.75
67.3 , 66.21
66.8 , 66.35
67.31 , 66.25
67.26 , 66.68
66.86 , 66.44
67.35 , 66.39
66.73 , 66.74
66.91 , 66.38
67.43 , 66.75
67.1 , 66.2
67.26 , 66.47
67.1 , 66.64
67.3 , 66.28
66.98 , 66.27
67.19 , 66.19
67.29 , 66.27
67.2 , 66.22
67.64 , 66.33
67.33 , 66.61
67.03 , 66.49
66.96 , 66.15
66.92 , 66.32
67.29 , 66.72
66.9 , 66.27
67.25 , 66.22
67.22 , 66.26
67.13 , 66.87
66.99 , 66.81
66.95 , 65.99
67.15 , 66.71
66.98 , 66.07
67.28 , 65.89
67.02 , 66.1
66.77 , 66.18
67.12 , 66.39
67.34 , 66.67
67.23 , 66.13
67.64 , 66.13
67.1 , 66.37
67.28 , 66.21
67.49 , 66.43
67.61 , 66.06
67.41 , 66.05
67.38 , 66.25
66.99 , 65.9
67.46 , 66.29
67.4 , 65.67
66.73 , 66.38
67.01 , 66.29
67.39 , 66.26
66.59 , 66.17
66.86 , 66.3
67.36 , 65.96
67.36 , 66.25
67.14 , 66.27
67.37 , 66.29
67.48 , 66.24
67.12 , 66.08
67.73 , 66.28
67.13 , 66.11
67.26 , 66.1
67.35 , 66.11
67.37 , 66.67
66.95 , 66.37
67.1 , 66.28
67.0 , 66.44
67.49 , 66.07
67.05 , 66.41
67.61 , 66.33
67.51 , 66.6
67.24 , 66.21
66.94 , 66.04
66.72 , 66.15
67.08 , 66.15
67.83 , 66.07
67.45 , 66.14
67.37 , 66.18
67.43 , 66.73
67.61 , 66.42
67.15 , 65.78
67.36 , 65.94
67.64 , 66.11
67.29 , 66.15
67.28 , 66.02
67.46 , 66.02
67.39 , 66.27
67.11 , 66.25
67.18 , 65.48
67.19 , 66.1
66.87 , 65.92
67.38 , 65.45
67.24 , 66.14
67.03 , 66.01
67.4 , 66.01
67.19 , 66.17
67.83 , 65.91
67.55 , 66.16
67.23 , 66.39
67.22 , 65.59
67.26 , 65.66
67.33 , 66.25
67.22 , 66.18
67.48 , 65.88
67.17 , 65.95
67.28 , 65.64
67.54 , 66.5
67.56 , 65.68
67.96 , 65.97
67.3 , 66.19
67.46 , 65.87
67.43 , 65.78
67.7 , 66.02
67.27 , 65.83
67.63 , 65.89
67.67 , 66.06
66.98 , 66.03
67.33 , 65.88
67.38 , 66.15
67.14 , 65.99
67.31 , 66.15
67.77 , 66.26
66.79 , 65.59
67.3 , 65.78
67.31 , 66.37
67.0 , 65.87
67.16 , 66.34
67.04 , 65.86
67.44 , 66.53
67.78 , 65.82
67.23 , 66.3
67.38 , 65.92
66.92 , 65.42
67.8 , 65.63
67.16 , 66.15
67.43 , 66.42
67.09 , 65.82
67.91 , 66.0
67.49 , 65.27
67.38 , 65.84
67.63 , 65.68
67.59 , 65.83
67.33 , 66.07
67.68 , 65.83
67.44 , 65.84
67.2 , 65.72
66.88 , 65.54
67.61 , 66.44
68.05 , 65.54
67.4 , 65.89
66.85 , 65.98
67.53 , 66.23
67.86 , 66.24
67.06 , 65.85
67.13 , 65.51
67.59 , 65.68
67.35 , 66.1
67.41 , 65.94
67.36 , 65.78
67.7 , 65.93
67.41 , 65.59
67.13 , 65.49
67.35 , 65.55
67.39 , 65.71
67.51 , 66.26
67.52 , 65.76
67.44 , 65.34
67.44 , 65.38
67.39 , 65.56
67.56 , 65.41
67.28 , 65.61
67.5 , 65.27
67.82 , 65.74
67.81 , 66.0
67.04 , 66.09
67.35 , 65.77
67.34 , 66.17
67.12 , 65.38
67.59 , 65.74
67.5 , 66.26
67.28 , 65.45
67.58 , 66.3
67.85 , 66.02
67.57 , 65.45
67.41 , 65.58
67.65 , 65.5
67.67 , 66.06
67.14 , 65.84
67.8 , 65.4
67.54 , 65.51
67.81 , 65.8
67.57 , 65.64
67.45 , 65.57
67.63 , 65.27
66.97 , 65.29
67.77 , 65.81
67.27 , 65.87
67.43 , 65.6
67.45 , 65.78
67.44 , 65.7
67.49 , 65.17
67.43 , 65.7
67.62 , 65.79
67.23 , 65.35
68.06 , 65.55
67.82 , 65.63
67.58 , 65.46
67.69 , 65.86
67.46 , 66.03
67.88 , 65.26
67.52 , 65.74
67.48 , 65.66
67.37 , 65.22
67.83 , 65.49
67.18 , 65.64
67.47 , 65.64
67.67 , 65.3
67.92 , 65.62
67.75 , 65.58
67.64 , 65.61
67.36 , 65.57
67.61 , 65.99
67.52 , 65.59
67.22 , 66.17
67.99 , 65.71
67.54 , 65.98
67.45 , 65.44
67.27 , 65.38
67.67 , 65.96
67.72 , 65.55
67.41 , 65.92
67.65 , 65.29
67.91 , 65.59
67.51 , 65.69
67.89 , 65.76
67.54 , 65.95
67.33 , 65.5
67.82 , 65.88
67.23 , 65.57
67.45 , 65.9
67.74 , 65.47
67.41 , 65.53
67.69 , 65.5
67.48 , 65.66
67.16 , 65.41
67.79 , 65.52
67.79 , 65.63
67.54 , 65.45
67.58 , 65.48
67.46 , 64.55
67.64 , 65.57
68.34 , 65.62
67.39 , 65.46
67.88 , 65.79
67.92 , 65.55
67.86 , 65.61
68.08 , 65.49
67.93 , 65.93
67.77 , 65.08
67.47 , 65.82
67.61 , 65.53
67.62 , 65.4
67.58 , 65.57
67.69 , 65.26
68.0 , 65.2
67.46 , 65.88
67.64 , 65.67
67.95 , 65.09
67.73 , 65.49
67.71 , 65.35
67.89 , 65.48
67.22 , 65.29
67.64 , 65.13
67.4 , 65.33
67.7 , 65.52
67.2 , 65.38
67.85 , 65.16
67.92 , 65.23
67.46 , 65.29
68.05 , 65.34
67.73 , 65.34
67.43 , 65.33
68.06 , 65.5
67.63 , 65.68
68.08 , 64.92
67.86 , 65.0
67.24 , 65.35
68.05 , 65.66
67.24 , 65.29
67.42 , 64.88
67.84 , 65.6
67.61 , 64.83
67.48 , 64.91
67.76 , 65.03
68.04 , 65.07
67.99 , 65.14
67.55 , 65.73
67.83 , 65.44
68.4 , 64.9
67.86 , 65.75
67.35 , 65.23
67.74 , 65.22
68.27 , 65.26
67.68 , 64.79
67.72 , 65.57
67.67 , 65.18
67.8 , 65.44
67.77 , 64.98
67.5 , 65.23
67.55 , 65.29
67.77 , 65.44
67.63 , 65.62
67.43 , 65.22
67.6 , 65.47
67.81 , 65.19
67.48 , 65.07
66.74 , 65.17
67.66 , 64.97
67.56 , 64.88
67.85 , 65.29
67.54 , 65.05
67.39 , 65.14
67.53 , 65.29
67.97 , 65.31
67.31 , 65.54
67.8 , 65.35
67.65 , 64.93
67.61 , 65.39
67.81 , 65.42
67.68 , 65.21
67.3 , 65.26
67.69 , 65.44
67.7 , 65.02
67.89 , 64.99
67.62 , 64.85
67.51 , 64.79
68.09 , 65.04
67.34 , 65.26
67.77 , 65.06
68.15 , 65.14
67.69 , 65.34
67.58 , 65.1
67.39 , 64.99
68.04 , 65.06
67.5 , 65.34
67.83 , 64.72
68.19 , 65.0
67.62 , 64.91
67.89 , 65.21
67.55 , 64.9
67.8 , 64.86
67.55 , 65.26
67.54 , 64.91
67.88 , 64.68
67.86 , 65.21
67.9 , 64.8
67.71 , 65.25
67.65 , 65.01
67.5 , 64.98
67.76 , 64.81
68.07 , 65.14
67.61 , 65.29
67.79 , 64.76
67.83 , 64.77
67.89 , 64.88
67.28 , 65.43
67.77 , 65.25
67.69 , 64.87
67.5 , 65.0
67.55 , 64.76
67.47 , 65.22
67.48 , 65.1
67.94 , 65.0
68.19 , 64.56
67.78 , 64.66
68.13 , 64.78
67.71 , 64.74
67.89 , 64.88
67.81 , 64.9
67.99 , 64.9
67.75 , 65.18
67.57 , 64.57
67.94 , 64.65
67.75 , 64.98
67.95 , 65.13
67.95 , 64.78
67.99 , 64.86
67.6 , 65.14
67.83 , 64.64
67.81 , 65.0
68.11 , 64.63
68.02 , 65.06
68.08 , 65.29
67.5 , 65.1
67.74 , 64.41
67.48 , 64.77
68.22 , 64.81
67.62 , 65.14
67.82 , 65.15
67.79 , 64.81
67.93 , 64.82
67.47 , 65.15
67.2 , 64.88
67.68 , 64.97
68.03 , 64.55
67.58 , 64.95
68.18 , 64.99
67.99 , 64.82
67.92 , 64.99
68.07 , 64.61
67.64 , 64.78
68.03 , 64.71
67.79 , 65.08
68.41 , 65.11
68.28 , 64.85
67.92 , 65.04
68.29 , 64.66
67.74 , 64.87
67.84 , 64.54
67.83 , 64.98
68.02 , 64.73
67.52 , 64.77
67.92 , 65.29
67.72 , 64.47
68.18 , 64.56
67.82 , 64.3
68.24 , 64.89
67.86 , 65.05
67.76 , 64.98
67.76 , 64.7
67.41 , 64.69
67.87 , 64.96
67.68 , 64.41
67.66 , 64.86
67.84 , 64.91
67.64 , 64.72
67.76 , 64.68
68.19 , 64.43
68.33 , 64.72
68.02 , 64.97
68.11 , 64.41
68.13 , 64.62
67.97 , 64.66
67.68 , 64.87
67.91 , 64.46
68.16 , 64.37
67.85 , 64.77
67.75 , 64.61
68.08 , 64.51
68.03 , 64.41
67.86 , 64.56
67.61 , 64.55
67.74 , 64.36
68.16 , 64.31
68.25 , 64.49
68.14 , 64.44
67.91 , 64.99
68.25 , 64.84
67.91 , 64.16
68.27 , 64.22
68.34 , 65.04
67.48 , 64.78
67.73 , 64.6
68.29 , 64.55
67.67 , 64.71
67.61 , 64.81
67.69 , 64.45
67.94 , 64.53
68.15 , 64.43
68.15 , 65.08
68.16 , 64.71
68.36 , 64.59
67.86 , 64.98
68.19 , 64.3
67.7 , 64.37
67.64 , 64.64
67.96 , 64.39
68.04 , 64.56
68.05 , 64.62
68.25 , 64.34
68.12 , 64.72
68.3 , 64.42
68.34 , 64.74
68.13 , 64.56
68.61 , 64.25
67.73 , 64.53
68.05 , 64.3
68.02 , 64.15
68.27 , 64.4
67.81 , 64.47
68.27 , 64.54
67.62 , 64.43
67.85 , 64.17
67.96 , 64.82
68.03 , 64.4
68.07 , 64.31
68.31 , 64.41
67.8 , 64.4
67.62 , 64.62
68.29 , 64.94
68.07 , 64.77
67.8 , 63.95
67.85 , 64.44
67.81 , 64.81
68.44 , 63.97
67.99 , 64.28
68.1 , 64.12
68.26 , 64.43
67.95 , 64.52
67.98 , 64.43
68.0 , 64.87
67.77 , 64.59
67.88 , 64.62
68.46 , 64.94
68.57 , 64.47
68.2 , 64.53
68.29 , 64.29
68.09 , 64.41
67.79 , 64.21
67.97 , 63.94
68.07 , 64.45
68.19 , 64.29
68.25 , 64.61
68.33 , 64.68
68.24 , 64.12
68.39 , 64.39
68.39 , 64.53
68.06 , 64.06
68.01 , 64.44
67.86 , 64.4
67.8 , 64.54
68.02 , 64.55
68.27 , 64.12
68.1 , 63.8
68.01 , 64.51
68.38 , 64.39
68.35 , 64.12
68.01 , 64.24
68.13 , 64.48
68.22 , 64.04
68.18 , 64.56
68.14 , 64.08
68.49 , 64.13
67.96 , 64.11
67.88 , 64.13
68.16 , 64.03
67.87 , 64.43
68.1 , 64.2
67.86 , 64.07
68.2 , 64.15
68.24 , 64.08
68.11 , 64.88
67.85 , 63.8
67.84 , 64.36
68.25 , 64.36
68.51 , 64.31
68.13 , 63.87
68.22 , 64.29
68.12 , 64.31
68.55 , 64.25
67.79 , 64.27
68.12 , 64.55
67.9 , 64.82
67.51 , 64.07
68.04 , 64.44
68.37 , 63.94
68.27 , 64.53
67.8 , 63.76
68.26 , 64.03
67.97 , 64.49
68.41 , 64.05
68.15 , 64.18
68.02 , 64.18
68.08 , 64.29
68.06 , 63.43
68.21 , 63.88
68.23 , 63.96
67.89 , 63.84
68.27 , 63.84
68.34 , 63.75
68.13 , 64.12
67.78 , 63.91
68.5 , 64.1
68.16 , 63.82
67.98 , 63.99
68.1 , 64.0
68.67 , 64.44
68.13 , 64.24
68.25 , 63.74
68.24 , 64.14
68.44 , 64.07
68.22 , 63.8
68.34 , 64.14
68.12 , 64.27
67.8 , 64.2
68.52 , 63.76
67.91 , 64.12
67.92 , 64.03
68.34 , 64.11
68.58 , 63.82
68.04 , 63.93
68.34 , 63.78
68.55 , 63.55
68.12 , 64.14
68.51 , 64.53
68.33 , 63.84
68.38 , 64.1
68.12 , 63.92
67.83 , 64.12
68.32 , 63.95
68.25 , 63.84
68.38 , 63.63
68.31 , 64.14
68.61 , 64.16
68.56 , 64.52
68.5 , 64.23
68.71 , 64.37
68.12 , 64.16
68.22 , 63.89
68.15 , 63.87
68.08 , 63.15
67.95 , 64.55
68.64 , 63.86
68.36 , 63.82
67.94 , 64.38
68.12 , 64.18
68.66 , 63.63
68.47 , 63.72
68.49 , 63.92
68.49 , 64.08
68.21 , 63.62
68.29 , 64.03
68.48 , 63.9
68.23 , 63.73
68.34 , 64.42
67.97 , 63.96
68.32 , 64.25
68.42 , 63.95
68.25 , 63.77
68.07 , 63.18
68.5 , 63.56
68.86 , 63.81
68.11 , 63.5
68.31 , 63.62
67.9 , 63.55
68.83 , 63.73
68.12 , 63.66
68.61 , 63.86
68.53 , 63.35
68.23 , 64.33
68.43 , 63.57
68.43 , 63.59
68.5 , 63.83
67.92 , 63.74
67.88 , 64.08
68.24 , 63.77
68.1 , 63.77
68.36 , 63.63
68.76 , 63.72
68.06 , 64.48
68.43 , 63.89
68.58 , 63.92
68.56 , 64.11
68.03 , 63.74
68.66 , 63.47
68.59 , 64.12
67.83 , 63.77
68.44 , 63.66
68.46 , 64.03
68.91 , 63.48
67.93 , 63.64
68.61 , 63.7
68.61 , 63.63
68.21 , 64.01
68.61 , 63.88
68.16 , 63.63
68.48 , 63.44
68.39 , 63.69
68.59 , 63.91
68.42 , 64.06
68.4 , 63.29
67.98 , 64.15
68.11 , 63.65
68.37 , 63.64
68.33 , 63.51
68.39 , 63.68
68.61 , 63.49
68.29 , 63.36
68.49 , 63.79
68.29 , 63.56
68.51 , 63.75
68.63 , 63.3
68.31 , 63.86
68.17 , 63.51
68.1 , 63.73
68.64 , 64.0
68.71 , 63.75
68.41 , 63.27
68.37 , 63.57
68.29 , 63.57
68.31 , 63.38
68.46 , 63.52
68.74 , 63.57
68.62 , 63.79
68.07 , 63.59
68.25 , 63.58
68.25 , 63.81
68.76 , 63.24
68.57 , 63.17
68.39 , 63.73
68.56 , 63.51
68.4 , 63.89
68.6 , 63.83
68.05 , 63.73
68.44 , 63.57
68.61 , 63.29
68.73 , 63.48
68.2 , 63.62
68.43 , 63.62
68.44 , 63.87
69.12 , 63.83
68.41 , 63.82
68.88 , 63.52
68.55 , 63.39
68.2 , 63.75
68.05 , 63.42
68.37 , 63.65
68.46 , 63.16
68.56 , 63.43
68.49 , 63.31
68.72 , 63.01
68.82 , 63.32
68.56 , 63.7
68.87 , 63.11
68.63 , 63.67
68.8 , 63.43
68.77 , 63.29
68.6 , 63.36
68.06 , 63.87
68.29 , 63.25
68.44 , 63.25
68.29 , 63.42
68.42 , 63.56
68.3 , 63.83
68.61 , 63.42
68.77 , 63.77
68.73 , 63.14
68.8 , 63.61
68.12 , 64.04
68.02 , 63.41
68.93 , 63.19
68.2 , 63.31
68.62 , 63.29
68.46 , 63.65
68.57 , 63.31
68.39 , 63.61
68.6 , 63.67
68.31 , 63.6
68.71 , 63.08
68.66 , 63.41
68.06 , 62.94
69.18 , 63.19
68.27 , 63.44
68.53 , 63.41
68.56 , 63.14
68.65 , 63.51
68.55 , 63.03
68.91 , 63.29
67.95 , 63.45
68.15 , 63.28
68.08 , 63.0
68.66 , 63.6
68.52 , 62.75
68.2 , 63.28
68.25 , 63.08
68.54 , 63.04
68.79 , 63.41
68.3 , 62.9
68.4 , 63.37
68.8 , 63.5
68.38 , 63.28
68.38 , 63.65
68.71 , 63.52
68.1 , 63.4
68.41 , 63.07
68.53 , 63.6
68.64 , 63.18
68.05 , 63.14
68.92 , 63.36
68.68 , 63.17
68.17 , 62.8
68.23 , 63.16
68.25 , 63.73
68.68 , 63.19
68.77 , 63.25
68.52 , 62.85
68.48 , 63.19
68.66 , 63.09
68.93 , 63.35
69.02 , 63.09
68.68 , 63.64
68.46 , 63.32
68.2 , 63.19
68.8 , 63.27
68.76 , 63.23
68.79 , 63.2
68.12 , 63.58
68.41 , 63.32
68.44 , 63.46
69.07 , 63.02
68.49 , 63.44
69.02 , 63.01
68.36 , 63.06
68.81 , 63.29
68.87 , 62.91
68.38 , 62.78
68.74 , 63.18
68.4 , 63.59
68.63 , 63.03
68.42 , 63.04
68.79 , 63.54
68.61 , 63.24
68.49 , 63.2
68.4 , 62.98
68.68 , 63.26
68.51 , 63.08
68.08 , 63.03
68.18 , 63.31
68.72 , 62.7
68.82 , 62.89
68.44 , 63.15
68.42 , 63.16
68.52 , 63.17
68.57 , 62.83
68.86 , 63.53
69.05 , 63.16
68.72 , 63.4
68.57 , 63.08
68.41 , 63.44
68.81 , 63.47
68.94 , 63.08
68.52 , 63.52
68.62 , 63.11
68.83 , 63.05
68.25 , 62.75
68.6 , 63.44
68.58 , 63.13
69.02 , 62.74
68.71 , 62.98
68.77 , 63.06
68.55 , 63.12
68.45 , 62.67
68.94 , 62.87
68.88 , 62.8
68.98 , 63.06
68.33 , 62.97
68.39 , 62.38
68.79 , 63.4
68.5 , 62.46
68.98 , 62.91
68.64 , 63.19
68.99 , 62.97
69.43 , 62.69
68.46 , 63.48
68.67 , 62.79
68.8 , 62.56
68.63 , 62.51
68.9 , 63.09
68.61 , 63.06
68.58 , 62.6
68.85 , 62.47
68.45 , 62.84
68.65 , 63.25
68.72 , 62.87
68.97 , 62.76
68.77 , 62.49
68.53 , 62.4
68.3 , 63.19
69.17 , 63.48
68.59 , 63.11
68.7 , 62.36
69.11 , 62.78
68.82 , 62.73
68.69 , 62.53
68.73 , 62.69
68.61 , 62.86
68.62 , 62.81
68.85 , 63.02
68.77 , 62.71
68.82 , 63.17
68.84 , 62.65
68.65 , 62.89
68.78 , 63.46
68.57 , 62.79
69.01 , 63.1
68.94 , 62.66
68.98 , 62.83
69.1 , 62.86
68.76 , 62.81
68.55 , 63.24
68.82 , 62.58
68.29 , 62.64
68.74 , 62.6
68.91 , 62.83
68.77 , 62.3
69.28 , 62.76
68.63 , 62.61
69.11 , 62.86
68.63 , 62.55
68.45 , 62.8
68.78 , 62.92
68.98 , 62.71
69.37 , 62.63
69.1 , 62.65
68.69 , 62.4
69.09 , 62.74
68.53 , 62.44
69.0 , 62.69
68.28 , 62.77
68.84 , 62.49
68.92 , 63.09
69.03 , 62.74
68.95 , 62.15
68.58 , 62.73
68.86 , 62.79
68.63 , 62.45
69.54 , 62.54
69.08 , 62.54
68.64 , 62.64
69.08 , 62.61
68.38 , 62.63
68.67 , 62.72
69.12 , 62.35
68.77 , 62.07
68.85 , 62.74
68.64 , 62.78
69.0 , 62.85
68.51 , 62.38
68.98 , 62.81
68.36 , 62.71
68.92 , 62.51
68.58 , 62.67
68.88 , 62.7
68.46 , 62.6
68.62 , 62.67
68.59 , 62.46
69.06 , 62.31
69.24 , 62.65
68.45 , 62.49
68.86 , 62.48
68.75 , 62.54
68.96 , 62.52
68.64 , 62.91
68.72 , 62.52
68.75 , 62.57
69.32 , 62.54
69.27 , 62.81
69.23 , 62.69
69.03 , 62.04
68.71 , 62.27
68.62 , 62.25
68.43 , 62.36
68.96 , 62.58
68.95 , 62.39
69.23 , 62.58
68.9 , 62.44
69.03 , 62.71
68.88 , 62.54
68.98 , 62.48
68.98 , 62.69
68.95 , 62.78
69.03 , 62.34
68.81 , 62.42
68.96 , 62.64
68.87 , 62.3
69.2 , 62.32
68.97 , 62.48
69.35 , 62.34
68.86 , 62.46
68.72 , 62.58
69.08 , 62.67
68.72 , 62.75
68.7 , 62.68
68.9 , 62.78
68.58 , 62.58
68.96 , 62.81
68.62 , 62.65
68.65 , 62.29
69.12 , 62.46
68.85 , 62.46
68.69 , 62.13
69.13 , 61.86
69.17 , 62.34
68.4 , 62.54
69.41 , 62.4
69.03 , 62.49
68.75 , 62.12
68.84 , 62.83
69.09 , 62.24
68.59 , 62.81
68.98 , 62.53
68.46 , 62.05
69.08 , 62.76
69.24 , 62.71
69.37 , 62.45
69.05 , 62.68
69.37 , 62.38
69.06 , 62.67
69.33 , 62.03
68.82 , 62.77
69.02 , 62.2
68.99 , 62.0
68.93 , 62.7
69.32 , 62.16
68.68 , 62.39
69.11 , 62.29
69.48 , 62.14
68.65 , 62.4
68.99 , 62.33
68.84 , 62.21
69.1 , 62.12
68.68 , 62.12
69.15 , 62.6
68.68 , 62.68
69.03 , 62.42
69.1 , 62.36
68.84 , 62.54
68.87 , 62.39
69.33 , 62.6
69.4 , 62.55
68.87 , 62.19
69.21 , 62.48
68.24 , 62.23
68.82 , 62.37
68.74 , 62.32
68.98 , 62.43
69.01 , 62.3
68.74 , 62.5
68.66 , 62.2
69.2 , 62.43
69.15 , 62.37
69.26 , 61.76
69.14 , 62.57
69.27 , 62.38
69.42 , 62.34
69.25 , 62.13
68.92 , 62.5
69.22 , 62.21
69.16 , 62.52
68.98 , 61.86
68.99 , 62.22
69.16 , 61.86
69.34 , 62.17
69.26 , 61.91
69.09 , 62.02
69.34 , 62.3
69.12 , 61.94
69.1 , 62.61
69.21 , 61.89
69.05 , 61.96
69.14 , 61.84
69.15 , 62.15
68.59 , 61.78
69.03 , 62.02
68.76 , 62.25
69.53 , 62.35
68.7 , 62.11
68.91 , 61.91
69.05 , 62.2
69.17 , 61.76
68.99 , 62.12
68.49 , 62.23
69.31 , 62.33
68.86 , 62.43
68.95 , 61.83
68.73 , 62.26
69.08 , 62.19
68.82 , 61.94
69.03 , 61.97
69.21 , 62.19
69.15 , 62.16
69.49 , 62.14
69.25 , 62.2
69.15 , 62.18
69.2 , 61.58
68.78 , 62.18
69.46 , 61.58
69.44 , 62.19
69.01 , 61.93
69.49 , 61.68
69.11 , 62.22
68.92 , 62.06
69.14 , 61.67
68.78 , 62.37
69.18 , 62.66
69.11 , 62.05
68.85 , 61.87
69.27 , 61.62
68.75 , 61.85
68.93 , 61.8
69.13 , 61.77
68.92 , 62.1
68.74 , 61.52
69.06 , 62.07
69.34 , 61.51
69.21 , 62.22
68.8 , 61.58
69.07 , 62.09
68.92 , 61.78
69.01 , 61.98
69.13 , 61.99
69.46 , 61.25
69.07 , 61.82
69.14 , 62.37
68.64 , 61.5
68.53 , 62.02
69.3 , 61.71
69.19 , 61.67
68.47 , 62.16
68.8 , 61.8
69.37 , 62.13
69.06 , 61.64
69.31 , 61.9
69.38 , 61.79
69.48 , 61.89
69.36 , 61.99
69.37 , 61.93
68.98 , 61.74
68.86 , 61.98
69.52 , 61.7
69.13 , 62.22
68.51 , 61.8
69.85 , 61.84
69.32 , 61.97
69.81 , 61.91
69.14 , 61.85
69.25 , 62.01
69.09 , 62.13
69.19 , 61.68
69.35 , 61.76
69.06 , 61.38
69.11 , 61.24
69.45 , 61.79
69.29 , 61.92
69.07 , 61.77
69.13 , 61.81
69.15 , 61.6
69.01 , 61.79
69.38 , 61.84
69.51 , 61.74
69.07 , 62.04
69.05 , 61.18
69.49 , 61.79
68.98 , 62.32
69.47 , 61.87
69.23 , 61.86
69.2 , 61.64
69.46 , 61.9
69.46 , 61.84
69.38 , 61.8
68.87 , 61.77
69.41 , 61.37
69.11 , 61.88
69.26 , 61.83
69.23 , 61.69
69.41 , 61.85
69.27 , 61.87
69.41 , 61.97
69.54 , 61.4
69.43 , 61.44
68.75 , 61.74
69.09 , 61.71
69.64 , 61.52
69.26 , 61.43
69.5 , 62.04
69.29 , 62.04
69.42 , 61.49
69.28 , 61.86
69.31 , 61.64
68.82 , 61.93
69.84 , 61.93
69.24 , 61.52
68.61 , 61.2
69.14 , 62.16
69.15 , 61.66
69.54 , 61.55
69.07 , 61.66
69.41 , 61.43
69.26 , 62.13
68.97 , 61.56
69.22 , 61.67
69.32 , 61.99
69.33 , 61.88
69.09 , 61.7
69.34 , 61.94
69.64 , 61.59
69.07 , 61.87
69.47 , 61.36
69.0 , 61.69
69.3 , 62.11
69.35 , 62.2
69.31 , 61.54
69.34 , 61.56
69.52 , 61.63
69.56 , 61.72
68.97 , 61.74
68.95 , 61.48
69.23 , 61.46
69.48 , 61.59
69.33 , 61.62
69.41 , 61.46
69.91 , 61.57
69.84 , 61.48
69.69 , 61.49
69.38 , 61.59
69.41 , 61.46
69.34 , 61.94
69.06 , 61.56
69.86 , 61.87
69.06 , 61.34
68.99 , 61.52
69.36 , 61.52
69.16 , 61.32
69.33 , 61.62
69.42 , 61.38
69.22 , 61.19
69.0 , 61.27
69.46 , 61.46
69.11 , 61.56
69.27 , 61.89
69.09 , 61.5
69.41 , 61.45
69.21 , 60.95
69.39 , 60.87
69.26 , 61.49
69.12 , 61.76
69.38 , 61.2
69.37 , 61.17
69.14 , 62.01
69.68 , 61.1
69.68 , 61.52
69.34 , 61.82
69.23 , 60.91
69.44 , 62.16
69.41 , 60.92
69.22 , 61.21
69.34 , 61.24
69.64 , 61.2
69.21 , 61.69
69.7 , 61.35
69.32 , 61.31
69.21 , 61.32
69.23 , 61.36
69.01 , 61.56
68.99 , 61.26
69.27 , 61.76
69.77 , 61.44
69.38 , 61.78
69.63 , 61.37
69.48 , 60.99
69.97 , 61.51
69.12 , 62.12
69.35 , 61.78
69.62 , 61.38
69.64 , 61.04
69.04 , 61.21
69.8 , 61.57
69.46 , 61.65
69.45 , 61.39
69.7 , 61.65
69.54 , 60.87
68.8 , 61.49
69.53 , 61.34
69.42 , 61.22
69.49 , 61.59
69.36 , 61.36
69.43 , 60.93
69.67 , 61.07
69.68 , 61.49
69.9 , 61.6
69.12 , 61.32
69.36 , 61.09
69.97 , 61.62
69.6 , 61.66
69.49 , 61.3
70.05 , 60.74
69.87 , 60.96
69.37 , 61.3
69.6 , 60.96
69.16 , 61.17
69.36 , 61.51
69.17 , 61.4
69.42 , 61.1
69.61 , 61.4
69.44 , 61.3
69.86 , 61.1
70.15 , 61.46
69.54 , 60.99
69.51 , 61.28
69.17 , 61.32
69.16 , 61.1
69.64 , 60.62
69.67 , 61.1
69.47 , 60.64
69.25 , 61.04
68.88 , 60.86
69.18 , 61.33
69.47 , 61.21
69.29 , 60.94
69.38 , 60.73
69.92 , 61.56
69.72 , 60.84
69.41 , 61.06
69.9 , 60.81
69.36 , 61.25
69.33 , 61.14
69.79 , 60.73
69.34 , 61.29
69.42 , 60.96
69.26 , 61.47
69.59 , 60.97
69.54 , 61.25
69.1 , 61.37
69.25 , 61.08
69.49 , 60.96
69.72 , 61.3
69.39 , 61.1
69.64 , 60.67
69.45 , 60.87
69.13 , 61.03
69.29 , 60.9
69.52 , 60.89
69.62 , 61.1
69.82 , 60.46
69.51 , 60.67
69.94 , 61.02
69.23 , 60.78
69.16 , 60.86
69.28 , 61.2
69.74 , 60.96
69.81 , 60.9
70.13 , 60.39
69.45 , 61.21
69.86 , 61.02
69.45 , 60.81
69.47 , 61.22
69.42 , 60.84
69.58 , 60.8
69.75 , 61.06
69.67 , 61.24
69.65 , 61.24
69.91 , 60.76
69.98 , 61.22
69.49 , 61.01
69.59 , 60.95
69.5 , 60.82
69.58 , 60.85
69.63 , 60.86
70.15 , 61.14
69.6 , 60.95
69.56 , 61.09
69.63 , 60.96
69.47 , 60.89
69.9 , 60.89
69.14 , 60.55
69.65 , 61.17
69.28 , 60.76
69.31 , 60.89
69.66 , 61.06
69.61 , 60.77
69.65 , 60.75
69.88 , 61.22
69.68 , 60.93
69.32 , 61.09
70.1 , 60.97
69.38 , 60.74
69.69 , 61.12
69.95 , 60.98
69.43 , 60.8
69.57 , 60.96
69.49 , 60.47
69.89 , 61.18
69.46 , 60.57
69.83 , 60.15
69.72 , 60.7
69.7 , 61.1
69.45 , 60.96
69.67 , 61.09
69.79 , 60.63
69.77 , 60.77
69.66 , 60.56
69.72 , 60.64
69.63 , 60.8
70.24 , 60.75
69.52 , 60.24
69.99 , 60.97
69.37 , 60.6
69.11 , 60.78
69.82 , 60.23
69.14 , 60.57
69.94 , 60.77
70.12 , 60.68
69.63 , 61.09
69.36 , 60.77
69.46 , 60.58
69.76 , 60.78
69.24 , 60.73
69.45 , 60.67
69.78 , 60.52
69.93 , 60.17
69.58 , 60.38
69.43 , 60.62
69.72 , 60.46
70.15 , 60.38
69.75 , 60.86
69.65 , 60.95
69.63 , 60.39
69.18 , 60.7
69.15 , 60.75
70.16 , 60.51
69.85 , 61.21
69.87 , 60.76
69.65 , 61.0
69.83 , 60.53
69.3 , 60.96
69.92 , 60.86
69.42 , 60.28
69.79 , 60.84
70.14 , 60.34
69.76 , 60.62
69.74 , 60.53
69.66 , 60.56
69.37 , 60.33
70.25 , 60.41
69.59 , 60.96
70.25 , 60.61
69.59 , 60.76
69.7 , 60.98
69.75 , 60.48
69.51 , 60.75
69.69 , 60.35
69.99 , 60.54
69.85 , 60.87
69.74 , 60.95
69.74 , 59.96
70.09 , 60.41
69.43 , 60.79
69.83 , 61.05
69.65 , 60.89
69.27 , 60.69
70.04 , 60.95
69.51 , 60.46
69.69 , 60.95
69.56 , 60.52
69.72 , 60.64
70.01 , 60.43
70.23 , 60.63
69.79 , 60.11
69.87 , 60.29
69.42 , 60.43
70.16 , 60.78
69.76 , 60.29
69.71 , 60.12
69.97 , 60.22
70.01 , 60.56
69.73 , 60.37
69.75 , 60.41
69.26 , 60.51
69.65 , 60.43
69.64 , 60.35
69.99 , 60.29
69.72 , 60.28
70.06 , 60.95
69.36 , 60.25
69.49 , 60.16
70.04 , 60.52
69.82 , 59.98
69.6 , 60.38
69.79 , 60.29
69.67 , 60.57
69.86 , 60.67
69.85 , 59.63
70.26 , 60.61
69.57 , 60.31
69.79 , 60.18
69.99 , 60.06
70.0 , 60.92
69.82 , 60.79
69.9 , 60.68
69.97 , 60.81
69.87 , 60.5
69.77 , 60.52
70.45 , 60.55
69.82 , 60.33
69.49 , 60.13
69.37 , 60.54
69.79 , 59.93
69.63 , 59.94
69.98 , 60.52
69.94 , 60.27
69.43 , 60.02
69.85 , 60.48
70.16 , 59.93
69.97 , 60.44
70.13 , 60.5
70.37 , 60.66
69.58 , 60.49
70.08 , 60.19
69.78 , 60.32
70.08 , 60.67
69.94 , 60.46
69.5 , 60.05
70.2 , 60.02
69.76 , 60.57
69.62 , 59.91
69.82 , 60.33
70.13 , 60.27
70.03 , 60.11
69.98 , 60.86
69.45 , 60.3
69.61 , 60.67
69.53 , 60.21
70.03 , 60.59
69.96 , 60.18
69.77 , 59.78
70.4 , 60.34
69.79 , 60.22
70.19 , 60.2
69.81 , 60.76
69.42 , 60.81
70.11 , 59.92
69.9 , 60.45
70.43 , 60.5
69.63 , 60.29
69.52 , 60.32
69.75 , 59.9
69.61 , 59.62
69.88 , 60.17
69.84 , 60.32
70.28 , 59.98
70.05 , 59.86
70.15 , 60.3
70.07 , 60.17
69.71 , 60.24
70.0 , 60.04
69.57 , 59.69
69.96 , 60.01
69.79 , 60.04
70.25 , 60.13
70.51 , 60.38
70.34 , 60.16
70.19 , 60.28
70.04 , 60.24
70.11 , 60.62
69.54 , 59.99
69.9 , 60.48
69.89 , 60.17
70.12 , 60.15
69.64 , 60.35
70.21 , 60.47
70.25 , 60.06
69.43 , 60.0
69.64 , 60.32
69.99 , 59.99
70.18 , 59.52
70.2 , 59.96
70.38 , 59.8
69.93 , 59.94
69.75 , 59.88
69.95 , 60.17
69.82 , 60.28
70.3 , 59.66
69.81 , 59.88
70.11 , 60.23
69.63 , 59.8
70.16 , 59.96
70.0 , 59.98
69.93 , 59.72
69.83 , 59.9
69.93 , 59.73
70.05 , 59.95
70.11 , 59.97
70.03 , 60.15
69.84 , 60.37
70.35 , 60.29
69.67 , 60.08
69.76 , 60.21
69.59 , 59.75
69.89 , 59.66
70.11 , 59.75
70.14 , 60.48
69.87 , 60.14
70.0 , 60.28
69.84 , 60.32
70.16 , 59.91
69.95 , 60.2
70.32 , 59.52
70.3 , 59.99
70.1 , 60.24
69.79 , 60.09
69.66 , 59.89
69.94 , 59.93
70.6 , 60.05
70.26 , 60.14
70.24 , 59.98
69.96 , 60.53
70.4 , 59.88
69.7 , 60.05
70.04 , 59.82
70.11 , 59.95
69.81 , 59.8
70.63 , 59.44
70.09 , 59.88
70.23 , 59.66
69.93 , 60.21
69.97 , 60.02
70.31 , 59.98
70.67 , 59.45
70.31 , 60.2
70.03 , 60.07
70.09 , 60.11
70.14 , 60.19
70.05 , 60.14
70.04 , 60.24
70.96 , 59.91
70.22 , 60.57
69.66 , 60.05
70.36 , 60.14
69.87 , 59.77
69.92 , 60.05
70.46 , 60.08
70.3 , 60.16
70.32 , 59.36
69.93 , 60.18
70.09 , 60.07
69.75 , 60.22
69.94 , 59.99
69.81 , 59.97
70.28 , 60.42
70.04 , 59.81
70.09 , 60.4
70.21 , 59.92
69.69 , 59.73
70.74 , 59.92
70.41 , 60.43
70.03 , 60.43
70.22 , 59.62
70.46 , 59.48
70.28 , 60.03
70.21 , 59.97
70.06 , 59.95
70.06 , 60.27
69.79 , 59.48
70.24 , 60.07
70.13 , 60.27
69.84 , 59.63
70.61 , 60.0
70.21 , 59.87
70.29 , 60.3
70.54 , 60.3
69.97 , 60.0
70.75 , 60.21
69.77 , 59.8
69.81 , 59.72
70.4 , 59.92
70.49 , 59.88
70.38 , 60.31
70.47 , 60.15
70.48 , 60.18
70.05 , 59.87
70.06 , 60.21
70.68 , 59.74
70.7 , 60.57
69.96 , 59.85
70.14 , 59.56
70.36 , 59.73
69.84 , 59.68
70.5 , 60.35
70.68 , 59.93
70.18 , 60.26
70.23 , 60.37
70.52 , 59.87
71.03 , 59.61
70.32 , 59.66
70.79 , 59.91
70.66 , 60.12
70.6 , 60.25
70.02 , 60.0
70.76 , 59.82
70.88 , 59.72
70.06 , 59.87
70.08 , 59.73
70.68 , 60.46
70.2 , 60.28
70.28 , 60.28
70.45 , 59.96
70.7 , 60.08
70.66 , 60.04
70.24 , 59.36
70.23 , 59.93
70.39 , 60.16
70.45 , 60.1
70.88 , 60.14
70.32 , 59.77
70.15 , 59.75
70.57 , 59.96
70.27 , 60.09
70.2 , 59.81
70.08 , 59.83
70.4 , 59.82
70.52 , 59.78
70.62 , 60.16
70.84 , 59.91
70.36 , 60.21
70.61 , 60.11
70.51 , 60.08
70.69 , 60.61
70.86 , 59.88
70.41 , 59.46
70.78 , 59.86
70.37 , 59.57
70.78 , 60.18
70.73 , 60.15
70.6 , 60.11
70.46 , 59.78
70.32 , 59.95
71.01 , 59.84
70.27 , 59.65
70.55 , 60.33
70.64 , 59.98
70.5 , 60.08
70.93 , 59.65
70.27 , 60.51
70.67 , 59.67
70.34 , 60.32
70.84 , 60.05
70.57 , 59.89
70.29 , 59.52
70.34 , 60.36
71.0 , 60.16
70.37 , 60.11
71.19 , 59.92
70.49 , 59.93
70.76 , 59.94
70.6 , 59.62
70.42 , 60.67
70.88 , 59.73
70.54 , 60.33
70.91 , 59.76
70.93 , 60.46
70.73 , 60.31
70.94 , 59.93
70.6 , 59.91
70.34 , 59.8
71.08 , 59.82
71.35 , 59.76
70.69 , 60.6
70.77 , 59.71
70.83 , 59.67
71.0 , 59.92
70.41 , 60.18
70.73 , 59.82
71.51 , 59.56
70.68 , 60.56
70.91 , 59.29
71.06 , 59.76
70.63 , 59.97
70.75 , 60.37
70.82 , 60.05
70.76 , 60.1
70.57 , 59.62
70.81 , 60.17
70.47 , 59.82
70.46 , 59.84
71.13 , 59.81
71.06 , 60.02
71.05 , 60.08
70.97 , 59.87
71.03 , 60.14
70.93 , 60.14
71.05 , 59.72
70.73 , 60.34
70.96 , 60.17
70.68 , 60.11
70.89 , 60.01
70.74 , 59.97
70.86 , 59.97
70.8 , 59.98
70.98 , 59.9
70.74 , 59.47
71.21 , 60.36
71.18 , 60.52
70.63 , 60.03
71.26 , 60.3
71.13 , 59.13
71.03 , 60.85
70.53 , 59.88
71.04 , 59.71
70.83 , 60.34
71.29 , 59.85
71.07 , 60.36
71.0 , 59.63
71.29 , 59.75
71.0 , 59.93
70.9 , 59.64
71.08 , 59.88
71.05 , 59.93
70.93 , 59.84
70.89 , 59.96
70.76 , 60.08
70.69 , 59.75
71.23 , 60.03
71.22 , 60.07
71.3 , 60.37
71.28 , 59.98
70.98 , 59.55
70.79 , 59.98
71.06 , 60.65
70.81 , 59.74
71.19 , 59.84
71.13 , 60.04
70.73 , 59.89
70.44 , 59.68
71.21 , 59.32
71.28 , 59.84
70.85 , 59.79
70.68 , 59.47
71.11 , 59.83
70.98 , 59.9
70.92 , 59.86
70.88 , 59.98
71.0 , 60.13
71.0 , 59.73
71.22 , 60.19
71.22 , 60.1
71.39 , 60.03
70.81 , 60.07
70.98 , 59.63
70.96 , 59.26
71.07 , 59.91
71.57 , 60.32
71.39 , 60.16
71.1 , 59.89
70.82 , 59.87
71.56 , 60.52
70.66 , 59.97
71.16 , 60.31
70.95 , 60.17
71.4 , 59.52
70.98 , 59.88
71.19 , 59.88
71.47 , 60.28
71.16 , 59.84
71.69 , 59.53
70.96 , 59.95
71.73 , 59.78
70.85 , 60.0
70.9 , 60.27
71.01 , 59.9
71.18 , 59.84
71.27 , 59.83
70.68 , 60.12
71.54 , 59.85
71.46 , 60.17
71.34 , 59.71
71.19 , 59.86
71.11 , 59.72
71.09 , 59.84
71.36 , 59.69
71.28 , 60.21
71.53 , 59.97
71.07 , 59.74
71.26 , 59.86
71.5 , 60.09
71.07 , 60.23
70.96 , 60.72
71.27 , 60.17
71.34 , 60.04
71.21 , 60.27
71.45 , 59.82
71.28 , 60.28
71.6 , 59.64
71.14 , 60.24
71.01 , 60.55
71.62 , 60.13
71.17 , 60.02
70.98 , 59.27
71.8 , 59.74
71.56 , 60.14
71.11 , 59.92
71.23 , 60.07
71.18 , 60.27
71.18 , 59.79
71.56 , 59.75
71.58 , 60.0
71.34 , 60.07
71.76 , 59.88
71.03 , 59.68
71.19 , 60.35
71.84 , 59.9
71.28 , 59.81
71.62 , 60.32
71.26 , 59.87
71.15 , 59.89
71.66 , 60.3
71.58 , 60.0
71.29 , 59.72
71.2 , 59.74
71.36 , 60.14
71.29 , 60.1
71.26 , 60.21
71.79 , 60.05
71.37 , 59.98
71.29 , 60.1
71.39 , 59.85
71.46 , 59.69
71.26 , 59.75
71.02 , 59.91
71.49 , 60.33
71.54 , 60.49
71.93 , 60.02
71.48 , 59.72
71.89 , 59.84
70.99 , 60.09
71.85 , 59.94
71.25 , 60.12
71.6 , 59.95
71.78 , 59.92
71.76 , 59.8
71.35 , 59.86
72.06 , 59.61
71.42 , 60.15
71.72 , 59.67
71.53 , 59.61
71.83 , 59.83
71.94 , 59.45
71.38 , 59.8
71.73 , 59.88
70.94 , 59.88
71.37 , 60.02
71.5 , 60.51
71.52 , 60.32
71.33 , 59.76
72.04 , 59.79
71.57 , 60.03
71.5 , 59.85
71.66 , 59.87
71.54 , 59.87
71.45 , 60.2
71.61 , 60.58
71.52 , 60.3
71.72 , 59.66
71.82 , 59.9
71.88 , 59.92
71.44 , 60.35
71.57 , 59.76
71.55 , 60.35
71.51 , 60.1
71.86 , 59.82
71.8 , 59.75
71.8 , 60.29
71.71 , 60.46
71.35 , 59.89
71.15 , 59.96
71.71 , 60.18
71.78 , 60.14
71.87 , 59.88
71.19 , 59.6
71.77 , 59.89
71.66 , 59.82
72.05 , 60.08
71.73 , 60.25
72.15 , 60.18
71.87 , 59.71
72.35 , 59.98
71.99 , 60.1
71.28 , 60.19
72.07 , 59.79
71.68 , 60.02
71.69 , 60.13
71.91 , 60.13
71.9 , 59.54
71.5 , 60.01
72.07 , 60.0
71.45 , 59.73
71.59 , 59.94
71.85 , 59.42
71.65 , 59.9
72.09 , 59.9
71.96 , 59.9
71.87 , 59.92
71.92 , 60.39
72.04 , 60.09
72.01 , 60.11
72.09 , 60.08
71.4 , 59.9
72.06 , 60.18
71.76 , 60.49
71.87 , 59.98
72.19 , 60.0
71.67 , 59.75
72.29 , 60.05
71.82 , 59.77
71.6 , 60.13
71.97 , 60.02
71.84 , 59.88
71.98 , 59.71
71.77 , 60.33
72.11 , 60.46
71.57 , 60.42
71.91 , 60.03
71.8 , 60.03
71.49 , 60.0
71.7 , 59.89
72.0 , 59.83
72.1 , 60.16
72.05 , 60.1
71.95 , 60.4
72.01 , 60.23
71.54 , 60.65
72.03 , 59.9
71.28 , 59.74
72.24 , 59.84
71.79 , 60.3
71.84 , 59.84
71.3 , 60.0
71.88 , 60.16
71.77 , 59.72
72.04 , 60.13
72.14 , 59.94
71.74 , 60.18
72.5 , 60.4
71.97 , 60.14
72.03 , 59.61
71.69 , 60.24
71.68 , 59.55
71.85 , 59.74
71.85 , 60.2
72.09 , 59.81
71.68 , 60.14
71.73 , 59.77
72.07 , 59.92
71.41 , 59.79
72.31 , 60.05
72.1 , 59.79
72.45 , 59.58
71.96 , 60.05
72.16 , 59.84
72.04 , 60.1
72.05 , 60.02
71.52 , 60.04
72.05 , 60.1
71.68 , 59.87
72.52 , 60.14
71.87 , 59.87
71.92 , 60.22
71.58 , 60.09
71.92 , 59.74
71.46 , 60.45
72.23 , 60.32
72.26 , 59.66
72.08 , 60.17
72.28 , 60.11
72.33 , 60.15
72.42 , 59.34
71.7 , 60.16
71.84 , 60.29
72.29 , 59.96
72.44 , 60.12
71.95 , 60.23
72.07 , 60.18
71.81 , 60.04
72.26 , 59.8
72.58 , 60.45
72.49 , 60.33
71.9 , 60.14
72.2 , 60.12
71.98 , 60.11
72.26 , 59.7
72.09 , 59.95
72.06 , 59.56
72.19 , 59.89
72.11 , 59.58
71.74 , 60.15
72.45 , 60.31
72.04 , 60.18
72.09 , 60.23
72.74 , 59.75
71.9 , 60.21
72.26 , 60.09
72.17 , 60.34
72.39 , 59.66
72.82 , 60.07
72.41 , 60.05
72.57 , 59.79
71.91 , 59.94
72.39 , 60.06
72.03 , 59.78
72.46 , 59.89
71.78 , 59.79
72.45 , 60.3
71.75 , 60.16
72.74 , 60.19
72.9 , 60.02
72.0 , 60.2
72.23 , 60.2
72.29 , 60.29
72.63 , 60.22
72.21 , 60.25
72.46 , 60.19
72.61 , 60.1
72.19 , 60.03
72.14 , 59.91
72.38 , 59.8
72.31 , 60.07
72.62 , 60.01
72.28 , 59.75
72.24 , 59.88
72.19 , 60.36
72.38 , 59.95
72.12 , 59.98
72.4 , 59.84
71.9 , 59.98
72.72 , 59.72
72.27 , 59.88
72.07 , 60.02
72.7 , 59.83
72.42 , 60.16
72.27 , 59.81
71.82 , 60.16
72.12 , 60.06
72.91 , 60.1
72.49 , 60.46
72.61 , 59.56
72.36 , 60.22
73.23 , 60.09
72.59 , 59.81
72.55 , 60.06
72.43 , 59.89
72.81 , 59.61
71.97 , 60.1
72.0 , 59.51
72.42 , 59.84
72.5 , 60.04
72.37 , 60.59
72.54 , 59.91
72.47 , 60.05
72.32 , 60.25
72.8 , 60.38
72.53 , 60.09
72.56 , 60.16
72.26 , 60.3
72.28 , 60.26
72.42 , 59.95
72.39 , 60.14
72.81 , 60.1
72.41 , 60.01
72.71 , 60.16
72.72 , 60.05
72.28 , 60.21
72.5 , 59.98
72.75 , 59.73
72.38 , 60.09
72.3 , 60.05
72.76 , 59.9
72.32 , 60.2
72.3 , 59.92
72.6 , 60.02
73.15 , 59.73
72.97 , 60.13
72.69 , 59.88
72.55 , 59.93
72.25 , 60.13
72.59 , 60.14
72.66 , 60.27
72.18 , 60.02
72.42 , 60.2
72.47 , 60.23
72.96 , 60.08
72.52 , 60.39
72.75 , 60.02
71.95 , 59.89
72.85 , 60.01
72.7 , 59.88
72.84 , 59.81
72.47 , 60.08
72.88 , 59.92
72.93 , 59.62
72.55 , 59.69
72.28 , 59.89
73.07 , 60.25
72.38 , 60.05
73.07 , 59.81
72.57 , 59.97
72.82 , 60.54
72.66 , 60.8
72.7 , 59.91
72.34 , 60.27
72.78 , 60.03
72.08 , 60.6
72.81 , 59.56
72.74 , 59.97
72.71 , 59.65
72.77 , 59.96
72.77 , 59.97
72.36 , 59.87
72.91 , 59.79
72.8 , 60.22
72.57 , 60.25
72.75 , 60.12
72.65 , 59.99
72.85 , 59.93
72.96 , 59.69
72.84 , 59.88
72.7 , 59.65
72.61 , 59.73
72.73 , 60.0
73.13 , 60.15
72.58 , 60.32
73.03 , 60.14
72.47 , 59.94
72.53 , 60.26
72.65 , 60.44
73.42 , 59.89
72.97 , 60.1
72.9 , 60.32
73.08 , 60.33
72.73 , 60.25
72.92 , 59.66
73.06 , 59.64
72.61 , 59.88
72.82 , 60.48
72.55 , 60.01
72.87 , 59.59
72.51 , 59.75
72.72 , 59.87
72.62 , 60.13
72.65 , 60.28
73.23 , 60.05
72.7 , 60.51
72.58 , 59.65
72.68 , 60.22
72.52 , 59.88
73.1 , 59.96
73.07 , 60.4
72.8 , 59.92
72.99 , 59.98
72.47 , 59.69
73.03 , 60.05
72.39 , 59.85
73.34 , 60.33
72.77 , 60.05
73.68 , 59.72
72.97 , 60.19
73.32 , 59.84
72.43 , 59.96
73.33 , 60.06
72.96 , 59.92
72.62 , 60.3
73.14 , 59.63
72.68 , 60.3
73.61 , 59.9
73.27 , 60.17
73.22 , 60.07
72.96 , 60.09
73.01 , 60.14
72.82 , 59.93
73.04 , 59.99
73.23 , 59.55
73.06 , 59.69
72.94 , 59.79
72.92 , 59.96
73.13 , 59.9
73.34 , 59.86
72.83 , 59.82
73.23 , 60.25
73.08 , 60.42
73.05 , 59.94
72.79 , 60.14
73.26 , 59.88
73.2 , 59.83
73.21 , 59.66
73.06 , 59.96
73.39 , 59.84
73.46 , 59.81
73.1 , 60.03
72.92 , 60.2
73.15 , 60.15
72.83 , 60.36
73.0 , 59.88
73.02 , 59.95
73.71 , 60.05
73.65 , 59.85
73.75 , 59.85
73.39 , 60.04
72.99 , 59.71
72.83 , 59.77
73.92 , 60.15
73.29 , 59.95
73.05 , 60.21
73.29 , 60.18
73.04 , 60.17
72.65 , 59.87
73.27 , 60.13
73.22 , 60.24
73.29 , 60.09
73.73 , 60.19
72.67 , 59.84
73.38 , 60.29
73.59 , 59.66
73.18 , 59.85
73.02 , 60.3
73.09 , 59.87
73.24 , 59.64
73.06 , 59.78
73.41 , 59.64
73.71 , 59.91
73.21 , 60.07
72.82 , 60.01
73.5 , 59.79
73.43 , 59.93
73.41 , 60.06
73.16 , 59.85
73.21 , 60.26
73.78 , 60.14
72.78 , 59.82
73.19 , 60.13
73.68 , 59.99
72.98 , 59.94
73.23 , 60.17
73.59 , 60.16
73.32 , 60.04
73.5 , 60.19
73.55 , 59.3
73.19 , 59.99
73.16 , 60.06
73.75 , 59.7
73.1 , 59.86
72.73 , 60.05
73.16 , 59.83
73.07 , 59.74
73.07 , 59.53
73.99 , 60.0
73.38 , 59.8
73.42 , 60.14
73.56 , 59.82
73.28 , 60.23
73.11 , 59.74
73.29 , 60.01
72.9 , 60.08
73.26 , 60.17
72.85 , 59.99
73.75 , 60.27
73.47 , 60.01
73.49 , 60.09
73.39 , 59.71
73.78 , 59.94
73.65 , 60.22
73.52 , 59.73
73.66 , 59.92
73.33 , 60.13
73.91 , 60.21
73.7 , 59.87
73.13 , 60.23
73.69 , 60.27
73.55 , 59.8
73.6 , 59.78
73.53 , 59.94
73.62 , 59.78
73.57 , 59.67
73.88 , 60.43
73.44 , 60.37
73.51 , 59.82
73.56 , 59.61
73.24 , 59.74
73.52 , 59.92
73.16 , 60.43
73.8 , 59.76
73.59 , 60.0
73.19 , 60.03
73.25 , 59.75
73.3 , 59.99
73.97 , 60.09
73.37 , 60.49
73.61 , 60.32
73.45 , 60.04
73.17 , 59.81
73.55 , 59.93
73.67 , 60.01
73.22 , 59.19
73.81 , 59.89
73.77 , 59.95
73.63 , 59.82
73.78 , 60.08
73.93 , 60.04
73.43 , 59.97
73.61 , 60.4
73.33 , 59.75
73.49 , 59.76
73.41 , 60.24
73.6 , 59.82
73.49 , 59.89
73.56 , 60.27
73.64 , 59.79
73.05 , 60.27
73.41 , 60.03
73.68 , 60.14
74.02 , 59.65
73.62 , 60.19
73.57 , 59.97
73.46 , 60.69
73.71 , 60.05
73.8 , 60.43
73.72 , 60.04
73.9 , 59.87
73.89 , 59.62
73.46 , 60.15
73.72 , 59.77
74.24 , 60.17
73.36 , 60.02
73.46 , 60.49
73.81 , 60.36
73.9 , 59.72
73.57 , 60.05
73.72 , 60.03
73.88 , 60.34
74.02 , 59.94
73.95 , 60.17
73.73 , 59.47
74.12 , 60.26
73.71 , 60.05
73.77 , 60.1
73.58 , 59.75
73.65 , 60.06
74.14 , 59.73
73.59 , 59.93
73.41 , 59.69
74.15 , 59.97
74.03 , 60.18
73.17 , 59.85
73.75 , 60.09
73.98 , 59.49
74.17 , 59.96
74.08 , 60.33
73.59 , 60.39
73.84 , 60.17
73.54 , 60.04
73.94 , 59.72
74.08 , 59.86
73.82 , 60.3
73.63 , 60.41
73.83 , 60.35
73.78 , 60.09
73.93 , 59.9
74.0 , 60.25
73.74 , 59.65
74.01 , 59.69
73.97 , 60.17
73.9 , 60.09
74.25 , 59.77
73.92 , 60.26
73.6 , 59.46
73.99 , 59.87
74.03 , 59.9
74.18 , 59.93
73.9 , 60.0
73.93 , 59.96
74.1 , 59.49
74.25 , 59.8
74.03 , 59.77
74.07 , 60.45
73.5 , 59.72
73.97 , 59.68
73.67 , 60.25
73.97 , 59.88
74.25 , 59.96
74.54 , 59.89
73.42 , 59.37
74.4 , 60.18
73.83 , 60.28
73.91 , 59.6
74.09 , 59.65
73.5 , 59.72
74.22 , 60.16
73.6 , 60.35
73.87 , 59.68
73.63 , 59.99
73.65 , 59.82
74.27 , 59.81
74.33 , 60.15
73.99 , 60.15
74.21 , 60.08
74.16 , 60.0
73.78 , 60.11
73.84 , 60.12
73.87 , 60.11
74.02 , 59.88
74.1 , 60.18
73.83 , 60.24
74.24 , 60.08
74.38 , 59.73
73.82 , 60.21
74.07 , 60.09
74.38 , 59.96
73.91 , 60.17
73.82 , 59.79
74.23 , 59.95
73.89 , 59.68
74.19 , 60.09
73.23 , 59.99
74.16 , 59.65
74.19 , 59.9
74.29 , 59.98
73.49 , 59.94
74.49 , 60.02
74.08 , 59.64
74.26 , 60.29
74.27 , 59.96
74.08 , 59.97
74.51 , 59.84
74.45 , 60.21
74.01 , 60.14
74.31 , 59.87
74.25 , 60.11
74.17 , 59.89
74.29 , 60.13
74.14 , 60.39
74.1 , 60.25
74.34 , 60.2
74.1 , 59.85
74.21 , 60.68
74.39 , 60.22
74.77 , 60.08
74.29 , 60.27
74.2 , 60.01
74.48 , 59.87
74.1 , 60.06
74.43 , 59.84
74.26 , 60.49
74.89 , 60.14
74.39 , 59.63
73.91 , 60.28
74.5 , 59.87
73.93 , 60.13
74.27 , 60.12
73.89 , 60.16
74.22 , 59.52
74.61 , 59.69
74.15 , 60.03
74.47 , 60.0
74.06 , 60.47
74.28 , 59.71
74.32 , 59.29
75.0 , 59.93
73.8 , 59.78
74.22 , 59.87
74.55 , 60.11
74.73 , 59.92
74.28 , 59.75
74.34 , 59.98
74.18 , 60.06
74.36 , 60.21
74.34 , 59.98
74.4 , 59.73
74.12 , 60.24
74.59 , 59.87
74.03 , 60.02
74.36 , 60.3
74.5 , 60.4
74.62 , 60.46
74.11 , 60.12
74.35 , 59.89
74.57 , 60.07
74.19 , 60.37
74.19 , 60.02
74.38 , 60.03
74.0 , 59.92
74.39 , 60.26
74.65 , 60.07
74.28 , 59.89
74.42 , 59.97
74.37 , 59.81
74.6 , 59.69
74.42 , 60.23
74.54 , 60.05
74.16 , 59.71
74.4 , 59.57
74.14 , 59.72
75.02 , 60.04
74.52 , 60.14
73.99 , 59.84
74.67 , 59.88
74.71 , 59.72
74.45 , 59.61
74.28 , 60.46
74.18 , 59.99
74.48 , 59.8
74.61 , 60.1
74.65 , 60.27
74.41 , 60.02
74.64 , 60.0
74.34 , 60.25
74.58 , 59.92
74.47 , 60.66
74.9 , 60.06
74.75 , 60.27
74.89 , 60.15
74.7 , 60.01
74.42 , 60.42
74.54 , 59.59
74.51 , 60.53
74.81 , 60.17
74.89 , 60.09
74.67 , 59.82
74.81 , 60.0
74.38 , 60.1
74.61 , 60.32
74.88 , 60.16
74.34 , 60.07
74.41 , 60.18
74.47 , 59.81
74.26 , 59.8
74.25 , 60.16
75.25 , 59.95
74.73 , 59.87
74.34 , 60.03
74.01 , 59.83
74.77 , 60.45
74.84 , 60.21
74.52 , 60.1
74.65 , 60.2
74.55 , 60.36
74.57 , 60.24
74.87 , 59.78
74.74 , 60.07
74.65 , 60.15
75.05 , 60.17
74.69 , 60.08
74.5 , 60.01
75.05 , 59.93
74.79 , 59.99
74.81 , 59.83
74.5 , 59.97
74.77 , 60.56
75.25 , 60.11
74.67 , 59.97
74.35 , 60.13
74.84 , 59.56
74.61 , 59.57
74.91 , 60.29
74.88 , 60.16
75.11 , 59.92
75.15 , 59.8
74.71 , 59.96
74.58 , 60.49
75.0 , 60.21
75.01 , 60.03
74.79 , 60.33
75.07 , 60.49
74.62 , 60.01
74.95 , 60.23
75.08 , 59.82
74.9 , 59.88
74.72 , 60.0
74.92 , 60.19
74.86 , 59.34
75.06 , 59.55
74.68 , 60.18
74.84 , 60.08
75.49 , 59.75
75.5 , 60.04
74.97 , 59.84
74.76 , 60.61
74.76 , 59.9
74.82 , 60.31
74.55 , 60.18
74.73 , 60.25
74.85 , 60.04
74.72 , 60.31
74.98 , 60.21
74.8 , 59.74
75.08 , 60.11
74.7 , 59.77
75.14 , 60.3
75.16 , 60.05
74.88 , 59.66
74.58 , 59.88
75.42 , 59.73
75.06 , 59.77
74.69 , 59.74
74.87 , 60.22
74.72 , 59.61
75.05 , 59.88
75.14 , 60.2
75.04 , 59.83
75.0 , 59.89
74.93 , 59.29
75.08 , 59.98
74.91 , 59.59
74.87 , 60.21
74.92 , 59.65
74.87 , 59.92
74.87 , 60.23
75.1 , 60.04
75.19 , 59.72
74.73 , 59.82
74.78 , 59.8
74.77 , 60.12
75.15 , 60.15
75.16 , 59.78
74.82 , 60.03
74.96 , 59.77
75.03 , 59.69
74.95 , 60.52
74.72 , 60.08
75.1 , 59.82
75.47 , 59.66
75.45 , 59.92
75.22 , 59.94
74.81 , 59.7
75.14 , 60.19
75.18 , 60.14
75.06 , 59.83
75.1 , 59.95
75.12 , 59.67
75.26 , 60.18
75.05 , 59.78
75.1 , 60.17
75.28 , 60.06
75.03 , 60.32
75.51 , 60.0
74.94 , 60.11
75.19 , 60.28
74.88 , 60.13
74.82 , 59.38
75.31 , 60.45
75.08 , 59.91
75.41 , 60.02
74.88 , 59.77
75.13 , 60.16
75.49 , 60.4
75.15 , 60.08
75.32 , 59.84
75.24 , 60.17
75.43 , 60.37
75.28 , 59.87
75.27 , 60.75
74.8 , 59.93
75.23 , 60.27
74.9 , 59.68
75.27 , 60.63
74.67 , 60.2
75.37 , 60.39
75.43 , 60.05
74.96 , 60.09
75.28 , 59.99
75.0 , 59.79
75.07 , 59.91
75.36 , 59.66
75.15 , 60.37
75.44 , 60.2
75.2 , 60.16
75.38 , 59.65
75.65 , 59.6
74.96 , 59.98
75.28 , 60.12
75.46 , 60.01
75.36 , 59.17
74.94 , 60.19
75.46 , 60.29
74.96 , 59.83
75.36 , 59.75
75.54 , 60.02
75.24 , 60.09
75.3 , 59.63
75.08 , 60.05
75.05 , 60.04
75.48 , 59.76
75.49 , 60.19
75.37 , 59.88
75.6 , 60.23
75.01 , 59.72
75.49 , 60.32
75.25 , 60.48
75.05 , 59.97
75.61 , 60.15
74.97 , 59.93
75.74 , 59.94
75.83 , 59.96
75.37 , 60.08
75.24 , 59.96
75.53 , 60.05
75.09 , 60.13
75.64 , 59.77
75.2 , 59.52
75.34 , 60.01
75.35 , 60.03
75.21 , 59.7
74.95 , 59.61
75.51 , 59.88
75.46 , 60.51
76.07 , 59.75
75.4 , 60.32
75.81 , 60.15
75.45 , 59.96
75.74 , 59.99
75.97 , 60.74
74.91 , 59.86
75.21 , 60.05
75.43 , 60.0
74.91 , 60.11
75.48 , 59.85
75.62 , 59.85
75.32 , 60.14
75.47 , 60.02
75.18 , 60.04
75.71 , 59.71
75.44 , 60.4
75.41 , 59.96
75.46 , 59.84
74.91 , 59.88
76.01 , 59.75
75.27 , 60.11
75.82 , 59.82
75.82 , 60.11
75.72 , 59.59
75.48 , 59.94
75.37 , 60.16
75.76 , 60.25
75.69 , 59.84
75.86 , 59.97
75.3 , 59.94
75.48 , 59.83
75.51 , 59.69
75.35 , 60.12
75.58 , 60.41
75.74 , 59.84
75.16 , 59.84
75.16 , 59.93
75.9 , 60.12
75.6 , 60.1
75.67 , 59.8
75.27 , 59.95
75.83 , 59.95
75.36 , 60.16
75.83 , 60.24
76.02 , 59.8
75.64 , 60.02
75.75 , 59.95
75.63 , 59.72
75.7 , 59.63
75.28 , 60.29
75.13 , 59.59
75.41 , 60.34
75.81 , 60.29
75.47 , 60.15
75.47 , 60.37
75.98 , 59.84
74.92 , 59.55
75.4 , 60.3
74.98 , 60.21
75.34 , 59.9
75.99 , 60.02
75.72 , 60.08
76.15 , 59.77
75.53 , 60.28
76.12 , 59.57
75.44 , 60.29
75.97 , 60.15
75.53 , 60.01
75.78 , 60.09
75.74 , 59.78
75.13 , 59.75
75.26 , 59.89
75.36 , 60.05
75.53 , 59.81
75.35 , 60.08
75.53 , 60.1
75.67 , 59.84
76.28 , 59.72
75.53 , 60.34
76.07 , 59.74
75.81 , 60.09
75.46 , 59.94
75.76 , 59.95
75.6 , 59.84
75.55 , 59.55
75.87 , 60.45
75.61 , 59.78
75.96 , 59.96
75.74 , 60.05
76.06 , 60.35
75.55 , 59.9
75.77 , 59.85
75.69 , 60.46
75.8 , 59.96
75.77 , 60.47
76.02 , 60.38
75.87 , 60.04
76.33 , 60.05
76.41 , 59.86
75.91 , 60.02
75.77 , 59.86
75.93 , 60.32
76.01 , 59.92
75.92 , 60.0
75.55 , 60.27
75.39 , 60.19
76.27 , 59.92
75.89 , 60.13
75.99 , 60.15
76.02 , 60.55
76.12 , 59.84
75.76 , 59.93
76.13 , 60.24
75.64 , 59.97
76.29 , 59.89
75.73 , 60.02
76.14 , 60.3
75.82 , 59.84
75.97 , 59.92
76.34 , 59.78
75.89 , 59.88
75.95 , 59.83
75.98 , 60.25
76.12 , 59.88
75.67 , 60.14
75.6 , 59.98
75.83 , 60.06
75.88 , 59.69
76.36 , 59.62
75.63 , 60.16
76.21 , 60.35
75.34 , 59.9
75.96 , 60.26
75.75 , 59.93
75.93 , 59.77
76.13 , 60.06
76.36 , 60.03
76.07 , 60.3
76.73 , 60.11
75.98 , 60.12
75.84 , 59.83
76.23 , 60.31
76.03 , 60.55
76.29 , 60.17
75.8 , 60.02
75.47 , 60.23
75.71 , 59.67
75.88 , 60.09
75.69 , 59.72
76.19 , 60.21
76.18 , 59.82
76.0 , 59.74
76.17 , 59.8
76.38 , 59.84
76.38 , 60.21
76.18 , 59.96
76.42 , 59.73
76.55 , 59.61
75.88 , 60.16
76.46 , 60.18
76.22 , 60.23
76.58 , 60.11
76.34 , 60.05
76.41 , 59.76
76.16 , 59.8
76.28 , 59.85
75.92 , 60.01
76.23 , 60.5
75.97 , 59.61
76.38 , 59.75
75.81 , 60.2
76.26 , 60.16
76.31 , 60.22
75.65 , 59.74
76.08 , 59.39
76.47 , 59.9
76.87 , 59.65
76.05 , 59.96
76.2 , 60.11
76.16 , 59.79
76.69 , 60.1
76.62 , 59.89
76.39 , 60.05
76.26 , 60.07
76.32 , 59.97
76.29 , 60.15
76.08 , 59.88
76.1 , 60.05
76.05 , 59.97
76.55 , 59.58
76.32 , 60.31
75.92 , 60.07
75.78 , 60.12
76.46 , 60.29
76.34 , 60.08
76.24 , 59.91
75.65 , 59.84
75.94 , 59.53
75.81 , 60.15
76.49 , 59.71
76.41 , 59.98
75.84 , 60.01
75.71 , 60.07
76.31 , 60.1
76.56 , 59.73
76.2 , 60.34
76.15 , 59.8
76.9 , 60.02
76.7 , 59.74
76.29 , 60.27
76.61 , 59.88
76.22 , 59.74
76.23 , 59.81
76.27 , 60.35
76.53 , 59.82
76.16 , 59.89
76.48 , 59.68
76.48 , 60.01
76.02 , 60.08
76.18 , 60.0
76.53 , 59.78
76.0 , 60.0
76.1 , 59.96
76.34 , 59.79
76.39 , 59.98
76.6 , 59.59
76.53 , 59.81
76.61 , 60.08
76.46 , 60.35
76.02 , 59.57
76.77 , 60.21
76.79 , 59.95
76.55 , 59.86
76.84 , 59.83
76.12 , 60.02
76.61 , 59.75
76.87 , 60.26
76.43 , 59.72
76.34 , 59.98
76.4 , 59.77
76.19 , 59.75
76.56 , 60.25
76.46 , 60.06
76.32 , 60.26
76.31 , 60.43
76.26 , 59.81
76.43 , 60.11
76.81 , 59.87
76.46 , 60.34
76.34 , 60.08
76.3 , 60.07
76.7 , 60.3
76.23 , 59.58
76.18 , 60.14
76.41 , 60.31
76.83 , 59.32
77.34 , 59.97
76.41 , 59.95
76.61 , 60.14
76.96 , 59.98
76.98 , 60.03
76.98 , 59.94
76.3 , 59.96
76.73 , 59.84
76.49 , 60.48
76.7 , 60.03
76.78 , 60.65
76.27 , 60.04
75.91 , 60.17
76.73 , 60.09
76.96 , 59.92
76.6 , 59.98
76.81 , 59.49
76.31 , 59.98
76.69 , 59.8
76.68 , 59.99
76.51 , 60.04
76.54 , 60.01
76.16 , 59.8
76.55 , 59.51
76.29 , 60.09
76.6 , 60.27
77.16 , 60.21
77.44 , 60.56
76.54 , 59.79
76.44 , 59.74
76.71 , 60.0
77.13 , 59.73
75.94 , 59.84
77.31 , 60.42
76.92 , 60.62
76.91 , 60.53
77.41 , 59.99
76.91 , 59.48
76.78 , 60.26
76.55 , 59.74
76.94 , 60.23
77.07 , 60.1
76.87 , 60.02
76.71 , 59.89
77.08 , 59.68
76.58 , 59.79
76.95 , 59.92
76.13 , 59.99
76.94 , 59.78
77.1 , 59.77
76.25 , 60.43
77.07 , 60.35
76.85 , 60.34
77.02 , 60.14
76.78 , 59.74
76.82 , 59.81
77.03 , 59.86
76.95 , 60.19
77.15 , 60.29
76.7 , 60.13
76.73 , 59.82
76.71 , 59.51
76.76 , 59.97
76.76 , 60.04
77.16 , 60.13
76.67 , 60.37
76.72 , 60.21
76.58 , 59.92
76.74 , 60.31
76.56 , 59.86
76.69 , 59.78
76.94 , 59.8
76.7 , 60.02
77.19 , 60.37
76.43 , 60.1
76.36 , 59.67
76.97 , 59.9
77.43 , 60.02
77.15 , 60.16
76.89 , 59.66
77.05 , 59.65
76.56 , 59.53
76.98 , 60.49
76.94 , 59.96
76.52 , 60.04
77.02 , 60.11
76.73 , 60.22
77.06 , 59.98
77.05 , 59.84
77.18 , 59.86
77.53 , 60.27
76.82 , 60.44
77.09 , 59.73
76.8 , 59.62
76.64 , 59.74
77.04 , 59.65
76.72 , 60.13
77.44 , 59.83
76.86 , 60.39
77.2 , 60.34
77.43 , 60.53
77.17 , 59.46
77.1 , 60.05
77.21 , 59.81
77.09 , 60.26
77.51 , 60.09
76.87 , 59.88
76.9 , 59.85
77.01 , 60.11
76.47 , 59.84
77.0 , 60.01
76.81 , 59.9
77.01 , 59.66
76.74 , 59.83
77.24 , 60.1
77.21 , 59.8
77.21 , 60.39
76.97 , 59.42
77.5 , 59.91
77.19 , 59.68
77.78 , 59.83
77.1 , 60.05
76.51 , 59.93
77.4 , 60.18
76.89 , 60.19
77.34 , 59.9
77.38 , 60.29
77.1 , 59.9
76.99 , 59.95
77.11 , 59.97
77.03 , 59.78
77.33 , 59.42
77.02 , 60.25
77.25 , 60.35
77.33 , 60.43
76.75 , 60.13
77.4 , 59.64
77.33 , 60.18
77.4 , 60.16
77.25 , 60.47
77.28 , 59.97
77.09 , 59.56
77.2 , 59.8
77.11 , 59.71
77.01 , 59.99
76.97 , 59.77
77.16 , 59.99
77.18 , 60.71
76.69 , 60.0
76.73 , 60.0
77.36 , 60.1
77.74 , 59.89
77.22 , 60.07
77.38 , 60.0
77.3 , 59.84
77.55 , 59.9
77.61 , 59.6
77.22 , 59.94
77.77 , 60.31
77.29 , 60.19
77.12 , 60.09
77.16 , 60.46
77.15 , 59.89
77.3 , 60.06
77.26 , 60.04
77.57 , 59.49
77.38 , 59.97
77.33 , 60.3
77.59 , 59.64
77.36 , 60.21
77.0 , 60.12
77.65 , 60.05
77.48 , 60.16
77.34 , 59.83
77.42 , 60.46
77.1 , 59.53
77.33 , 60.0
77.15 , 60.04
77.48 , 59.83
77.58 , 60.15
77.78 , 60.14
77.84 , 60.27
77.19 , 59.92
77.25 , 60.1
77.31 , 59.32
77.17 , 59.93
77.58 , 60.05
77.61 , 60.01
77.19 , 60.35
77.21 , 60.03
77.48 , 60.31
77.37 , 60.07
77.36 , 60.27
77.55 , 59.91
77.52 , 60.11
76.94 , 59.6
77.23 , 60.01
76.75 , 59.65
77.24 , 59.81
77.33 , 59.74
77.32 , 60.06
77.39 , 60.28
77.73 , 60.09
77.63 , 60.23
77.5 , 59.87
77.47 , 60.14
77.59 , 59.96
77.32 , 59.86
77.5 , 60.06
77.69 , 60.3
77.51 , 60.05
77.33 , 60.27
77.73 , 60.03
77.31 , 59.75
77.79 , 60.08
77.78 , 60.05
77.7 , 60.16
78.03 , 60.49
77.88 , 59.81
78.02 , 59.63
77.44 , 59.82
77.37 , 59.94
77.26 , 59.73
77.6 , 59.93
77.97 , 59.91
77.08 , 60.03
77.52 , 60.09
77.07 , 59.8
78.0 , 60.06
77.48 , 60.64
77.8 , 60.09
77.46 , 59.78
77.55 , 60.19
77.8 , 59.72
77.42 , 60.16
78.01 , 59.77
77.71 , 60.1
78.26 , 59.56
77.69 , 59.99
77.36 , 59.75
77.5 , 60.48
78.04 , 60.25
77.44 , 60.18
77.43 , 60.26
77.83 , 59.78
78.08 , 60.06
77.3 , 59.91
77.86 , 59.49
77.53 , 59.84
77.42 , 60.15
77.65 , 60.08
77.51 , 59.92
77.46 , 60.4
77.81 , 60.47
77.63 , 59.81
77.5 , 59.8
77.47 , 59.96
77.84 , 60.01
77.39 , 59.64
77.43 , 59.81
78.18 , 60.38
77.63 , 59.77
77.81 , 59.81
77.67 , 59.87
77.35 , 60.29
78.19 , 59.68
77.52 , 59.98
77.75 , 60.12
78.12 , 60.15
77.74 , 59.96
77.66 , 59.92
77.54 , 59.46
77.02 , 60.11
78.25 , 59.62
78.01 , 60.02
77.56 , 60.29
77.73 , 60.36
77.82 , 60.1
78.02 , 59.84
77.7 , 59.66
77.83 , 60.21
78.12 , 60.22
77.82 , 59.97
77.59 , 60.2
77.46 , 60.29
77.92 , 60.02
77.88 , 59.53
77.42 , 60.06
77.71 , 59.59
77.99 , 59.69
78.16 , 59.72
78.18 , 59.22
78.37 , 59.91
78.0 , 60.04
78.2 , 59.63
77.92 , 60.34
77.78 , 60.1
77.73 , 60.43
77.75 , 60.14
78.6 , 60.12
77.95 , 59.8
77.51 , 60.55
78.0 , 60.01
78.31 , 59.69
78.23 , 60.12
77.78 , 60.03
77.79 , 59.6
77.84 , 59.65
77.59 , 59.77
78.48 , 59.86
77.88 , 60.37
78.32 , 59.94
77.97 , 60.03
77.77 , 59.62
77.81 , 59.82
77.42 , 60.07
77.98 , 59.87
77.88 , 60.21
77.92 , 60.38
77.56 , 59.75
77.78 , 60.09
77.83 , 59.78
78.19 , 60.03
78.32 , 60.01
77.73 , 59.86
78.31 , 60.18
77.55 , 60.57
77.99 , 59.86
77.81 , 60.28
77.86 , 59.81
78.1 , 60.28
78.0 , 59.78
78.29 , 60.06
77.58 , 60.02
77.8 , 60.22
78.19 , 59.83
77.87 , 60.06
78.33 , 60.15
78.13 , 60.07
78.05 , 60.23
77.96 , 59.71
78.25 , 59.77
78.06 , 60.45
77.55 , 59.92
77.69 , 59.8
78.05 , 60.09
78.26 , 60.15
78.16 , 60.16
78.05 , 60.11
78.36 , 60.25
77.84 , 59.94
77.97 , 60.24
78.4 , 60.1
77.89 , 59.57
78.06 , 59.94
77.84 , 60.07
77.74 , 59.99
78.29 , 59.96
78.49 , 59.97
77.88 , 60.32
78.31 , 60.15
78.56 , 60.16
78.03 , 60.33
78.56 , 59.8
78.18 , 60.11
78.15 , 59.79
78.3 , 59.73
78.15 , 59.97
78.34 , 59.99
78.3 , 59.86
78.04 , 59.9
78.11 , 59.86
78.66 , 59.85
78.25 , 59.95
78.21 , 59.74
78.36 , 60.05
78.02 , 59.92
78.46 , 60.41
77.77 , 60.46
78.39 , 60.16
78.21 , 60.18
78.24 , 60.19
77.66 , 60.7
77.99 , 60.11
78.62 , 59.73
78.46 , 60.12
78.4 , 59.86
77.91 , 59.79
78.55 , 59.6
78.4 , 60.4
78.2 , 59.93
77.98 , 60.36
78.24 , 60.15
78.01 , 60.05
78.55 , 60.11
78.46 , 60.36
78.44 , 59.78
78.18 , 60.22
78.37 , 59.7
78.2 , 60.01
78.47 , 59.45
78.48 , 60.21
77.79 , 59.86
78.34 , 60.11
78.32 , 59.94
79.01 , 59.88
78.54 , 60.42
78.31 , 59.94
78.56 , 59.72
78.56 , 59.77
78.43 , 60.13
78.35 , 59.96
78.51 , 59.94
77.89 , 60.37
78.24 , 59.72
78.27 , 59.86
78.67 , 59.69
78.33 , 59.78
78.7 , 59.82
78.76 , 60.11
78.31 , 59.63
78.17 , 59.66
78.23 , 59.76
78.32 , 59.89
78.53 , 59.99
78.48 , 60.11
78.3 , 60.02
78.65 , 59.82
78.4 , 60.08
78.59 , 59.57
78.36 , 59.98
78.45 , 60.43
78.6 , 59.78
78.67 , 60.18
78.48 , 60.04
78.37 , 60.14
78.58 , 60.04
78.93 , 59.89
77.99 , 59.98
78.45 , 59.53
78.73 , 60.32
78.67 , 59.76
78.7 , 59.85
78.23 , 59.86
78.63 , 59.59
78.76 , 59.63
78.95 , 60.24
78.59 , 60.01
78.7 , 60.17
78.52 , 60.22
78.66 , 60.17
79.01 , 59.85
78.32 , 60.3
78.76 , 60.35
78.51 , 60.07
78.31 , 60.18
78.56 , 59.46
78.4 , 59.8
78.61 , 60.03
78.53 , 60.12
77.99 , 59.8
78.73 , 59.67
78.7 , 60.05
78.77 , 60.06
78.64 , 59.83
78.94 , 59.49
78.26 , 60.25
78.45 , 60.0
78.5 , 60.05
78.53 , 60.04
78.79 , 59.85
78.59 , 60.07
78.57 , 60.23
78.42 , 60.21
78.83 , 60.26
78.45 , 59.86
78.11 , 59.53
78.53 , 59.92
78.8 , 60.16
78.38 , 60.0
79.13 , 60.22
78.82 , 59.69
78.64 , 60.02
78.83 , 60.01
78.46 , 60.1
78.72 , 59.8
78.42 , 60.35
78.89 , 59.8
78.83 , 60.04
78.98 , 59.86
78.73 , 60.21
78.9 , 59.94
78.61 , 59.98
78.67 , 59.9
78.97 , 59.57
78.71 , 59.75
78.82 , 60.5
78.59 , 59.6
78.57 , 59.73
78.54 , 59.97
78.32 , 59.84
79.13 , 59.82
79.12 , 60.07
78.77 , 60.06
78.78 , 59.86
78.8 , 60.18
78.08 , 60.02
79.3 , 59.84
78.95 , 60.1
79.04 , 59.84
78.8 , 60.45
78.8 , 60.01
79.13 , 59.84
79.07 , 60.37
78.89 , 59.99
78.59 , 60.12
79.04 , 59.98
78.98 , 60.07
79.02 , 60.3
78.87 , 60.07
78.99 , 60.15
78.85 , 60.37
79.11 , 60.38
79.31 , 60.45
79.44 , 60.28
78.59 , 60.18
78.74 , 60.1
79.08 , 59.81
78.7 , 59.89
78.76 , 60.18
79.26 , 59.92
79.21 , 59.97
78.7 , 59.91
79.11 , 60.2
79.03 , 59.85
78.75 , 60.24
78.81 , 59.82
78.97 , 59.78
78.89 , 59.68
79.12 , 60.0
78.68 , 60.07
79.4 , 59.93
79.01 , 60.13
78.58 , 60.4
79.13 , 59.81
79.02 , 60.48
79.08 , 60.2
79.23 , 59.8
79.25 , 60.28
78.9 , 60.13
78.95 , 60.24
79.01 , 60.16
79.11 , 59.87
79.25 , 60.17
78.34 , 60.22
79.12 , 60.38
79.11 , 60.1
79.2 , 60.13
79.18 , 59.75
78.85 , 59.84
78.93 , 59.27
78.97 , 60.35
78.88 , 60.31
78.94 , 60.01
78.73 , 60.12
78.81 , 59.91
79.44 , 60.49
79.16 , 59.43
78.61 , 59.89
78.98 , 60.16
78.69 , 60.1
78.74 , 60.13
78.98 , 60.08
78.89 , 60.19
79.47 , 60.06
79.2 , 59.99
79.51 , 59.74
79.34 , 59.82
78.98 , 60.0
79.14 , 59.97
79.65 , 59.8
79.24 , 59.78
78.76 , 60.09
79.02 , 60.04
78.76 , 59.9
78.63 , 59.59
79.22 , 60.08
78.93 , 59.68
78.95 , 60.09
79.28 , 59.82
79.13 , 59.99
79.25 , 60.22
79.22 , 59.7
78.88 , 59.87
79.74 , 60.21
79.38 , 60.12
78.5 , 59.8
79.01 , 59.81
79.3 , 59.78
79.25 , 59.96
79.13 , 60.61
79.72 , 60.19
79.26 , 60.19
79.41 , 60.05
79.03 , 59.98
79.46 , 59.97
79.35 , 60.07
79.36 , 60.3
79.65 , 60.06
79.13 , 60.21
78.89 , 60.12
79.23 , 60.18
79.56 , 59.76
79.11 , 59.86
79.16 , 60.3
79.32 , 60.2
79.11 , 60.22
79.37 , 60.47
79.0 , 59.6
79.04 , 59.66
78.89 , 59.67
79.54 , 59.99
79.2 , 59.84
79.19 , 59.86
79.07 , 59.96
79.43 , 60.55
79.59 , 60.3
78.94 , 60.0
79.38 , 59.33
79.25 , 60.23
79.43 , 59.76
79.35 , 59.83
79.39 , 59.84
79.65 , 59.86
79.61 , 60.28
79.23 , 60.12
79.48 , 59.85
79.77 , 60.12
79.11 , 59.83
79.63 , 60.35
79.69 , 60.15
79.55 , 60.15
79.25 , 60.24
79.35 , 59.94
79.67 , 59.63
79.82 , 60.13
79.23 , 59.78
79.57 , 60.13
79.58 , 59.75
79.54 , 60.08
79.26 , 60.02
79.01 , 60.17
79.57 , 60.04
79.72 , 60.33
79.37 , 59.85
80.0 , 60.2
79.38 , 60.07
79.34 , 60.08
79.77 , 60.4
79.53 , 60.0
79.49 , 60.28
79.66 , 59.99
79.88 , 60.7
79.51 , 59.67
79.8 , 60.37
79.88 , 59.85
79.22 , 60.19
79.49 , 60.07
79.31 , 60.0
79.83 , 59.63
79.49 , 60.15
80.04 , 60.36
79.64 , 60.13
79.46 , 60.17
79.75 , 60.0
79.54 , 60.54
79.52 , 60.41
80.21 , 60.27
78.91 , 59.63
79.6 , 59.89
79.51 , 60.15
79.66 , 59.77
79.68 , 59.93
79.51 , 59.95
79.7 , 60.07
79.63 , 60.24
79.66 , 60.18
79.75 , 59.89
79.36 , 60.26
79.61 , 60.02
79.24 , 60.61
79.64 , 59.59
79.63 , 60.22
79.45 , 59.39
79.94 , 60.16
79.6 , 60.27
80.13 , 59.5
79.73 , 60.34
79.82 , 59.79
79.64 , 60.47
79.5 , 60.15
79.43 , 60.54
79.67 , 60.58
79.73 , 59.98
79.37 , 59.86
79.5 , 59.97
79.62 , 60.2
79.5 , 60.03
79.77 , 59.81
80.08 , 59.76
79.66 , 59.81
80.01 , 59.89
79.75 , 59.99
79.98 , 59.95
79.85 , 59.54
80.0 , 60.27
79.87 , 60.43
80.14 , 59.77
79.68 , 60.43
79.75 , 59.98
79.49 , 59.92
79.91 , 60.05
79.81 , 59.89
79.95 , 59.49
79.77 , 60.13
79.65 , 59.86
80.05 , 59.96
79.96 , 59.97
79.92 , 59.57
80.01 , 60.23
79.75 , 59.81
79.93 , 60.06
79.67 , 60.14
80.16 , 60.21
80.06 , 60.04
80.02 , 60.03
79.61 , 59.99
80.11 , 59.92
79.73 , 59.82
79.96 , 59.72
79.58 , 59.68
80.02 , 60.09
79.72 , 60.07
79.78 , 60.04
79.73 , 59.91
79.48 , 60.16
79.81 , 60.2
79.55 , 59.94
79.78 , 60.48
79.75 , 59.87
79.71 , 59.98
79.82 , 59.79
79.68 , 60.13
79.49 , 59.66
79.72 , 59.68
79.98 , 60.13
80.06 , 59.88
79.76 , 60.01
80.0 , 60.23
79.93 , 60.23
79.41 , 60.15
79.97 , 59.86
80.07 , 59.7
79.88 , 59.95
80.0 , 60.25
80.24 , 60.19
80.12 , 59.82
80.19 , 60.3
79.63 , 59.89
79.53 , 59.67
80.25 , 59.4
80.29 , 59.82
80.0 , 60.06
80.06 , 60.08
80.0 , 59.73
79.85 , 59.85
79.79 , 59.82
79.4 , 60.31
79.86 , 59.96
79.65 , 59.87
80.36 , 60.14
80.36 , 59.81
80.08 , 60.03
80.16 , 59.9
80.01 , 59.96
80.21 , 59.95
79.71 , 59.86
79.94 , 60.2
80.06 , 59.8
80.23 , 59.61
80.61 , 60.22
80.26 , 59.51
80.5 , 60.01
80.42 , 59.57
80.44 , 59.86
80.12 , 60.39
80.14 , 60.08
80.14 , 59.88
80.15 , 60.23
80.11 , 59.33
80.09 , 60.51
80.11 , 60.01
80.32 , 60.25
79.82 , 59.63
80.45 , 60.37
80.0 , 60.37
80.2 , 60.01
79.9 , 59.77
80.23 , 59.73
80.16 , 60.55
80.26 , 60.55
80.28 , 59.85
80.18 , 60.03
79.94 , 60.21
80.0 , 60.02
80.37 , 60.08
80.45 , 59.77
80.16 , 60.38
80.28 , 60.19
80.03 , 60.22
80.33 , 60.41
79.84 , 59.58
80.3 , 60.29
80.35 , 59.84
80.08 , 59.84
80.42 , 60.33
80.3 , 59.83
80.6 , 60.1
80.35 , 60.19
80.44 , 59.98
80.9 , 59.57
80.03 , 59.66
80.28 , 60.12
80.44 , 60.25
80.25 , 60.08
80.14 , 60.09
79.9 , 59.78
79.71 , 60.13
80.39 , 59.92
80.09 , 60.14
80.33 , 60.22
80.13 , 60.1
80.09 , 60.12
80.28 , 60.09
80.61 , 59.88
80.76 , 60.29
80.41 , 59.9
80.19 , 60.01
80.46 , 59.8
80.56 , 60.04
80.5 , 60.07
80.08 , 60.22
80.37 , 60.16
80.09 , 59.86
80.43 , 59.72
79.86 , 60.37
80.7 , 59.7
80.44 , 59.73
80.45 , 60.14
80.47 , 59.81
80.31 , 59.96
80.5 , 60.19
80.16 , 59.86
80.34 , 59.92
80.21 , 60.13
80.3 , 60.04
80.28 , 59.91
81.08 , 60.26
80.49 , 60.03
80.19 , 59.88
80.37 , 59.78
80.76 , 60.23
80.64 , 59.98
80.25 , 60.16
80.15 , 59.44
80.52 , 60.31
80.28 , 59.94
80.47 , 60.48
80.21 , 60.03
80.76 , 60.07
79.91 , 60.26
80.59 , 59.88
79.91 , 60.25
80.55 , 59.82
80.55 , 60.25
80.5 , 59.97
80.43 , 60.11
80.51 , 59.76
80.56 , 60.17
80.6 , 60.27
80.82 , 60.11
80.7 , 60.52
80.89 , 60.14
80.54 , 59.79
80.78 , 59.54
80.29 , 60.22
80.46 , 59.65
80.74 , 60.37
80.63 , 60.0
80.75 , 59.92
80.56 , 60.14
80.41 , 60.27
80.31 , 59.47
80.48 , 59.95
80.81 , 60.05
80.46 , 59.98
80.69 , 59.76
80.73 , 60.2
80.76 , 59.78
81.04 , 60.33
80.24 , 59.94
80.83 , 59.84
80.14 , 59.96
80.65 , 60.15
80.43 , 60.33
80.34 , 59.98
80.96 , 59.85
80.71 , 60.0
80.63 , 60.17
80.4 , 59.96
80.43 , 59.63
80.31 , 59.85
81.17 , 60.02
80.78 , 59.82
80.25 , 59.86
81.17 , 60.46
81.07 , 60.42
80.86 , 59.89
80.58 , 60.26
80.77 , 59.74
80.87 , 59.96
80.59 , 60.44
80.87 , 60.16
80.35 , 60.2
80.76 , 60.3
80.77 , 60.07
81.05 , 60.04
80.73 , 60.09
80.93 , 59.67
80.52 , 59.48
80.56 , 60.13
80.83 , 60.17
80.78 , 59.74
80.9 , 60.43
80.84 , 60.07
80.46 , 59.76
80.86 , 59.82
80.71 , 59.81
81.04 , 60.07
81.09 , 60.21
81.21 , 60.08
80.78 , 60.04
80.74 , 60.01
81.21 , 59.66
81.17 , 59.96
81.45 , 59.96
80.71 , 60.52
81.2 , 60.0
81.12 , 59.93
80.73 , 59.98
80.85 , 60.26
81.13 , 60.02
80.87 , 59.82
81.08 , 59.84
80.77 , 60.05
80.89 , 60.06
81.07 , 59.78
80.83 , 60.18
80.94 , 60.05
80.87 , 59.82
80.79 , 59.6
81.42 , 60.02
81.03 , 60.29
81.14 , 60.19
80.42 , 60.24
80.61 , 59.82
81.23 , 59.99
81.04 , 60.54
80.85 , 59.92
81.35 , 60.17
81.15 , 59.98
81.02 , 60.29
80.99 , 59.78
81.13 , 59.86
80.48 , 59.93
80.91 , 60.11
81.1 , 59.9
81.03 , 59.78
80.91 , 59.91
81.19 , 59.74
81.22 , 59.93
81.19 , 59.85
80.81 , 59.95
80.84 , 60.13
81.13 , 59.91
80.99 , 59.58
81.25 , 60.42
80.79 , 60.16
81.07 , 60.25
81.02 , 59.79
81.43 , 59.77
80.9 , 60.09
81.32 , 60.05
80.94 , 59.76
81.19 , 59.76
80.84 , 59.86
81.13 , 60.04
81.31 , 59.94
80.81 , 59.67
81.07 , 60.0
81.07 , 59.56
81.19 , 60.09
81.11 , 60.05
81.17 , 59.86
81.02 , 59.98
80.95 , 60.07
81.27 , 59.98
81.37 , 59.76
81.16 , 59.61
81.4 , 60.06
81.0 , 59.83
81.34 , 59.7
81.28 , 59.8
80.83 , 59.8
81.34 , 60.13
81.29 , 60.17
81.04 , 60.26
81.45 , 59.57
81.21 , 60.05
81.22 , 60.12
81.49 , 60.0
81.24 , 60.32
80.74 , 59.79
81.09 , 59.83
81.45 , 60.32
81.42 , 59.65
81.18 , 59.95
81.55 , 60.2
80.83 , 59.95
81.32 , 60.19
80.71 , 60.1
80.67 , 60.15
81.3 , 60.36
81.19 , 60.1
81.38 , 60.21
81.45 , 59.86
81.54 , 60.37
81.4 , 60.12
81.05 , 60.11
81.22 , 60.31
81.2 , 59.97
81.19 , 59.92
81.24 , 60.15
81.63 , 59.74
81.37 , 60.09
81.28 , 60.04
81.26 , 59.58
81.17 , 60.42
81.36 , 60.38
81.37 , 59.62
81.19 , 59.77
81.36 , 60.04
81.28 , 60.33
81.03 , 59.97
81.35 , 60.32
81.19 , 59.95
81.25 , 59.83
81.16 , 60.43
81.93 , 60.39
81.35 , 60.69
81.27 , 59.95
81.14 , 60.34
80.87 , 59.65
81.12 , 59.39
81.47 , 59.87
81.13 , 60.32
81.46 , 60.26
81.51 , 60.11
80.86 , 60.08
81.21 , 59.94
81.55 , 59.83
81.22 , 59.99
81.33 , 60.22
81.82 , 59.54
81.54 , 59.94
81.37 , 59.59
81.55 , 60.56
81.09 , 60.49
81.22 , 60.02
81.37 , 59.96
81.47 , 60.36
80.98 , 60.22
81.14 , 60.46
81.25 , 60.22
81.33 , 60.04
81.85 , 59.96
81.38 , 60.01
81.33 , 59.97
81.52 , 59.69
81.46 , 59.91
81.78 , 59.96
81.38 , 60.13
81.47 , 59.83
81.24 , 59.92
81.24 , 60.26
81.7 , 60.1
81.2 , 59.53
81.59 , 59.65
81.88 , 60.13
81.4 , 59.82
81.45 , 59.63
81.81 , 60.01
81.64 , 59.95
81.27 , 59.88
81.9 , 60.03
81.77 , 60.21
81.35 , 60.16
82.0 , 59.85
81.19 , 60.62
81.87 , 60.25
81.52 , 59.71
81.72 , 59.92
82.29 , 59.81
81.12 , 59.93
81.57 , 59.62
81.69 , 60.24
81.2 , 60.21
82.05 , 60.12
82.13 , 60.29
81.31 , 59.74
81.72 , 60.25
81.35 , 59.88
81.42 , 60.17
81.36 , 59.9
81.66 , 59.73
81.45 , 60.2
81.33 , 59.95
81.72 , 59.56
81.42 , 60.19
81.73 , 60.45
81.86 , 59.83
81.56 , 59.99
81.83 , 60.08
81.81 , 59.76
81.65 , 59.71
81.06 , 59.87
82.23 , 59.98
82.08 , 59.91
81.44 , 59.84
81.18 , 60.4
81.97 , 60.08
81.23 , 60.33
81.83 , 59.55
81.97 , 59.92
81.87 , 60.05
81.62 , 60.05
81.58 , 60.39
81.75 , 60.16
82.03 , 59.63
81.64 , 59.81
82.36 , 59.83
81.67 , 60.13
81.95 , 59.87
81.27 , 60.23
81.77 , 60.09
81.99 , 59.91
81.73 , 60.15
82.06 , 60.09
81.8 , 60.15
81.81 , 60.33
81.87 , 59.55
81.7 , 59.75
81.43 , 59.69
81.69 , 60.48
81.82 , 60.07
81.76 , 60.3
81.74 , 60.04
81.82 , 59.82
82.08 , 60.29
82.31 , 59.81
82.06 , 59.72
81.43 , 60.1
81.87 , 59.87
81.58 , 60.41
82.42 , 59.73
82.04 , 59.97
81.58 , 60.04
81.61 , 59.86
82.06 , 60.04
82.13 , 60.07
81.75 , 60.17
81.66 , 59.39
82.0 , 59.89
81.78 , 60.16
82.03 , 60.09
81.53 , 60.23
82.05 , 60.07
81.74 , 60.5
81.77 , 59.71
82.14 , 59.68
81.45 , 59.47
81.87 , 59.46
81.92 , 60.35
81.8 , 60.02
82.02 , 59.96
82.14 , 59.84
81.46 , 60.05
82.08 , 59.99
82.02 , 60.08
82.03 , 60.44
82.02 , 60.05
82.1 , 60.35
81.81 , 60.35
82.42 , 59.96
82.17 , 60.15
82.32 , 59.64
82.17 , 59.68
82.1 , 59.97
82.02 , 59.71
81.85 , 60.34
82.06 , 60.02
82.14 , 60.08
81.05 , 59.63
82.15 , 60.06
81.92 , 60.08
81.97 , 60.04
81.71 , 59.74
82.04 , 60.27
82.35 , 60.36
82.23 , 59.92
81.88 , 60.31
81.86 , 59.94
82.31 , 60.04
82.08 , 59.73
81.82 , 60.25
82.08 , 60.22
82.5 , 59.76
82.37 , 59.92
82.07 , 60.16
82.11 , 59.92
81.96 , 60.04
81.88 , 60.27
81.68 , 60.03
82.73 , 60.1
81.99 , 59.84
82.21 , 60.28
81.68 , 59.69
81.84 , 59.83
82.66 , 60.04
82.17 , 59.96
81.79 , 59.85
82.15 , 60.24
82.36 , 59.65
82.56 , 60.23
81.76 , 59.5
81.58 , 59.67
81.55 , 60.14
82.08 , 60.25
81.82 , 60.16
82.51 , 60.09
82.02 , 60.23
82.15 , 60.06
81.91 , 60.18
82.64 , 60.05
82.27 , 59.98
82.11 , 60.43
81.89 , 59.9
82.29 , 59.59
82.13 , 60.09
82.41 , 60.22
81.96 , 60.31
82.33 , 59.89
82.32 , 60.44
82.38 , 59.98
82.33 , 59.83
82.65 , 59.76
82.36 , 59.64
81.91 , 59.85
82.28 , 59.91
82.71 , 60.59
82.09 , 59.89
82.37 , 59.87
82.17 , 59.94
82.08 , 60.14
82.26 , 60.05
82.38 , 59.77
82.28 , 60.14
81.98 , 59.92
82.45 , 59.86
82.83 , 60.41
82.54 , 60.06
82.29 , 59.62
82.38 , 60.15
82.0 , 59.97
82.67 , 59.76
82.3 , 60.29
82.25 , 59.78
82.01 , 59.63
81.97 , 60.17
81.95 , 59.87
82.35 , 59.72
81.92 , 60.3
82.04 , 60.11
81.98 , 60.3
82.47 , 60.09
82.38 , 59.74
82.35 , 60.12
82.67 , 60.0
82.32 , 60.4
82.28 , 59.76
81.96 , 60.45
82.29 , 59.76
82.6 , 59.86
82.15 , 60.18
82.62 , 60.3
82.35 , 59.95
82.49 , 59.64
82.49 , 60.29
82.27 , 59.92
82.24 , 60.29
82.43 , 60.09
82.45 , 59.67
82.8 , 60.04
82.2 , 59.58
82.39 , 59.76
82.56 , 59.77
82.54 , 59.62
82.44 , 59.95
82.58 , 59.87
82.59 , 59.74
82.3 , 59.86
82.32 , 59.23
82.43 , 59.94
82.35 , 59.67
82.75 , 59.71
82.3 , 59.84
82.62 , 59.75
82.34 , 59.98
82.32 , 59.98
82.6 , 59.55
81.96 , 59.83
82.53 , 60.38
82.44 , 59.86
82.67 , 60.26
82.88 , 59.99
82.68 , 60.13
82.62 , 59.9
82.65 , 59.96
82.63 , 60.3
83.1 , 59.81
82.69 , 60.1
82.7 , 60.27
82.67 , 60.0
82.55 , 60.05
82.58 , 60.09
82.51 , 60.06
82.39 , 60.17
82.52 , 59.73
82.28 , 60.17
82.7 , 60.02
82.97 , 59.81
82.15 , 60.3
82.76 , 60.28
82.44 , 60.11
82.62 , 60.01
82.73 , 59.98
82.99 , 59.9
82.96 , 60.07
82.83 , 59.89
82.88 , 59.85
82.9 , 60.32
83.01 , 59.75
82.64 , 59.9
82.68 , 59.54
82.48 , 60.15
82.49 , 59.96
82.71 , 60.02
82.89 , 60.06
82.45 , 59.9
82.6 , 60.29
82.62 , 60.01
82.34 , 59.7
82.75 , 59.74
82.74 , 59.91
82.57 , 59.86
82.69 , 60.07
82.9 , 60.03
82.71 , 59.94
82.49 , 60.0
82.75 , 60.03
82.73 , 60.12
82.68 , 60.23
82.9 , 59.6
82.71 , 59.76
82.81 , 60.06
82.64 , 59.98
82.78 , 60.15
82.52 , 59.63
83.0 , 60.07
82.85 , 59.94
83.11 , 60.36
82.28 , 59.99
82.76 , 59.9
82.69 , 60.11
82.8 , 60.32
82.92 , 59.82
82.89 , 60.06
82.58 , 59.77
82.83 , 59.84
83.11 , 60.08
83.1 , 60.11
82.73 , 60.35
82.8 , 60.15
82.49 , 60.03
83.3 , 59.96
83.4 , 60.01
82.93 , 59.62
82.88 , 60.38
83.05 , 59.85
82.56 , 59.27
82.5 , 59.91
82.97 , 60.34
83.03 , 60.23
82.7 , 60.13
83.17 , 59.93
83.1 , 59.65
83.42 , 59.56
82.92 , 59.24
83.0 , 60.29
83.26 , 59.73
83.0 , 59.46
83.25 , 60.02
83.12 , 59.91
83.23 , 59.88
83.21 , 59.92
82.67 , 60.38
82.88 , 60.32
83.21 , 60.43
82.67 , 60.15
82.51 , 59.84
83.08 , 60.37
82.55 , 59.82
82.63 , 59.86
82.88 , 59.71
82.78 , 59.91
83.07 , 59.98
82.81 , 60.21
83.15 , 59.54
83.15 , 60.19
82.91 , 59.82
82.78 , 60.12
83.15 , 60.01
83.26 , 59.65
82.93 , 60.41
83.19 , 59.6
83.03 , 60.08
82.95 , 60.25
82.78 , 59.74
83.54 , 60.56
82.91 , 59.84
83.06 , 60.23
83.1 , 60.0
83.11 , 60.22
83.04 , 60.1
83.29 , 60.17
83.05 , 60.18
83.26 , 59.92
83.12 , 60.14
82.93 , 60.02
82.91 , 59.93
83.0 , 59.51
82.94 , 59.88
83.08 , 59.83
83.27 , 59.66
83.22 , 59.97
83.41 , 59.71
83.39 , 59.81
83.28 , 59.95
82.91 , 60.27
83.12 , 59.69
83.04 , 60.19
83.35 , 60.21
83.22 , 60.09
83.45 , 60.06
83.07 , 59.56
82.94 , 60.22
83.68 , 60.29
82.81 , 60.18
83.05 , 59.91
82.96 , 60.13
83.16 , 59.95
83.04 , 60.27
83.25 , 59.57
83.34 , 60.04
83.44 , 60.18
83.23 , 59.89
83.06 , 60.11
83.21 , 59.68
83.1 , 59.91
83.17 , 60.3
82.68 , 59.89
83.61 , 60.05
83.27 , 59.64
83.5 , 59.87
83.38 , 59.86
83.3 , 60.01
83.23 , 60.09
83.33 , 60.27
83.47 , 60.47
83.51 , 59.88
83.74 , 59.75
83.71 , 60.17
84.07 , 60.01
83.17 , 60.07
83.96 , 59.59
83.49 , 60.24
83.32 , 60.14
83.25 , 59.72
83.87 , 60.18
83.4 , 59.83
83.26 , 60.49
83.56 , 60.13
83.42 , 59.75
83.14 , 60.1
83.52 , 60.03
83.4 , 59.82
83.75 , 59.99
83.09 , 59.88
83.38 , 59.58
83.39 , 60.08
82.99 , 59.71
83.31 , 60.28
83.49 , 59.96
83.68 , 60.13
83.42 , 60.12
83.56 , 59.79
83.06 , 60.09
83.34 , 59.74
83.2 , 59.66
83.42 , 60.29
83.26 , 60.42
83.16 , 59.96
82.99 , 59.64
83.5 , 60.31
83.15 , 60.38
83.99 , 60.25
83.23 , 59.46
83.31 , 59.83
83.83 , 60.03
83.17 , 60.12
83.37 , 59.99
83.51 , 59.81
83.38 , 59.91
83.12 , 60.0
83.42 , 60.05
83.08 , 60.23
83.52 , 59.71
83.39 , 59.87
83.59 , 59.94
83.77 , 59.58
84.29 , 60.0
83.53 , 60.07
83.7 , 59.85
83.02 , 59.9
83.62 , 60.16
83.51 , 59.99
83.53 , 59.43
83.4 , 60.19
83.46 , 60.01
83.62 , 60.09
83.57 , 60.09
83.24 , 59.9
83.65 , 59.94
83.52 , 60.09
83.45 , 59.92
83.85 , 59.8
83.93 , 59.67
83.84 , 59.99
83.57 , 59.81
83.71 , 60.0
83.83 , 59.43
83.54 , 59.99
83.6 , 60.18
83.7 , 59.83
83.7 , 60.35
84.27 , 60.12
83.84 , 59.53
84.03 , 59.69
83.36 , 60.35
84.06 , 60.12
83.28 , 59.77
83.78 , 60.45
83.88 , 59.98
83.57 , 60.24
83.87 , 59.99
83.57 , 59.86
83.59 , 60.06
83.87 , 59.66
83.65 , 60.18
82.97 , 59.94
83.83 , 59.93
83.64 , 59.83
83.97 , 59.74
83.85 , 59.53
83.35 , 59.87
84.47 , 60.49
83.84 , 60.08
83.51 , 59.83
83.67 , 60.01
83.06 , 60.21
83.85 , 59.93
83.82 , 60.25
83.7 , 60.12
84.28 , 59.74
83.48 , 60.02
84.1 , 59.9
83.66 , 60.09
83.54 , 60.17
83.93 , 59.94
83.95 , 59.97
83.87 , 60.07
83.87 , 59.8
83.51 , 60.2
84.21 , 60.24
83.68 , 59.65
83.84 , 60.03
83.5 , 59.45
83.63 , 60.26
83.31 , 59.51
84.34 , 60.29
83.83 , 60.16
84.14 , 60.39
83.4 , 59.84
83.78 , 59.83
83.65 , 59.7
83.92 , 59.72
84.08 , 59.88
83.99 , 60.02
83.47 , 60.34
84.13 , 60.08
83.7 , 60.18
83.73 , 59.82
83.97 , 59.89
83.47 , 59.98
83.66 , 60.08
83.89 , 60.45
83.67 , 59.56
84.06 , 59.75
83.98 , 60.22
83.85 , 60.25
83.83 , 59.9
83.8 , 60.53
83.88 , 60.18
83.45 , 60.19
84.14 , 60.11
83.47 , 59.83
84.09 , 60.35
84.03 , 59.91
83.82 , 60.03
83.6 , 60.2
83.64 , 59.81
83.65 , 60.29
83.62 , 59.93
83.99 , 60.32
84.06 , 59.99
83.66 , 60.26
84.06 , 59.87
84.08 , 60.38
84.56 , 59.62
83.88 , 60.15
84.29 , 60.12
84.3 , 60.45
83.96 , 59.9
83.79 , 60.11
83.73 , 60.01
84.26 , 60.17
84.66 , 60.68
83.36 , 60.08
84.02 , 59.93
83.89 , 59.79
83.8 , 60.1
84.18 , 60.26
84.06 , 60.07
83.59 , 60.4
83.66 , 60.3
83.88 , 60.01
84.07 , 60.2
84.2 , 60.35
84.27 , 60.0
84.24 , 59.68
84.1 , 59.95
84.41 , 60.08
84.09 , 59.88
84.35 , 60.09
83.75 , 60.42
84.24 , 60.3
84.38 , 60.44
84.43 , 60.12
84.07 , 60.14
84.71 , 60.08
84.38 , 60.33
84.22 , 60.3
84.87 , 59.71
84.4 , 59.89
84.18 , 60.5
83.89 , 59.65
84.53 , 60.22
84.6 , 60.05
84.61 , 59.81
83.64 , 59.69
83.83 , 60.19
84.06 , 60.15
84.2 , 60.2
84.01 , 60.15
84.37 , 59.73
84.81 , 60.09
84.14 , 59.98
83.77 , 59.92
84.32 , 59.75
83.85 , 59.74
83.99 , 60.1
84.54 , 60.1
84.29 , 59.97
84.37 , 60.26
84.06 , 59.46
84.31 , 59.96
84.04 , 60.01
84.09 , 59.77
84.33 , 59.65
84.05 , 60.01
83.99 , 59.83
84.47 , 60.04
84.51 , 59.94
84.59 , 60.24
84.01 , 60.2
84.01 , 59.5
84.28 , 59.99
84.27 , 60.25
84.21 , 60.02
84.42 , 59.88
84.42 , 59.84
84.02 , 59.9
84.46 , 59.5
84.16 , 60.11
84.5 , 60.31
84.38 , 59.58
83.94 , 59.89
83.97 , 60.28
84.11 , 60.04
84.32 , 60.48
83.73 , 60.28
84.35 , 60.48
84.73 , 60.39
84.46 , 59.71
84.83 , 60.4
83.89 , 59.82
84.58 , 60.16
84.03 , 60.16
84.52 , 60.21
84.63 , 59.9
84.38 , 60.2
84.48 , 60.36
84.4 , 60.18
84.66 , 59.97
84.61 , 60.02
84.4 , 60.28
84.03 , 59.98
84.03 , 59.92
83.99 , 59.75
84.21 , 60.26
84.57 , 60.0
84.8 , 60.37
84.81 , 59.96
84.49 , 60.0
84.56 , 59.65
84.58 , 59.82
84.86 , 60.04
84.47 , 60.1
84.21 , 60.5
84.29 , 60.32
84.84 , 60.39
84.49 , 59.73
84.67 , 60.08
84.47 , 60.03
84.55 , 59.58
84.54 , 60.09
84.3 , 60.3
84.83 , 59.93
84.37 , 60.16
84.49 , 60.0
84.41 , 60.28
84.81 , 59.8
84.23 , 59.65
84.27 , 59.7
84.38 , 60.43
84.55 , 60.03
84.47 , 60.1
84.7 , 59.49
84.72 , 60.07
84.94 , 59.43
84.95 , 60.08
84.64 , 60.09
84.65 , 59.81
84.48 , 59.96
84.3 , 60.06
84.6 , 60.15
84.56 , 60.45
84.58 , 60.32
84.59 , 60.2
84.52 , 59.87
84.34 , 59.93
84.74 , 59.79
84.29 , 59.66
84.32 , 59.9
84.65 , 60.13
84.65 , 59.74
84.53 , 60.0
84.73 , 60.03
84.49 , 59.57
84.68 , 59.82
84.91 , 60.33
84.61 , 60.19
84.86 , 59.85
85.13 , 59.71
84.44 , 60.32
84.43 , 60.01
84.57 , 60.07
84.51 , 59.96
84.72 , 60.19
85.05 , 60.07
84.5 , 60.01
85.24 , 60.25
85.14 , 60.25
85.24 , 59.79
84.51 , 59.59
84.81 , 59.92
84.55 , 60.37
84.89 , 59.54
84.9 , 60.38
85.05 , 59.97
84.55 , 60.16
84.7 , 59.86
85.02 , 60.33
84.63 , 59.37
84.77 , 59.84
84.91 , 60.05
84.91 , 59.93
84.65 , 60.36
84.59 , 60.18
84.85 , 59.81
85.31 , 59.97
84.59 , 59.93
85.38 , 60.08
84.71 , 60.3
84.83 , 59.83
84.76 , 59.97
84.82 , 60.37
84.74 , 60.21
84.76 , 60.2
85.14 , 59.87
84.81 , 59.96
84.61 , 60.08
84.61 , 60.14
84.98 , 59.84
84.28 , 59.8
84.93 , 59.76
85.24 , 60.33
84.5 , 60.12
84.98 , 60.03
84.7 , 59.68
85.05 , 60.18
84.65 , 59.94
84.68 , 60.4
84.76 , 59.9
84.97 , 59.98
85.3 , 59.77
85.04 , 60.18
84.92 , 59.86
84.91 , 59.93
85.3 , 59.8
84.86 , 60.28
84.64 , 59.93
84.76 , 59.83
85.24 , 60.11
85.12 , 60.02
85.17 , 60.19
85.28 , 59.84
84.68 , 60.16
84.38 , 60.02
85.66 , 60.07
85.06 , 59.71
84.45 , 60.13
84.62 , 59.72
85.04 , 60.17
85.5 , 59.87
85.04 , 60.08
85.3 , 60.04
85.26 , 60.12
85.0 , 60.35
84.76 , 60.19
84.63 , 60.3
85.13 , 59.78
85.22 , 59.99
85.14 , 59.74
85.32 , 60.08
85.08 , 60.16
85.11 , 59.89
85.5 , 60.16
85.04 , 60.04
84.91 , 59.49
85.16 , 60.23
85.49 , 60.15
85.02 , 60.17
85.05 , 60.41
85.04 , 59.62
84.96 , 59.98
85.32 , 59.92
84.77 , 60.08
85.01 , 60.21
84.94 , 59.98
85.07 , 60.03
85.49 , 59.9
84.92 , 60.05
85.46 , 60.65
85.2 , 59.76
85.29 , 59.51
84.98 , 60.06
84.96 , 60.2
85.25 , 59.72
84.91 , 59.16
84.88 , 60.17
85.17 , 60.23
85.4 , 59.97
84.57 , 60.05
85.47 , 59.86
85.26 , 59.55
85.49 , 60.14
85.01 , 60.12
85.03 , 60.17
84.95 , 59.65
85.55 , 59.95
85.18 , 60.1
85.03 , 59.45
85.18 , 59.92
85.08 , 59.67
85.05 , 59.79
85.98 , 59.92
85.33 , 59.66
85.3 , 59.84
84.86 , 59.95
85.32 , 60.04
85.23 , 59.7
85.71 , 59.78
85.51 , 59.99
85.55 , 60.23
85.59 , 60.09
85.24 , 59.83
85.39 , 60.19
85.38 , 60.11
85.16 , 59.99
85.0 , 59.65
85.22 , 60.31
85.02 , 59.89
85.27 , 59.74
85.41 , 60.17
85.27 , 60.19
85.61 , 60.12
85.12 , 59.61
85.16 , 60.05
85.2 , 60.38
85.27 , 60.23
85.1 , 59.82
85.78 , 60.0
85.53 , 59.86
85.35 , 60.44
85.15 , 60.29
85.25 , 60.14
85.46 , 59.6
85.44 , 60.17
85.51 , 60.19
85.54 , 60.04
85.38 , 59.92
85.65 , 59.73
85.36 , 59.94
85.58 , 60.25
85.59 , 60.21
85.37 , 60.15
85.45 , 60.33
85.52 , 59.77
85.57 , 59.66
85.5 , 60.38
85.11 , 59.81
85.33 , 59.58
86.11 , 59.84
85.2 , 59.68
85.64 , 60.07
85.49 , 59.82
85.57 , 60.02
85.59 , 60.43
85.95 , 59.7
85.1 , 59.9
85.35 , 60.02
85.73 , 60.33
85.49 , 60.04
85.79 , 60.04
85.42 , 59.85
85.31 , 60.53
85.67 , 60.13
85.46 , 59.85
85.69 , 59.57
85.47 , 60.3
85.69 , 59.75
85.96 , 60.11
85.52 , 59.94
85.51 , 59.89
85.5 , 59.87
85.39 , 59.85
85.57 , 59.9
85.46 , 60.59
85.64 , 60.04
85.61 , 59.67
85.47 , 59.62
85.23 , 60.27
85.7 , 59.68
85.86 , 59.82
85.92 , 60.12
85.59 , 59.81
85.66 , 60.06
85.95 , 60.16
85.38 , 59.6
85.71 , 60.21
85.91 , 60.38
85.86 , 59.97
85.57 , 59.52
85.35 , 60.14
85.94 , 60.29
85.18 , 60.26
85.24 , 59.87
85.37 , 59.72
85.58 , 59.79
85.83 , 59.97
86.16 , 60.07
86.02 , 59.73
85.73 , 60.01
86.05 , 60.29
85.61 , 60.64
86.43 , 59.54
85.72 , 60.13
85.62 , 60.04
85.68 , 59.74
85.53 , 60.14
85.94 , 60.33
85.7 , 59.9
85.35 , 59.32
85.63 , 59.86
86.07 , 59.98
85.88 , 59.58
85.42 , 60.32
85.65 , 60.12
85.64 , 60.1
85.6 , 59.92
85.23 , 60.28
85.92 , 60.02
85.89 , 60.42
86.12 , 60.0
85.74 , 60.38
85.75 , 60.17
85.89 , 59.5
85.79 , 59.84
86.02 , 60.15
86.0 , 59.86
85.84 , 59.76
85.96 , 59.81
86.06 , 59.85
85.99 , 59.63
85.98 , 60.1
86.15 , 59.6
85.57 , 60.35
85.75 , 60.01
85.92 , 59.75
85.6 , 59.92
85.85 , 59.89
85.66 , 60.03
85.61 , 60.14
85.97 , 60.37
85.66 , 60.23
86.29 , 60.41
85.84 , 60.19
85.14 , 60.07
86.03 , 60.45
85.98 , 59.61
85.67 , 60.38
85.89 , 59.66
86.12 , 60.23
85.89 , 59.4
85.79 , 59.91
85.95 , 60.17
86.04 , 59.98
85.51 , 59.74
86.2 , 60.34
85.87 , 59.48
85.66 , 59.98
85.72 , 60.06
85.95 , 59.92
86.02 , 60.17
86.03 , 60.26
86.46 , 59.66
85.91 , 60.04
85.6 , 60.11
85.62 , 60.08
85.61 , 60.0
86.11 , 60.03
85.92 , 59.87
86.17 , 60.41
85.96 , 60.14
86.15 , 59.29
85.7 , 60.27
86.15 , 59.71
85.58 , 60.03
86.46 , 59.81
85.95 , 60.07
85.67 , 59.59
86.12 , 60.21
85.65 , 60.17
85.91 , 60.17
85.89 , 60.4
86.23 , 59.94
85.64 , 59.65
85.73 , 59.94
86.44 , 59.9
86.31 , 59.7
86.43 , 59.96
86.1 , 60.01
85.68 , 60.16
86.01 , 60.0
86.07 , 59.62
86.1 , 59.71
85.93 , 59.77
86.19 , 59.9
86.23 , 60.28
85.8 , 60.0
86.0 , 59.8
85.84 , 59.85
85.94 , 59.69
86.04 , 60.02
86.08 , 59.72
86.05 , 60.25
86.14 , 59.92
85.89 , 59.89
86.0 , 59.68
86.21 , 60.04
85.99 , 60.39
85.99 , 59.72
86.35 , 60.1
86.2 , 60.01
86.34 , 60.09
86.31 , 59.83
86.49 , 59.94
86.05 , 60.21
86.29 , 59.95
86.33 , 59.91
86.45 , 59.98
86.06 , 59.73
86.73 , 60.33
86.78 , 59.79
86.16 , 59.86
86.47 , 60.04
86.09 , 60.22
86.14 , 59.84
86.24 , 60.38
86.08 , 59.94
86.01 , 59.8
85.94 , 59.5
86.32 , 59.81
86.42 , 59.57
86.9 , 59.69
86.38 , 59.49
86.61 , 59.9
86.15 , 60.22
86.44 , 59.87
86.77 , 59.77
86.32 , 60.01
86.32 , 60.14
86.14 , 59.52
86.12 , 59.97
86.31 , 59.88
86.27 , 60.41
86.28 , 60.38
86.31 , 59.61
85.87 , 59.92
85.96 , 59.66
86.13 , 59.84
86.19 , 60.14
86.5 , 60.21
86.31 , 60.02
86.59 , 60.25
86.37 , 59.7
86.15 , 59.62
86.5 , 59.67
86.53 , 60.17
86.25 , 60.18
86.6 , 59.63
86.48 , 59.77
86.58 , 60.05
85.7 , 60.6
85.9 , 60.15
86.34 , 59.74
86.14 , 59.75
86.42 , 60.19
86.34 , 59.82
86.73 , 60.2
86.18 , 60.11
86.38 , 60.02
86.35 , 59.77
86.74 , 60.1
86.38 , 60.1
85.89 , 60.27
86.48 , 59.7
86.52 , 59.93
86.6 , 59.77
86.47 , 59.92
86.35 , 60.06
86.43 , 60.04
86.36 , 60.46
86.14 , 60.03
86.5 , 60.49
86.64 , 60.04
86.54 , 59.9
85.85 , 60.07
86.42 , 60.38
86.56 , 59.86
86.15 , 60.13
86.84 , 60.06
86.65 , 60.13
86.19 , 59.53
86.44 , 59.8
86.92 , 60.12
86.76 , 60.12
86.89 , 59.89
86.13 , 59.79
87.07 , 59.55
86.97 , 60.14
86.34 , 59.6
86.54 , 59.71
86.66 , 60.29
86.71 , 60.0
86.94 , 59.77
86.78 , 60.14
86.68 , 60.41
86.61 , 59.73
86.09 , 60.17
86.07 , 60.47
86.58 , 60.52
86.83 , 60.26
87.04 , 59.72
86.64 , 59.87
86.74 , 59.96
86.4 , 59.82
86.69 , 60.27
87.01 , 59.78
86.68 , 60.17
86.58 , 59.87
86.73 , 60.45
86.7 , 59.8
86.9 , 60.42
86.37 , 59.72
86.33 , 59.65
86.56 , 59.42
86.88 , 59.83
86.54 , 60.41
86.41 , 60.25
86.62 , 59.98
86.42 , 60.26
87.06 , 59.71
86.8 , 60.23
86.54 , 59.71
86.9 , 59.75
86.66 , 60.29
86.54 , 60.0
85.98 , 59.64
86.63 , 60.12
86.29 , 59.72
86.82 , 59.92
86.97 , 60.02
86.35 , 60.16
86.67 , 60.42
86.59 , 60.12
86.96 , 59.95
86.88 , 59.56
87.28 , 59.87
86.45 , 59.92
86.5 , 59.86
87.1 , 59.8
87.29 , 59.67
86.69 , 60.19
87.15 , 59.91
86.58 , 60.01
86.69 , 60.31
86.81 , 60.25
86.76 , 60.08
86.59 , 59.53
86.95 , 59.66
86.95 , 59.73
86.49 , 59.82
86.63 , 59.99
86.6 , 59.8
86.7 , 60.15
86.64 , 59.91
86.98 , 60.1
86.65 , 59.86
86.57 , 60.12
87.5 , 59.36
87.09 , 59.85
86.79 , 60.28
86.78 , 60.17
86.77 , 59.49
86.92 , 59.99
87.09 , 60.41
86.9 , 60.41
86.7 , 60.23
86.93 , 59.94
86.55 , 59.94
86.72 , 59.93
87.21 , 60.17
86.99 , 59.92
86.75 , 60.08
86.8 , 60.02
87.61 , 59.55
86.78 , 60.08
87.15 , 60.02
87.2 , 59.72
86.48 , 60.29
86.88 , 60.34
87.4 , 59.69
87.15 , 59.75
86.71 , 59.79
87.05 , 59.81
86.75 , 60.26
87.09 , 59.66
87.24 , 59.94
87.31 , 59.9
87.33 , 59.73
86.66 , 60.16
86.87 , 60.38
86.92 , 59.98
86.98 , 59.83
87.28 , 59.72
87.05 , 60.19
86.62 , 60.07
87.12 , 60.09
86.84 , 60.18
86.81 , 59.72
87.05 , 60.08
86.8 , 59.7
86.87 , 59.88
86.92 , 59.91
86.91 , 60.24
87.39 , 60.05
87.5 , 59.6
87.26 , 60.28
86.99 , 60.07
86.6 , 59.55
87.15 , 60.11
87.58 , 59.79
86.86 , 60.08
87.24 , 60.6
86.93 , 59.82
86.96 , 59.85
87.11 , 59.94
86.84 , 60.09
87.07 , 60.24
87.42 , 60.1
87.16 , 59.91
87.03 , 60.26
87.4 , 60.18
87.76 , 60.44
87.43 , 59.91
87.11 , 59.74
87.44 , 60.33
87.27 , 60.21
86.97 , 60.29
87.39 , 59.93
86.86 , 59.84
87.15 , 59.84
87.16 , 60.1
87.18 , 60.5
87.7 , 60.01
87.22 , 60.25
87.06 , 60.22
87.45 , 59.97
86.83 , 60.37
86.97 , 59.65
87.5 , 60.06
87.2 , 59.92
87.19 , 59.98
87.36 , 60.19
87.3 , 59.79
87.15 , 59.59
87.04 , 59.98
87.44 , 60.08
87.49 , 59.78
86.74 , 59.87
87.63 , 59.59
87.36 , 59.72
87.31 , 60.0
87.22 , 59.2
87.58 , 60.09
87.07 , 59.84
87.18 , 60.29
87.42 , 59.81
87.55 , 60.13
87.46 , 60.03
87.25 , 59.76
87.29 , 60.05
87.35 , 59.89
87.44 , 60.24
87.62 , 60.23
87.46 , 59.94
87.33 , 60.19
87.54 , 59.79
86.89 , 59.8
87.57 , 59.96
87.02 , 60.36
87.82 , 60.1
87.51 , 60.15
87.39 , 60.04
87.12 , 59.93
87.49 , 60.02
87.55 , 59.4
87.77 , 59.85
87.17 , 59.39
87.27 , 60.16
86.97 , 59.42
87.43 , 60.09
87.23 , 59.81
87.64 , 59.65
87.17 , 60.51
87.47 , 59.87
87.45 , 59.79
87.32 , 60.23
87.41 , 60.4
87.44 , 60.5
87.51 , 60.04
87.4 , 59.95
87.34 , 59.78
87.36 , 59.93
87.54 , 59.86
87.06 , 60.19
87.1 , 60.59
87.47 , 59.8
87.25 , 59.74
87.46 , 60.23
87.89 , 59.78
87.44 , 60.15
87.55 , 60.02
87.24 , 59.56
87.31 , 60.14
87.52 , 60.03
87.56 , 59.92
87.5 , 60.3
87.57 , 60.27
87.32 , 59.86
88.05 , 60.04
87.14 , 59.75
87.74 , 59.95
88.11 , 59.79
87.43 , 60.13
87.58 , 60.15
87.36 , 59.6
87.58 , 59.79
87.92 , 60.43
87.93 , 60.4
87.19 , 60.13
87.59 , 59.87
87.58 , 59.57
87.51 , 60.21
87.56 , 60.12
88.08 , 59.86
87.28 , 59.85
87.34 , 59.75
87.34 , 59.5
87.83 , 60.1
88.05 , 60.38
87.53 , 59.84
87.56 , 59.77
87.76 , 60.04
87.66 , 60.12
87.72 , 59.76
87.6 , 60.37
87.47 , 59.9
87.58 , 59.91
87.74 , 60.38
87.75 , 59.62
87.75 , 60.27
87.44 , 60.14
87.56 , 59.96
87.66 , 60.09
87.7 , 60.13
87.72 , 60.3
87.93 , 60.1
87.92 , 60.39
87.8 , 59.9
87.75 , 60.19
87.16 , 60.22
87.49 , 60.14
87.81 , 59.95
87.84 , 59.72
88.03 , 59.97
87.67 , 60.32
88.37 , 60.19
87.93 , 60.06
87.72 , 59.75
87.68 , 59.96
87.6 , 60.22
88.24 , 59.81
87.89 , 59.75
88.17 , 59.67
87.79 , 60.35
87.85 , 60.26
87.78 , 59.7
87.77 , 60.21
87.68 , 60.01
87.91 , 59.92
88.21 , 60.18
88.18 , 60.23
87.47 , 60.19
87.89 , 59.66
87.79 , 59.85
87.72 , 60.37
87.48 , 60.21
88.29 , 59.84
87.89 , 59.63
87.97 , 59.83
87.78 , 59.67
87.61 , 60.22
87.41 , 59.91
87.82 , 60.37
88.12 , 59.86
87.87 , 60.39
87.74 , 60.27
88.03 , 59.74
87.92 , 59.85
87.77 , 59.83
87.85 , 59.82
87.6 , 59.9
87.57 , 60.26
87.87 , 59.62
87.77 , 59.94
88.07 , 60.05
87.83 , 60.33
87.91 , 59.97
88.1 , 60.05
88.23 , 60.14
87.82 , 59.76
87.79 , 60.29
88.25 , 59.75
87.53 , 60.22
88.01 , 60.01
88.35 , 60.16
88.39 , 60.28
87.63 , 60.35
88.39 , 59.96
88.05 , 60.0
87.49 , 60.48
87.6 , 59.77
88.07 , 59.96
87.87 , 60.26
88.18 , 59.92
87.92 , 60.21
88.33 , 59.78
87.87 , 60.02
88.09 , 59.84
87.78 , 60.16
87.86 , 59.65
87.95 , 59.52
88.17 , 59.52
87.85 , 60.04
88.4 , 60.18
88.05 , 59.99
88.17 , 59.92
88.26 , 59.99
88.24 , 59.76
88.16 , 59.74
87.9 , 59.87
87.85 , 60.45
88.15 , 60.15
88.52 , 60.04
88.4 , 59.82
87.8 , 60.44
88.44 , 59.98
88.01 , 60.18
88.09 , 60.47
88.41 , 59.45
88.07 , 59.85
88.24 , 59.93
88.28 , 59.97
88.09 , 60.2
88.03 , 59.95
88.18 , 60.09
87.98 , 59.84
88.2 , 60.25
88.21 , 60.59
88.5 , 59.99
88.52 , 60.45
88.05 , 59.71
88.26 , 60.13
88.11 , 59.97
88.12 , 60.0
88.29 , 59.51
88.52 , 59.97
88.33 , 59.74
87.93 , 59.83
88.19 , 60.13
88.57 , 60.2
87.82 , 60.13
88.15 , 60.12
88.08 , 59.81
88.41 , 60.06
88.37 , 60.07
88.33 , 59.81
88.27 , 60.47
88.57 , 59.8
88.13 , 60.16
87.9 , 59.94
88.26 , 60.41
88.28 , 60.08
88.38 , 59.96
88.37 , 60.0
88.42 , 60.0
88.52 , 60.01
88.32 , 59.92
88.17 , 59.81
88.36 , 59.91
88.49 , 60.3
88.34 , 60.09
88.52 , 59.92
88.39 , 59.86
88.54 , 59.94
88.38 , 59.87
88.67 , 60.31
88.17 , 59.93
88.57 , 59.84
88.44 , 60.18
88.47 , 60.1
88.8 , 60.01
88.14 , 59.59
88.55 , 60.23
88.54 , 60.01
88.1 , 60.26
88.86 , 59.89
88.24 , 59.62
88.45 , 59.94
88.42 , 60.41
87.94 , 59.43
88.84 , 59.88
88.34 , 59.68
88.21 , 59.72
88.13 , 60.03
88.75 , 59.78
87.92 , 59.48
88.67 , 60.03
88.61 , 59.46
88.12 , 59.96
88.53 , 60.59
88.36 , 60.07
88.65 , 60.22
88.24 , 60.14
88.35 , 59.77
88.7 , 59.7
88.29 , 60.49
88.78 , 60.13
88.92 , 60.01
88.54 , 59.99
88.37 , 59.83
88.6 , 59.92
88.59 , 59.9
88.13 , 59.9
88.59 , 60.33
88.64 , 59.63
88.79 , 60.14
88.47 , 60.12
88.32 , 60.0
88.55 , 59.92
88.63 , 60.13
88.59 , 60.25
88.25 , 60.14
88.62 , 59.94
88.36 , 59.44
88.8 , 60.23
89.18 , 60.46
88.79 , 60.05
88.41 , 60.24
88.61 , 59.87
88.8 , 59.98
87.9 , 59.2
88.39 , 59.72
88.97 , 60.28
88.55 , 60.15
88.16 , 59.94
88.81 , 60.23
88.4 , 59.95
88.91 , 59.89
88.85 , 59.74
88.4 , 60.31
89.19 , 60.22
88.38 , 59.92
88.56 , 59.95
88.22 , 60.03
88.69 , 60.21
88.92 , 60.08
88.41 , 59.77
88.56 , 60.02
88.93 , 60.11
88.43 , 59.73
88.51 , 59.98
88.55 , 60.58
88.57 , 59.95
88.97 , 60.42
89.13 , 59.86
89.05 , 60.08
88.62 , 60.07
88.76 , 60.07
88.84 , 59.99
88.48 , 59.97
88.49 , 59.85
88.87 , 60.12
89.02 , 60.26
88.79 , 60.03
88.49 , 59.72
88.67 , 59.65
89.34 , 60.41
89.0 , 59.88
88.83 , 59.99
88.37 , 59.94
89.03 , 60.06
88.62 , 59.53
88.58 , 59.73
88.61 , 60.14
88.43 , 59.81
88.49 , 59.65
88.79 , 60.33
88.59 , 59.61
88.75 , 59.7
88.97 , 60.03
88.56 , 59.71
88.79 , 59.9
88.88 , 60.08
89.22 , 59.97
89.2 , 59.87
88.65 , 60.33
88.82 , 60.41
88.84 , 60.35
89.06 , 59.65
88.91 , 60.01
89.36 , 59.98
88.81 , 60.08
89.17 , 60.48
88.55 , 59.99
89.0 , 59.59
88.52 , 60.27
88.87 , 59.86
88.6 , 59.75
89.28 , 60.24
88.78 , 59.79
88.6 , 59.8
88.7 , 59.81
89.54 , 59.99
89.17 , 60.14
88.84 , 59.8
89.38 , 59.79
89.27 , 59.73
89.15 , 59.7
89.48 , 60.35
89.23 , 60.17
88.75 , 59.71
89.31 , 59.96
89.22 , 59.91
89.07 , 60.12
88.65 , 60.55
89.06 , 60.22
88.64 , 59.9
88.78 , 59.86
88.88 , 59.89
89.08 , 59.83
88.87 , 59.99
89.49 , 60.25
89.3 , 59.65
88.73 , 60.32
88.98 , 59.47
89.13 , 60.03
88.39 , 59.78
88.76 , 60.07
88.57 , 60.09
89.16 , 59.62
88.89 , 60.06
88.93 , 59.9
89.25 , 59.84
88.5 , 59.76
89.17 , 60.25
89.2 , 60.19
88.91 , 59.47
89.22 , 60.25
89.31 , 59.8
88.98 , 60.08
88.68 , 59.85
89.15 , 60.12
89.13 , 60.23
89.28 , 59.83
88.73 , 59.98
89.48 , 60.19
89.15 , 59.59
89.25 , 60.31
88.69 , 59.7
88.89 , 60.03
89.26 , 60.04
89.46 , 60.01
89.32 , 60.59
89.2 , 59.89
89.0 , 60.07
89.09 , 59.89
88.93 , 60.11
89.4 , 59.79
88.98 , 60.02
89.06 , 59.87
89.21 , 60.19
89.18 , 59.73
89.01 , 60.03
89.38 , 60.08
89.55 , 59.97
89.11 , 60.43
89.04 , 59.95
89.42 , 60.03
89.05 , 59.96
88.94 , 60.17
89.44 , 60.15
89.5 , 59.91
89.4 , 60.21
89.14 , 60.0
89.12 , 59.98
89.68 , 59.39
89.42 , 59.96
89.38 , 60.2
89.35 , 60.26
88.89 , 59.92
89.26 , 60.22
89.26 , 60.22
88.88 , 60.07
89.34 , 60.16
89.32 , 59.77
89.68 , 59.96
88.99 , 59.98
89.23 , 59.56
89.13 , 60.2
89.4 , 60.42
89.04 , 60.22
89.66 , 59.8
89.24 , 60.17
89.46 , 59.8
89.59 , 59.68
88.86 , 60.11
89.33 , 59.76
89.25 , 60.31
89.22 , 59.95
89.68 , 59.99
89.43 , 59.8
89.22 , 60.16
89.23 , 60.06
89.37 , 59.82
88.97 , 59.88
89.41 , 59.99
89.23 , 60.07
89.06 , 60.29
89.1 , 59.91
89.32 , 60.16
89.17 , 60.01
89.09 , 59.87
89.48 , 60.08
89.25 , 60.15
89.22 , 60.22
89.24 , 60.24
89.46 , 59.77
89.4 , 60.37
89.56 , 60.0
89.3 , 59.77
89.46 , 60.47
89.67 , 60.26
88.8 , 60.29
89.28 , 60.14
89.31 , 60.12
89.56 , 60.28
89.31 , 60.19
89.65 , 60.15
89.27 , 59.99
89.39 , 59.98
89.39 , 59.88
89.92 , 60.31
89.65 , 59.77
89.61 , 59.97
89.03 , 59.97
89.28 , 60.09
89.44 , 59.85
89.8 , 60.11
89.34 , 59.48
89.21 , 59.78
89.19 , 60.11
89.54 , 59.88
89.02 , 60.07
89.33 , 59.41
89.67 , 60.24
89.57 , 59.9
89.45 , 59.85
89.68 , 60.19
89.55 , 59.86
89.06 , 59.88
89.21 , 59.98
89.55 , 60.1
89.58 , 60.21
89.51 , 60.29
89.9 , 60.52
89.57 , 59.86
89.54 , 60.08
89.81 , 60.02
90.19 , 60.36
89.53 , 59.93
89.53 , 60.02
89.99 , 60.09
89.58 , 60.13
90.1 , 60.06
89.44 , 60.0
89.52 , 60.03
89.71 , 60.17
89.66 , 60.1
89.53 , 59.91
90.15 , 59.63
89.46 , 59.99
89.98 , 60.25
89.66 , 59.74
89.82 , 60.54
89.46 , 60.3
89.66 , 60.2
89.83 , 60.08
89.85 , 60.07
89.69 , 59.72
90.09 , 59.77
90.08 , 59.72
89.75 , 59.83
89.79 , 60.25
89.63 , 59.97
89.8 , 60.29
89.49 , 59.98
89.31 , 59.54
89.61 , 59.85
90.21 , 59.59
89.7 , 60.4
89.77 , 60.07
89.2 , 60.57
89.54 , 59.65
89.4 , 60.01
89.78 , 59.76
90.12 , 59.92
89.61 , 59.86
89.63 , 59.79
90.08 , 59.6
89.59 , 59.87
89.86 , 59.98
90.09 , 60.14
89.97 , 59.96
89.88 , 59.82
89.88 , 59.81
89.51 , 59.82
89.73 , 60.07
89.87 , 59.6
89.64 , 59.92
89.7 , 60.36
89.75 , 60.27
89.4 , 59.85
89.59 , 60.12
89.63 , 59.84
89.84 , 59.96
90.68 , 60.46
89.67 , 59.41
89.43 , 60.45
89.93 , 60.17
89.39 , 59.95
89.88 , 59.79
89.66 , 60.12
89.95 , 60.0
90.05 , 60.06
89.95 , 59.9
89.6 , 60.47
90.07 , 60.46
89.91 , 60.73
89.98 , 59.87
89.96 , 59.45
90.05 , 60.66
90.19 , 59.75
89.66 , 59.95
89.97 , 59.53
90.25 , 59.92
89.9 , 59.97
90.11 , 60.23
90.12 , 60.18
90.08 , 59.97
89.92 , 59.91
89.79 , 60.52
89.64 , 59.96
89.82 , 59.71
90.14 , 60.0
89.69 , 59.66
90.35 , 59.5
90.2 , 60.16
90.11 , 60.21
89.96 , 59.77
90.12 , 60.46
90.25 , 59.87
89.91 , 60.2
90.17 , 59.81
90.14 , 60.03
90.27 , 59.85
90.17 , 59.88
90.06 , 60.11
90.09 , 60.38
89.85 , 60.17
89.73 , 60.68
89.43 , 59.7
89.63 , 60.33
89.76 , 59.53
90.3 , 59.68
89.82 , 60.23
89.85 , 60.19
90.17 , 60.08
90.09 , 59.99
90.37 , 59.81
90.02 , 59.62
90.02 , 59.66
90.45 , 59.53
90.31 , 59.62
89.8 , 59.69
89.82 , 59.85
89.4 , 60.04
89.73 , 60.33
89.84 , 60.28
89.63 , 59.2
90.47 , 60.04
89.98 , 59.45
90.2 , 59.87
90.58 , 59.85
89.68 , 59.82
90.27 , 59.78
90.13 , 59.63
89.58 , 59.74
89.74 , 59.94
89.92 , 59.79
89.57 , 59.73
90.33 , 59.89
90.3 , 59.49
90.2 , 60.33
90.15 , 59.79
89.52 , 59.89
90.41 , 60.08
90.02 , 59.98
90.25 , 60.19
89.89 , 59.49
89.96 , 59.22
90.12 , 60.26
90.19 , 59.65
90.34 , 59.62
90.05 , 60.02
90.13 , 59.42
89.65 , 60.27
89.87 , 60.06
90.07 , 59.39
90.17 , 59.27
90.51 , 59.77
89.93 , 59.91
90.12 , 59.49
89.82 , 59.45
90.33 , 60.08
89.87 , 59.56
90.12 , 59.83
90.17 , 59.45
89.63 , 59.53
90.16 , 59.73
89.6 , 59.84
89.91 , 59.2
89.86 , 59.81
89.57 , 59.68
90.3 , 59.61
89.98 , 59.75
90.3 , 59.53
90.09 , 59.7
90.56 , 59.44
90.25 , 59.5
90.25 , 60.25
89.9 , 60.11
89.87 , 59.96
90.08 , 59.49
89.9 , 59.34
89.7 , 59.3
90.33 , 59.7
89.95 , 60.06
90.25 , 59.51
89.72 , 59.63
90.18 , 59.52
90.6 , 59.6
90.39 , 59.6
90.23 , 59.46
90.16 , 59.49
90.17 , 59.97
89.9 , 59.9
90.03 , 59.45
90.55 , 59.3
89.67 , 59.75
89.54 , 59.75
89.77 , 59.81
89.83 , 59.74
89.88 , 59.65
90.21 , 59.72
90.19 , 59.33
90.53 , 59.8
89.88 , 59.77
90.16 , 59.12
89.71 , 59.34
89.68 , 59.53
90.33 , 59.64
90.67 , 59.53
90.11 , 59.31
90.02 , 59.53
90.41 , 59.81
89.68 , 59.24
90.07 , 59.27
90.2 , 59.65
90.26 , 59.79
89.77 , 59.4
89.77 , 59.28
90.3 , 59.32
89.59 , 59.01
90.2 , 59.73
90.1 , 59.41
90.07 , 59.73
90.44 , 59.61
89.71 , 59.33
89.57 , 59.18
90.31 , 59.6
90.41 , 59.18
89.99 , 59.2
91.02 , 59.56
90.76 , 59.39
89.86 , 58.74
90.21 , 59.55
89.96 , 58.94
89.76 , 58.93
90.38 , 59.25
90.37 , 59.95
90.53 , 59.25
90.04 , 59.41
90.09 , 59.04
90.17 , 59.33
89.85 , 59.29
90.17 , 59.68
90.27 , 59.26
89.87 , 59.32
89.82 , 59.41
90.23 , 58.79
90.39 , 59.04
90.06 , 59.34
90.0 , 59.79
90.08 , 59.58
90.0 , 59.32
90.14 , 59.44
90.21 , 59.44
89.71 , 59.7
89.88 , 59.67
89.96 , 59.81
90.19 , 59.42
89.86 , 59.43
90.24 , 59.26
89.81 , 59.63
90.02 , 59.06
90.05 , 59.27
90.4 , 59.45
89.86 , 59.21
89.86 , 59.54
90.56 , 59.27
89.39 , 59.24
89.67 , 59.51
90.08 , 59.27
89.89 , 59.59
89.99 , 59.75
90.12 , 59.25
90.02 , 59.26
90.37 , 59.48
90.08 , 59.42
90.3 , 59.25
89.89 , 59.04
90.33 , 58.68
90.01 , 59.51
89.87 , 59.11
90.24 , 58.5
90.24 , 59.23
90.33 , 59.53
90.36 , 59.04
90.06 , 59.19
90.04 , 58.91
90.09 , 59.41
90.35 , 59.21
90.01 , 59.21
90.38 , 58.96
90.07 , 59.2
90.23 , 58.62
90.17 , 59.04
90.42 , 59.21
90.15 , 59.17
90.01 , 58.95
90.22 , 59.37
90.33 , 58.92
90.22 , 59.63
90.17 , 59.4
90.12 , 58.92
89.99 , 59.19
90.15 , 58.95
90.34 , 58.84
90.08 , 59.21
90.3 , 59.33
89.93 , 59.1
89.95 , 59.3
90.04 , 58.75
89.79 , 59.0
89.94 , 59.25
90.43 , 59.01
90.09 , 58.95
90.2 , 59.37
90.22 , 59.41
90.07 , 58.81
90.28 , 58.76
90.21 , 59.2
90.33 , 59.4
89.97 , 58.75
89.67 , 58.67
90.16 , 59.21
90.34 , 59.11
90.39 , 59.21
90.24 , 59.18
90.27 , 58.9
90.41 , 58.86
90.27 , 58.98
90.47 , 58.85
90.17 , 58.96
90.51 , 59.3
89.79 , 58.8
90.25 , 58.91
90.18 , 58.37
90.44 , 58.87
90.1 , 58.82
90.33 , 59.19
90.18 , 58.74
89.96 , 59.11
89.74 , 59.02
90.55 , 58.99
90.0 , 59.23
89.45 , 59.04
90.27 , 59.53
90.3 , 58.9
90.3 , 59.11
89.86 , 58.74
89.99 , 58.21
89.7 , 59.05
89.91 , 59.23
90.37 , 58.41
90.52 , 59.14
90.4 , 58.37
90.12 , 58.48
90.08 , 59.3
89.9 , 58.86
90.17 , 58.74
90.07 , 59.0
90.18 , 58.85
90.59 , 59.05
90.25 , 58.49
90.2 , 59.3
90.09 , 58.87
90.04 , 58.5
90.38 , 58.73
90.01 , 58.82
90.1 , 58.49
90.63 , 58.88
90.0 , 58.79
90.11 , 58.94
90.37 , 59.01
89.57 , 58.88
90.68 , 59.18
89.84 , 58.74
90.29 , 58.81
90.3 , 58.58
90.26 , 58.76
89.96 , 58.7
89.53 , 58.75
90.17 , 58.87
90.32 , 58.76
90.3 , 58.68
90.16 , 58.96
90.32 , 58.51
89.87 , 58.17
90.06 , 58.89
90.03 , 59.1
89.78 , 58.83
90.21 , 58.39
90.32 , 58.97
90.1 , 58.35
90.21 , 58.62
90.33 , 58.51
89.83 , 58.51
90.66 , 58.49
90.04 , 58.84
90.2 , 58.43
90.3 , 58.67
90.21 , 58.59
90.17 , 59.04
90.02 , 58.69
90.1 , 58.77
90.11 , 58.78
90.37 , 58.22
90.24 , 59.13
89.94 , 59.01
90.24 , 58.85
90.21 , 58.56
90.61 , 58.62
90.55 , 58.73
90.67 , 58.26
90.22 , 57.99
90.16 , 58.62
90.3 , 58.66
90.33 , 58.98
90.08 , 58.99
89.94 , 58.31
89.97 , 58.48
90.1 , 58.54
90.1 , 58.38
90.65 , 58.81
90.19 , 58.62
89.85 , 58.59
90.05 , 58.66
89.97 , 58.31
89.73 , 58.72
90.24 , 58.31
90.01 , 58.93
90.56 , 58.42
90.48 , 58.14
90.14 , 58.3
89.98 , 58.56
89.85 , 58.54
90.19 , 58.28
90.45 , 58.43
90.13 , 58.2
90.38 , 58.36
90.54 , 58.42
90.39 , 58.71
90.07 , 58.34
90.14 , 58.22
90.26 , 58.59
90.46 , 58.5
90.05 , 58.16
90.3 , 58.15
90.15 , 58.88
90.41 , 58.25
90.28 , 58.39
90.2 , 59.07
89.81 , 58.39
90.13 , 58.31
90.29 , 58.22
90.06 , 58.51
90.22 , 58.56
90.43 , 58.61
90.21 , 58.6
90.23 , 58.39
90.5 , 58.45
90.56 , 58.45
90.33 , 58.24
90.26 , 58.13
90.51 , 58.46
90.58 , 58.53
90.41 , 58.58
89.73 , 58.42
90.34 , 58.38
90.24 , 58.03
90.34 , 58.34
90.34 , 58.28
90.17 , 58.39
90.18 , 58.34
90.51 , 58.41
90.35 , 57.8
90.72 , 58.19
89.89 , 58.38
90.16 , 58.03
90.4 , 58.29
90.23 , 58.28
90.17 , 58.21
89.78 , 58.76
89.86 , 58.61
90.34 , 57.88
90.31 , 58.38
90.3 , 58.21
90.14 , 58.46
90.17 , 58.37
90.56 , 58.35
89.96 , 58.48
90.4 , 58.44
90.29 , 58.64
90.53 , 58.11
90.71 , 58.15
90.3 , 58.29
90.25 , 58.42
90.62 , 58.16
90.49 , 58.4
90.11 , 58.37
90.37 , 58.52
90.27 , 58.3
90.97 , 57.52
90.71 , 58.08
90.04 , 58.3
90.38 , 58.37
90.09 , 58.13
90.46 , 58.28
90.5 , 58.04
90.33 , 58.38
90.11 , 57.67
90.52 , 58.49
90.0 , 58.23
90.56 , 57.94
90.07 , 57.93
90.41 , 58.22
90.81 , 58.11
90.08 , 58.27
90.23 , 58.26
90.45 , 58.12
90.26 , 58.25
89.95 , 57.85
89.85 , 58.09
90.38 , 57.83
90.74 , 57.9
90.62 , 58.18
90.21 , 58.38
90.14 , 58.1
90.28 , 58.28
90.39 , 58.33
90.89 , 58.34
90.03 , 58.07
90.53 , 58.0
90.2 , 57.91
90.67 , 58.14
90.49 , 57.55
90.46 , 58.52
90.08 , 58.27
89.62 , 58.53
90.37 , 58.02
90.48 , 57.88
90.37 , 58.25
90.5 , 58.45
90.34 , 58.18
90.33 , 58.12
90.12 , 58.41
90.23 , 57.81
90.1 , 57.96
90.32 , 58.15
90.13 , 58.19
89.98 , 57.92
90.48 , 57.72
90.22 , 57.87
90.5 , 58.05
90.76 , 58.04
90.48 , 57.78
90.17 , 58.08
89.88 , 57.73
90.29 , 58.07
90.32 , 57.73
90.35 , 58.16
89.94 , 57.97
90.19 , 57.88
90.3 , 57.94
90.38 , 58.33
90.53 , 58.09
90.7 , 58.04
90.7 , 57.72
90.55 , 58.07
90.5 , 57.79
90.85 , 57.42
90.14 , 58.14
90.31 , 57.51
90.56 , 58.01
90.19 , 57.78
90.03 , 57.94
90.52 , 57.81
90.62 , 57.79
90.14 , 58.24
90.22 , 57.68
90.59 , 57.78
90.22 , 57.77
90.3 , 58.1
89.95 , 58.27
89.87 , 57.98
90.13 , 57.77
89.99 , 58.1
90.35 , 58.19
90.51 , 57.9
90.38 , 58.06
90.5 , 57.75
90.52 , 57.76
90.31 , 58.23
90.49 , 57.46
90.12 , 58.08
90.59 , 57.81
90.51 , 57.82
89.74 , 57.97
90.1 , 57.72
90.59 , 57.7
90.56 , 57.74
90.11 , 57.6
90.63 , 57.59
90.88 , 57.68
90.6 , 57.82
90.29 , 58.22
90.04 , 57.57
90.62 , 57.91
90.2 , 57.28
90.16 , 57.62
90.08 , 57.73
90.03 , 57.48
90.36 , 57.62
90.2 , 57.85
90.49 , 57.39
90.29 , 57.59
90.05 , 57.38
90.28 , 58.23
90.27 , 57.74
90.45 , 57.91
90.62 , 57.88
90.38 , 57.33
90.74 , 57.84
90.64 , 57.61
90.11 , 57.66
90.5 , 57.7
90.16 , 57.11
90.34 , 57.71
90.26 , 57.81
90.42 , 57.54
89.99 , 57.45
90.41 , 57.58
90.89 , 58.49
90.67 , 57.43
90.25 , 57.72
90.26 , 57.79
90.36 , 57.86
90.28 , 58.16
90.19 , 57.55
89.8 , 57.48
90.17 , 57.31
90.27 , 57.67
90.85 , 57.91
90.64 , 57.46
90.74 , 57.37
90.01 , 57.81
90.43 , 57.37
90.15 , 57.64
90.57 , 57.49
90.68 , 57.47
90.0 , 57.55
90.04 , 57.61
90.24 , 57.99
90.37 , 57.24
90.06 , 57.47
89.98 , 57.43
90.31 , 57.96
90.26 , 57.37
90.41 , 58.04
89.83 , 57.82
90.23 , 57.68
90.2 , 57.42
90.36 , 57.09
90.22 , 57.38
90.09 , 57.44
90.44 , 57.4
90.0 , 57.5
90.47 , 57.45
90.13 , 57.84
90.32 , 57.19
90.24 , 57.29
90.18 , 57.0
90.46 , 57.47
90.35 , 57.61
90.61 , 57.66
90.52 , 57.37
90.71 , 57.13
90.35 , 57.5
90.11 , 57.3
90.22 , 57.66
90.0 , 57.7
90.78 , 57.27
90.59 , 57.34
90.46 , 57.14
90.17 , 57.79
90.56 , 56.8
90.31 , 56.95
89.93 , 57.71
90.17 , 57.14
90.16 , 57.43
90.47 , 57.4
90.22 , 57.52
90.41 , 57.69
90.23 , 57.44
90.45 , 57.14
90.62 , 57.06
90.27 , 57.58
90.36 , 57.69
90.28 , 57.37
90.22 , 57.7
90.56 , 57.55
90.2 , 57.31
90.32 , 57.08
90.59 , 57.49
90.28 , 57.29
90.23 , 57.35
90.23 , 57.31
90.42 , 57.41
90.18 , 57.16
90.24 , 57.07
90.66 , 57.57
90.51 , 57.44
90.5 , 57.11
90.43 , 57.04
90.41 , 57.46
90.33 , 57.02
90.3 , 56.55
90.13 , 57.19
90.27 , 57.06
90.45 , 57.57
90.22 , 57.02
90.5 , 57.02
90.35 , 57.64
90.51 , 57.13
90.04 , 57.37
90.54 , 57.1
91.08 , 56.51
90.62 , 57.56
89.99 , 57.07
89.94 , 56.78
90.78 , 57.24
90.47 , 57.39
89.8 , 57.26
90.47 , 57.34
90.07 , 56.71
90.27 , 57.13
90.21 , 57.48
90.32 , 57.47
90.53 , 57.2
90.46 , 57.24
90.14 , 57.42
90.44 , 56.99
90.35 , 57.19
90.8 , 56.59
90.63 , 56.97
90.4 , 57.16
90.21 , 57.44
90.65 , 56.93
90.27 , 56.95
90.37 , 56.95
90.3 , 56.99
90.37 , 56.88
90.31 , 56.83
90.46 , 57.29
90.19 , 57.26
90.28 , 56.92
90.8 , 56.93
90.14 , 57.14
90.68 , 56.89
90.53 , 57.28
90.56 , 56.91
90.61 , 56.92
90.19 , 56.83
90.34 , 57.63
90.51 , 57.06
90.45 , 56.99
90.67 , 56.86
90.3 , 57.38
89.82 , 56.57
90.68 , 57.17
90.58 , 56.96
89.99 , 57.26
90.88 , 57.13
90.52 , 56.64
90.66 , 57.28
90.38 , 56.54
89.83 , 56.84
90.49 , 57.24
90.55 , 56.7
90.53 , 56.99
90.5 , 57.15
90.68 , 57.3
90.57 , 57.1
90.47 , 57.12
90.05 , 57.33
90.45 , 56.71
90.68 , 56.79
90.61 , 56.91
90.46 , 57.02
90.77 , 56.98
90.45 , 56.91
90.66 , 56.92
90.54 , 57.0
90.56 , 56.43
90.87 , 56.71
89.94 , 57.17
91.04 , 57.09
90.47 , 56.77
90.24 , 56.98
90.59 , 57.12
90.51 , 57.62
90.39 , 56.57
91.08 , 56.58
90.67 , 56.83
90.41 , 56.75
90.45 , 56.77
90.3 , 56.99
90.75 , 57.14
90.59 , 56.74
90.41 , 57.06
90.4 , 57.18
90.74 , 57.35
90.44 , 56.6
90.41 , 57.03
90.67 , 56.72
90.5 , 56.97
90.38 , 56.77
90.49 , 57.07
90.61 , 56.68
90.4 , 56.6
90.79 , 57.21
90.64 , 56.9
90.84 , 57.07
90.54 , 56.98
90.87 , 56.91
90.6 , 56.77
90.5 , 57.12
90.46 , 57.16
90.47 , 57.11
90.58 , 56.76
91.2 , 57.24
90.41 , 56.79
90.84 , 56.91
90.46 , 56.79
90.44 , 57.04
90.79 , 57.12
90.31 , 56.75
90.22 , 56.71
90.39 , 56.66
90.64 , 56.27
90.44 , 56.79
89.79 , 56.31
90.41 , 56.8
90.31 , 56.68
90.48 , 56.56
90.08 , 56.42
90.5 , 56.83
90.11 , 56.7
90.48 , 57.24
90.43 , 56.34
90.34 , 56.97
90.14 , 57.14
90.51 , 56.96
90.26 , 56.65
90.52 , 56.05
89.87 , 56.73
90.35 , 56.85
90.29 , 56.55
90.81 , 57.26
90.27 , 56.86
90.68 , 56.56
90.48 , 56.82
90.53 , 56.67
90.41 , 56.67
90.5 , 56.82
90.51 , 57.19
90.55 , 56.86
90.62 , 56.85
90.29 , 56.18
90.64 , 56.74
90.18 , 56.51
90.7 , 56.89
89.77 , 56.64
90.88 , 56.51
90.46 , 56.58
90.59 , 56.33
90.6 , 56.21
90.44 , 56.58
90.31 , 56.43
90.48 , 56.24
90.5 , 56.51
90.39 , 56.79
90.53 , 56.36
90.58 , 57.02
90.32 , 56.63
90.25 , 56.66
90.23 , 56.26
90.71 , 56.41
90.28 , 56.57
90.94 , 56.41
90.2 , 56.83
90.71 , 56.53
90.66 , 56.85
90.02 , 56.6
90.69 , 56.23
90.56 , 57.15
90.7 , 56.82
90.45 , 57.0
90.65 , 56.56
90.62 , 56.66
90.35 , 56.69
90.7 , 56.62
90.12 , 56.4
90.3 , 56.51
90.86 , 56.35
90.46 , 56.88
90.23 , 56.02
90.39 , 56.7
90.64 , 56.11
90.84 , 56.68
90.69 , 56.6
90.57 , 56.4
90.34 , 56.51
90.8 , 56.62
90.51 , 56.45
90.26 , 56.52
90.24 , 56.76
90.76 , 56.32
90.3 , 56.27
90.61 , 56.22
90.71 , 56.33
90.62 , 56.58
90.57 , 56.06
90.25 , 56.64
90.46 , 56.69
90.06 , 56.43
90.57 , 56.28
90.72 , 56.74
90.99 , 56.71
90.8 , 56.43
90.84 , 56.33
90.28 , 56.04
90.41 , 56.3
90.4 , 56.67
90.34 , 56.65
90.61 , 56.54
90.69 , 56.29
90.35 , 56.22
90.91 , 56.45
90.72 , 56.32
90.2 , 55.85
90.38 , 56.23
90.32 , 56.23
90.6 , 56.43
90.63 , 56.58
90.29 , 56.15
90.13 , 56.26
90.86 , 56.62
90.56 , 55.54
90.62 , 56.12
90.64 , 55.91
90.5 , 55.98
90.49 , 55.96
90.4 , 56.4
90.49 , 56.77
90.4 , 56.54
90.69 , 56.2
90.44 , 55.9
90.71 , 56.1
90.12 , 56.13
90.17 , 56.2
90.37 , 56.73
90.18 , 56.37
90.38 , 56.17
90.48 , 55.95
90.59 , 56.21
90.77 , 56.12
90.84 , 56.48
90.36 , 55.96
90.36 , 55.85
90.31 , 56.52
90.44 , 56.27
90.25 , 56.3
90.48 , 56.41
90.34 , 56.12
90.82 , 55.67
90.16 , 56.27
90.44 , 55.73
90.14 , 55.65
90.68 , 56.03
90.58 , 56.08
90.53 , 55.7
90.74 , 56.19
90.47 , 55.91
90.42 , 56.05
90.87 , 56.36
90.38 , 56.1
90.84 , 56.04
90.44 , 56.15
90.65 , 56.02
90.53 , 56.02
90.94 , 55.72
90.72 , 56.33
90.74 , 55.56
90.54 , 56.05
89.92 , 56.08
90.9 , 55.94
90.44 , 56.3
90.62 , 55.87
90.62 , 56.07
90.58 , 55.97
90.77 , 56.14
90.4 , 55.71
90.31 , 56.05
90.91 , 55.91
90.28 , 55.9
90.93 , 55.91
90.67 , 56.13
90.93 , 55.71
90.56 , 56.3
90.75 , 55.57
90.35 , 56.07
90.64 , 55.98
90.45 , 55.6
90.52 , 56.23
90.96 , 56.3
90.69 , 55.73
90.58 , 56.27
90.67 , 56.29
90.54 , 56.16
90.33 , 55.88
90.79 , 55.93
90.42 , 56.05
90.58 , 56.02
90.36 , 55.9
90.45 , 55.97
90.43 , 56.06
90.58 , 55.55
90.87 , 55.76
90.81 , 55.52
90.43 , 56.03
90.7 , 55.98
90.14 , 55.73
90.17 , 55.48
90.84 , 56.16
90.73 , 55.85
90.36 , 55.63
90.43 , 55.79
90.58 , 55.91
90.31 , 55.89
90.56 , 55.85
90.43 , 55.7
90.11 , 56.32
90.56 , 56.11
90.69 , 55.54
90.67 , 55.55
89.87 , 55.88
90.46 , 55.84
90.7 , 56.09
90.86 , 55.75
90.63 , 55.51
90.94 , 55.71
90.8 , 55.58
90.65 , 55.42
91.06 , 55.89
90.53 , 55.57
90.55 , 55.83
90.59 , 55.75
90.4 , 55.48
90.57 , 55.71
90.55 , 56.02
90.59 , 55.55
90.67 , 55.68
90.56 , 55.6
90.48 , 56.08
90.4 , 55.67
90.75 , 55.55
90.83 , 55.71
90.83 , 56.15
90.35 , 55.82
90.6 , 55.53
90.6 , 55.68
90.79 , 55.39
90.77 , 55.39
90.69 , 55.61
90.58 , 55.58
90.31 , 56.13
90.15 , 55.77
90.77 , 55.58
90.48 , 56.06
90.55 , 56.02
90.56 , 55.7
90.44 , 55.76
90.59 , 55.79
90.86 , 55.73
90.04 , 55.38
90.7 , 55.62
90.66 , 55.5
90.96 , 55.69
90.3 , 55.6
90.51 , 55.47
90.48 , 55.76
90.9 , 55.82
90.73 , 55.56
90.86 , 55.37
90.77 , 55.56
90.62 , 55.47
90.52 , 55.62
90.69 , 55.75
90.54 , 55.35
90.51 , 55.53
90.4 , 55.71
90.46 , 55.55
90.69 , 55.34
91.08 , 55.76
90.62 , 55.82
90.77 , 55.69
90.18 , 55.17
90.84 , 55.29
90.71 , 55.26
90.74 , 55.59
90.64 , 55.6
90.86 , 54.96
90.65 , 55.61
90.61 , 54.97
90.65 , 55.43
90.68 , 55.15
90.6 , 55.44
90.86 , 55.1
90.66 , 55.17
90.48 , 55.28
91.1 , 55.16
90.76 , 55.51
90.44 , 55.14
90.76 , 55.76
90.44 , 55.61
90.78 , 55.8
90.4 , 55.22
90.69 , 55.23
90.61 , 55.01
90.93 , 55.12
90.26 , 55.86
90.21 , 55.16
90.98 , 55.36
90.48 , 55.33
90.68 , 55.12
90.72 , 55.44
90.63 , 55.47
90.27 , 55.42
90.44 , 55.27
90.76 , 55.52
90.84 , 54.8
90.63 , 55.13
91.0 , 55.49
91.16 , 55.28
90.46 , 55.62
90.45 , 55.58
90.37 , 55.57
90.68 , 55.16
90.43 , 55.12
90.97 , 55.24
90.2 , 54.96
91.02 , 55.39
91.0 , 55.47
90.74 , 55.59
90.67 , 55.79
91.08 , 55.34
90.22 , 55.45
91.41 , 55.12
90.71 , 55.43
90.99 , 55.94
90.31 , 55.11
90.6 , 55.08
90.32 , 55.12
90.32 , 55.54
90.47 , 55.4
90.9 , 55.1
90.6 , 55.27
90.81 , 55.19
90.77 , 55.39
90.8 , 55.63
90.82 , 55.36
90.3 , 55.18
90.35 , 55.04
90.89 , 54.86
90.43 , 55.39
90.56 , 55.05
90.38 , 55.11
90.44 , 55.07
90.87 , 55.39
90.78 , 55.18
90.73 , 55.26
90.07 , 55.17
90.35 , 54.85
90.52 , 55.43
90.86 , 55.05
90.6 , 55.73
90.86 , 55.28
90.7 , 55.32
90.58 , 54.8
90.8 , 54.7
91.06 , 55.48
90.71 , 55.19
90.57 , 54.98
91.03 , 54.79
90.85 , 55.31
90.74 , 55.01
91.01 , 55.12
90.65 , 55.13
90.55 , 54.61
90.63 , 54.53
90.94 , 55.26
90.61 , 55.16
90.64 , 54.86
91.03 , 54.99
91.16 , 55.53
90.85 , 55.0
90.54 , 55.24
90.75 , 55.27
90.79 , 54.7
90.42 , 55.28
90.72 , 55.44
90.82 , 55.21
90.75 , 55.05
91.0 , 55.45
90.65 , 55.02
90.63 , 55.1
90.37 , 55.21
90.95 , 54.79
90.9 , 54.73
90.62 , 55.42
91.12 , 55.03
90.81 , 55.06
91.23 , 55.05
90.65 , 54.91
90.96 , 55.21
90.51 , 55.03
90.83 , 55.09
90.99 , 55.11
90.7 , 55.43
90.69 , 55.13
90.97 , 55.02
90.77 , 54.85
90.45 , 54.88
90.92 , 54.94
90.9 , 55.01
90.31 , 54.98
90.52 , 55.1
90.15 , 54.81
90.92 , 55.13
91.35 , 54.76
90.94 , 55.1
90.53 , 54.81
90.89 , 55.04
90.7 , 54.38
90.87 , 54.95
90.7 , 55.25
90.64 , 55.22
90.87 , 55.43
90.56 , 54.54
90.94 , 55.22
90.06 , 54.64
90.74 , 55.54
90.28 , 54.61
90.53 , 54.88
91.0 , 54.91
90.8 , 55.29
90.76 , 55.32
90.82 , 54.99
90.57 , 55.07
90.92 , 54.94
90.57 , 54.88
91.24 , 54.69
90.53 , 54.37
90.55 , 54.83
90.37 , 55.35
90.39 , 54.86
91.19 , 54.76
90.41 , 55.08
90.92 , 54.73
90.8 , 54.9
90.52 , 54.97
90.96 , 54.95
90.44 , 54.7
90.71 , 54.83
90.39 , 55.67
91.14 , 54.94
90.57 , 54.53
90.62 , 54.56
90.7 , 54.76
90.39 , 54.61
90.47 , 54.93
90.64 , 54.66
90.36 , 55.01
90.55 , 54.38
90.71 , 54.67
90.57 , 55.1
90.93 , 54.93
90.92 , 54.91
91.21 , 54.83
90.5 , 55.06
90.66 , 54.35
90.33 , 54.2
90.98 , 54.78
90.96 , 54.4
90.57 , 54.27
90.61 , 54.71
90.61 , 55.11
90.81 , 54.62
90.88 , 54.71
90.34 , 54.48
90.79 , 54.86
90.63 , 54.45
90.39 , 55.13
91.03 , 54.45
91.15 , 54.63
90.52 , 54.6
90.47 , 54.6
90.89 , 54.74
90.61 , 54.62
90.83 , 54.88
90.97 , 55.05
90.61 , 54.79
90.53 , 54.84
90.76 , 54.44
90.75 , 54.04
90.4 , 54.68
90.88 , 54.53
91.18 , 54.83
90.76 , 54.55
90.76 , 54.75
90.63 , 55.07
91.38 , 54.21
90.23 , 54.76
90.9 , 54.46
90.47 , 54.38
91.25 , 54.22
90.25 , 54.47
91.02 , 54.77
90.76 , 54.84
90.57 , 54.98
90.72 , 54.33
90.78 , 54.73
90.72 , 54.35
90.7 , 54.79
91.01 , 54.09
90.85 , 54.48
90.65 , 54.53
90.96 , 54.32
90.92 , 54.47
90.74 , 54.63
91.4 , 54.47
90.77 , 54.24
90.69 , 54.69
90.74 , 54.32
91.07 , 54.65
90.62 , 54.51
90.75 , 54.43
90.87 , 54.68
90.73 , 54.61
90.79 , 54.19
90.51 , 54.39
90.9 , 54.28
91.15 , 54.03
90.64 , 54.65
91.35 , 54.42
91.04 , 54.58
90.54 , 54.45
90.7 , 54.21
90.99 , 54.61
90.9 , 54.19
90.49 , 54.32
90.64 , 54.07
90.85 , 54.38
90.46 , 54.16
90.33 , 54.69
90.97 , 54.46
90.79 , 54.65
90.7 , 54.84
91.06 , 54.61
91.02 , 54.24
90.77 , 54.46
91.07 , 54.44
90.82 , 54.24
91.13 , 54.09
91.1 , 54.37
90.94 , 54.1
90.59 , 53.92
90.68 , 54.35
90.67 , 54.4
91.08 , 54.21
90.79 , 54.27
91.03 , 54.03
91.15 , 54.34
90.71 , 54.55
90.42 , 54.47
90.59 , 54.65
90.76 , 54.0
91.27 , 54.12
90.99 , 54.11
90.69 , 54.19
90.33 , 54.21
90.67 , 54.32
90.96 , 54.43
90.74 , 54.48
91.11 , 54.4
90.67 , 54.36
91.21 , 53.85
91.12 , 53.89
90.84 , 54.12
90.91 , 54.43
91.05 , 54.33
90.39 , 54.53
90.89 , 53.91
90.75 , 53.76
90.67 , 54.33
90.54 , 54.53
91.07 , 54.47
90.7 , 53.97
91.15 , 54.36
91.48 , 54.35
90.69 , 54.35
91.27 , 54.4
91.1 , 54.51
91.02 , 54.59
91.01 , 53.93
90.85 , 54.23
91.1 , 54.38
90.94 , 54.6
90.64 , 54.21
91.01 , 54.05
90.86 , 54.3
90.42 , 54.12
91.41 , 54.19
90.49 , 54.48
90.83 , 54.19
90.57 , 53.93
90.96 , 54.07
90.72 , 53.98
90.47 , 54.55
91.16 , 53.48
90.98 , 54.11
90.82 , 54.13
91.47 , 53.62
90.94 , 53.87
91.18 , 54.09
90.53 , 53.59
90.79 , 54.18
90.8 , 54.1
90.74 , 54.15
90.96 , 54.34
91.22 , 53.63
91.01 , 54.12
90.78 , 53.67
90.48 , 53.86
91.06 , 54.2
90.63 , 54.18
90.41 , 53.9
90.78 , 54.07
90.95 , 54.13
90.88 , 53.75
91.04 , 54.01
90.83 , 54.02
90.96 , 53.85
90.65 , 53.88
90.73 , 53.99
90.9 , 54.17
90.95 , 54.27
90.88 , 53.58
90.87 , 54.29
90.97 , 54.34
90.87 , 54.14
91.08 , 54.14
90.97 , 53.74
90.74 , 53.97
90.42 , 53.63
90.73 , 53.98
90.08 , 53.85
90.42 , 54.29
91.01 , 53.54
90.97 , 53.88
90.38 , 54.13
91.05 , 54.02
90.8 , 53.84
90.8 , 54.7
90.87 , 54.0
90.33 , 54.3
90.76 , 54.23
90.89 , 53.99
90.71 , 53.71
90.58 , 53.79
90.72 , 54.2
90.98 , 53.97
90.83 , 53.64
91.09 , 54.25
90.7 , 53.68
91.11 , 53.85
90.59 , 53.78
90.84 , 53.74
90.68 , 53.81
90.71 , 53.85
90.59 , 53.91
91.08 , 53.72
91.13 , 53.56
90.56 , 53.93
90.78 , 53.79
91.0 , 54.0
90.9 , 53.77
91.19 , 53.84
90.73 , 53.94
90.88 , 54.03
91.2 , 53.86
91.11 , 53.7
90.87 , 53.88
91.15 , 53.68
91.16 , 54.1
90.99 , 54.09
90.95 , 53.7
91.1 , 54.29
90.9 , 53.58
90.96 , 53.67
90.96 , 54.07
90.84 , 53.71
90.8 , 53.88
90.92 , 53.41
90.97 , 53.72
90.89 , 53.6
90.47 , 53.85
91.16 , 53.54
90.69 , 53.75
90.32 , 54.15
91.1 , 53.62
91.1 , 53.55
91.17 , 53.63
90.73 , 53.88
90.92 , 53.43
91.06 , 53.71
90.95 , 54.44
90.96 , 53.34
91.16 , 53.65
91.15 , 53.82
90.56 , 53.79
91.16 , 53.82
90.68 , 53.8
90.83 , 54.03
90.64 , 53.43
90.87 , 53.83
91.46 , 53.7
90.99 , 53.87
91.14 , 53.65
90.75 , 53.65
90.73 , 53.61
90.97 , 53.56
91.13 , 53.48
91.12 , 53.44
91.3 , 53.64
91.1 , 53.58
90.96 , 53.45
91.16 , 53.5
90.52 , 53.84
90.9 , 53.36
91.15 , 53.63
90.82 , 53.53
90.78 , 53.51
90.96 , 53.53
91.06 , 53.18
91.3 , 53.85
90.98 , 54.02
90.57 , 52.82
90.73 , 53.72
91.35 , 53.92
91.05 , 53.43
91.14 , 52.92
90.51 , 53.55
90.96 , 53.94
91.03 , 53.74
90.59 , 53.27
90.82 , 53.5
90.71 , 53.26
90.52 , 53.68
91.17 , 53.73
90.99 , 53.34
90.69 , 53.77
91.08 , 53.82
90.6 , 53.67
91.06 , 53.64
90.67 , 53.68
91.09 , 53.21
90.84 , 53.58
90.98 , 53.42
91.24 , 53.35
91.13 , 53.52
90.49 , 53.8
90.87 , 53.57
90.64 , 53.47
91.09 , 53.29
90.26 , 53.14
90.88 , 53.22
91.19 , 53.52
90.82 , 53.2
90.49 , 53.68
90.96 , 53.49
90.95 , 53.4
91.02 , 53.78
91.23 , 53.45
91.39 , 53.63
90.94 , 53.69
90.98 , 53.5
91.09 , 53.3
91.46 , 53.36
90.88 , 53.07
91.23 , 53.49
90.79 , 53.16
91.01 , 53.05
90.73 , 53.51
90.96 , 53.35
91.06 , 53.53
90.63 , 53.39
90.75 , 53.11
91.16 , 53.37
90.96 , 53.48
91.19 , 53.27
91.44 , 53.17
91.02 , 53.07
91.07 , 53.27
91.24 , 53.3
90.81 , 53.69
90.99 , 53.13
90.92 , 53.34
90.79 , 52.79
91.23 , 53.16
90.96 , 53.51
91.18 , 53.28
91.17 , 53.11
90.62 , 53.33
90.81 , 53.15
90.75 , 52.94
90.73 , 53.19
90.61 , 53.3
91.29 , 53.56
90.88 , 52.98
91.06 , 53.02
91.19 , 53.29
91.48 , 52.92
91.07 , 53.38
91.24 , 53.07
91.45 , 53.42
91.19 , 53.27
91.25 , 53.52
91.06 , 53.02
91.16 , 52.98
91.64 , 53.28
90.49 , 52.83
91.06 , 53.19
91.11 , 53.34
90.78 , 53.47
91.04 , 52.99
91.08 , 53.06
90.97 , 52.94
90.89 , 52.36
90.91 , 53.29
90.68 , 53.04
90.74 , 53.04
91.3 , 52.79
90.61 , 53.07
91.11 , 52.9
91.48 , 53.18
90.81 , 53.13
91.09 , 53.28
90.78 , 52.69
91.26 , 53.15
90.93 , 53.08
90.49 , 53.21
91.33 , 53.29
90.9 , 52.95
90.86 , 53.26
90.55 , 52.86
90.82 , 53.08
90.97 , 53.53
91.23 , 53.2
90.69 , 52.9
91.33 , 52.74
90.98 , 53.14
90.9 , 53.33
91.03 , 53.17
90.72 , 52.7
90.91 , 52.88
91.01 , 52.82
91.32 , 53.09
91.03 , 53.03
91.13 , 52.86
91.01 , 52.96
90.75 , 52.83
91.09 , 52.81
90.63 , 53.07
91.38 , 52.44
91.52 , 53.31
91.05 , 52.72
91.12 , 52.79
90.9 , 53.5
91.13 , 53.48
90.92 , 52.76
91.2 , 53.19
90.79 , 53.06
91.47 , 52.93
91.27 , 52.84
90.78 , 52.77
91.3 , 52.57
90.61 , 53.07
91.0 , 53.32
90.63 , 52.96
90.58 , 52.86
91.07 , 52.67
90.84 , 53.17
90.84 , 52.71
90.83 , 53.27
90.83 , 52.85
91.18 , 52.77
90.59 , 52.93
91.17 , 53.02
91.11 , 52.78
91.02 , 53.1
90.96 , 52.66
91.24 , 52.7
91.26 , 52.43
90.7 , 52.89
91.33 , 52.87
90.78 , 52.77
91.51 , 52.65
90.75 , 53.0
91.04 , 52.7
90.91 , 53.08
91.12 , 52.96
91.01 , 52.95
91.1 , 52.97
91.13 , 52.71
91.01 , 53.18
91.28 , 53.01
91.27 , 52.97
91.12 , 52.66
91.17 , 52.43
90.91 , 52.88
90.96 , 53.28
90.74 , 52.54
90.76 , 52.59
91.28 , 52.63
90.79 , 52.52
91.14 , 52.81
90.9 , 52.71
90.87 , 52.46
90.98 , 52.64
90.7 , 52.89
91.17 , 52.96
91.15 , 52.43
90.87 , 53.01
91.05 , 52.75
90.86 , 52.28
91.31 , 53.07
90.92 , 53.02
90.91 , 52.43
91.05 , 53.17
91.05 , 52.88
90.85 , 52.9
91.42 , 52.17
90.59 , 52.92
90.82 , 52.79
91.22 , 52.57
91.09 , 52.43
90.99 , 53.16
91.32 , 52.71
91.06 , 51.96
90.72 , 52.41
90.85 , 52.64
91.01 , 52.71
90.94 , 52.87
91.16 , 52.28
91.23 , 52.7
91.28 , 52.47
91.1 , 52.63
91.19 , 52.53
90.86 , 52.87
90.76 , 52.27
91.19 , 52.51
91.02 , 52.46
91.46 , 52.53
91.21 , 53.08
91.58 , 52.89
91.1 , 52.52
90.85 , 52.42
90.98 , 52.73
91.11 , 52.62
91.14 , 52.52
90.78 , 52.45
91.05 , 52.86
91.17 , 52.18
91.09 , 52.83
91.53 , 52.25
91.12 , 52.09
91.24 , 52.96
91.13 , 52.35
91.42 , 52.56
90.76 , 52.57
91.01 , 52.66
90.92 , 52.54
91.05 , 52.28
91.0 , 52.53
91.21 , 52.61
90.95 , 52.79
91.37 , 52.47
91.04 , 52.54
91.08 , 52.3
91.14 , 52.65
91.21 , 52.35
90.9 , 52.8
90.92 , 52.23
91.25 , 52.74
90.98 , 52.04
90.61 , 52.59
91.11 , 52.86
91.08 , 52.71
90.69 , 52.32
91.19 , 52.41
91.51 , 52.36
90.81 , 52.3
91.62 , 52.2
91.06 , 52.65
91.4 , 52.14
91.39 , 52.24
90.69 , 52.53
90.74 , 52.4
91.15 , 52.18
91.08 , 52.83
91.23 , 52.99
91.27 , 52.8
90.94 , 52.11
91.25 , 51.92
90.69 , 52.61
90.77 , 52.52
90.62 , 52.18
91.29 , 52.22
90.97 , 52.62
91.03 , 52.74
91.11 , 52.67
91.02 , 52.47
90.68 , 52.48
90.84 , 52.49
91.21 , 52.59
90.79 , 52.44
91.15 , 52.38
91.21 , 52.66
91.17 , 51.97
90.97 , 52.64
90.93 , 52.09
91.11 , 52.34
91.18 , 52.18
91.48 , 53.05
91.63 , 51.96
91.3 , 52.49
91.52 , 52.57
91.18 , 52.38
91.25 , 52.19
90.66 , 52.54
90.97 , 52.16
91.33 , 51.73
91.16 , 51.91
91.21 , 52.68
91.26 , 52.06
91.56 , 51.65
91.12 , 51.97
91.32 , 52.53
91.03 , 52.42
91.09 , 52.41
91.15 , 51.9
91.0 , 52.01
90.84 , 51.89
91.35 , 52.47
90.99 , 52.22
91.33 , 52.47
91.43 , 52.19
91.26 , 52.32
91.0 , 52.01
91.45 , 52.04
91.04 , 51.63
91.13 , 52.28
91.08 , 52.42
90.82 , 52.45
90.99 , 52.15
90.62 , 51.73
91.09 , 52.37
91.37 , 52.09
90.98 , 51.64
91.42 , 51.82
90.67 , 52.34
91.1 , 51.76
90.53 , 52.54
91.27 , 52.48
90.68 , 52.44
91.53 , 52.27
91.3 , 52.33
91.48 , 51.99
91.73 , 51.85
91.34 , 52.22
90.51 , 52.68
90.93 , 52.05
90.72 , 51.62
91.65 , 51.72
90.95 , 52.39
91.19 , 52.26
91.23 , 51.72
91.07 , 52.23
90.68 , 52.08
91.16 , 52.15
90.89 , 52.42
90.92 , 52.01
90.72 , 51.93
90.64 , 52.24
90.93 , 52.37
90.92 , 52.48
90.95 , 51.91
90.92 , 51.59
91.54 , 51.92
90.94 , 52.33
91.37 , 51.93
91.42 , 51.96
91.65 , 51.89
91.01 , 52.06
91.13 , 51.86
91.04 , 52.09
91.15 , 52.1
91.06 , 51.81
91.23 , 51.76
90.89 , 51.88
91.05 , 51.89
91.19 , 51.93
90.98 , 51.96
91.09 , 51.46
91.29 , 52.08
91.08 , 52.52
91.2 , 51.93
91.14 , 51.9
91.0 , 51.94
91.04 , 52.06
90.82 , 51.87
91.16 , 52.04
90.9 , 51.53
91.28 , 51.68
91.65 , 51.52
91.63 , 51.89
90.81 , 51.93
91.55 , 51.87
91.06 , 51.92
90.86 , 52.35
91.19 , 51.76
91.03 , 51.81
91.01 , 52.09
91.06 , 52.32
91.16 , 52.04
91.24 , 51.98
90.81 , 51.44
91.24 , 51.55
91.18 , 52.2
91.03 , 51.53
91.23 , 51.63
91.39 , 51.37
91.31 , 51.84
91.19 , 51.3
90.91 , 51.86
90.7 , 51.67
91.4 , 51.9
91.39 , 51.69
91.0 , 51.96
91.34 , 51.72
91.25 , 52.12
91.31 , 51.72
91.42 , 51.42
90.96 , 51.94
91.34 , 51.76
91.35 , 51.72
91.29 , 51.52
90.88 , 51.8
91.18 , 52.11
91.16 , 51.93
90.88 , 51.86
91.14 , 51.68
90.96 , 51.86
91.33 , 52.09
90.93 , 51.47
91.16 , 51.4
90.93 , 52.16
91.78 , 51.64
90.95 , 51.79
90.99 , 51.45
91.45 , 51.28
91.15 , 51.66
91.52 , 51.19
90.92 , 51.6
90.84 , 51.75
91.26 , 51.15
90.87 , 51.29
90.72 , 51.55
91.17 , 51.98
91.25 , 51.52
91.65 , 51.41
91.2 , 51.68
91.12 , 51.35
91.28 , 51.73
91.29 , 51.73
91.14 , 51.33
91.13 , 51.48
90.91 , 51.38
91.1 , 51.41
91.18 , 51.51
90.95 , 51.28
91.09 , 51.54
91.21 , 51.64
91.48 , 51.64
90.72 , 51.42
90.97 , 51.69
91.59 , 51.57
91.67 , 51.65
91.2 , 51.49
91.63 , 51.69
91.0 , 51.66
91.26 , 52.03
91.39 , 51.86
91.32 , 51.24
90.93 , 51.65
91.03 , 51.57
91.55 , 52.0
91.15 , 51.46
91.4 , 51.44
91.48 , 51.51
91.19 , 51.75
91.48 , 51.24
91.12 , 51.6
91.91 , 51.47
91.2 , 51.66
91.22 , 51.06
91.3 , 51.4
91.38 , 51.28
91.45 , 51.62
91.35 , 50.72
91.11 , 51.54
90.65 , 51.37
91.31 , 51.91
90.89 , 51.31
91.23 , 51.58
91.2 , 51.14
91.22 , 51.37
91.26 , 51.33
91.3 , 51.54
90.77 , 51.72
91.4 , 51.52
91.53 , 51.26
91.33 , 51.18
91.25 , 51.54
91.06 , 51.11
91.72 , 51.36
91.3 , 51.4
91.36 , 51.36
91.45 , 51.32
91.49 , 51.27
90.93 , 51.72
91.08 , 51.31
91.34 , 51.62
91.42 , 51.22
91.44 , 51.29
91.33 , 51.14
91.64 , 51.19
91.42 , 51.21
91.03 , 51.64
91.24 , 51.04
91.37 , 50.93
91.56 , 51.41
91.02 , 51.43
91.1 , 51.02
91.23 , 51.64
91.17 , 51.47
91.24 , 51.69
91.2 , 51.27
91.35 , 51.1
91.53 , 51.37
91.24 , 51.19
91.3 , 51.55
91.49 , 51.48
91.42 , 51.03
90.94 , 51.36
91.42 , 51.53
90.94 , 50.9
91.19 , 51.41
91.42 , 51.11
91.52 , 51.67
90.98 , 51.18
91.37 , 51.53
91.26 , 51.43
91.38 , 51.36
91.0 , 51.3
90.97 , 51.54
90.98 , 51.23
91.22 , 51.17
91.09 , 51.44
91.4 , 50.92
91.35 , 51.4
91.08 , 51.3
91.4 , 51.31
91.37 , 51.02
91.42 , 51.35
91.17 , 51.09
91.6 , 51.41
91.15 , 51.23
91.71 , 51.29
91.41 , 51.09
91.43 , 51.4
91.24 , 51.57
91.7 , 51.24
91.46 , 51.49
90.81 , 51.07
91.11 , 51.02
91.69 , 50.9
91.08 , 50.93
91.25 , 51.18
91.39 , 50.62
91.27 , 50.97
90.91 , 51.0
90.96 , 51.05
91.12 , 50.71
90.81 , 50.96
91.16 , 51.03
91.01 , 51.63
91.18 , 51.2
91.2 , 51.42
90.84 , 51.37
91.25 , 51.18
91.13 , 51.21
91.33 , 51.07
91.32 , 51.29
91.28 , 50.5
91.57 , 50.84
91.4 , 50.73
91.19 , 50.89
90.96 , 51.08
90.9 , 51.03
91.45 , 50.86
91.18 , 51.3
91.45 , 51.22
91.06 , 50.88
91.32 , 50.64
91.08 , 51.34
91.45 , 51.25
90.99 , 50.79
91.42 , 50.8
91.69 , 50.66
91.69 , 51.2
91.21 , 50.91
90.94 , 51.1
91.02 , 50.87
91.24 , 51.23
91.08 , 50.83
90.91 , 51.31
91.3 , 50.97
90.96 , 50.95
90.89 , 50.99
90.97 , 50.76
91.43 , 50.63
91.61 , 51.07
90.87 , 51.29
90.88 , 50.94
91.25 , 51.26
91.62 , 51.14
90.94 , 50.37
90.86 , 51.13
91.12 , 51.15
91.45 , 51.03
91.38 , 50.6
90.86 , 50.93
91.19 , 51.01
91.19 , 50.97
91.2 , 50.81
90.74 , 50.88
91.48 , 51.08
91.32 , 50.8
91.51 , 51.11
90.97 , 50.82
91.18 , 50.88
91.22 , 50.86
91.22 , 50.48
90.98 , 50.6
91.51 , 50.95
91.29 , 50.76
90.99 , 50.64
91.25 , 50.88
90.81 , 50.65
91.43 , 50.86
90.93 , 50.99
91.6 , 51.02
91.1 , 50.57
91.0 , 51.02
90.88 , 50.79
91.66 , 50.78
91.02 , 51.24
91.52 , 50.56
91.26 , 51.04
90.66 , 50.97
91.57 , 50.91
91.13 , 51.16
91.78 , 50.82
91.34 , 50.66
91.72 , 50.84
90.94 , 50.96
91.47 , 50.75
91.44 , 50.98
91.41 , 51.23
91.21 , 50.49
91.15 , 50.85
91.73 , 50.62
91.39 , 50.87
91.65 , 50.81
91.59 , 50.89
91.57 , 50.87
91.55 , 50.9
91.49 , 50.58
91.01 , 50.52
91.12 , 50.52
90.94 , 50.96
91.22 , 50.86
91.34 , 50.94
91.5 , 50.75
91.25 , 50.68
91.69 , 50.47
91.36 , 50.43
91.14 , 50.42
91.48 , 50.93
91.42 , 50.2
91.55 , 50.29
91.26 , 50.52
91.59 , 50.67
90.94 , 50.61
90.92 , 50.4
91.38 , 50.64
91.46 , 50.32
91.07 , 50.99
91.18 , 50.55
91.18 , 50.92
91.5 , 50.32
91.21 , 50.84
91.1 , 50.59
91.55 , 50.45
91.28 , 50.38
91.44 , 50.55
91.08 , 50.5
91.46 , 50.28
91.26 , 50.42
91.22 , 50.97
91.64 , 50.35
91.6 , 50.46
90.98 , 50.58
91.09 , 50.73
91.41 , 50.67
91.61 , 50.11
91.56 , 50.33
91.11 , 50.55
91.45 , 50.62
91.11 , 50.16
91.84 , 50.56
91.3 , 50.76
91.15 , 50.46
91.62 , 50.02
91.41 , 50.21
91.32 , 50.04
90.99 , 50.23
91.46 , 50.16
91.13 , 50.45
91.07 , 50.39
91.38 , 50.68
91.5 , 50.0
91.27 , 50.32
91.2 , 50.2
90.95 , 50.41
91.29 , 50.36
91.46 , 50.55
92.09 , 50.33
91.28 , 50.29
91.02 , 50.56
91.14 , 50.14
91.06 , 50.58
91.78 , 50.04
91.3 , 50.06
90.96 , 50.76
91.43 , 50.41
90.81 , 50.36
91.32 , 50.11
90.76 , 50.18
91.51 , 50.06
91.59 , 50.78
91.17 , 50.4
91.3 , 50.31
91.02 , 50.97
91.03 , 50.35
91.52 , 50.36
91.39 , 50.49
91.46 , 50.51
91.45 , 50.46
91.64 , 50.6
91.21 , 50.5
91.47 , 49.88
91.05 , 49.94
91.17 , 50.23
91.77 , 50.41
91.6 , 50.26
91.52 , 50.09
90.98 , 50.43
91.31 , 50.25
90.93 , 50.04
91.55 , 50.04
91.29 , 50.47
91.59 , 50.11
91.26 , 50.37
91.39 , 50.54
91.34 , 50.82
91.93 , 50.16
91.08 , 50.18
91.45 , 50.12
91.83 , 50.13
91.53 , 50.12
91.46 , 50.09
91.62 , 49.97
91.72 , 50.33
91.19 , 49.95
91.81 , 50.11
91.71 , 50.62
91.89 , 49.82
91.4 , 50.6
91.72 , 50.08
91.5 , 50.34
91.7 , 50.14
91.5 , 49.97
91.69 , 49.83
91.19 , 50.45
91.65 , 49.85
91.74 , 49.99
91.5 , 50.76
91.35 , 50.22
91.26 , 49.81
91.15 , 50.62
91.64 , 49.99
91.31 , 50.37
91.02 , 49.87
91.69 , 50.34
90.65 , 50.24
91.2 , 50.35
90.88 , 49.87
91.53 , 50.06
91.66 , 50.21
91.3 , 49.98
91.51 , 49.86
91.44 , 49.94
91.88 , 49.78
91.32 , 50.37
91.62 , 50.5
91.46 , 49.67
91.17 , 49.94
91.1 , 50.13
90.99 , 49.8
91.65 , 49.93
91.32 , 49.87
91.44 , 49.9
91.52 , 49.92
90.82 , 50.03
91.03 , 50.14
91.64 , 49.97
91.98 , 50.13
90.88 , 50.18
91.28 , 50.09
91.47 , 50.09
91.59 , 49.54
91.32 , 49.96
91.34 , 49.36
91.3 , 50.22
91.22 , 49.53
91.64 , 49.88
91.38 , 50.12
91.61 , 50.31
91.27 , 50.32
91.28 , 50.49
91.56 , 49.87
91.5 , 50.31
91.86 , 49.93
91.8 , 50.1
91.05 , 50.19
91.49 , 50.27
91.42 , 49.84
91.73 , 49.6
91.11 , 50.04
91.56 , 49.9
91.66 , 49.77
91.29 , 49.63
91.03 , 50.28
91.68 , 49.61
91.51 , 50.04
91.4 , 50.03
91.58 , 49.95
91.67 , 50.02
91.5 , 49.78
91.76 , 49.62
91.26 , 49.65
91.18 , 49.83
90.91 , 49.86
91.34 , 49.84
91.38 , 49.91
91.62 , 49.66
91.87 , 49.79
91.45 , 49.95
91.98 , 49.49
91.45 , 49.93
91.47 , 49.6
91.44 , 50.71
91.62 , 50.04
91.47 , 49.42
91.56 , 49.59
91.33 , 49.72
91.42 , 50.08
91.56 , 49.69
91.0 , 49.95
91.46 , 49.62
91.48 , 49.43
91.64 , 49.65
91.44 , 49.52
91.78 , 49.35
91.7 , 49.85
91.43 , 50.05
91.63 , 49.38
91.36 , 49.73
91.69 , 49.91
91.06 , 49.65
91.57 , 49.64
91.68 , 50.38
91.57 , 49.9
91.63 , 49.57
91.68 , 49.74
91.76 , 50.15
91.68 , 49.33
91.66 , 49.36
91.2 , 49.4
91.45 , 49.91
91.2 , 49.23
91.78 , 49.65
92.0 , 49.66
91.34 , 49.58
91.45 , 49.73
91.32 , 50.18
91.92 , 49.45
91.31 , 49.87
91.06 , 49.56
91.37 , 49.78
91.37 , 49.89
91.22 , 49.46
91.97 , 49.3
92.03 , 49.64
91.81 , 50.16
91.41 , 49.63
91.63 , 49.63
91.56 , 49.3
91.65 , 49.77
91.24 , 49.94
91.68 , 49.36
91.13 , 49.82
91.83 , 49.73
91.72 , 49.52
91.57 , 49.87
91.18 , 49.68
91.44 , 49.43
91.51 , 49.7
91.25 , 50.08
91.61 , 49.26
91.11 , 49.41
91.31 , 49.42
91.65 , 49.87
91.62 , 49.54
91.59 , 49.53
91.54 , 49.64
91.42 , 49.64
91.96 , 49.58
91.55 , 49.24
91.35 , 49.85
91.4 , 49.55
91.67 , 49.95
91.11 , 49.67
91.2 , 49.46
91.32 , 49.43
91.36 , 49.76
91.71 , 49.18
91.73 , 49.82
91.48 , 49.87
91.62 , 49.67
91.33 , 49.71
91.57 , 49.56
91.29 , 49.44
91.14 , 49.65
91.59 , 49.5
92.02 , 49.61
91.54 , 49.61
91.52 , 49.44
91.56 , 49.3
91.16 , 49.78
91.46 , 49.77
91.48 , 49.44
91.11 , 49.32
91.97 , 48.95
91.36 , 49.44
91.79 , 49.37
91.66 , 49.5
91.64 , 49.41
91.44 , 49.1
91.58 , 49.49
91.6 , 49.67
91.55 , 49.57
91.68 , 49.23
91.63 , 49.42
91.71 , 49.21
91.71 , 49.59
91.74 , 49.28
91.64 , 49.29
91.42 , 49.32
91.84 , 49.2
91.5 , 49.37
91.97 , 49.3
91.61 , 49.17
91.27 , 49.17
91.33 , 49.6
91.24 , 49.62
91.5 , 49.49
91.41 , 49.17
91.54 , 48.99
91.76 , 49.27
91.23 , 49.14
91.43 , 49.36
91.23 , 49.07
91.79 , 49.19
91.16 , 49.02
91.83 , 49.16
91.43 , 49.34
91.87 , 49.46
91.51 , 49.39
91.37 , 49.44
91.9 , 48.98
91.39 , 49.24
91.39 , 48.48
91.52 , 49.44
91.2 , 49.15
91.3 , 49.42
91.61 , 49.31
91.52 , 49.18
91.54 , 49.06
91.18 , 49.35
91.67 , 48.96
91.71 , 49.43
91.74 , 49.27
91.77 , 49.33
91.65 , 49.43
91.52 , 49.3
91.71 , 49.52
91.87 , 49.07
91.48 , 49.58
91.77 , 49.2
91.44 , 49.47
91.45 , 49.07
91.88 , 49.37
91.87 , 49.23
91.41 , 48.73
91.66 , 49.16
91.66 , 48.9
91.54 , 48.89
92.2 , 48.78
91.63 , 49.22
91.87 , 49.22
91.22 , 49.07
91.16 , 49.15
90.96 , 48.95
91.51 , 49.01
91.56 , 49.08
91.69 , 48.67
91.42 , 48.77
91.58 , 49.18
91.37 , 48.97
91.36 , 49.02
91.84 , 49.22
92.13 , 48.87
91.27 , 49.24
91.39 , 49.45
91.67 , 49.47
91.68 , 48.83
91.6 , 48.9
91.74 , 49.03
91.38 , 48.96
91.44 , 49.27
91.55 , 48.76
91.46 , 48.66
91.57 , 49.43
91.69 , 49.14
91.34 , 49.12
91.65 , 48.66
91.31 , 49.06
91.47 , 49.2
91.75 , 48.82
91.25 , 49.47
90.99 , 48.76
91.76 , 48.84
91.59 , 48.83
91.48 , 48.66
91.36 , 49.39
91.9 , 48.88
91.44 , 49.07
91.4 , 48.84
91.91 , 48.56
91.48 , 49.38
91.33 , 48.86
91.81 , 48.81
91.3 , 49.36
91.96 , 48.61
91.51 , 48.91
91.57 , 48.98
91.71 , 49.07
91.51 , 48.96
91.5 , 48.98
91.9 , 48.62
91.88 , 49.03
91.41 , 48.75
91.45 , 48.84
91.84 , 49.03
91.4 , 48.66
91.68 , 49.12
91.32 , 48.92
91.91 , 48.78
91.5 , 49.02
91.25 , 49.08
91.95 , 48.8
91.54 , 48.72
91.53 , 48.85
91.82 , 49.37
91.54 , 48.92
92.02 , 48.65
91.88 , 48.99
91.86 , 49.02
91.56 , 48.73
91.47 , 48.98
91.2 , 48.94
91.06 , 48.94
91.22 , 48.63
91.87 , 48.54
91.94 , 48.79
91.75 , 48.7
91.59 , 49.02
91.72 , 48.77
91.87 , 48.35
91.67 , 48.46
91.87 , 48.93
91.48 , 48.89
91.49 , 48.82
91.44 , 48.85
91.68 , 49.03
91.44 , 49.07
91.65 , 48.83
92.17 , 48.82
91.89 , 48.4
91.78 , 48.73
91.13 , 48.76
91.48 , 48.56
91.62 , 48.33
91.62 , 48.65
91.51 , 48.73
91.38 , 49.04
91.1 , 48.61
91.9 , 49.13
91.81 , 48.58
91.84 , 49.23
91.34 , 48.76
91.46 , 48.8
91.7 , 48.73
91.13 , 48.25
91.34 , 48.38
92.05 , 48.58
91.74 , 48.71
92.02 , 48.36
91.36 , 48.16
91.82 , 48.73
91.8 , 48.67
91.6 , 48.37
92.04 , 48.75
91.76 , 48.29
91.33 , 48.38
91.75 , 48.93
91.7 , 49.0
91.73 , 48.58
92.15 , 48.9
91.59 , 48.64
91.76 , 49.04
91.58 , 48.62
91.94 , 48.81
91.63 , 49.13
91.82 , 48.79
91.9 , 48.95
91.54 , 48.74
92.52 , 48.8
91.5 , 48.81
91.31 , 48.39
91.88 , 48.87
91.07 , 48.01
91.22 , 48.32
91.68 , 48.79
91.92 , 48.86
91.73 , 48.43
91.57 , 48.82
91.56 , 48.77
91.58 , 48.09
91.68 , 48.38
91.69 , 48.37
92.02 , 48.98
91.81 , 48.56
91.74 , 48.58
91.35 , 48.18
91.83 , 48.47
91.82 , 48.44
91.12 , 48.76
91.79 , 48.5
91.68 , 47.92
91.76 , 48.51
91.85 , 48.4
91.6 , 48.26
91.77 , 48.64
91.87 , 48.88
91.83 , 48.48
91.81 , 48.77
91.94 , 48.68
91.51 , 48.19
91.45 , 48.3
91.29 , 48.16
91.66 , 48.93
91.89 , 48.27
91.96 , 48.17
91.65 , 48.75
91.78 , 48.29
91.77 , 48.15
91.73 , 48.31
91.9 , 48.28
91.67 , 48.27
91.45 , 48.41
91.76 , 48.06
91.76 , 48.24
91.6 , 48.85
91.6 , 48.25
91.65 , 48.23
91.72 , 48.01
91.78 , 48.2
91.7 , 48.52
91.76 , 48.04
91.27 , 47.87
91.9 , 48.31
91.74 , 47.98
91.5 , 48.49
91.43 , 48.75
91.54 , 48.41
91.84 , 48.69
91.75 , 48.06
92.08 , 47.97
91.49 , 48.02
91.15 , 48.4
91.38 , 48.38
91.64 , 48.33
91.41 , 48.31
91.89 , 48.29
91.8 , 48.48
91.38 , 48.12
91.95 , 48.36
91.57 , 48.64
91.53 , 48.56
91.94 , 48.51
91.21 , 48.49
91.93 , 47.96
91.43 , 48.28
91.54 , 48.37
91.76 , 48.35
91.72 , 47.9
92.04 , 48.51
91.89 , 48.39
91.76 , 47.8
91.58 , 48.08
91.82 , 48.19
91.52 , 48.09
91.38 , 48.02
91.38 , 47.94
91.55 , 48.57
91.32 , 48.56
91.51 , 48.33
91.72 , 48.74
91.24 , 48.36
91.76 , 48.28
91.81 , 48.23
91.65 , 48.31
91.5 , 48.76
91.61 , 47.97
91.72 , 47.93
91.44 , 47.88
91.65 , 47.86
92.35 , 47.91
91.72 , 48.21
92.28 , 48.29
91.69 , 47.89
91.41 , 48.61
91.51 , 47.91
91.24 , 48.61
91.67 , 48.33
91.71 , 48.08
91.57 , 48.03
91.94 , 48.13
91.83 , 47.96
91.37 , 48.1
91.52 , 47.68
91.59 , 47.82
92.3 , 47.93
91.97 , 47.85
91.45 , 47.78
91.56 , 47.88
91.82 , 48.18
91.19 , 47.8
91.79 , 47.98
91.78 , 47.99
92.05 , 48.31
91.66 , 48.05
91.7 , 47.89
91.98 , 48.11
91.74 , 48.75
91.85 , 47.54
92.02 , 47.86
91.89 , 48.75
91.95 , 48.35
91.72 , 47.99
91.77 , 47.7
91.84 , 47.92
91.76 , 47.85
91.88 , 47.9
91.39 , 47.79
91.97 , 47.98
91.86 , 47.63
91.57 , 48.16
91.66 , 48.13
91.71 , 48.18
91.41 , 47.64
91.67 , 47.61
91.65 , 48.01
92.0 , 47.53
92.14 , 48.08
91.71 , 48.1
91.36 , 47.51
91.59 , 48.44
91.63 , 47.91
91.53 , 48.03
91.36 , 48.03
92.05 , 48.59
91.74 , 48.08
91.59 , 48.13
91.85 , 47.99
91.93 , 47.88
91.39 , 47.46
91.4 , 47.99
91.85 , 47.37
91.55 , 48.1
91.62 , 47.49
91.56 , 47.98
91.8 , 48.24
91.28 , 47.52
91.61 , 48.01
91.88 , 48.19
91.77 , 47.72
91.64 , 47.84
91.85 , 47.88
91.85 , 47.75
91.74 , 48.34
91.74 , 47.72
91.62 , 47.62
91.93 , 47.58
91.28 , 47.32
92.07 , 47.63
91.68 , 47.62
91.87 , 47.76
91.72 , 47.84
91.78 , 47.74
91.81 , 47.49
92.0 , 47.99
91.51 , 47.78
92.02 , 48.04
91.94 , 47.39
91.94 , 47.27
91.98 , 47.55
92.06 , 47.76
91.73 , 48.18
91.95 , 47.99
91.34 , 47.5
91.14 , 47.65
92.14 , 47.92
91.92 , 47.32
91.8 , 47.6
91.95 , 47.68
92.0 , 48.01
91.77 , 47.61
91.89 , 47.64
92.32 , 47.63
91.68 , 47.74
91.62 , 47.73
91.92 , 47.42
91.53 , 47.6
91.96 , 47.59
91.39 , 47.72
91.82 , 47.5
91.42 , 48.06
91.86 , 47.43
91.44 , 48.06
91.64 , 47.23
91.73 , 47.12
91.51 , 47.21
91.76 , 47.8
91.88 , 47.52
91.49 , 47.53
91.65 , 47.42
92.07 , 47.19
92.01 , 47.33
91.94 , 47.64
91.97 , 47.66
91.22 , 47.5
91.47 , 47.48
91.58 , 47.19
91.92 , 47.56
91.7 , 47.28
91.77 , 47.69
92.11 , 47.52
91.75 , 47.98
92.23 , 48.24
91.35 , 47.45
91.63 , 47.64
91.66 , 47.14
91.79 , 47.47
91.98 , 47.43
91.38 , 47.2
92.01 , 47.68
91.81 , 47.65
91.64 , 47.49
91.64 , 47.41
91.58 , 47.51
92.08 , 48.05
92.16 , 47.48
92.11 , 47.41
91.75 , 47.57
91.58 , 47.7
91.74 , 47.2
91.99 , 47.42
91.82 , 47.93
91.93 , 47.63
91.82 , 47.93
91.32 , 47.53
92.09 , 47.61
92.1 , 47.42
91.89 , 47.9
91.71 , 47.16
91.86 , 47.6
91.62 , 47.4
91.7 , 47.28
92.28 , 47.54
91.59 , 47.71
91.62 , 47.26
91.58 , 47.51
91.57 , 47.64
91.41 , 47.16
91.83 , 47.46
91.56 , 47.58
91.94 , 47.19
91.88 , 47.12
92.06 , 46.75
91.5 , 47.27
91.71 , 47.74
91.84 , 46.89
92.0 , 47.69
92.09 , 47.64
91.64 , 47.06
91.72 , 47.43
91.81 , 47.35
91.37 , 47.21
91.26 , 47.37
91.41 , 47.66
92.45 , 47.39
91.86 , 47.12
91.47 , 47.35
91.64 , 46.93
91.64 , 47.25
91.4 , 47.07
91.78 , 47.09
91.77 , 47.62
91.5 , 47.16
92.04 , 47.18
92.03 , 47.58
91.96 , 47.2
92.09 , 46.81
91.51 , 47.34
91.58 , 47.1
91.78 , 47.54
91.86 , 47.5
91.57 , 47.3
91.7 , 47.24
91.75 , 47.04
91.82 , 47.02
91.83 , 47.5
91.48 , 47.12
91.36 , 47.31
92.07 , 47.36
91.53 , 47.73
91.48 , 47.52
91.56 , 47.14
91.85 , 47.71
92.04 , 47.16
91.85 , 47.23
91.67 , 47.33
91.92 , 47.32
91.48 , 47.6
91.81 , 47.0
92.14 , 46.98
92.02 , 47.49
91.65 , 47.18
92.11 , 47.13
91.5 , 46.85
92.09 , 47.1
91.7 , 46.86
91.95 , 47.29
91.72 , 47.06
91.9 , 46.93
91.83 , 47.01
92.18 , 47.25
91.82 , 47.26
91.93 , 47.09
92.09 , 46.98
91.62 , 47.16
91.29 , 47.13
91.56 , 46.7
92.15 , 47.31
91.89 , 46.92
91.71 , 46.62
91.48 , 47.08
91.81 , 46.99
92.16 , 46.85
92.06 , 46.7
91.87 , 47.42
91.84 , 46.55
91.82 , 46.71
91.83 , 46.93
92.14 , 47.29
91.31 , 46.73
91.61 , 47.08
91.43 , 46.96
92.17 , 47.43
91.39 , 46.93
91.53 , 47.14
91.8 , 47.55
91.74 , 47.23
91.79 , 46.6
91.68 , 46.72
91.72 , 46.54
92.05 , 47.31
91.54 , 46.73
92.42 , 47.21
91.46 , 47.27
91.64 , 47.23
92.1 , 47.12
91.85 , 47.12
91.87 , 46.53
91.93 , 46.81
91.87 , 47.04
91.65 , 46.93
91.62 , 46.83
91.86 , 47.16
91.92 , 47.15
91.86 , 46.81
91.82 , 46.57
91.8 , 47.35
91.88 , 47.16
91.95 , 46.91
92.14 , 46.8
91.64 , 46.87
92.18 , 46.57
92.14 , 46.98
91.64 , 46.26
91.98 , 46.83
92.25 , 46.69
91.89 , 46.97
92.28 , 46.81
91.66 , 46.81
91.99 , 47.3
92.21 , 46.82
91.98 , 46.92
92.34 , 46.66
91.41 , 46.61
92.11 , 46.69
91.91 , 46.79
91.55 , 46.72
92.26 , 46.86
91.59 , 46.43
91.96 , 47.0
91.99 , 46.91
92.22 , 46.45
91.49 , 46.93
91.55 , 46.75
91.96 , 46.78
91.78 , 46.62
91.95 , 46.88
91.53 , 46.61
92.1 , 46.75
91.84 , 46.85
92.32 , 47.08
92.27 , 46.65
91.86 , 46.86
91.86 , 46.92
92.07 , 46.84
91.69 , 46.48
92.37 , 46.89
92.06 , 46.77
91.75 , 46.79
91.86 , 46.95
91.81 , 46.86
91.79 , 47.23
91.84 , 46.85
92.05 , 46.43
91.23 , 46.6
92.0 , 46.58
92.35 , 46.66
91.57 , 46.48
91.85 , 46.46
92.14 , 46.79
91.88 , 46.89
92.26 , 46.78
91.69 , 46.67
91.94 , 46.62
92.19 , 46.79
92.37 , 46.08
92.06 , 46.82
92.07 , 46.35
92.22 , 46.31
92.09 , 46.36
92.41 , 46.57
92.26 , 47.18
91.55 , 46.52
92.05 , 46.47
91.78 , 46.44
91.92 , 46.55
91.9 , 46.65
91.65 , 46.23
91.89 , 46.57
92.3 , 46.87
92.07 , 46.54
91.72 , 46.56
91.56 , 46.29
92.2 , 46.76
92.28 , 45.97
91.71 , 46.82
92.05 , 46.46
91.97 , 46.58
91.88 , 46.82
91.74 , 46.35
92.19 , 46.47
92.16 , 46.98
92.02 , 46.24
91.61 , 46.32
91.78 , 46.31
91.71 , 46.59
91.91 , 46.21
91.94 , 45.47
92.23 , 46.13
91.87 , 46.41
91.9 , 46.44
92.03 , 46.48
92.1 , 46.24
91.64 , 46.65
91.86 , 46.56
91.49 , 46.46
91.91 , 46.6
91.49 , 46.64
91.9 , 46.68
91.79 , 46.5
91.83 , 46.31
91.91 , 46.49
92.34 , 46.8
92.05 , 46.06
92.29 , 46.49
91.44 , 46.13
92.04 , 46.39
92.34 , 45.97
92.29 , 46.58
92.17 , 46.62
92.03 , 46.52
91.92 , 45.85
91.92 , 46.42
91.68 , 46.45
91.5 , 46.33
91.8 , 45.76
91.78 , 46.39
91.64 , 46.01
92.13 , 46.51
91.86 , 45.72
91.66 , 46.51
91.6 , 46.76
91.97 , 46.38
91.93 , 46.08
92.19 , 46.45
91.72 , 46.16
92.05 , 46.38
92.11 , 46.01
92.04 , 46.18
91.77 , 46.25
92.03 , 46.58
92.25 , 46.45
91.8 , 46.48
91.7 , 46.53
92.05 , 46.05
91.83 , 45.94
92.03 , 46.3
92.35 , 46.63
91.63 , 46.14
91.16 , 46.12
91.83 , 45.69
91.79 , 46.4
91.99 , 46.5
91.68 , 46.01
91.81 , 46.09
92.03 , 46.58
92.28 , 46.25
92.37 , 46.24
91.81 , 46.25
91.96 , 46.23
91.61 , 46.19
92.32 , 46.19
91.71 , 45.53
91.69 , 46.33
92.07 , 46.09
92.14 , 46.1
91.78 , 46.16
91.88 , 46.28
92.34 , 46.06
92.05 , 45.97
91.51 , 45.9
91.71 , 45.92
91.78 , 46.28
91.92 , 45.97
91.59 , 45.97
92.09 , 45.95
91.88 , 46.15
91.68 , 46.43
91.52 , 46.53
91.97 , 46.35
92.34 , 46.06
91.81 , 45.75
91.75 , 46.39
91.71 , 46.17
91.84 , 46.5
92.4 , 46.24
92.03 , 46.59
91.95 , 46.75
92.09 , 45.97
91.83 , 45.96
92.11 , 46.15
92.13 , 45.96
92.08 , 45.67
92.18 , 45.98
92.42 , 46.13
91.98 , 46.2
92.45 , 46.09
91.92 , 45.37
92.25 , 46.02
91.81 , 46.41
92.05 , 45.97
91.94 , 46.32
92.35 , 45.79
91.66 , 45.82
92.12 , 45.79
91.98 , 46.08
92.41 , 46.35
91.93 , 45.87
92.16 , 45.77
91.84 , 45.73
92.34 , 46.09
91.87 , 46.18
92.03 , 46.1
92.1 , 46.35
92.18 , 45.88
91.83 , 46.09
91.95 , 45.9
91.83 , 46.02
91.98 , 45.76
92.25 , 46.15
92.67 , 45.97
92.28 , 45.92
92.31 , 45.83
91.93 , 46.26
92.29 , 45.86
91.99 , 45.68
91.5 , 45.7
91.74 , 45.81
91.99 , 45.85
91.82 , 46.09
92.21 , 45.59
91.87 , 46.35
91.96 , 45.92
91.83 , 46.3
92.22 , 46.0
91.96 , 45.83
91.76 , 46.08
92.66 , 45.75
91.65 , 45.45
91.79 , 45.52
91.62 , 45.9
91.92 , 45.6
91.8 , 46.0
91.65 , 45.91
92.01 , 45.47
91.84 , 46.04
91.94 , 46.13
92.46 , 45.42
92.13 , 45.72
92.18 , 46.06
92.02 , 45.6
92.06 , 45.88
91.83 , 46.11
91.92 , 45.54
92.26 , 45.54
91.99 , 46.37
91.87 , 45.8
92.26 , 45.35
92.52 , 45.95
92.32 , 46.04
92.17 , 45.73
92.29 , 45.65
92.35 , 45.58
92.19 , 45.99
91.69 , 45.61
91.76 , 46.2
91.9 , 45.93
92.15 , 45.81
92.41 , 45.84
91.91 , 45.7
92.44 , 45.92
92.02 , 45.68
92.21 , 45.14
91.85 , 45.26
91.84 , 45.42
92.06 , 45.5
91.86 , 45.79
92.05 , 45.26
92.32 , 45.25
91.76 , 45.71
92.17 , 45.86
92.32 , 45.8
92.05 , 45.99
92.07 , 45.83
91.88 , 45.31
92.1 , 45.21
91.52 , 45.79
91.71 , 45.52
92.29 , 45.37
92.2 , 45.59
92.17 , 45.49
91.96 , 45.74
91.87 , 45.23
91.91 , 45.55
92.43 , 45.87
92.22 , 44.79
91.58 , 45.88
92.22 , 45.79
91.98 , 45.45
92.57 , 45.56
92.13 , 45.65
92.28 , 45.48
92.62 , 45.68
92.5 , 45.42
92.52 , 45.51
91.87 , 45.69
92.02 , 45.7
91.76 , 45.24
92.17 , 45.33
92.17 , 45.12
91.58 , 45.88
92.19 , 45.22
92.03 , 45.07
91.94 , 45.17
91.86 , 45.55
92.02 , 45.79
91.97 , 45.2
92.07 , 45.66
92.06 , 44.95
92.58 , 45.28
91.73 , 45.59
92.32 , 45.46
92.27 , 45.45
91.73 , 45.56
91.96 , 45.47
92.25 , 45.47
92.61 , 45.83
92.2 , 45.33
92.03 , 45.6
92.17 , 45.85
91.92 , 45.3
92.12 , 45.39
92.35 , 45.76
91.93 , 45.53
92.2 , 45.51
92.23 , 45.06
92.13 , 45.23
92.21 , 45.47
92.13 , 45.85
92.02 , 45.83
91.97 , 45.08
92.19 , 45.3
92.22 , 45.46
92.07 , 45.45
92.03 , 45.42
91.83 , 45.42
92.26 , 45.4
92.31 , 45.54
92.05 , 45.44
91.98 , 45.79
91.77 , 45.53
92.47 , 44.99
92.12 , 45.08
91.91 , 45.4
92.32 , 45.34
92.05 , 45.54
91.95 , 45.63
92.25 , 44.82
92.27 , 45.13
92.28 , 45.86
91.7 , 45.59
92.02 , 45.44
92.47 , 45.18
92.12 , 45.7
92.39 , 45.14
92.18 , 45.01
92.12 , 45.35
91.82 , 45.28
92.02 , 45.31
91.88 , 45.53
92.42 , 45.21
92.04 , 45.04
92.42 , 45.22
91.87 , 44.94
92.44 , 45.41
91.96 , 45.44
92.14 , 44.7
92.29 , 45.47
92.41 , 45.09
91.99 , 45.08
92.02 , 45.24
92.36 , 45.29
92.21 , 45.26
92.07 , 45.47
92.41 , 45.46
91.81 , 45.27
91.83 , 45.37
92.46 , 44.79
92.4 , 45.74
92.8 , 45.28
91.31 , 45.06
92.21 , 45.56
92.45 , 45.0
91.86 , 44.98
91.95 , 45.51
92.38 , 45.51
92.56 , 44.89
92.47 , 45.3
92.44 , 44.91
91.87 , 45.09
91.87 , 45.31
92.26 , 44.87
92.06 , 45.03
92.26 , 45.25
92.4 , 45.24
92.34 , 44.85
91.91 , 45.39
92.16 , 45.33
92.23 , 45.17
92.05 , 45.0
91.93 , 45.52
92.19 , 44.96
92.28 , 44.72
91.75 , 44.82
92.79 , 45.16
92.14 , 44.66
92.15 , 44.97
91.77 , 44.61
92.15 , 45.19
91.91 , 44.78
91.81 , 45.06
92.29 , 44.84
92.25 , 45.16
92.16 , 45.12
92.02 , 44.62
92.01 , 45.07
92.13 , 44.66
92.17 , 44.57
92.21 , 44.73
92.12 , 44.96
91.66 , 44.64
92.06 , 45.4
92.43 , 45.05
92.03 , 45.36
91.8 , 45.08
92.2 , 45.1
92.12 , 45.14
92.03 , 44.55
91.94 , 45.4
92.19 , 44.97
91.94 , 44.84
91.66 , 44.84
91.86 , 45.38
92.16 , 45.4
92.25 , 45.13
92.08 , 45.07
92.29 , 45.19
91.95 , 44.8
92.37 , 44.75
92.01 , 44.7
91.87 , 45.35
92.52 , 44.29
92.02 , 45.34
91.82 , 45.14
92.12 , 44.94
92.41 , 44.92
92.02 , 45.24
92.46 , 45.26
92.49 , 44.95
92.33 , 45.37
91.97 , 44.41
91.76 , 44.99
92.02 , 44.77
92.27 , 44.64
91.93 , 44.58
91.95 , 44.89
92.16 , 44.74
92.19 , 44.74
91.66 , 44.86
92.51 , 44.98
91.98 , 44.35
92.07 , 44.54
91.97 , 44.63
92.04 , 44.62
91.86 , 45.04
92.62 , 44.24
91.99 , 44.75
92.53 , 45.06
92.01 , 44.76
92.38 , 45.06
92.27 , 44.39
92.01 , 45.02
92.39 , 44.69
92.11 , 45.08
92.04 , 44.91
92.25 , 44.77
92.27 , 44.34
91.85 , 44.98
92.19 , 44.72
92.6 , 44.92
92.47 , 44.44
92.23 , 44.91
92.16 , 44.91
92.34 , 44.81
92.16 , 44.57
92.28 , 44.31
92.53 , 44.79
92.34 , 44.59
92.1 , 44.8
92.14 , 44.92
91.84 , 44.65
91.78 , 44.54
92.23 , 44.43
91.83 , 44.44
92.42 , 44.73
92.39 , 44.81
92.01 , 44.44
92.57 , 44.82
92.02 , 44.83
91.64 , 44.74
91.93 , 44.75
92.53 , 44.35
91.86 , 44.55
92.37 , 44.47
92.38 , 45.21
93.01 , 44.77
92.38 , 44.82
91.89 , 44.61
91.94 , 44.61
92.45 , 44.61
92.38 , 44.78
92.52 , 44.93
92.5 , 44.66
92.17 , 44.69
92.14 , 45.15
92.17 , 44.73
92.69 , 44.73
92.2 , 44.53
92.08 , 44.82
92.17 , 44.33
92.04 , 44.97
92.48 , 44.32
92.19 , 44.37
92.34 , 44.83
92.21 , 44.29
92.04 , 44.81
92.48 , 44.58
92.03 , 44.63
92.04 , 44.58
92.28 , 44.35
91.87 , 44.5
92.37 , 44.68
92.53 , 44.53
91.92 , 44.84
92.38 , 44.55
92.18 , 44.37
92.26 , 44.65
92.23 , 44.65
92.02 , 44.9
92.27 , 44.57
92.38 , 44.44
92.19 , 44.2
91.92 , 44.48
92.45 , 44.76
91.86 , 44.71
92.03 , 44.58
92.32 , 44.33
92.12 , 44.77
92.18 , 43.96
92.61 , 44.39
92.28 , 44.52
92.44 , 45.15
91.89 , 44.21
92.51 , 44.71
91.99 , 44.32
92.66 , 44.68
92.24 , 44.42
92.48 , 44.1
91.76 , 44.22
92.56 , 44.82
92.43 , 44.64
92.26 , 44.49
92.18 , 44.63
91.88 , 43.75
92.5 , 44.39
92.43 , 44.11
91.99 , 44.91
92.11 , 44.44
92.21 , 44.14
91.89 , 44.54
91.98 , 44.5
91.95 , 44.33
92.06 , 44.49
92.12 , 44.31
92.37 , 44.56
92.01 , 43.85
92.45 , 43.81
92.1 , 44.12
91.84 , 44.33
92.47 , 44.24
92.14 , 43.98
92.39 , 43.99
92.49 , 44.2
91.42 , 44.27
91.89 , 44.7
91.95 , 43.98
91.77 , 43.99
92.21 , 44.35
92.09 , 43.85
92.15 , 44.29
92.35 , 44.02
92.21 , 44.63
92.26 , 44.34
92.64 , 44.4
92.04 , 44.74
92.05 , 43.99
92.21 , 44.29
92.06 , 44.47
92.01 , 44.26
91.9 , 44.09
92.43 , 43.46
92.53 , 44.09
92.57 , 44.42
91.97 , 44.16
91.75 , 44.15
92.38 , 44.65
92.33 , 44.03
91.84 , 44.4
92.38 , 44.3
92.15 , 44.15
92.09 , 43.93
92.5 , 43.39
92.26 , 44.0
92.2 , 43.83
91.91 , 44.24
92.34 , 44.38
91.92 , 44.41
92.39 , 43.93
91.93 , 43.76
91.47 , 44.29
91.9 , 44.05
92.54 , 43.96
92.29 , 44.49
92.41 , 44.12
91.86 , 43.98
92.42 , 43.92
92.27 , 44.11
92.62 , 44.27
92.21 , 44.42
92.28 , 43.79
92.04 , 44.14
92.64 , 44.16
92.55 , 43.98
92.28 , 44.08
92.5 , 43.94
92.39 , 43.98
92.47 , 43.78
92.69 , 43.79
91.93 , 43.59
91.93 , 44.37
92.38 , 43.99
92.57 , 44.01
92.21 , 43.72
92.08 , 44.47
92.4 , 43.64
92.46 , 43.79
92.43 , 44.03
92.4 , 44.13
92.17 , 44.06
92.58 , 43.99
92.34 , 43.81
92.18 , 44.17
92.34 , 44.01
91.8 , 43.97
92.01 , 43.73
92.22 , 43.8
91.98 , 43.79
92.77 , 44.39
92.07 , 44.18
91.82 , 43.92
92.03 , 44.01
91.86 , 44.14
92.28 , 43.58
92.61 , 43.51
92.53 , 44.3
92.15 , 44.32
92.59 , 43.73
92.2 , 44.02
92.42 , 44.12
91.87 , 44.34
92.58 , 43.74
92.28 , 43.9
92.51 , 43.94
92.45 , 43.89
92.44 , 44.14
92.95 , 43.47
92.62 , 43.9
92.58 , 44.09
92.3 , 43.98
92.22 , 43.95
92.29 , 43.61
92.36 , 43.98
92.25 , 43.77
92.25 , 43.44
92.56 , 44.09
92.17 , 43.45
92.31 , 43.62
92.68 , 44.38
92.4 , 44.05
92.38 , 43.98
92.64 , 44.19
92.33 , 43.72
92.59 , 43.87
92.6 , 43.82
92.52 , 44.15
92.38 , 44.25
92.62 , 43.61
92.39 , 43.78
92.43 , 43.78
92.25 , 43.91
92.27 , 43.81
92.1 , 44.04
92.09 , 43.59
92.33 , 44.66
92.37 , 43.83
92.25 , 43.79
92.16 , 43.78
92.17 , 43.81
92.69 , 43.72
92.16 , 43.76
92.4 , 43.18
92.02 , 44.27
92.08 , 43.45
92.21 , 43.62
92.36 , 44.06
92.75 , 43.52
92.67 , 43.75
92.77 , 43.83
92.42 , 43.64
92.23 , 43.79
92.28 , 43.44
91.99 , 43.7
92.67 , 43.47
92.17 , 44.01
92.41 , 43.76
92.37 , 44.2
92.55 , 43.5
92.2 , 43.54
92.35 , 43.96
92.2 , 43.28
92.48 , 43.52
91.54 , 43.72
92.23 , 43.54
93.03 , 44.4
92.39 , 43.46
92.07 , 43.7
92.38 , 43.37
92.13 , 43.52
92.22 , 43.48
92.23 , 43.88
92.22 , 43.27
92.64 , 42.88
92.28 , 44.21
92.24 , 43.81
92.95 , 43.78
92.64 , 43.42
92.42 , 43.56
92.11 , 43.7
92.28 , 43.56
92.02 , 43.6
92.31 , 43.86
92.63 , 43.45
92.48 , 43.68
92.19 , 43.87
92.17 , 43.56
92.33 , 43.49
92.28 , 43.59
92.11 , 43.79
92.37 , 43.22
92.58 , 43.47
92.53 , 43.34
92.54 , 43.79
92.15 , 43.15
92.44 , 43.35
92.83 , 43.53
92.11 , 43.46
92.89 , 43.38
92.25 , 43.64
92.42 , 43.37
92.73 , 43.2
92.41 , 43.46
92.69 , 43.54
92.67 , 43.01
92.17 , 43.25
92.29 , 43.68
92.43 , 43.97
92.28 , 43.52
92.13 , 43.13
92.22 , 43.42
92.41 , 43.42
92.36 , 43.3
92.64 , 43.62
92.01 , 43.35
92.05 , 43.39
92.37 , 43.23
92.57 , 43.36
92.53 , 43.54
92.91 , 43.27
92.24 , 43.25
92.38 , 43.27
92.28 , 43.32
92.37 , 43.86
92.36 , 43.41
92.3 , 42.96
92.54 , 43.55
92.59 , 43.43
92.56 , 43.31
92.36 , 42.94
92.37 , 43.15
91.97 , 43.23
92.55 , 43.4
92.66 , 43.83
92.6 , 43.5
92.11 , 43.4
92.51 , 43.48
92.41 , 43.38
92.39 , 43.23
92.39 , 43.8
92.43 , 43.55
92.3 , 43.07
92.48 , 43.61
92.51 , 42.85
92.55 , 43.15
92.88 , 43.33
92.14 , 43.39
92.52 , 42.8
92.37 , 43.08
92.53 , 43.37
92.27 , 43.25
92.55 , 43.59
92.44 , 43.21
92.12 , 43.28
92.06 , 43.04
92.66 , 42.91
92.46 , 43.54
92.09 , 43.4
92.3 , 42.99
92.38 , 43.52
92.92 , 43.36
92.25 , 43.35
92.55 , 43.04
92.18 , 42.96
92.45 , 43.15
92.75 , 43.44
92.02 , 43.14
92.09 , 42.92
92.27 , 42.74
92.23 , 43.45
92.27 , 43.01
92.18 , 43.43
92.64 , 43.51
92.14 , 42.89
92.07 , 42.91
92.88 , 42.89
92.52 , 43.18
92.15 , 42.83
92.36 , 43.12
92.58 , 42.88
92.37 , 43.2
92.34 , 43.43
92.83 , 43.2
92.82 , 43.12
92.55 , 42.96
92.04 , 42.93
92.04 , 43.41
92.22 , 42.94
93.06 , 42.97
92.32 , 42.83
92.43 , 42.78
92.27 , 43.33
92.48 , 43.07
92.34 , 43.12
92.73 , 43.25
92.47 , 43.1
92.7 , 43.19
92.31 , 42.78
92.38 , 43.17
92.58 , 43.3
92.26 , 43.26
92.61 , 43.15
92.39 , 42.96
92.43 , 42.51
92.46 , 43.06
92.28 , 43.32
91.89 , 42.4
92.33 , 43.26
92.64 , 42.9
92.96 , 42.87
92.69 , 42.89
92.39 , 43.05
92.39 , 42.96
92.18 , 43.03
92.91 , 42.4
92.41 , 42.95
92.25 , 42.95
92.67 , 43.14
92.16 , 42.64
91.9 , 43.21
92.3 , 43.24
92.56 , 42.95
92.6 , 42.49
92.16 , 43.09
92.58 , 42.55
92.65 , 42.52
92.23 , 42.31
93.03 , 42.99
92.49 , 43.13
92.49 , 42.92
92.57 , 42.82
92.32 , 42.97
92.94 , 43.34
91.9 , 42.56
92.81 , 42.89
92.46 , 42.8
92.1 , 43.13
92.61 , 42.92
92.23 , 42.25
92.43 , 42.99
92.39 , 42.86
92.54 , 42.34
92.25 , 42.45
92.18 , 43.34
92.47 , 43.18
92.77 , 42.89
92.71 , 42.79
92.14 , 43.17
91.98 , 42.99
92.61 , 42.37
92.04 , 42.78
92.42 , 42.51
92.14 , 42.41
91.96 , 42.77
93.06 , 43.22
92.7 , 42.78
92.6 , 42.59
92.64 , 42.77
92.68 , 42.64
92.19 , 43.02
92.75 , 42.27
92.37 , 42.88
92.31 , 42.7
92.25 , 42.57
92.64 , 43.28
92.72 , 42.81
92.82 , 42.77
92.76 , 42.91
92.34 , 42.74
92.52 , 43.33
92.21 , 42.91
92.82 , 42.86
92.68 , 42.8
92.65 , 42.48
92.1 , 42.62
92.33 , 42.69
92.72 , 42.68
92.53 , 42.52
92.61 , 42.62
92.37 , 42.97
92.63 , 42.77
92.08 , 43.04
92.52 , 42.43
92.31 , 43.14
92.47 , 43.01
92.83 , 42.5
92.69 , 42.45
92.54 , 42.36
92.73 , 42.74
92.45 , 42.39
92.12 , 42.33
92.31 , 43.22
92.16 , 42.74
92.62 , 42.61
92.55 , 42.82
93.15 , 42.33
93.2 , 42.52
91.97 , 42.95
92.88 , 42.77
92.56 , 42.75
92.72 , 42.79
92.34 , 42.07
91.93 , 42.67
92.57 , 42.57
92.35 , 42.7
92.65 , 42.22
92.38 , 42.17
92.54 , 42.27
92.24 , 42.99
92.49 , 42.76
92.19 , 42.51
92.34 , 42.81
92.54 , 42.61
92.54 , 42.93
92.51 , 42.6
92.38 , 42.73
92.52 , 42.75
92.33 , 42.69
92.38 , 42.33
92.59 , 42.47
92.6 , 42.62
92.53 , 42.21
92.03 , 42.4
92.57 , 42.56
92.9 , 42.62
92.58 , 42.58
92.26 , 42.8
92.6 , 42.36
92.76 , 42.57
92.21 , 42.21
92.4 , 42.25
92.53 , 42.18
92.33 , 42.39
92.32 , 42.47
92.35 , 42.08
92.8 , 42.1
92.45 , 42.84
92.78 , 42.11
92.0 , 42.08
92.49 , 42.65
92.53 , 42.39
92.44 , 42.89
92.49 , 42.03
92.67 , 42.08
92.31 , 42.59
92.59 , 42.25
92.41 , 42.44
92.32 , 42.39
92.61 , 42.49
92.48 , 42.05
92.68 , 42.96
92.24 , 42.37
92.27 , 42.43
92.61 , 42.43
92.4 , 42.2
92.12 , 42.57
92.15 , 42.26
92.31 , 42.17
92.07 , 42.89
92.33 , 42.11
92.4 , 42.35
92.1 , 42.06
92.48 , 42.4
92.44 , 42.39
92.51 , 42.46
92.67 , 42.54
92.9 , 42.57
92.29 , 42.49
92.28 , 41.96
92.83 , 42.46
92.27 , 41.99
92.56 , 42.15
92.22 , 42.53
92.94 , 42.31
92.81 , 42.7
92.72 , 42.02
92.72 , 42.25
92.54 , 42.3
92.55 , 42.33
92.56 , 42.17
92.85 , 41.84
92.77 , 42.45
92.25 , 42.41
93.08 , 42.08
92.85 , 42.18
92.42 , 42.31
92.61 , 42.29
92.61 , 42.31
92.64 , 42.24
93.11 , 42.03
92.4 , 42.46
92.52 , 42.04
92.34 , 42.65
92.31 , 41.87
92.63 , 42.23
92.66 , 42.0
92.29 , 42.19
92.64 , 41.88
92.93 , 42.18
92.21 , 42.12
92.59 , 41.85
92.63 , 41.89
92.48 , 42.2
92.42 , 42.76
92.1 , 42.03
92.12 , 42.34
92.74 , 41.76
92.72 , 42.07
92.2 , 42.0
92.49 , 42.26
92.6 , 42.24
92.61 , 41.69
92.72 , 41.36
92.9 , 42.17
93.11 , 42.1
92.39 , 42.18
92.59 , 41.83
92.43 , 42.14
92.39 , 41.79
92.37 , 42.08
92.41 , 41.84
92.27 , 41.91
92.53 , 42.08
92.62 , 42.18
92.97 , 42.38
92.75 , 42.36
92.75 , 41.98
92.74 , 41.97
93.0 , 41.94
92.49 , 41.86
92.87 , 41.89
92.77 , 42.17
92.47 , 41.79
92.62 , 41.88
92.74 , 41.89
92.24 , 41.61
92.86 , 41.8
92.64 , 41.81
92.43 , 41.7
92.49 , 41.78
92.49 , 41.43
92.79 , 41.72
92.37 , 41.96
92.19 , 42.35
92.58 , 42.32
92.94 , 42.34
92.47 , 42.35
92.62 , 41.79
92.59 , 41.97
92.82 , 42.19
92.65 , 42.05
92.26 , 41.8
92.28 , 41.77
91.97 , 41.93
92.57 , 41.77
92.2 , 42.28
93.27 , 41.8
92.74 , 41.51
93.07 , 41.75
92.25 , 41.81
93.21 , 41.45
92.21 , 41.67
92.46 , 42.08
92.18 , 42.21
92.55 , 42.14
92.34 , 41.98
92.71 , 41.72
92.5 , 41.85
92.76 , 41.41
92.08 , 42.12
92.3 , 41.84
92.69 , 41.39
92.48 , 41.65
92.48 , 41.83
92.59 , 41.55
92.94 , 42.01
92.52 , 41.83
92.71 , 42.08
92.52 , 41.42
92.63 , 41.85
92.35 , 41.73
91.77 , 41.53
92.76 , 42.31
92.74 , 41.46
92.48 , 41.89
92.48 , 41.52
92.55 , 42.07
92.28 , 41.88
92.82 , 41.42
92.55 , 41.96
92.42 , 42.2
92.69 , 42.09
92.74 , 41.47
92.93 , 41.77
92.54 , 41.61
92.43 , 41.37
92.82 , 41.99
93.07 , 41.44
92.5 , 41.55
92.94 , 41.39
92.99 , 41.39
92.55 , 41.77
92.46 , 41.8
92.59 , 41.56
92.46 , 41.36
92.68 , 41.43
92.65 , 41.9
92.32 , 41.32
92.3 , 41.21
92.68 , 41.41
92.3 , 41.99
92.72 , 42.35
92.21 , 41.69
92.77 , 41.65
92.43 , 41.49
92.67 , 41.88
92.79 , 41.49
92.81 , 41.44
92.68 , 41.82
92.73 , 41.83
92.77 , 41.55
92.63 , 41.51
92.96 , 41.98
92.67 , 41.72
92.79 , 41.91
92.39 , 41.56
92.61 , 41.43
92.94 , 41.51
92.6 , 41.83
92.65 , 41.51
92.43 , 41.68
92.69 , 41.73
92.53 , 41.85
92.32 , 41.9
92.7 , 41.61
92.73 , 41.59
92.06 , 41.24
92.67 , 41.45
92.78 , 41.68
92.84 , 41.61
93.15 , 41.41
92.91 , 41.46
92.7 , 41.82
92.54 , 41.31
92.27 , 41.47
92.93 , 41.42
92.85 , 41.67
92.91 , 41.26
92.62 , 41.68
93.21 , 41.54
92.33 , 41.43
92.83 , 41.31
92.68 , 41.69
92.58 , 41.5
92.73 , 41.34
92.52 , 41.0
92.72 , 41.82
92.36 , 41.08
92.86 , 41.67
92.78 , 41.84
92.9 , 41.43
92.19 , 41.08
92.83 , 41.29
92.57 , 41.71
92.67 , 41.39
92.69 , 41.51
92.65 , 41.59
92.88 , 41.05
92.55 , 41.45
92.48 , 41.68
93.01 , 41.23
92.29 , 41.65
92.51 , 41.4
92.62 , 41.52
92.79 , 41.6
92.82 , 41.57
92.82 , 41.78
92.71 , 41.17
92.46 , 41.43
92.83 , 41.62
92.55 , 40.94
93.2 , 41.34
92.95 , 41.52
92.71 , 41.28
92.76 , 41.25
92.25 , 41.37
92.74 , 41.28
92.51 , 41.25
92.8 , 41.46
92.8 , 41.12
93.12 , 41.35
92.32 , 41.25
92.38 , 41.35
92.47 , 41.42
92.55 , 41.1
92.39 , 41.16
92.94 , 41.39
92.18 , 41.18
92.71 , 41.75
92.78 , 41.52
92.68 , 41.51
92.6 , 41.25
92.38 , 41.59
93.11 , 41.25
92.73 , 41.01
92.52 , 41.67
93.07 , 40.99
92.82 , 41.51
92.63 , 40.88
92.76 , 41.21
93.01 , 41.52
93.0 , 41.02
92.48 , 40.97
92.51 , 40.95
92.5 , 41.58
92.5 , 41.34
92.63 , 41.22
92.71 , 41.04
92.79 , 41.26
92.76 , 41.65
92.85 , 41.29
92.63 , 40.89
92.36 , 41.53
92.92 , 41.51
92.48 , 41.03
92.85 , 41.16
92.69 , 41.24
92.72 , 40.93
92.71 , 40.77
92.65 , 41.08
92.38 , 41.08
92.72 , 41.25
92.83 , 41.0
92.74 , 41.0
92.72 , 40.81
92.71 , 40.9
92.89 , 41.26
92.91 , 40.84
92.79 , 41.38
92.41 , 40.85
92.87 , 41.31
92.58 , 40.82
92.66 , 41.29
92.59 , 40.73
92.89 , 40.84
92.67 , 41.24
92.54 , 41.0
92.25 , 41.46
92.74 , 41.03
92.49 , 40.79
92.43 , 40.46
92.55 , 40.73
92.92 , 41.37
92.74 , 40.94
92.76 , 41.23
92.53 , 41.11
92.62 , 41.39
92.68 , 40.88
92.89 , 41.11
93.04 , 41.52
92.7 , 40.77
92.98 , 41.59
92.61 , 40.72
92.57 , 41.1
92.66 , 41.17
92.56 , 41.27
92.48 , 40.7
92.76 , 41.15
92.23 , 41.28
92.81 , 40.88
92.63 , 41.16
92.58 , 40.82
92.69 , 41.46
92.63 , 41.18
92.7 , 41.04
92.59 , 40.89
92.95 , 41.05
92.59 , 40.91
92.65 , 40.97
92.49 , 41.07
92.5 , 40.63
92.93 , 40.86
92.38 , 40.74
92.7 , 40.88
92.98 , 40.93
93.49 , 40.74
92.65 , 41.15
92.55 , 40.71
92.82 , 40.61
92.96 , 40.85
92.51 , 40.68
92.62 , 40.85
92.58 , 40.63
92.6 , 40.69
92.33 , 40.57
92.6 , 40.78
92.63 , 40.52
92.37 , 40.71
92.98 , 40.96
92.82 , 41.08
92.93 , 40.46
92.93 , 40.82
92.9 , 40.44
92.55 , 40.61
92.71 , 40.2
93.13 , 41.09
92.75 , 40.99
92.6 , 40.89
93.03 , 40.54
92.97 , 40.63
92.77 , 40.79
92.08 , 41.15
92.86 , 40.22
92.47 , 40.93
92.85 , 40.56
92.87 , 40.93
92.73 , 40.62
92.62 , 40.5
92.88 , 40.97
93.17 , 41.18
92.32 , 40.84
92.6 , 40.72
93.19 , 40.9
92.71 , 40.68
92.52 , 40.42
92.57 , 40.89
92.91 , 40.57
92.79 , 40.57
92.47 , 40.66
92.47 , 40.65
92.6 , 41.27
93.36 , 40.79
93.06 , 41.0
92.72 , 40.58
92.98 , 41.13
92.44 , 40.62
92.76 , 40.14
92.96 , 40.34
92.58 , 40.52
93.35 , 40.81
92.86 , 40.77
92.48 , 40.68
93.05 , 40.36
92.31 , 40.76
92.49 , 40.72
93.15 , 40.46
93.37 , 40.57
92.76 , 40.88
92.8 , 40.61
93.36 , 40.86
92.67 , 40.04
92.15 , 40.93
92.98 , 40.32
92.49 , 40.48
93.41 , 40.41
92.95 , 40.89
92.64 , 40.68
92.66 , 40.8
92.76 , 40.54
92.93 , 40.63
92.84 , 40.61
92.73 , 39.86
93.04 , 40.85
92.54 , 40.51
93.06 , 40.34
93.13 , 40.78
92.88 , 40.38
92.61 , 40.59
92.66 , 40.39
93.12 , 40.24
92.67 , 40.67
92.73 , 40.14
93.06 , 40.51
92.68 , 40.46
92.53 , 40.23
92.65 , 40.82
93.2 , 40.53
92.6 , 40.16
92.36 , 40.3
93.14 , 40.37
92.72 , 40.49
92.27 , 40.26
93.32 , 40.42
92.67 , 40.03
92.59 , 40.71
92.96 , 40.83
92.58 , 40.7
92.93 , 40.3
92.96 , 40.89
92.62 , 40.44
92.56 , 40.08
92.91 , 39.92
92.74 , 40.11
92.13 , 40.56
92.71 , 40.22
92.53 , 40.31
92.42 , 40.87
93.02 , 40.75
92.69 , 40.17
92.54 , 40.51
92.73 , 40.22
92.99 , 40.52
92.59 , 40.33
92.7 , 40.55
92.78 , 40.45
92.52 , 40.12
92.98 , 40.77
92.61 , 40.38
92.67 , 41.01
92.64 , 40.67
92.47 , 40.75
92.86 , 40.36
92.77 , 40.11
92.59 , 40.21
92.89 , 40.63
92.8 , 40.23
93.4 , 40.46
92.56 , 40.29
92.65 , 40.55
92.78 , 40.23
92.93 , 40.29
92.59 , 40.19
92.64 , 40.5
92.72 , 40.59
92.68 , 39.92
92.78 , 40.43
93.1 , 40.24
92.57 , 39.98
92.63 , 40.11
92.77 , 39.75
92.69 , 40.55
92.88 , 40.12
92.63 , 40.17
92.45 , 40.64
92.9 , 40.08
92.75 , 40.6
92.91 , 40.09
92.93 , 40.45
92.28 , 40.07
92.62 , 40.28
92.4 , 39.99
92.97 , 40.05
92.81 , 40.54
92.76 , 40.02
93.06 , 40.21
93.02 , 40.13
92.93 , 40.11
92.68 , 40.16
92.62 , 40.48
92.78 , 40.22
92.68 , 39.93
92.65 , 39.78
92.7 , 40.22
92.92 , 40.1
93.04 , 40.23
92.71 , 40.16
92.79 , 40.32
92.28 , 40.39
92.66 , 40.11
92.92 , 39.8
92.57 , 40.32
93.38 , 40.49
92.83 , 40.45
92.77 , 39.92
92.62 , 40.24
93.04 , 39.89
93.0 , 40.39
92.9 , 39.88
92.82 , 39.88
92.91 , 40.13
93.06 , 40.07
92.41 , 40.06
93.27 , 40.1
92.57 , 40.14
92.73 , 39.95
92.82 , 40.2
92.69 , 39.89
92.78 , 39.63
92.39 , 40.07
92.99 , 40.26
92.96 , 39.79
92.63 , 39.94
92.92 , 39.75
92.68 , 39.76
92.44 , 39.54
92.54 , 39.81
92.7 , 39.85
92.37 , 39.7
93.04 , 39.86
92.91 , 40.3
92.71 , 40.26
93.17 , 39.96
93.11 , 39.92
92.71 , 39.99
93.48 , 40.09
92.89 , 40.17
92.88 , 40.26
92.83 , 39.77
93.07 , 40.04
92.92 , 40.0
92.8 , 39.96
93.01 , 39.84
93.09 , 40.22
92.98 , 40.15
93.05 , 40.05
92.84 , 39.83
92.74 , 39.8
92.44 , 39.83
92.44 , 40.02
92.99 , 39.9
93.04 , 39.94
92.72 , 40.02
92.67 , 39.93
93.03 , 39.95
92.97 , 40.18
92.79 , 39.68
92.9 , 39.89
92.64 , 40.2
92.92 , 40.56
92.83 , 39.52
92.77 , 39.73
92.94 , 39.72
93.22 , 40.0
92.44 , 39.72
93.1 , 39.58
92.98 , 40.0
92.96 , 40.19
93.09 , 39.65
93.15 , 39.73
93.21 , 39.78
93.54 , 39.76
92.5 , 39.96
93.21 , 39.9
92.9 , 39.58
92.71 , 39.89
92.85 , 40.06
92.83 , 39.56
92.69 , 39.96
92.88 , 39.72
92.49 , 39.92
92.68 , 39.64
93.08 , 39.39
92.9 , 39.75
92.18 , 39.75
93.0 , 39.57
92.95 , 39.38
92.86 , 39.89
92.99 , 40.46
92.61 , 39.78
93.09 , 39.77
92.98 , 39.47
93.11 , 40.02
92.87 , 39.72
93.12 , 40.06
93.06 , 39.7
92.93 , 39.51
93.04 , 40.28
93.17 , 39.85
92.82 , 39.7
93.09 , 39.77
93.12 , 39.68
92.42 , 39.83
93.3 , 39.85
92.87 , 40.04
93.22 , 39.77
92.79 , 39.86
92.83 , 39.46
92.59 , 39.85
92.62 , 39.78
92.93 , 39.74
92.6 , 39.45
92.87 , 39.58
92.52 , 39.9
93.44 , 39.78
92.96 , 39.55
92.69 , 39.82
92.47 , 39.37
92.86 , 39.92
92.83 , 39.77
93.3 , 39.34
92.88 , 39.68
92.61 , 40.01
92.94 , 39.9
92.78 , 39.54
93.11 , 39.0
92.82 , 39.83
92.95 , 39.71
93.1 , 39.03
93.21 , 39.85
92.53 , 39.76
92.62 , 39.3
92.52 , 39.37
92.76 , 39.44
92.7 , 39.3
92.92 , 39.79
92.88 , 39.63
93.18 , 39.72
92.96 , 39.52
93.23 , 39.75
92.85 , 39.47
92.75 , 39.61
92.61 , 39.75
92.87 , 39.81
93.01 , 39.27
92.53 , 38.74
93.1 , 39.79
92.75 , 39.56
93.06 , 39.22
92.73 , 39.51
92.87 , 39.66
92.58 , 39.13
93.05 , 39.36
92.92 , 39.78
93.26 , 39.35
92.65 , 38.89
92.61 , 39.73
93.25 , 39.45
92.96 , 38.96
93.08 , 39.54
92.82 , 38.89
93.06 , 39.66
92.83 , 39.7
93.1 , 39.35
92.92 , 39.38
92.93 , 39.37
93.18 , 39.53
92.94 , 39.35
92.95 , 39.47
93.17 , 39.86
93.14 , 39.69
92.77 , 39.77
92.84 , 38.96
92.7 , 39.58
92.81 , 38.93
93.25 , 38.94
93.04 , 39.04
92.63 , 39.49
93.06 , 39.51
93.25 , 39.1
93.12 , 39.22
93.02 , 39.27
93.07 , 39.75
93.29 , 39.52
92.97 , 39.27
93.03 , 39.8
92.29 , 38.99
93.49 , 38.87
92.79 , 39.38
93.11 , 39.43
92.69 , 39.18
92.91 , 39.23
93.34 , 39.6
93.05 , 39.2
92.93 , 39.54
92.99 , 39.13
93.03 , 39.25
93.09 , 39.63
92.94 , 39.62
92.73 , 39.25
93.02 , 39.31
92.75 , 39.26
92.54 , 39.47
92.87 , 39.05
92.67 , 39.33
93.17 , 39.11
92.58 , 39.38
93.09 , 39.06
92.85 , 39.22
93.05 , 39.4
92.96 , 39.0
93.26 , 39.38
92.8 , 39.46
93.03 , 39.01
93.21 , 38.93
92.86 , 39.06
93.35 , 38.96
93.08 , 38.74
93.11 , 39.12
92.67 , 38.69
92.63 , 38.93
92.98 , 38.62
92.95 , 39.08
93.19 , 39.57
92.94 , 39.13
93.52 , 38.89
93.4 , 38.87
92.73 , 39.43
92.72 , 39.25
93.03 , 39.19
93.05 , 39.43
93.4 , 38.84
93.14 , 39.31
93.05 , 38.85
92.79 , 39.17
92.71 , 39.02
93.02 , 39.26
93.13 , 39.25
93.24 , 39.37
92.83 , 38.91
92.54 , 39.22
93.1 , 39.24
93.07 , 39.37
92.85 , 38.71
93.15 , 39.31
93.34 , 38.73
93.04 , 38.69
93.35 , 38.88
92.86 , 39.08
93.37 , 39.22
92.33 , 38.91
92.82 , 39.15
93.41 , 38.89
93.23 , 39.41
92.53 , 38.92
93.12 , 39.16
92.75 , 38.87
93.35 , 39.12
93.2 , 39.34
92.9 , 39.02
93.37 , 38.67
92.85 , 38.64
93.35 , 38.83
93.01 , 39.68
93.38 , 39.07
92.74 , 39.02
92.52 , 38.82
92.85 , 38.86
92.78 , 39.15
92.98 , 39.37
93.23 , 39.06
93.02 , 39.26
92.94 , 39.15
93.06 , 38.65
92.14 , 39.13
93.02 , 38.82
93.06 , 38.84
92.98 , 39.04
93.16 , 39.04
93.19 , 39.09
93.21 , 38.82
92.6 , 39.33
93.16 , 39.02
93.18 , 38.49
93.15 , 38.9
93.04 , 39.14
93.42 , 38.88
92.67 , 38.52
93.25 , 38.84
92.93 , 38.94
93.29 , 39.02
93.03 , 38.78
93.27 , 39.02
93.06 , 39.02
93.28 , 39.15
92.54 , 39.23
93.04 , 38.62
93.03 , 38.93
93.32 , 38.99
92.79 , 38.76
92.89 , 38.89
92.62 , 39.08
92.95 , 39.12
93.05 , 38.87
93.03 , 38.85
92.96 , 39.04
92.4 , 38.51
93.42 , 38.33
93.13 , 38.75
92.8 , 38.64
93.2 , 38.83
92.97 , 38.82
93.19 , 38.4
92.95 , 38.86
93.35 , 39.0
92.77 , 38.79
92.85 , 38.42
92.93 , 38.56
92.9 , 39.27
93.01 , 38.22
93.47 , 38.28
93.07 , 38.32
92.74 , 38.72
92.94 , 38.63
93.11 , 38.7
93.06 , 39.01
92.67 , 38.66
92.53 , 38.5
93.3 , 38.4
92.69 , 38.59
92.94 , 38.94
93.14 , 38.73
93.23 , 38.44
93.25 , 38.84
93.32 , 38.46
92.91 , 38.89
93.09 , 38.22
93.03 , 38.11
92.82 , 38.69
93.03 , 38.5
92.37 , 38.36
93.43 , 38.57
92.85 , 38.68
93.11 , 38.34
93.05 , 38.37
92.86 , 38.29
93.19 , 39.04
93.17 , 38.73
93.14 , 38.26
93.0 , 38.81
92.83 , 38.56
92.88 , 38.8
93.25 , 38.48
93.14 , 38.78
92.95 , 38.47
92.91 , 38.78
93.04 , 38.66
93.14 , 38.67
92.8 , 38.48
93.08 , 38.35
93.16 , 38.47
93.22 , 38.57
92.71 , 38.83
93.0 , 38.48
93.42 , 38.74
92.72 , 38.75
93.2 , 38.52
92.76 , 38.69
93.21 , 38.69
93.22 , 38.35
93.03 , 39.1
93.49 , 38.66
93.0 , 38.72
92.8 , 38.36
93.08 , 38.32
93.42 , 38.86
93.15 , 38.83
93.54 , 38.46
93.33 , 38.4
93.14 , 38.33
92.98 , 38.69
93.29 , 38.07
93.29 , 38.5
93.16 , 38.13
92.71 , 38.53
93.16 , 38.36
93.04 , 38.27
92.96 , 38.1
92.9 , 38.11
92.62 , 38.71
93.0 , 37.79
92.56 , 38.27
93.1 , 38.74
92.73 , 38.25
92.93 , 38.14
93.24 , 38.35
93.22 , 38.48
92.71 , 38.37
92.61 , 38.48
93.46 , 38.47
93.21 , 38.72
93.48 , 38.29
93.38 , 38.99
93.18 , 38.27
92.98 , 38.65
93.05 , 38.33
92.91 , 38.39
93.38 , 38.29
92.92 , 38.52
92.73 , 38.34
93.3 , 38.45
92.84 , 38.19
93.0 , 38.24
93.01 , 38.1
92.95 , 38.66
92.77 , 38.3
92.98 , 38.63
93.14 , 38.44
92.94 , 38.05
93.63 , 38.59
93.02 , 38.66
92.93 , 38.38
92.96 , 38.09
93.07 , 38.09
93.04 , 38.17
93.22 , 38.36
92.97 , 38.26
93.26 , 38.5
92.8 , 38.23
92.49 , 38.06
93.58 , 38.13
93.05 , 38.01
93.46 , 38.27
93.02 , 38.02
93.17 , 38.11
92.3 , 38.37
92.59 , 38.33
93.33 , 38.22
92.84 , 38.62
93.01 , 38.05
93.41 , 38.63
93.29 , 37.76
92.57 , 38.38
93.6 , 38.65
93.01 , 38.09
92.93 , 38.22
92.6 , 38.37
92.9 , 38.15
92.96 , 38.05
92.57 , 38.3
93.02 , 38.19
93.54 , 38.48
93.04 , 38.13
93.43 , 38.03
93.24 , 38.16
93.32 , 37.87
92.69 , 38.38
93.09 , 38.1
93.17 , 37.88
92.95 , 38.13
93.11 , 38.58
93.1 , 38.15
92.96 , 38.25
93.35 , 38.41
93.06 , 37.77
93.07 , 38.28
93.36 , 38.37
93.52 , 38.06
93.24 , 38.6
93.1 , 37.97
93.02 , 37.93
93.3 , 38.15
93.01 , 37.62
93.14 , 38.32
93.12 , 38.09
92.92 , 38.23
92.88 , 38.28
92.95 , 38.09
93.2 , 37.96
92.91 , 37.9
93.0 , 37.87
92.9 , 37.95
93.13 , 37.89
93.45 , 37.97
93.12 , 37.83
93.44 , 38.29
93.08 , 37.91
93.13 , 37.75
93.43 , 37.99
93.19 , 37.52
92.82 , 38.41
92.42 , 37.98
93.07 , 37.69
93.08 , 37.65
92.79 , 37.81
93.54 , 38.02
93.49 , 37.97
92.69 , 38.17
93.13 , 38.07
92.86 , 37.75
92.74 , 38.11
93.44 , 37.8
93.17 , 37.73
93.27 , 37.9
93.28 , 37.81
93.25 , 38.12
93.32 , 37.88
92.96 , 37.89
93.37 , 38.17
93.21 , 37.8
93.14 , 38.26
93.36 , 37.74
93.38 , 37.6
93.05 , 37.88
93.58 , 37.93
92.97 , 37.96
93.0 , 37.66
92.9 , 37.65
93.26 , 37.69
92.95 , 37.74
93.32 , 37.93
93.33 , 38.27
93.14 , 38.01
93.46 , 37.79
93.37 , 37.56
93.31 , 37.77
92.93 , 37.8
92.88 , 37.67
93.18 , 37.91
92.73 , 37.94
92.88 , 37.85
93.11 , 37.71
93.41 , 37.8
93.04 , 38.09
93.17 , 38.06
92.78 , 37.74
93.08 , 37.91
92.96 , 38.09
93.28 , 38.04
93.25 , 37.31
93.35 , 37.68
93.09 , 37.98
92.73 , 37.64
93.25 , 38.15
93.32 , 38.17
92.88 , 38.04
93.26 , 37.66
93.02 , 37.67
92.99 , 38.0
93.42 , 37.73
93.12 , 37.7
93.15 , 37.88
93.16 , 37.36
93.41 , 37.48
93.2 , 37.92
93.58 , 37.66
93.04 , 37.78
93.16 , 37.73
93.31 , 37.37
93.22 , 37.33
93.88 , 37.16
92.72 , 37.92
92.96 , 37.9
93.21 , 37.38
93.24 , 37.33
93.02 , 38.23
93.31 , 37.25
92.92 , 37.52
93.35 , 37.45
93.3 , 37.27
92.97 , 37.53
92.93 , 37.55
93.37 , 37.49
93.3 , 37.52
93.22 , 37.84
93.23 , 37.6
93.42 , 37.94
93.16 , 37.7
93.31 , 37.57
92.67 , 37.23
93.02 , 37.72
93.32 , 37.55
93.15 , 37.63
93.2 , 37.51
92.85 , 37.56
93.47 , 38.11
93.67 , 37.17
93.28 , 37.7
93.17 , 37.16
93.2 , 37.53
93.6 , 37.37
92.83 , 37.56
93.36 , 37.4
93.72 , 37.41
93.07 , 37.5
93.41 , 37.34
92.99 , 37.39
93.52 , 37.61
93.27 , 37.48
93.37 , 37.92
93.17 , 37.17
93.26 , 37.62
93.27 , 37.58
93.87 , 37.42
93.04 , 37.63
93.17 , 37.42
93.27 , 37.26
93.17 , 37.36
93.41 , 37.74
92.8 , 37.38
92.92 , 37.72
93.45 , 37.53
93.14 , 37.73
93.54 , 37.51
93.77 , 37.69
93.4 , 37.59
92.82 , 37.46
92.82 , 36.83
92.94 , 37.09
93.26 , 37.43
92.53 , 37.23
93.54 , 37.18
93.09 , 37.35
93.02 , 37.48
93.31 , 37.49
93.41 , 37.41
93.52 , 37.11
92.67 , 37.31
93.12 , 37.56
93.13 , 37.5
93.82 , 37.77
93.24 , 37.25
93.28 , 37.65
93.35 , 37.37
93.29 , 37.97
93.32 , 37.33
93.53 , 37.05
93.6 , 37.38
93.51 , 37.27
93.32 , 37.21
93.14 , 37.1
93.1 , 37.3
93.4 , 37.33
93.77 , 37.04
92.83 , 37.15
93.16 , 37.23
93.25 , 37.6
93.4 , 37.43
93.2 , 37.29
93.02 , 37.32
92.66 , 36.95
93.08 , 37.44
93.47 , 36.94
93.54 , 37.32
93.27 , 37.03
93.02 , 37.23
93.3 , 37.27
93.05 , 37.07
92.89 , 37.09
93.46 , 37.18
93.09 , 37.08
93.22 , 37.03
93.66 , 37.32
93.23 , 37.13
93.06 , 37.76
93.48 , 37.5
93.51 , 37.3
93.43 , 37.01
93.19 , 37.2
93.36 , 37.34
93.19 , 37.18
93.43 , 36.84
93.5 , 37.25
92.66 , 37.18
93.02 , 36.49
93.56 , 37.05
93.5 , 37.49
93.35 , 37.33
92.88 , 37.26
92.9 , 37.26
93.21 , 37.44
93.67 , 37.03
93.4 , 37.35
93.16 , 37.59
93.01 , 37.41
93.23 , 37.14
93.38 , 36.91
92.91 , 37.27
93.26 , 36.97
93.64 , 37.24
93.12 , 36.97
93.44 , 36.68
93.03 , 37.37
92.98 , 37.42
93.54 , 36.99
93.61 , 36.51
92.41 , 36.81
93.28 , 37.16
93.5 , 36.64
93.52 , 36.75
93.18 , 37.23
93.94 , 37.22
93.27 , 37.24
93.45 , 37.25
93.0 , 36.69
93.5 , 36.69
93.28 , 36.94
92.9 , 36.97
93.02 , 36.86
93.38 , 36.81
93.4 , 37.22
93.14 , 36.39
93.26 , 37.34
93.3 , 37.14
93.24 , 37.15
93.08 , 36.99
93.73 , 37.21
93.65 , 36.95
93.36 , 37.3
93.14 , 36.79
93.13 , 36.76
93.12 , 36.74
93.22 , 36.9
93.31 , 37.04
93.38 , 37.01
92.93 , 36.84
93.37 , 37.28
93.75 , 36.98
93.86 , 36.78
93.39 , 36.85
93.28 , 36.75
93.33 , 36.57
93.08 , 36.53
93.26 , 37.19
92.92 , 37.12
93.08 , 36.77
92.95 , 36.99
93.47 , 37.06
93.2 , 36.52
93.23 , 37.07
93.4 , 37.19
92.84 , 37.02
93.23 , 36.74
93.79 , 36.78
93.72 , 36.88
93.37 , 36.97
93.8 , 36.42
93.25 , 37.0
93.41 , 36.24
92.95 , 36.52
93.22 , 36.73
93.5 , 36.95
93.26 , 36.62
93.32 , 37.19
93.54 , 37.14
93.61 , 36.52
93.36 , 36.42
93.68 , 36.8
93.09 , 36.74
93.74 , 37.23
93.5 , 36.41
93.3 , 37.02
93.14 , 36.37
93.3 , 36.63
93.11 , 36.55
93.29 , 37.01
93.34 , 36.82
93.31 , 37.03
93.36 , 37.28
93.57 , 36.49
93.19 , 37.1
93.51 , 36.43
93.78 , 36.72
93.23 , 37.11
93.66 , 36.88
93.55 , 36.78
93.27 , 36.61
92.87 , 36.72
93.24 , 37.05
93.05 , 36.23
93.12 , 36.55
93.39 , 36.72
92.99 , 36.69
93.38 , 36.29
93.66 , 36.69
93.47 , 36.47
93.1 , 36.44
93.3 , 36.69
93.19 , 36.69
93.0 , 36.45
93.72 , 36.86
93.36 , 36.41
93.24 , 36.59
92.83 , 36.45
93.49 , 36.27
93.38 , 36.41
93.39 , 36.49
92.87 , 36.66
92.88 , 36.54
93.07 , 36.94
93.32 , 36.38
93.35 , 36.54
93.22 , 37.03
93.13 , 36.74
93.48 , 36.41
93.46 , 36.44
92.94 , 36.74
93.65 , 36.24
93.7 , 36.77
93.38 , 36.56
93.52 , 36.89
93.28 , 36.56
93.47 , 36.81
93.27 , 36.95
93.32 , 36.3
92.89 , 36.81
93.3 , 36.22
93.16 , 36.61
93.52 , 36.55
93.32 , 36.79
93.48 , 36.83
93.14 , 36.27
93.12 , 36.55
93.05 , 36.32
93.45 , 36.61
93.53 , 36.23
92.91 , 36.65
93.27 , 36.59
93.23 , 36.08
93.45 , 36.21
93.42 , 36.33
93.34 , 36.82
93.93 , 36.89
93.27 , 36.47
93.82 , 36.19
93.3 , 36.38
94.01 , 36.75
93.02 , 36.53
93.6 , 36.54
93.21 , 36.77
93.66 , 36.44
93.25 , 36.89
93.54 , 36.25
93.53 , 36.37
93.18 , 36.09
93.43 , 36.34
93.42 , 36.22
93.74 , 36.8
93.11 , 36.43
93.77 , 36.58
93.6 , 36.64
93.32 , 36.17
93.66 , 36.25
93.27 , 35.99
93.24 , 36.02
93.64 , 36.49
93.57 , 36.28
93.59 , 36.62
93.7 , 36.06
93.8 , 36.51
93.23 , 36.17
93.62 , 36.39
93.39 , 36.31
93.53 , 36.47
93.2 , 35.71
93.94 , 36.24
93.14 , 36.57
92.82 , 36.43
93.51 , 35.95
93.26 , 36.06
93.3 , 35.8
93.55 , 36.45
93.38 , 36.22
93.42 , 36.21
93.47 , 36.01
93.33 , 36.47
93.29 , 36.14
93.39 , 36.6
93.04 , 36.27
93.32 , 36.15
93.33 , 35.84
93.46 , 36.11
93.28 , 36.29
93.27 , 36.51
93.05 , 36.06
93.2 , 36.15
93.83 , 36.09
93.13 , 36.3
93.07 , 35.95
93.24 , 36.2
93.39 , 36.02
92.94 , 36.32
93.42 , 36.2
93.97 , 36.26
93.47 , 36.37
93.65 , 35.97
93.31 , 36.41
93.72 , 35.82
93.36 , 36.17
93.7 , 36.04
93.38 , 36.22
93.16 , 36.33
93.5 , 36.5
93.35 , 36.34
93.78 , 36.22
92.99 , 36.1
93.34 , 36.13
93.3 , 36.69
93.23 , 36.64
92.61 , 36.06
93.47 , 36.24
93.2 , 36.41
93.68 , 36.07
93.63 , 36.04
92.95 , 35.97
93.65 , 36.17
94.17 , 35.93
93.72 , 36.1
93.73 , 35.82
94.05 , 36.03
93.56 , 36.04
93.71 , 35.77
93.33 , 36.11
92.76 , 36.28
93.45 , 36.23
92.89 , 35.68
93.01 , 36.39
93.12 , 36.43
93.55 , 35.91
93.23 , 35.81
93.82 , 35.9
93.75 , 36.45
93.57 , 35.88
93.6 , 35.83
93.86 , 35.96
93.16 , 35.5
93.51 , 36.13
93.31 , 36.02
93.53 , 35.71
93.36 , 36.04
93.51 , 36.1
93.28 , 36.02
93.3 , 36.15
93.35 , 36.05
93.54 , 36.13
93.55 , 35.84
93.8 , 35.57
93.38 , 36.01
93.13 , 36.25
93.76 , 36.07
93.4 , 35.94
93.48 , 35.63
93.73 , 36.06
93.6 , 35.68
92.99 , 35.84
93.54 , 35.75
93.87 , 36.04
93.75 , 35.82
93.27 , 36.35
93.58 , 35.71
93.21 , 36.02
93.46 , 35.69
93.64 , 35.74
93.15 , 35.74
93.49 , 36.42
93.64 , 35.69
93.4 , 35.58
93.34 , 35.5
93.64 , 35.99
93.42 , 35.75
93.27 , 35.72
93.61 , 36.29
93.69 , 36.22
93.5 , 35.61
93.66 , 35.87
93.49 , 35.71
93.65 , 35.48
92.86 , 35.94
93.23 , 36.14
93.4 , 35.81
93.64 , 36.12
93.45 , 35.85
93.77 , 36.13
93.55 , 35.78
93.15 , 35.9
93.65 , 35.78
93.68 , 34.99
93.44 , 35.58
93.37 , 35.52
93.46 , 35.62
93.28 , 36.16
93.43 , 35.53
93.26 , 35.49
93.54 , 35.4
93.2 , 35.49
93.29 , 35.85
93.6 , 36.35
94.02 , 36.39
93.08 , 35.91
93.02 , 35.88
93.45 , 35.57
93.39 , 35.14
93.25 , 35.49
93.33 , 35.42
93.57 , 35.43
93.64 , 36.05
93.31 , 35.62
93.56 , 35.68
93.44 , 35.52
93.25 , 35.47
93.13 , 35.59
93.36 , 35.87
93.5 , 35.81
93.1 , 35.8
93.48 , 35.82
93.56 , 35.75
93.46 , 35.43
93.5 , 35.65
93.81 , 35.59
93.23 , 35.46
93.71 , 35.73
93.33 , 35.74
93.36 , 35.26
93.4 , 35.32
93.2 , 36.09
93.58 , 35.25
93.21 , 35.43
93.93 , 35.72
93.43 , 35.58
93.53 , 35.84
93.45 , 35.29
93.47 , 35.87
93.35 , 35.53
93.53 , 35.62
93.12 , 35.56
93.83 , 35.58
93.09 , 35.9
93.77 , 35.66
93.42 , 35.43
93.23 , 35.55
93.46 , 35.41
93.51 , 35.26
93.07 , 35.4
93.5 , 35.37
93.43 , 35.57
93.71 , 35.51
94.11 , 35.52
93.19 , 35.32
93.81 , 35.1
93.65 , 35.26
93.69 , 35.63
93.32 , 35.57
93.68 , 35.14
93.64 , 35.72
93.66 , 35.75
93.78 , 35.75
93.35 , 35.98
93.74 , 35.56
93.82 , 35.23
93.41 , 35.31
92.78 , 35.55
93.61 , 35.53
93.47 , 35.46
93.4 , 35.23
93.32 , 35.21
93.78 , 35.61
93.97 , 35.7
93.71 , 34.81
93.76 , 35.38
93.33 , 35.5
93.27 , 36.06
93.2 , 35.42
93.45 , 35.43
93.12 , 35.48
93.45 , 35.52
93.65 , 35.56
93.55 , 35.25
93.65 , 35.22
93.41 , 35.34
93.35 , 35.35
93.6 , 35.2
93.43 , 35.57
93.42 , 35.39
93.2 , 35.45
93.34 , 35.47
93.14 , 35.12
93.08 , 35.47
93.6 , 35.27
93.36 , 35.49
93.45 , 35.29
93.3 , 35.08
93.65 , 35.07
93.58 , 35.29
93.63 , 35.43
93.41 , 35.44
93.69 , 35.17
94.05 , 35.32
93.64 , 35.04
93.82 , 35.26
93.62 , 35.3
93.25 , 34.89
93.42 , 35.27
93.69 , 34.97
93.47 , 35.06
93.44 , 35.59
93.8 , 35.39
93.56 , 35.5
93.42 , 35.34
93.42 , 34.92
93.3 , 35.34
93.69 , 35.06
93.31 , 35.72
93.37 , 35.39
93.99 , 35.26
93.07 , 35.06
93.91 , 35.39
93.21 , 35.48
93.51 , 35.25
93.87 , 35.17
93.61 , 35.77
93.01 , 35.32
93.85 , 35.67
93.66 , 35.14
94.02 , 34.84
93.5 , 35.66
93.85 , 35.34
93.39 , 35.05
93.79 , 35.25
93.46 , 35.21
93.58 , 35.69
93.49 , 35.06
93.14 , 34.81
93.3 , 34.83
93.51 , 35.22
93.22 , 35.23
93.6 , 34.89
93.81 , 35.35
93.69 , 35.23
93.91 , 35.28
93.55 , 34.77
93.64 , 34.92
93.35 , 34.93
93.48 , 35.14
93.99 , 35.04
93.92 , 34.77
93.54 , 35.17
93.76 , 34.92
93.73 , 34.6
93.65 , 35.18
94.12 , 35.17
93.25 , 35.09
93.37 , 34.95
93.17 , 35.41
93.55 , 34.69
93.39 , 35.17
93.53 , 35.05
93.54 , 35.4
93.6 , 35.1
93.4 , 35.32
93.55 , 35.33
93.44 , 34.92
93.28 , 34.97
93.68 , 34.9
93.81 , 35.28
93.22 , 35.04
93.65 , 34.86
93.49 , 34.99
93.16 , 34.73
93.79 , 34.66
93.43 , 35.12
93.55 , 35.17
93.46 , 34.36
94.29 , 34.93
93.34 , 35.04
93.47 , 35.1
94.02 , 35.15
93.71 , 35.19
93.73 , 34.67
93.35 , 35.04
93.68 , 35.01
93.49 , 35.23
93.57 , 34.89
93.85 , 34.85
93.44 , 34.72
94.06 , 35.13
93.4 , 34.86
93.47 , 34.39
93.79 , 34.73
94.0 , 34.9
93.73 , 34.63
93.41 , 34.43
93.37 , 34.84
93.9 , 35.33
93.94 , 34.78
93.66 , 34.63
93.78 , 35.08
93.74 , 34.48
93.84 , 34.35
93.31 , 34.76
92.98 , 34.98
93.65 , 34.8
93.36 , 34.69
93.46 , 34.75
93.88 , 34.75
93.63 , 34.74
93.41 , 35.0
93.24 , 34.43
93.69 , 34.77
94.03 , 34.81
93.75 , 34.99
93.78 , 35.09
93.71 , 34.72
93.67 , 34.8
93.4 , 34.98
93.6 , 34.59
93.39 , 35.04
93.53 , 34.43
93.52 , 35.16
93.23 , 34.65
93.76 , 34.29
93.8 , 34.56
93.66 , 34.42
93.19 , 33.96
93.48 , 34.41
93.59 , 34.34
93.62 , 34.48
93.49 , 34.71
93.64 , 34.62
93.54 , 34.87
93.32 , 34.96
93.71 , 34.83
93.57 , 34.42
93.85 , 34.63
93.37 , 34.22
93.45 , 34.6
93.43 , 34.65
93.29 , 35.03
93.82 , 35.07
93.93 , 34.85
93.74 , 34.66
93.93 , 34.26
93.89 , 34.47
93.34 , 34.52
94.07 , 34.8
93.12 , 34.43
93.46 , 34.91
93.09 , 34.34
93.25 , 34.49
93.61 , 34.86
93.65 , 34.48
93.6 , 35.01
93.52 , 34.67
93.85 , 34.51
93.77 , 34.27
93.39 , 34.34
93.89 , 34.44
93.31 , 34.41
93.65 , 34.99
93.47 , 34.21
93.25 , 34.63
93.26 , 34.87
93.59 , 34.18
94.01 , 34.34
93.18 , 34.44
93.88 , 34.35
93.67 , 34.31
93.25 , 34.89
93.23 , 34.59
92.94 , 34.83
93.74 , 34.63
93.54 , 34.46
93.79 , 34.12
94.22 , 34.36
93.93 , 34.33
93.24 , 34.38
93.56 , 34.43
93.57 , 34.4
93.61 , 33.64
93.69 , 34.48
93.7 , 34.14
93.33 , 34.46
93.62 , 34.3
93.94 , 34.52
93.59 , 34.38
93.74 , 34.52
93.81 , 34.2
93.1 , 34.44
93.47 , 34.87
93.6 , 34.57
93.21 , 34.53
93.7 , 34.08
93.88 , 34.67
93.94 , 34.17
93.47 , 34.18
93.45 , 34.45
93.4 , 34.21
94.07 , 35.22
93.87 , 34.52
94.02 , 34.32
93.96 , 34.66
93.45 , 34.38
93.94 , 34.04
93.57 , 34.43
93.92 , 34.12
93.97 , 34.23
93.89 , 34.87
93.84 , 34.25
93.55 , 34.69
93.65 , 34.11
93.91 , 34.28
93.34 , 34.21
93.61 , 34.18
93.65 , 34.11
93.89 , 34.64
93.45 , 34.4
93.6 , 34.27
93.48 , 34.63
94.04 , 34.32
94.06 , 33.89
93.32 , 33.75
94.14 , 34.03
94.05 , 34.9
93.72 , 34.19
93.64 , 34.16
93.53 , 33.9
94.13 , 34.06
93.6 , 34.36
93.36 , 34.37
94.02 , 34.46
93.32 , 34.25
94.21 , 34.38
94.15 , 33.69
93.8 , 34.05
93.48 , 34.43
93.67 , 33.88
93.95 , 33.91
93.68 , 33.99
93.79 , 34.11
93.84 , 34.16
93.5 , 34.29
93.68 , 33.99
93.45 , 34.39
93.54 , 34.01
94.29 , 34.29
94.13 , 34.57
93.06 , 34.5
93.38 , 34.42
94.01 , 34.12
93.64 , 34.14
93.83 , 34.25
93.69 , 34.31
93.85 , 33.86
93.68 , 33.93
94.24 , 34.22
93.97 , 33.95
93.15 , 34.38
93.76 , 34.15
93.77 , 34.44
93.53 , 33.59
93.43 , 33.98
93.61 , 33.86
93.41 , 34.45
93.83 , 34.58
93.67 , 33.98
93.6 , 34.2
93.83 , 34.05
94.02 , 34.19
93.27 , 34.14
93.33 , 34.21
93.57 , 33.65
93.5 , 34.05
93.73 , 34.42
93.4 , 34.51
93.59 , 33.95
93.7 , 34.01
93.57 , 33.88
93.8 , 34.35
93.89 , 34.2
93.65 , 34.07
93.61 , 33.6
93.36 , 34.3
93.49 , 34.14
94.04 , 34.38
93.41 , 34.05
93.69 , 34.05
93.79 , 33.36
93.6 , 33.79
93.78 , 33.66
93.83 , 34.43
94.27 , 34.08
93.68 , 33.92
93.6 , 34.46
93.58 , 34.17
93.86 , 33.95
93.7 , 33.95
93.64 , 33.55
93.57 , 34.12
94.11 , 33.63
93.88 , 33.81
93.94 , 33.66
93.44 , 33.67
93.7 , 34.13
93.77 , 34.14
93.8 , 33.67
93.66 , 33.92
93.83 , 33.95
93.82 , 33.77
93.65 , 33.55
93.45 , 33.44
93.49 , 33.48
93.58 , 34.4
93.9 , 34.27
93.72 , 33.55
93.51 , 33.87
93.83 , 34.07
93.69 , 33.53
93.75 , 34.23
94.24 , 33.63
93.75 , 33.78
93.89 , 33.88
93.48 , 33.91
93.53 , 33.92
93.61 , 33.79
93.76 , 33.63
93.29 , 33.66
93.86 , 33.52
94.03 , 34.12
93.87 , 33.89
93.71 , 33.85
93.47 , 33.8
93.45 , 33.93
93.68 , 34.1
93.63 , 33.59
93.69 , 34.47
93.7 , 34.0
94.05 , 33.33
93.99 , 34.46
93.75 , 33.95
93.82 , 33.04
94.17 , 33.85
93.49 , 33.66
93.83 , 33.81
93.89 , 33.32
93.74 , 33.61
93.6 , 33.65
93.81 , 33.49
93.36 , 33.72
93.44 , 33.53
93.58 , 33.85
94.42 , 33.63
93.73 , 33.42
93.74 , 34.01
93.26 , 33.81
93.62 , 33.78
93.63 , 33.69
94.05 , 33.66
93.92 , 33.47
93.37 , 33.43
93.89 , 33.3
93.43 , 33.35
93.81 , 33.85
93.44 , 33.95
93.85 , 33.63
93.98 , 33.73
94.0 , 33.77
93.5 , 33.74
93.95 , 33.81
93.75 , 33.28
93.75 , 33.33
92.95 , 33.68
94.55 , 33.61
93.8 , 33.36
93.7 , 33.68
94.28 , 33.95
93.92 , 33.52
93.79 , 33.58
93.69 , 33.64
93.95 , 33.53
93.96 , 33.85
93.75 , 33.42
93.9 , 33.83
94.1 , 33.48
93.84 , 33.62
93.65 , 33.97
93.59 , 33.65
93.75 , 33.83
93.84 , 33.73
93.56 , 33.75
93.92 , 32.82
93.93 , 33.74
93.9 , 33.62
93.65 , 33.3
93.66 , 33.66
93.77 , 33.71
93.55 , 33.61
93.6 , 33.96
93.99 , 33.61
93.63 , 33.63
93.52 , 33.11
94.33 , 33.4
93.82 , 33.24
93.18 , 33.46
93.93 , 33.71
93.6 , 33.14
94.03 , 33.61
93.83 , 33.3
93.81 , 33.55
93.8 , 33.34
93.69 , 33.55
93.69 , 33.47
93.98 , 33.82
93.55 , 33.26
94.45 , 33.69
93.6 , 33.25
93.55 , 33.55
93.77 , 33.09
94.19 , 33.54
94.03 , 33.57
93.89 , 33.63
93.91 , 33.22
93.75 , 33.52
93.8 , 33.58
93.62 , 33.48
94.32 , 33.77
93.91 , 33.66
93.91 , 33.42
93.4 , 33.08
93.78 , 33.3
93.3 , 32.84
93.91 , 33.65
94.1 , 33.67
94.25 , 33.2
93.58 , 33.03
93.8 , 33.16
94.09 , 33.7
93.77 , 33.64
93.85 , 33.38
93.88 , 32.92
93.57 , 33.36
94.07 , 33.17
94.36 , 33.48
93.18 , 33.55
93.92 , 32.93
94.4 , 33.23
94.48 , 33.35
93.97 , 33.07
93.53 , 33.42
94.03 , 33.4
93.61 , 33.03
93.97 , 33.48
94.27 , 33.27
93.95 , 33.33
93.78 , 33.02
94.3 , 33.65
93.56 , 33.67
93.58 , 33.35
94.04 , 32.98
93.54 , 33.26
94.37 , 33.43
93.93 , 33.04
94.13 , 33.29
93.95 , 33.13
93.86 , 33.09
93.55 , 33.05
93.5 , 33.53
93.71 , 33.59
93.64 , 33.05
93.46 , 33.43
94.03 , 33.07
93.78 , 33.04
93.67 , 33.22
93.94 , 33.23
93.74 , 33.44
94.22 , 32.81
93.98 , 33.76
93.69 , 33.35
93.89 , 33.5
93.28 , 33.17
94.07 , 33.26
93.88 , 33.11
93.91 , 32.97
93.79 , 32.91
93.49 , 33.15
94.13 , 33.41
94.1 , 33.13
93.81 , 33.08
93.34 , 33.04
93.97 , 33.38
93.96 , 33.13
93.86 , 33.19
93.99 , 33.47
93.33 , 33.29
93.79 , 32.95
93.86 , 32.97
93.8 , 33.45
94.11 , 33.17
93.77 , 32.81
93.81 , 33.06
93.67 , 32.81
93.74 , 33.06
93.54 , 33.21
93.91 , 33.12
93.45 , 32.53
93.41 , 32.98
94.13 , 33.24
93.87 , 33.07
93.7 , 32.55
94.16 , 32.87
93.93 , 32.72
93.84 , 32.79
94.1 , 32.92
93.88 , 33.71
93.72 , 33.34
93.9 , 32.89
94.27 , 32.96
93.61 , 33.24
94.04 , 33.32
93.7 , 33.0
93.89 , 32.54
93.31 , 32.93
93.99 , 32.62
93.53 , 32.51
94.2 , 32.58
93.95 , 32.84
93.77 , 32.95
94.16 , 32.6
93.33 , 32.98
94.1 , 32.82
93.42 , 33.07
94.06 , 32.81
93.77 , 33.15
93.78 , 33.28
93.4 , 33.03
94.03 , 32.67
93.75 , 32.92
94.1 , 33.28
93.44 , 33.28
94.19 , 33.03
93.65 , 32.78
94.0 , 32.62
93.61 , 32.66
93.18 , 32.66
94.0 , 33.1
93.86 , 32.72
93.66 , 33.12
93.89 , 32.77
94.45 , 33.03
93.53 , 32.29
93.91 , 32.64
94.01 , 33.03
93.86 , 32.78
93.86 , 32.97
93.74 , 33.06
93.62 , 32.7
93.92 , 32.77
93.79 , 32.76
93.91 , 32.61
93.8 , 33.15
94.02 , 32.58
93.4 , 32.74
93.96 , 32.81
93.69 , 32.54
93.87 , 33.0
93.69 , 33.08
93.87 , 32.71
94.12 , 33.1
93.8 , 32.37
94.08 , 32.95
94.29 , 32.65
93.45 , 32.51
94.12 , 32.52
94.22 , 33.0
94.03 , 33.01
93.6 , 32.73
94.17 , 33.15
94.25 , 32.82
93.86 , 33.02
93.85 , 32.4
93.79 , 33.19
93.49 , 32.99
94.12 , 32.65
93.8 , 32.72
94.48 , 33.0
93.74 , 32.69
94.01 , 32.93
94.27 , 32.73
94.02 , 32.65
93.89 , 32.72
93.75 , 32.74
94.18 , 32.81
94.19 , 32.66
94.15 , 32.8
93.33 , 32.78
93.42 , 32.82
93.94 , 32.54
94.32 , 32.7
93.48 , 32.71
93.81 , 32.67
94.4 , 32.73
93.96 , 32.61
93.91 , 32.75
94.25 , 32.55
93.57 , 32.6
93.86 , 32.33
93.6 , 32.59
93.73 , 33.05
93.67 , 32.35
93.53 , 32.75
93.95 , 33.07
94.03 , 32.14
94.01 , 32.34
93.85 , 32.64
93.76 , 32.61
94.28 , 32.84
94.69 , 32.76
93.53 , 32.34
93.86 , 32.74
93.84 , 32.83
94.04 , 32.96
93.83 , 32.86
93.66 , 32.26
93.76 , 32.72
94.08 , 32.33
93.38 , 32.25
93.57 , 32.54
94.01 , 32.39
93.84 , 32.54
94.05 , 32.65
93.86 , 33.0
94.0 , 32.64
94.08 , 32.57
94.14 , 32.53
93.91 , 32.2
93.64 , 32.52
93.6 , 33.01
94.49 , 32.36
94.14 , 32.05
94.35 , 32.67
93.76 , 32.35
94.22 , 32.76
93.72 , 32.02
93.76 , 32.32
94.14 , 33.05
93.84 , 31.96
93.63 , 32.98
93.9 , 32.77
93.97 , 32.16
93.82 , 32.58
94.11 , 32.28
93.7 , 32.34
94.18 , 32.59
94.54 , 32.25
94.28 , 32.41
94.05 , 32.01
94.13 , 32.09
93.66 , 32.57
93.97 , 32.17
93.82 , 32.21
93.93 , 32.16
94.16 , 32.61
94.18 , 32.02
94.04 , 32.8
94.17 , 32.57
93.72 , 32.28
94.37 , 32.38
93.51 , 32.16
93.82 , 32.25
94.16 , 32.23
93.96 , 32.62
94.08 , 31.88
93.98 , 32.35
93.69 , 32.37
94.08 , 32.15
93.97 , 32.46
93.71 , 31.88
93.79 , 32.19
94.11 , 32.27
93.91 , 32.16
94.26 , 32.72
94.09 , 32.19
93.8 , 32.6
93.7 , 32.27
94.05 , 32.42
94.21 , 32.27
93.97 , 31.87
94.0 , 31.71
93.82 , 32.67
94.12 , 31.99
93.5 , 32.47
93.36 , 32.42
93.13 , 32.45
93.95 , 32.32
93.67 , 32.29
94.22 , 32.42
94.2 , 32.21
94.15 , 32.7
94.02 , 32.24
94.19 , 31.7
93.93 , 32.32
94.33 , 32.0
94.27 , 32.17
94.14 , 32.35
94.36 , 32.23
93.67 , 32.08
93.66 , 31.97
93.61 , 31.71
94.21 , 31.58
93.88 , 32.14
94.23 , 32.2
94.25 , 32.34
93.97 , 32.52
93.94 , 32.69
94.19 , 32.17
93.92 , 32.46
93.73 , 32.25
94.02 , 31.6
93.85 , 31.74
94.38 , 32.37
93.75 , 32.29
94.54 , 32.15
93.77 , 31.69
94.27 , 31.73
94.32 , 32.0
94.03 , 32.42
93.99 , 32.17
93.79 , 32.48
94.28 , 31.99
94.22 , 31.51
93.82 , 32.37
93.97 , 31.62
93.83 , 32.29
94.01 , 31.72
93.99 , 31.91
93.97 , 32.19
94.13 , 32.15
94.31 , 32.19
93.76 , 32.27
93.65 , 32.29
93.61 , 32.53
93.9 , 32.37
93.44 , 32.03
94.04 , 32.06
93.81 , 32.19
93.96 , 31.83
94.06 , 32.03
94.07 , 32.23
94.49 , 32.19
93.98 , 32.12
93.88 , 32.49
93.89 , 31.93
93.69 , 32.0
93.82 , 32.31
94.37 , 31.34
93.9 , 32.09
94.23 , 31.89
93.92 , 32.05
93.8 , 31.87
93.98 , 31.9
94.13 , 31.92
94.16 , 32.03
94.07 , 32.09
93.99 , 31.61
93.97 , 31.92
94.23 , 31.5
93.64 , 32.08
94.12 , 31.67
93.78 , 31.63
94.37 , 31.88
93.73 , 31.79
94.05 , 31.74
94.26 , 31.57
94.0 , 31.89
94.17 , 31.82
94.14 , 32.0
94.03 , 31.53
94.23 , 31.86
94.1 , 31.83
94.31 , 32.18
93.74 , 31.97
93.81 , 31.93
94.2 , 31.82
94.01 , 31.9
94.34 , 31.35
93.96 , 31.74
94.58 , 32.03
93.85 , 31.58
94.29 , 32.4
93.75 , 31.62
93.94 , 31.54
93.87 , 31.91
94.09 , 31.77
94.21 , 31.91
93.45 , 32.19
94.46 , 31.68
93.72 , 31.81
93.94 , 31.83
94.05 , 31.64
94.14 , 31.93
93.89 , 31.63
94.04 , 32.03
94.05 , 31.96
93.97 , 32.23
94.42 , 31.84
94.01 , 31.28
94.09 , 31.96
94.35 , 31.81
93.6 , 32.26
93.9 , 31.8
94.38 , 31.85
94.16 , 31.4
93.99 , 31.63
93.59 , 32.02
94.61 , 31.73
94.22 , 31.84
94.1 , 31.73
94.24 , 31.82
94.08 , 32.17
94.06 , 31.74
93.92 , 30.94
93.8 , 31.7
94.04 , 31.46
94.43 , 31.85
94.35 , 31.39
94.34 , 31.72
94.19 , 31.29
93.77 , 31.72
94.13 , 31.63
93.97 , 31.62
94.06 , 31.9
94.09 , 31.79
93.93 , 31.81
94.15 , 31.42
94.54 , 31.27
93.72 , 31.86
94.4 , 31.7
94.04 , 31.65
94.16 , 31.82
94.07 , 30.97
94.65 , 31.92
94.07 , 32.01
94.13 , 31.73
94.09 , 31.95
93.95 , 31.58
93.89 , 31.94
94.19 , 31.63
94.18 , 31.39
94.02 , 31.22
94.55 , 31.58
94.07 , 31.52
93.94 , 31.78
94.53 , 31.72
94.0 , 31.69
94.62 , 31.47
94.26 , 31.5
94.0 , 31.45
94.22 , 31.71
94.0 , 31.72
93.68 , 31.34
93.68 , 31.47
94.1 , 31.1
94.63 , 31.38
94.17 , 31.43
94.44 , 31.42
94.32 , 31.57
94.24 , 30.72
94.1 , 32.2
94.63 , 31.09
93.9 , 31.29
94.36 , 31.25
93.78 , 31.45
94.21 , 31.03
94.28 , 31.02
94.05 , 30.88
94.07 , 31.49
94.17 , 31.38
93.93 , 31.37
93.86 , 31.51
94.34 , 31.4
94.36 , 31.07
93.96 , 31.79
93.86 , 31.47
94.01 , 31.81
94.13 , 31.25
93.99 , 31.5
94.63 , 31.16
94.3 , 31.53
93.78 , 31.34
94.0 , 31.92
93.85 , 31.07
94.31 , 30.85
93.91 , 31.01
94.03 , 31.74
94.28 , 31.46
93.6 , 31.64
94.41 , 31.46
93.92 , 31.34
94.25 , 31.12
94.31 , 31.6
94.32 , 31.75
94.63 , 31.22
94.08 , 31.71
94.39 , 31.21
93.99 , 30.92
94.07 , 31.1
94.0 , 31.28
94.29 , 30.88
93.96 , 30.85
94.05 , 31.22
94.54 , 31.29
94.22 , 30.93
94.13 , 31.13
93.7 , 30.74
93.97 , 31.33
94.01 , 31.15
94.04 , 31.52
93.55 , 31.12
93.92 , 31.52
93.93 , 31.13
94.24 , 31.21
93.97 , 31.18
94.29 , 31.43
94.18 , 31.11
93.77 , 30.82
94.12 , 31.63
93.74 , 31.25
94.25 , 31.34
93.84 , 31.35
94.44 , 31.09
94.34 , 31.14
94.2 , 30.89
93.81 , 31.13
94.17 , 31.22
93.59 , 31.56
93.96 , 31.32
94.31 , 30.92
94.09 , 31.45
94.12 , 31.59
93.84 , 31.12
94.26 , 31.29
93.83 , 30.69
94.15 , 30.88
94.06 , 31.39
94.04 , 30.65
94.23 , 30.88
94.26 , 31.38
93.96 , 30.77
93.94 , 30.96
94.19 , 31.32
94.28 , 30.98
93.99 , 30.65
94.28 , 31.19
94.61 , 30.94
94.11 , 30.86
94.18 , 31.31
94.6 , 31.19
94.31 , 31.25
93.75 , 30.97
94.39 , 31.02
94.03 , 30.89
94.38 , 31.02
94.25 , 31.02
94.29 , 31.45
94.27 , 31.33
94.28 , 31.29
94.33 , 31.17
93.74 , 30.69
93.88 , 30.91
94.18 , 31.23
94.39 , 31.32
94.04 , 30.63
93.91 , 30.69
93.91 , 31.15
94.38 , 30.8
94.26 , 31.18
94.02 , 30.83
94.69 , 31.16
93.95 , 30.97
93.59 , 30.93
94.28 , 31.27
94.32 , 30.77
94.09 , 30.98
94.29 , 30.95
94.1 , 30.87
94.58 , 30.93
94.0 , 31.17
94.22 , 31.34
93.77 , 30.66
93.7 , 31.34
93.67 , 31.0
93.85 , 30.69
94.01 , 30.99
93.91 , 30.99
93.96 , 30.95
94.44 , 30.34
94.41 , 30.49
94.07 , 30.56
94.32 , 31.26
94.38 , 30.99
94.07 , 30.99
94.27 , 30.98
94.16 , 30.91
94.33 , 31.44
94.49 , 31.02
94.08 , 30.72
94.4 , 31.13
94.11 , 30.91
94.09 , 30.81
93.95 , 30.38
94.41 , 30.72
94.18 , 30.66
94.67 , 30.86
94.63 , 30.83
94.12 , 30.77
94.27 , 30.82
94.24 , 30.42
93.88 , 31.03
94.38 , 30.61
94.48 , 30.71
94.3 , 30.76
94.57 , 31.03
94.22 , 30.66
94.28 , 31.17
94.61 , 30.79
93.97 , 30.76
93.83 , 30.66
93.89 , 30.65
94.3 , 30.84
94.24 , 30.69
94.03 , 31.07
94.69 , 30.91
94.41 , 30.29
94.23 , 30.28
94.19 , 30.69
94.03 , 30.91
93.91 , 30.89
94.66 , 30.55
94.13 , 30.63
94.52 , 30.46
94.37 , 30.89
94.34 , 30.92
94.02 , 31.03
94.39 , 30.93
94.0 , 30.77
94.36 , 30.46
93.9 , 31.28
94.33 , 30.52
94.25 , 30.75
93.88 , 31.09
94.05 , 30.95
94.21 , 30.32
94.35 , 30.65
94.17 , 30.56
94.47 , 30.49
94.13 , 30.65
94.1 , 30.81
93.77 , 30.29
94.44 , 30.49
94.19 , 30.67
94.15 , 30.91
94.35 , 30.58
94.51 , 30.56
94.27 , 31.25
93.96 , 31.42
94.11 , 30.72
94.7 , 30.2
93.84 , 30.16
94.33 , 30.48
94.2 , 30.48
94.03 , 30.64
94.51 , 30.39
94.14 , 30.57
94.12 , 30.79
93.91 , 30.51
94.57 , 30.39
94.31 , 30.45
94.59 , 30.58
94.09 , 30.97
94.47 , 30.46
94.37 , 30.21
94.18 , 30.5
93.87 , 30.56
94.36 , 30.53
93.83 , 30.39
94.11 , 30.41
94.23 , 30.38
94.09 , 30.9
94.18 , 30.81
94.25 , 30.14
94.14 , 30.54
94.66 , 30.04
94.21 , 30.52
94.25 , 30.46
94.08 , 30.69
94.42 , 30.72
93.88 , 30.33
94.27 , 30.53
94.4 , 30.72
94.39 , 30.02
94.02 , 30.42
94.7 , 30.65
93.86 , 30.39
94.35 , 30.26
94.44 , 30.15
94.27 , 30.45
94.35 , 30.56
94.24 , 30.66
94.08 , 30.14
94.56 , 30.28
94.08 , 30.77
94.06 , 30.12
93.73 , 29.97
94.12 , 30.43
93.95 , 30.79
93.99 , 29.86
94.66 , 30.17
94.08 , 30.11
94.32 , 30.47
94.1 , 30.19
94.59 , 30.75
94.13 , 30.07
94.5 , 30.79
94.01 , 30.11
94.25 , 30.52
94.49 , 30.09
94.73 , 30.1
94.03 , 30.54
94.44 , 30.42
94.42 , 29.91
94.35 , 30.23
93.91 , 30.0
94.69 , 30.45
94.26 , 29.58
94.03 , 30.46
94.04 , 30.3
94.42 , 30.16
94.27 , 30.08
94.09 , 29.67
93.93 , 30.08
94.2 , 30.47
94.1 , 30.28
94.35 , 30.68
94.55 , 30.34
94.31 , 30.76
94.11 , 30.54
94.36 , 30.09
94.7 , 29.84
94.38 , 30.58
94.04 , 29.8
93.59 , 29.84
93.88 , 30.45
94.31 , 30.43
93.92 , 30.19
94.58 , 30.78
94.06 , 30.06
93.87 , 30.41
94.5 , 30.43
94.6 , 29.81
94.27 , 30.04
94.57 , 30.15
94.42 , 29.83
94.03 , 30.18
94.2 , 30.5
94.14 , 30.59
94.54 , 29.89
94.45 , 29.98
94.23 , 30.11
94.55 , 30.17
93.99 , 30.14
94.42 , 29.97
94.06 , 29.95
94.12 , 29.97
94.13 , 30.03
94.45 , 30.67
94.46 , 30.33
94.2 , 29.99
94.14 , 30.14
94.53 , 30.04
94.53 , 30.38
94.43 , 29.94
94.47 , 29.96
94.59 , 29.8
94.55 , 29.74
93.88 , 30.37
94.53 , 29.69
94.34 , 30.19
94.65 , 29.84
94.09 , 30.01
94.33 , 30.27
94.22 , 30.15
94.22 , 30.0
94.05 , 30.01
93.96 , 29.9
94.27 , 29.72
94.61 , 29.73
94.5 , 29.9
94.31 , 30.02
94.12 , 30.23
94.56 , 29.72
94.21 , 30.23
94.3 , 29.8
94.07 , 29.82
94.67 , 30.02
93.93 , 29.69
94.19 , 30.36
94.42 , 30.23
94.25 , 29.81
93.97 , 30.06
94.41 , 29.89
93.94 , 29.43
93.97 , 30.01
94.29 , 29.92
94.37 , 30.26
93.98 , 30.02
94.27 , 30.05
94.52 , 30.15
94.25 , 29.78
94.37 , 29.71
94.34 , 29.85
94.2 , 29.97
94.41 , 30.11
94.56 , 29.68
94.39 , 29.98
94.39 , 30.16
94.24 , 29.82
94.08 , 29.37
94.58 , 29.79
94.47 , 29.8
93.98 , 29.67
94.23 , 29.85
94.45 , 29.89
94.15 , 29.72
93.87 , 29.43
94.54 , 29.82
93.97 , 29.88
94.19 , 29.68
94.69 , 30.16
94.68 , 29.69
94.24 , 29.89
94.32 , 29.93
94.42 , 30.07
94.2 , 30.25
94.35 , 29.64
94.44 , 29.88
94.6 , 29.71
94.58 , 29.69
94.36 , 29.62
94.65 , 29.79
94.53 , 29.96
94.51 , 30.13
94.35 , 29.98
94.2 , 29.87
94.37 , 29.5
94.46 , 29.41
94.12 , 29.92
94.6 , 29.26
93.94 , 29.75
93.93 , 29.96
94.03 , 29.78
94.85 , 29.98
94.13 , 29.89
94.59 , 29.61
94.21 , 30.14
94.25 , 29.54
94.22 , 29.37
94.43 , 30.12
94.4 , 29.63
94.41 , 29.92
94.59 , 29.6
93.86 , 29.02
94.3 , 29.3
94.21 , 30.01
94.45 , 29.53
93.83 , 29.6
94.21 , 29.82
94.65 , 29.34
94.14 , 29.74
94.75 , 29.57
94.39 , 29.57
94.87 , 29.5
94.43 , 29.71
94.25 , 29.51
94.51 , 29.88
94.17 , 29.88
94.36 , 29.68
94.27 , 29.76
94.24 , 29.24
93.76 , 29.57
94.33 , 29.49
94.85 , 29.76
94.48 , 29.46
94.45 , 29.35
94.41 , 29.35
94.45 , 29.67
94.48 , 29.52
94.49 , 29.44
94.44 , 29.53
94.59 , 29.55
94.04 , 29.73
94.54 , 29.52
94.12 , 29.89
94.71 , 29.5
94.36 , 29.4
94.57 , 29.17
94.71 , 29.83
94.16 , 29.37
94.21 , 29.22
94.52 , 29.69
93.99 , 29.1
94.07 , 29.66
94.0 , 29.45
94.74 , 29.28
94.32 , 29.38
94.33 , 29.47
94.57 , 28.57
94.06 , 29.32
94.14 , 29.43
94.15 , 29.54
94.72 , 29.9
94.16 , 29.49
94.57 , 29.9
93.79 , 29.57
94.65 , 29.27
94.33 , 29.55
94.06 , 29.24
94.44 , 29.83
94.56 , 29.84
93.86 , 29.47
94.07 , 29.53
94.98 , 29.72
94.05 , 29.52
94.43 , 29.02
94.59 , 29.55
94.67 , 29.47
94.56 , 29.12
94.51 , 29.53
94.24 , 29.12
94.68 , 29.5
94.31 , 30.19
94.49 , 29.32
94.23 , 28.96
94.84 , 29.37
94.47 , 29.14
93.95 , 29.69
94.32 , 29.5
94.12 , 29.71
94.41 , 29.52
94.33 , 29.02
94.68 , 29.28
93.94 , 29.08
94.1 , 29.22
94.54 , 29.48
94.61 , 29.14
94.49 , 29.34
94.81 , 29.19
93.93 , 29.51
94.27 , 29.21
94.53 , 29.37
94.0 , 29.0
94.39 , 28.81
94.43 , 29.23
94.49 , 29.52
94.6 , 29.13
94.23 , 29.18
94.45 , 29.6
94.07 , 29.49
94.45 , 29.78
94.56 , 28.72
94.43 , 29.31
94.09 , 29.41
94.66 , 29.04
94.36 , 29.13
94.11 , 29.07
93.93 , 29.11
94.61 , 29.53
94.1 , 29.44
94.63 , 29.3
94.88 , 29.2
94.21 , 28.98
94.8 , 29.29
94.56 , 29.31
94.82 , 29.09
94.37 , 29.38
94.62 , 29.02
94.11 , 29.1
94.22 , 29.39
94.39 , 29.45
94.14 , 28.73
94.84 , 29.01
94.23 , 29.6
94.5 , 29.31
94.31 , 29.15
94.5 , 28.99
94.16 , 29.65
93.93 , 29.14
94.29 , 29.11
94.3 , 29.18
93.78 , 29.11
94.33 , 29.15
94.64 , 28.67
94.43 , 29.59
94.57 , 28.72
94.3 , 29.38
94.6 , 28.71
94.2 , 28.97
94.21 , 29.1
93.85 , 28.83
94.49 , 29.17
94.13 , 28.82
94.26 , 29.06
93.9 , 29.22
94.39 , 29.0
94.18 , 29.27
94.42 , 28.92
94.7 , 29.12
94.67 , 28.88
94.61 , 28.64
94.77 , 28.74
94.15 , 29.48
94.35 , 28.64
94.59 , 28.77
94.7 , 28.78
94.7 , 28.7
94.41 , 28.88
94.17 , 28.61
94.57 , 28.88
94.31 , 29.18
94.46 , 28.86
94.56 , 28.83
94.51 , 29.08
94.13 , 29.08
94.52 , 28.96
94.65 , 28.34
94.23 , 29.42
94.39 , 28.96
94.6 , 29.01
94.53 , 29.12
94.46 , 28.87
94.33 , 28.78
94.51 , 28.58
94.37 , 28.83
94.24 , 28.85
94.22 , 28.63
94.42 , 29.11
94.4 , 28.81
94.59 , 28.52
94.76 , 28.97
94.45 , 29.01
94.2 , 28.7
94.29 , 29.33
94.75 , 28.92
94.59 , 29.33
94.85 , 29.3
94.43 , 29.19
94.64 , 28.5
94.37 , 29.07
94.79 , 29.11
94.39 , 28.93
94.26 , 28.77
94.79 , 28.74
94.06 , 28.73
94.3 , 28.61
94.56 , 28.82
94.84 , 28.85
94.37 , 28.53
94.49 , 28.85
94.62 , 28.55
94.77 , 29.43
94.6 , 28.21
94.8 , 28.76
94.83 , 28.68
94.37 , 28.82
94.51 , 28.78
94.26 , 28.6
94.31 , 28.97
94.43 , 28.93
93.81 , 28.34
94.24 , 29.19
94.17 , 29.15
94.6 , 28.83
94.1 , 28.65
94.16 , 28.78
94.7 , 28.02
94.4 , 28.76
94.19 , 28.36
94.4 , 28.84
93.71 , 28.74
94.29 , 28.49
94.51 , 29.17
94.56 , 29.07
94.58 , 28.7
94.8 , 28.53
94.39 , 28.75
94.56 , 28.49
93.95 , 28.95
94.33 , 28.93
94.37 , 28.98
94.67 , 28.56
94.52 , 28.26
94.76 , 28.3
94.58 , 28.14
94.85 , 28.09
94.52 , 28.46
94.36 , 28.54
94.29 , 28.37
94.53 , 28.76
94.38 , 28.55
94.31 , 29.26
94.28 , 28.98
95.08 , 28.5
94.27 , 28.75
94.86 , 28.36
94.72 , 28.76
94.75 , 28.95
94.51 , 28.96
94.55 , 28.43
94.78 , 28.49
94.57 , 28.24
94.7 , 28.2
94.44 , 28.51
94.32 , 28.67
95.0 , 28.75
94.57 , 28.21
94.63 , 28.81
94.41 , 28.67
94.62 , 28.33
94.18 , 28.66
94.67 , 28.59
94.12 , 28.56
94.6 , 28.8
94.47 , 28.72
94.42 , 28.41
94.46 , 28.55
94.53 , 28.08
94.24 , 28.45
94.46 , 28.06
94.2 , 28.28
94.47 , 28.55
94.82 , 28.74
94.4 , 28.31
94.71 , 28.53
94.24 , 28.88
94.27 , 28.32
94.2 , 28.69
94.46 , 28.39
94.0 , 28.68
94.65 , 28.22
94.45 , 28.44
94.39 , 28.53
94.59 , 28.94
94.55 , 28.52
94.92 , 28.39
94.08 , 28.49
94.1 , 28.45
94.26 , 28.65
94.49 , 28.22
94.44 , 28.12
94.55 , 28.23
94.5 , 28.31
94.77 , 28.5
94.2 , 28.37
94.68 , 28.68
94.9 , 28.17
94.34 , 28.6
94.37 , 28.49
94.49 , 28.41
94.36 , 28.42
94.72 , 28.34
94.36 , 28.15
94.37 , 28.21
94.63 , 28.56
94.61 , 28.46
95.1 , 28.63
94.24 , 28.3
94.15 , 28.38
94.46 , 28.47
94.75 , 28.61
94.56 , 28.27
94.3 , 28.16
94.54 , 28.67
94.15 , 28.29
94.85 , 27.8
94.4 , 28.74
94.15 , 28.29
94.5 , 27.88
94.95 , 28.31
94.37 , 28.45
94.86 , 27.8
94.44 , 28.58
94.52 , 28.85
94.81 , 27.59
94.77 , 28.39
94.48 , 28.28
94.47 , 28.03
94.72 , 28.38
94.55 , 27.88
94.36 , 28.34
94.19 , 28.24
94.66 , 28.17
94.47 , 28.21
94.69 , 28.45
94.56 , 28.11
94.14 , 28.44
93.94 , 28.18
94.35 , 28.21
94.29 , 28.14
94.04 , 28.33
94.67 , 27.95
94.46 , 28.31
94.79 , 28.4
94.62 , 28.23
94.42 , 28.2
94.7 , 28.13
94.85 , 27.85
94.93 , 28.52
94.36 , 28.45
94.51 , 28.05
95.07 , 28.31
94.64 , 27.39
94.77 , 28.25
94.9 , 28.28
94.46 , 28.34
94.51 , 28.33
94.77 , 28.21
94.47 , 28.15
94.12 , 27.95
94.45 , 28.05
94.48 , 27.69
94.82 , 28.03
94.83 , 28.3
94.37 , 28.26
94.33 , 28.62
94.43 , 27.98
94.25 , 28.0
94.62 , 28.45
94.61 , 28.25
94.73 , 28.12
94.36 , 28.27
94.45 , 28.16
94.42 , 28.25
94.55 , 28.02
94.45 , 27.72
93.96 , 28.04
94.86 , 28.4
94.44 , 27.77
94.37 , 27.66
94.78 , 28.0
94.71 , 27.92
94.63 , 28.35
94.87 , 28.04
95.18 , 27.98
94.49 , 28.26
94.63 , 27.87
94.55 , 28.1
94.92 , 27.81
94.41 , 27.58
94.16 , 27.81
94.86 , 27.78
94.71 , 28.22
94.69 , 27.96
94.89 , 28.05
94.89 , 27.65
94.8 , 28.07
94.9 , 27.69
95.03 , 27.79
94.37 , 28.28
94.66 , 28.05
94.56 , 27.94
94.65 , 27.66
95.03 , 27.94
94.5 , 27.6
94.58 , 27.53
94.34 , 27.78
94.79 , 27.8
94.59 , 28.18
94.66 , 28.25
94.41 , 27.51
94.38 , 28.14
94.39 , 27.94
94.06 , 27.65
94.49 , 27.47
94.47 , 28.07
94.58 , 27.87
94.5 , 27.95
94.43 , 27.68
94.41 , 27.53
94.88 , 27.57
94.57 , 28.38
94.77 , 27.94
94.48 , 27.94
94.41 , 27.9
93.89 , 27.51
94.63 , 28.3
94.18 , 27.88
94.6 , 28.02
94.24 , 28.42
94.78 , 27.7
94.79 , 28.14
94.56 , 28.29
94.07 , 27.88
94.96 , 27.53
94.22 , 28.42
94.82 , 27.78
94.78 , 27.96
94.82 , 27.92
94.71 , 27.66
94.52 , 27.81
94.63 , 28.13
94.43 , 27.76
95.1 , 28.0
94.61 , 28.19
94.92 , 27.27
94.87 , 27.71
94.34 , 27.88
94.4 , 27.95
94.52 , 27.32
94.7 , 27.79
94.49 , 27.55
95.13 , 27.65
94.6 , 27.77
94.85 , 28.03
94.31 , 27.54
95.15 , 27.43
94.49 , 27.52
94.82 , 27.73
94.76 , 27.53
94.45 , 27.61
95.11 , 27.12
94.07 , 27.2
94.51 , 27.97
94.44 , 27.56
94.28 , 27.84
94.56 , 27.91
94.93 , 27.71
94.45 , 27.18
94.42 , 27.68
94.77 , 27.39
94.43 , 27.73
94.61 , 27.36
94.64 , 27.55
94.63 , 27.72
95.01 , 27.77
94.43 , 27.76
94.54 , 27.21
94.42 , 27.25
94.5 , 27.64
94.95 , 27.86
94.82 , 27.86
94.78 , 28.02
94.43 , 27.56
94.37 , 27.61
94.73 , 27.34
94.45 , 27.7
94.49 , 27.79
94.56 , 27.6
94.82 , 27.09
94.95 , 27.57
94.54 , 27.69
94.62 , 27.77
94.54 , 27.84
94.87 , 27.74
94.87 , 27.73
95.15 , 27.52
94.93 , 27.48
94.76 , 27.44
94.82 , 27.58
94.66 , 27.77
94.89 , 27.39
94.81 , 27.1
94.21 , 27.08
94.8 , 27.38
94.31 , 27.37
94.74 , 27.32
95.61 , 27.49
94.45 , 27.74
94.04 , 27.59
94.45 , 28.18
94.29 , 27.69
94.81 , 26.96
94.37 , 27.72
94.43 , 27.62
94.31 , 27.41
94.54 , 27.65
94.63 , 27.56
94.47 , 27.25
94.45 , 27.8
94.15 , 27.36
94.85 , 27.24
95.1 , 27.25
94.2 , 27.02
94.7 , 27.93
94.42 , 27.18
94.77 , 27.18
94.39 , 27.89
94.81 , 27.4
94.69 , 27.14
94.55 , 27.86
94.83 , 27.23
94.79 , 27.42
94.19 , 27.22
94.75 , 27.14
94.94 , 27.41
94.22 , 27.34
94.75 , 27.57
94.75 , 27.51
94.8 , 27.5
94.52 , 27.09
94.84 , 27.39
94.36 , 27.34
94.52 , 27.35
94.55 , 26.67
95.16 , 27.24
94.41 , 27.29
94.87 , 27.52
94.53 , 27.54
94.46 , 27.58
94.93 , 27.13
94.73 , 27.65
94.49 , 27.21
94.51 , 27.11
94.68 , 27.06
94.16 , 27.67
94.94 , 26.69
94.76 , 26.89
95.37 , 27.42
94.74 , 27.54
94.77 , 27.45
95.04 , 27.0
94.56 , 27.19
94.55 , 27.14
94.75 , 27.47
94.82 , 27.3
94.69 , 27.27
94.71 , 27.14
94.46 , 27.35
94.79 , 27.19
95.13 , 27.26
94.41 , 26.92
94.71 , 26.91
94.68 , 26.99
94.76 , 27.23
94.55 , 26.61
94.66 , 26.92
95.11 , 26.99
94.52 , 26.91
94.49 , 27.25
94.41 , 27.39
94.66 , 27.07
94.71 , 26.75
94.58 , 27.07
94.6 , 27.6
94.68 , 27.3
94.26 , 26.53
94.49 , 27.07
95.22 , 27.03
94.7 , 27.02
94.5 , 26.85
94.42 , 26.56
94.72 , 27.24
94.84 , 27.07
94.23 , 26.86
94.61 , 27.08
94.79 , 27.34
94.18 , 26.76
94.47 , 27.27
94.73 , 26.75
94.6 , 27.02
94.8 , 27.39
94.69 , 27.17
94.73 , 27.29
94.78 , 27.07
95.04 , 27.12
94.88 , 26.79
94.71 , 26.8
94.57 , 26.9
94.47 , 26.75
94.45 , 26.65
94.57 , 26.89
94.74 , 27.13
94.72 , 27.06
94.72 , 27.2
94.71 , 27.04
94.89 , 27.06
94.59 , 26.92
94.64 , 27.36
94.6 , 26.98
94.92 , 26.8
94.85 , 27.12
94.92 , 26.45
94.42 , 26.84
94.79 , 26.39
94.77 , 26.84
95.01 , 26.82
95.09 , 27.03
94.85 , 26.92
94.53 , 26.6
94.02 , 27.22
94.89 , 26.35
94.09 , 26.83
94.67 , 26.43
95.28 , 26.6
94.83 , 26.69
94.29 , 26.93
94.84 , 26.98
94.55 , 26.93
95.08 , 26.92
94.69 , 27.08
95.04 , 26.87
94.83 , 26.11
94.52 , 26.97
94.5 , 26.78
94.78 , 26.76
94.62 , 26.69
94.74 , 26.62
94.85 , 26.98
94.26 , 26.75
94.96 , 26.57
95.07 , 27.22
95.07 , 26.87
94.91 , 26.75
94.99 , 26.9
94.68 , 26.99
94.68 , 27.05
94.82 , 26.55
94.54 , 26.89
95.07 , 27.25
94.62 , 26.68
94.71 , 26.87
94.88 , 26.94
94.34 , 26.69
94.77 , 26.86
94.78 , 26.52
94.59 , 26.61
94.9 , 27.02
95.12 , 26.62
94.69 , 27.0
94.8 , 27.17
94.46 , 26.52
94.58 , 27.07
94.83 , 27.05
94.92 , 26.71
94.61 , 26.51
94.79 , 26.85
94.65 , 26.44
94.78 , 27.08
94.52 , 26.85
94.77 , 26.71
95.28 , 26.75
95.2 , 26.05
94.46 , 26.82
94.86 , 26.33
94.7 , 26.32
95.01 , 26.98
94.83 , 26.85
94.45 , 26.76
94.44 , 26.65
94.58 , 26.55
94.51 , 26.5
94.88 , 26.68
94.88 , 26.53
94.97 , 26.95
94.74 , 26.6
94.52 , 26.45
94.69 , 26.23
94.52 , 26.39
94.6 , 26.36
94.73 , 26.43
94.5 , 26.25
94.64 , 26.7
95.09 , 26.58
94.79 , 26.08
94.65 , 26.48
94.92 , 26.51
94.62 , 26.65
94.27 , 26.93
94.72 , 26.09
95.37 , 26.64
94.37 , 26.42
94.62 , 26.64
94.72 , 26.53
94.73 , 25.99
95.1 , 26.5
95.05 , 26.74
94.97 , 26.81
94.82 , 26.59
94.75 , 26.72
94.94 , 26.12
94.83 , 26.64
94.7 , 26.48
94.55 , 26.94
95.03 , 26.65
94.53 , 26.46
94.77 , 26.71
94.6 , 26.2
94.89 , 26.25
94.75 , 26.96
94.97 , 25.85
94.99 , 26.82
94.63 , 26.15
95.14 , 26.38
95.06 , 26.76
94.81 , 25.95
95.14 , 26.17
94.58 , 26.33
94.96 , 26.37
94.46 , 26.61
94.63 , 26.34
94.84 , 26.21
95.01 , 26.31
94.44 , 26.63
95.01 , 26.56
94.74 , 25.83
95.14 , 26.21
94.6 , 26.04
95.25 , 26.39
94.87 , 26.2
94.82 , 26.47
94.85 , 25.98
94.62 , 26.34
94.65 , 26.38
94.67 , 26.36
94.49 , 25.92
94.72 , 26.48
94.68 , 26.34
94.47 , 26.07
94.91 , 26.29
94.76 , 26.47
95.05 , 26.65
94.45 , 26.16
94.86 , 26.21
95.0 , 26.4
94.38 , 26.66
94.46 , 26.54
94.79 , 26.34
95.06 , 26.03
95.08 , 26.37
94.64 , 26.42
95.06 , 26.13
94.89 , 26.32
94.45 , 25.99
94.62 , 26.37
94.63 , 26.64
94.46 , 26.08
95.19 , 26.19
95.02 , 26.14
95.03 , 26.52
94.86 , 26.02
94.96 , 25.62
95.44 , 26.16
94.55 , 26.2
94.71 , 25.96
94.53 , 25.95
95.03 , 26.56
94.98 , 26.61
94.53 , 26.03
94.86 , 26.83
94.99 , 26.08
94.66 , 26.01
94.53 , 26.46
95.05 , 26.0
95.29 , 26.04
95.03 , 26.1
94.85 , 26.17
95.51 , 25.98
95.03 , 26.29
94.97 , 26.4
94.91 , 26.44
94.73 , 26.55
94.95 , 25.75
94.93 , 26.06
94.8 , 26.5
94.62 , 26.43
95.01 , 26.08
94.73 , 26.19
94.85 , 25.92
95.24 , 26.03
94.51 , 26.42
94.57 , 25.69
94.99 , 26.37
94.54 , 26.19
95.09 , 26.02
94.23 , 25.85
94.85 , 26.26
94.85 , 25.94
94.69 , 26.38
95.01 , 25.91
94.98 , 25.87
94.36 , 25.82
94.26 , 25.88
95.15 , 26.01
94.71 , 25.54
94.82 , 26.38
94.86 , 25.81
94.77 , 25.98
94.6 , 26.31
94.66 , 26.29
94.95 , 25.56
94.7 , 26.16
94.75 , 26.05
95.46 , 26.16
94.9 , 26.01
94.43 , 26.0
94.28 , 26.34
94.76 , 26.03
94.98 , 25.93
94.74 , 26.03
94.61 , 26.12
94.61 , 26.08
95.0 , 26.36
94.77 , 26.17
94.65 , 25.65
94.57 , 25.84
94.42 , 25.84
94.19 , 25.94
94.49 , 26.06
94.09 , 26.28
95.3 , 25.56
95.14 , 25.89
94.44 , 25.68
94.9 , 25.93
95.21 , 25.84
95.15 , 25.86
95.17 , 25.66
95.28 , 26.02
94.35 , 25.48
94.45 , 25.45
94.33 , 26.33
94.44 , 25.95
94.85 , 25.85
95.44 , 25.94
94.89 , 25.99
94.72 , 25.8
95.11 , 26.16
95.23 , 26.4
95.16 , 25.54
94.53 , 26.23
95.34 , 25.97
95.47 , 25.93
95.35 , 25.55
95.02 , 26.06
95.08 , 25.99
94.9 , 25.77
94.74 , 26.05
94.39 , 25.88
94.05 , 26.11
94.7 , 25.77
94.95 , 25.94
95.05 , 25.95
94.61 , 25.47
94.87 , 25.92
94.93 , 26.35
95.24 , 25.73
94.63 , 25.75
94.68 , 25.34
94.62 , 25.75
95.29 , 25.34
95.61 , 26.07
94.87 , 25.81
94.45 , 25.9
94.79 , 25.4
94.66 , 25.9
94.55 , 25.68
94.55 , 25.81
94.82 , 25.86
95.18 , 25.49
94.91 , 25.28
94.79 , 26.11
95.32 , 25.63
94.93 , 25.71
95.06 , 25.57
95.29 , 25.63
95.13 , 25.37
94.77 , 25.34
95.08 , 25.71
94.56 , 26.21
95.2 , 25.63
94.62 , 26.05
95.18 , 25.32
94.82 , 25.27
94.73 , 25.65
94.85 , 25.29
94.56 , 25.48
94.67 , 25.98
95.24 , 25.52
95.06 , 25.38
94.66 , 25.47
94.59 , 25.72
94.8 , 25.63
95.1 , 25.76
95.08 , 25.76
94.6 , 24.94
94.31 , 25.57
94.96 , 25.57
94.81 , 25.71
94.92 , 25.56
94.98 , 25.62
95.14 , 25.25
94.98 , 25.37
94.88 , 25.49
94.93 , 25.97
94.6 , 25.67
95.11 , 25.71
95.13 , 25.27
94.31 , 25.99
95.01 , 25.75
94.56 , 25.38
94.67 , 25.88
95.14 , 25.5
94.71 , 25.47
95.35 , 25.32
95.12 , 26.18
95.43 , 25.4
95.02 , 25.49
95.05 , 25.19
94.98 , 25.69
95.08 , 25.14
95.04 , 25.45
94.75 , 25.48
95.07 , 25.7
95.22 , 25.69
94.66 , 25.53
94.94 , 25.78
95.06 , 25.37
95.21 , 25.41
94.77 , 25.69
95.06 , 25.49
95.23 , 25.34
94.9 , 25.23
94.82 , 25.29
94.99 , 25.26
95.0 , 25.61
95.34 , 25.02
94.78 , 25.66
94.17 , 25.42
95.21 , 25.46
95.05 , 25.27
94.94 , 25.41
95.08 , 25.05
95.23 , 25.18
95.28 , 25.52
95.01 , 25.21
95.39 , 25.31
94.88 , 25.11
94.74 , 25.14
94.92 , 24.9
95.13 , 25.39
94.89 , 25.05
94.91 , 25.37
95.18 , 25.37
95.0 , 25.6
94.66 , 25.4
95.05 , 25.27
94.84 , 25.45
95.02 , 25.47
95.22 , 25.27
94.94 , 25.33
94.9 , 25.37
95.02 , 25.31
94.93 , 25.2
94.73 , 25.1
95.09 , 25.46
95.04 , 25.19
94.87 , 25.42
94.96 , 24.95
94.72 , 25.29
95.08 , 25.11
94.81 , 25.62
94.89 , 24.91
94.85 , 24.77
95.04 , 25.3
94.64 , 25.46
94.74 , 25.45
94.57 , 25.72
94.92 , 25.24
94.51 , 25.3
94.41 , 25.34
95.1 , 25.25
95.28 , 25.53
95.18 , 25.18
94.94 , 25.43
94.79 , 25.24
95.04 , 25.11
94.81 , 25.5
94.8 , 25.46
95.01 , 25.13
95.0 , 25.03
94.81 , 25.89
95.47 , 24.89
95.18 , 25.14
95.03 , 25.24
95.08 , 25.37
94.99 , 25.41
95.43 , 25.42
95.0 , 25.3
95.07 , 25.19
95.22 , 25.02
94.86 , 24.62
95.39 , 25.14
94.99 , 25.07
94.85 , 25.03
94.92 , 24.69
95.11 , 25.3
95.38 , 25.05
94.78 , 25.04
94.8 , 25.27
95.07 , 25.38
95.07 , 24.8
95.23 , 25.08
95.14 , 25.36
94.91 , 24.7
94.9 , 25.0
95.21 , 25.05
94.98 , 24.89
95.07 , 25.43
95.12 , 25.04
94.78 , 24.75
95.09 , 25.12
95.39 , 25.08
94.71 , 24.92
95.71 , 25.05
94.92 , 24.92
95.03 , 24.84
95.11 , 25.08
95.24 , 24.89
94.69 , 25.21
95.06 , 25.25
95.0 , 24.98
94.39 , 25.11
94.86 , 25.55